                              1 ;--------------------------------------------------------
                              2 ; File Created by SDCC : free open source ANSI-C Compiler
                              3 ; Version 3.8.0 #10562 (MINGW64)
                              4 ;--------------------------------------------------------
                              5 	.module CFGESP
                              6 	.optsdcc -mz80
                              7 	
                              8 ;--------------------------------------------------------
                              9 ; Public variables in this module
                             10 ;--------------------------------------------------------
                             11 	.globl _main
                             12 	.globl _FinishUpdate
                             13 	.globl _WaitForRXData
                             14 	.globl _ultostr
                             15 	.globl _TxByte
                             16 	.globl _IsValidInput
                             17 	.globl _MyRead
                             18 	.globl _DosCall
                             19 	.globl _Close
                             20 	.globl _Open
                             21 	.globl _Inkey
                             22 	.globl _Beep
                             23 	.globl _InputString
                             24 	.globl _Print
                             25 	.globl _strlen
                             26 	.globl _atol
                             27 	.globl _atoi
                             28 	.globl _puts
                             29 	.globl _printf
                             30 	.globl _speedStr
                             31 	.globl _strAPSts
                             32 	.globl _uiTimeout
                             33 	.globl _ucSetTimeout
                             34 	.globl _ucRadioOff
                             35 	.globl _ucNagleOn
                             36 	.globl _ucNagleOff
                             37 	.globl _ucIsFw
                             38 	.globl _ucLocalUpdate
                             39 	.globl _lPort
                             40 	.globl _uiPort
                             41 	.globl _ucScan
                             42 	.globl _TickCount
                             43 	.globl _strUsage
                             44 	.globl _responseReady2
                             45 	.globl _aDone
                             46 	.globl _advance
                             47 	.globl _radioOffResponse
                             48 	.globl _responseRadioOnTimeout
                             49 	.globl _responseOTASPIFF
                             50 	.globl _responseOTAFW
                             51 	.globl _responseWRBlock
                             52 	.globl _responseRSCERTUpdate
                             53 	.globl _responseRSFWUpdate
                             54 	.globl _apstsResponse
                             55 	.globl _apconfigurationResponse
                             56 	.globl _scanresResponse
                             57 	.globl _nagleoffResponse
                             58 	.globl _nagleonResponse
                             59 	.globl _scanresNoNetwork
                             60 	.globl _scanResponse
                             61 	.globl _responseOK
                             62 	.globl _certificateDone
                             63 	.globl _versionResponse
                             64 	.globl _sendChipTypeResponse
                             65 	.globl _getChipTypeResponse
                             66 	.globl _endUpdate
                             67 ;--------------------------------------------------------
                             68 ; special function registers
                             69 ;--------------------------------------------------------
                     0006    70 _myPort6	=	0x0006
                     0007    71 _myPort7	=	0x0007
                             72 ;--------------------------------------------------------
                             73 ; ram data
                             74 ;--------------------------------------------------------
                             75 	.area _DATA
                     FC9E    76 _TickCount	=	0xfc9e
   0000                      77 _ucScan::
   0000                      78 	.ds 1
   0001                      79 _uiPort::
   0001                      80 	.ds 2
   0003                      81 _lPort::
   0003                      82 	.ds 4
   0007                      83 _ucLocalUpdate::
   0007                      84 	.ds 1
   0008                      85 _ucIsFw::
   0008                      86 	.ds 1
   0009                      87 _ucNagleOff::
   0009                      88 	.ds 1
   000A                      89 _ucNagleOn::
   000A                      90 	.ds 1
   000B                      91 _ucRadioOff::
   000B                      92 	.ds 1
   000C                      93 _ucSetTimeout::
   000C                      94 	.ds 1
   000D                      95 _uiTimeout::
   000D                      96 	.ds 2
                             97 ;--------------------------------------------------------
                             98 ; ram data
                             99 ;--------------------------------------------------------
                            100 	.area _INITIALIZED
   0000                     101 _strAPSts::
   0000                     102 	.ds 12
   000C                     103 _speedStr::
   000C                     104 	.ds 20
                            105 ;--------------------------------------------------------
                            106 ; absolute external ram data
                            107 ;--------------------------------------------------------
                            108 	.area _DABS (ABS)
                            109 ;--------------------------------------------------------
                            110 ; global & static initialisations
                            111 ;--------------------------------------------------------
                            112 	.area _HOME
                            113 	.area _GSINIT
                            114 	.area _GSFINAL
                            115 	.area _GSINIT
                            116 ;--------------------------------------------------------
                            117 ; Home
                            118 ;--------------------------------------------------------
                            119 	.area _HOME
                            120 	.area _HOME
                            121 ;--------------------------------------------------------
                            122 ; code
                            123 ;--------------------------------------------------------
                            124 	.area _CODE
                            125 ;src\CFGESP.c:47: unsigned int MyRead (int Handle, unsigned char* Buffer, unsigned int Size)
                            126 ;	---------------------------------
                            127 ; Function MyRead
                            128 ; ---------------------------------
   0000                     129 _MyRead::
   0000 DD E5         [15]  130 	push	ix
   0002 DD 21 00 00   [14]  131 	ld	ix,#0
   0006 DD 39         [15]  132 	add	ix,sp
   0008 21 F4 FF      [10]  133 	ld	hl, #-12
   000B 39            [11]  134 	add	hl, sp
   000C F9            [ 6]  135 	ld	sp, hl
                            136 ;src\CFGESP.c:53: regs.Words.DE = (unsigned int) Buffer;
   000D 21 00 00      [10]  137 	ld	hl, #0x0000
   0010 39            [11]  138 	add	hl, sp
   0011 EB            [ 4]  139 	ex	de, hl
   0012 21 04 00      [10]  140 	ld	hl, #0x0004
   0015 19            [11]  141 	add	hl, de
   0016 DD 4E 06      [19]  142 	ld	c, 6 (ix)
   0019 DD 46 07      [19]  143 	ld	b, 7 (ix)
   001C 71            [ 7]  144 	ld	(hl), c
   001D 23            [ 6]  145 	inc	hl
   001E 70            [ 7]  146 	ld	(hl), b
                            147 ;src\CFGESP.c:54: regs.Words.HL = Size;
   001F 21 06 00      [10]  148 	ld	hl, #0x0006
   0022 19            [11]  149 	add	hl, de
   0023 DD 7E 08      [19]  150 	ld	a, 8 (ix)
   0026 77            [ 7]  151 	ld	(hl), a
   0027 23            [ 6]  152 	inc	hl
   0028 DD 7E 09      [19]  153 	ld	a, 9 (ix)
   002B 77            [ 7]  154 	ld	(hl), a
                            155 ;src\CFGESP.c:55: regs.Bytes.B = (unsigned char)(Handle&0xff);
   002C 21 03 00      [10]  156 	ld	hl, #0x0003
   002F 39            [11]  157 	add	hl, sp
   0030 DD 7E 04      [19]  158 	ld	a, 4 (ix)
   0033 77            [ 7]  159 	ld	(hl), a
                            160 ;src\CFGESP.c:56: DosCall(0x48, &regs, REGS_MAIN, REGS_MAIN);
   0034 21 00 00      [10]  161 	ld	hl, #0x0000
   0037 39            [11]  162 	add	hl, sp
   0038 4D            [ 4]  163 	ld	c, l
   0039 44            [ 4]  164 	ld	b, h
   003A 59            [ 4]  165 	ld	e, c
   003B 50            [ 4]  166 	ld	d, b
   003C C5            [11]  167 	push	bc
   003D 01 02 02      [10]  168 	ld	bc, #0x0202
   0040 C5            [11]  169 	push	bc
   0041 D5            [11]  170 	push	de
   0042 3E 48         [ 7]  171 	ld	a, #0x48
   0044 F5            [11]  172 	push	af
   0045 33            [ 6]  173 	inc	sp
   0046 CDr00r00      [17]  174 	call	_DosCall
   0049 F1            [10]  175 	pop	af
   004A F1            [10]  176 	pop	af
   004B 33            [ 6]  177 	inc	sp
   004C C1            [10]  178 	pop	bc
                            179 ;src\CFGESP.c:57: if (regs.Bytes.A == 0)
   004D 69            [ 4]  180 	ld	l, c
   004E 60            [ 4]  181 	ld	h, b
   004F 23            [ 6]  182 	inc	hl
   0050 7E            [ 7]  183 	ld	a, (hl)
   0051 B7            [ 4]  184 	or	a, a
   0052 20 0B         [12]  185 	jr	NZ,00102$
                            186 ;src\CFGESP.c:60: iRet = regs.Words.HL;
   0054 C5            [11]  187 	push	bc
   0055 FD E1         [14]  188 	pop	iy
   0057 FD 6E 06      [19]  189 	ld	l, 6 (iy)
   005A FD 66 07      [19]  190 	ld	h, 7 (iy)
   005D 18 03         [12]  191 	jr	00103$
   005F                     192 00102$:
                            193 ;src\CFGESP.c:63: iRet = 0;
   005F 21 00 00      [10]  194 	ld	hl, #0x0000
   0062                     195 00103$:
                            196 ;src\CFGESP.c:65: return iRet;
                            197 ;src\CFGESP.c:66: }
   0062 DD F9         [10]  198 	ld	sp, ix
   0064 DD E1         [14]  199 	pop	ix
   0066 C9            [10]  200 	ret
   0067                     201 _Done_Version:
   0067 4D 61 64 65 20 77   202 	.ascii "Made with FUSION-C 1.2 (ebsoft)"
        69 74 68 20 46 55
        53 49 4F 4E 2D 43
        20 31 2E 32 20 28
        65 62 73 6F 66 74
        29
   0086 00                  203 	.db 0x00
   0087                     204 _endUpdate:
   0087 45                  205 	.db #0x45	; 69	'E'
   0088 00                  206 	.db #0x00	; 0
   0089                     207 _getChipTypeResponse:
   0089 62                  208 	.db #0x62	; 98	'b'
   008A 00                  209 	.db #0x00	; 0
   008B 00                  210 	.db #0x00	; 0
   008C                     211 _sendChipTypeResponse:
   008C 42                  212 	.db #0x42	; 66	'B'
   008D 00                  213 	.db #0x00	; 0
   008E                     214 _versionResponse:
   008E 56                  215 	.db #0x56	; 86	'V'
   008F                     216 _certificateDone:
   008F 49                  217 	.db #0x49	; 73	'I'
   0090 00                  218 	.db #0x00	; 0
   0091                     219 _responseOK:
   0091 4F                  220 	.db #0x4f	; 79	'O'
   0092 4B                  221 	.db #0x4b	; 75	'K'
   0093                     222 _scanResponse:
   0093 53                  223 	.db #0x53	; 83	'S'
   0094 00                  224 	.db #0x00	; 0
   0095                     225 _scanresNoNetwork:
   0095 53                  226 	.db #0x53	; 83	'S'
   0096 02                  227 	.db #0x02	; 2
   0097                     228 _nagleonResponse:
   0097 44                  229 	.db #0x44	; 68	'D'
   0098 00                  230 	.db #0x00	; 0
   0099                     231 _nagleoffResponse:
   0099 4E                  232 	.db #0x4e	; 78	'N'
   009A 00                  233 	.db #0x00	; 0
   009B                     234 _scanresResponse:
   009B 73                  235 	.db #0x73	; 115	's'
   009C 00                  236 	.db #0x00	; 0
   009D                     237 _apconfigurationResponse:
   009D 41                  238 	.db #0x41	; 65	'A'
   009E 00                  239 	.db #0x00	; 0
   009F                     240 _apstsResponse:
   009F 67                  241 	.db #0x67	; 103	'g'
   00A0 00                  242 	.db #0x00	; 0
   00A1 00                  243 	.db #0x00	; 0
   00A2                     244 _responseRSFWUpdate:
   00A2 5A                  245 	.db #0x5a	; 90	'Z'
   00A3 00                  246 	.db #0x00	; 0
   00A4                     247 _responseRSCERTUpdate:
   00A4 59                  248 	.db #0x59	; 89	'Y'
   00A5 00                  249 	.db #0x00	; 0
   00A6                     250 _responseWRBlock:
   00A6 7A                  251 	.db #0x7a	; 122	'z'
   00A7 00                  252 	.db #0x00	; 0
   00A8                     253 _responseOTAFW:
   00A8 55                  254 	.db #0x55	; 85	'U'
   00A9 00                  255 	.db #0x00	; 0
   00AA                     256 _responseOTASPIFF:
   00AA 75                  257 	.db #0x75	; 117	'u'
   00AB 00                  258 	.db #0x00	; 0
   00AC                     259 _responseRadioOnTimeout:
   00AC 54                  260 	.db #0x54	; 84	'T'
   00AD 00                  261 	.db #0x00	; 0
   00AE                     262 _radioOffResponse:
   00AE 4F                  263 	.db #0x4f	; 79	'O'
   00AF 00                  264 	.db #0x00	; 0
   00B0                     265 _advance:
   00B0 5B                  266 	.db #0x5b	; 91
   00B1 01                  267 	.db #0x01	; 1
   00B2 57                  268 	.db #0x57	; 87	'W'
   00B3 01                  269 	.db #0x01	; 1
   00B4 57                  270 	.db #0x57	; 87	'W'
   00B5 01                  271 	.db #0x01	; 1
   00B6 57                  272 	.db #0x57	; 87	'W'
   00B7 20                  273 	.db #0x20	; 32
   00B8 20                  274 	.db #0x20	; 32
   00B9 5D                  275 	.db #0x5d	; 93
   00BA 1D                  276 	.db #0x1d	; 29
   00BB 1D                  277 	.db #0x1d	; 29
   00BC 1D                  278 	.db #0x1d	; 29
   00BD 1D                  279 	.db #0x1d	; 29
   00BE 1D                  280 	.db #0x1d	; 29
   00BF 1D                  281 	.db #0x1d	; 29
   00C0 1D                  282 	.db #0x1d	; 29
   00C1 00                  283 	.db #0x00	; 0
   00C2 5B                  284 	.db #0x5b	; 91
   00C3 20                  285 	.db #0x20	; 32
   00C4 01                  286 	.db #0x01	; 1
   00C5 57                  287 	.db #0x57	; 87	'W'
   00C6 01                  288 	.db #0x01	; 1
   00C7 57                  289 	.db #0x57	; 87	'W'
   00C8 01                  290 	.db #0x01	; 1
   00C9 57                  291 	.db #0x57	; 87	'W'
   00CA 20                  292 	.db #0x20	; 32
   00CB 5D                  293 	.db #0x5d	; 93
   00CC 1D                  294 	.db #0x1d	; 29
   00CD 1D                  295 	.db #0x1d	; 29
   00CE 1D                  296 	.db #0x1d	; 29
   00CF 1D                  297 	.db #0x1d	; 29
   00D0 1D                  298 	.db #0x1d	; 29
   00D1 1D                  299 	.db #0x1d	; 29
   00D2 1D                  300 	.db #0x1d	; 29
   00D3 00                  301 	.db #0x00	; 0
   00D4 5B                  302 	.db #0x5b	; 91
   00D5 20                  303 	.db #0x20	; 32
   00D6 20                  304 	.db #0x20	; 32
   00D7 01                  305 	.db #0x01	; 1
   00D8 57                  306 	.db #0x57	; 87	'W'
   00D9 01                  307 	.db #0x01	; 1
   00DA 57                  308 	.db #0x57	; 87	'W'
   00DB 01                  309 	.db #0x01	; 1
   00DC 57                  310 	.db #0x57	; 87	'W'
   00DD 5D                  311 	.db #0x5d	; 93
   00DE 1D                  312 	.db #0x1d	; 29
   00DF 1D                  313 	.db #0x1d	; 29
   00E0 1D                  314 	.db #0x1d	; 29
   00E1 1D                  315 	.db #0x1d	; 29
   00E2 1D                  316 	.db #0x1d	; 29
   00E3 1D                  317 	.db #0x1d	; 29
   00E4 1D                  318 	.db #0x1d	; 29
   00E5 00                  319 	.db #0x00	; 0
   00E6 5B                  320 	.db #0x5b	; 91
   00E7 01                  321 	.db #0x01	; 1
   00E8 57                  322 	.db #0x57	; 87	'W'
   00E9 20                  323 	.db #0x20	; 32
   00EA 20                  324 	.db #0x20	; 32
   00EB 01                  325 	.db #0x01	; 1
   00EC 57                  326 	.db #0x57	; 87	'W'
   00ED 01                  327 	.db #0x01	; 1
   00EE 57                  328 	.db #0x57	; 87	'W'
   00EF 5D                  329 	.db #0x5d	; 93
   00F0 1D                  330 	.db #0x1d	; 29
   00F1 1D                  331 	.db #0x1d	; 29
   00F2 1D                  332 	.db #0x1d	; 29
   00F3 1D                  333 	.db #0x1d	; 29
   00F4 1D                  334 	.db #0x1d	; 29
   00F5 1D                  335 	.db #0x1d	; 29
   00F6 1D                  336 	.db #0x1d	; 29
   00F7 00                  337 	.db #0x00	; 0
   00F8 5B                  338 	.db #0x5b	; 91
   00F9 01                  339 	.db #0x01	; 1
   00FA 57                  340 	.db #0x57	; 87	'W'
   00FB 01                  341 	.db #0x01	; 1
   00FC 57                  342 	.db #0x57	; 87	'W'
   00FD 20                  343 	.db #0x20	; 32
   00FE 20                  344 	.db #0x20	; 32
   00FF 01                  345 	.db #0x01	; 1
   0100 57                  346 	.db #0x57	; 87	'W'
   0101 5D                  347 	.db #0x5d	; 93
   0102 1D                  348 	.db #0x1d	; 29
   0103 1D                  349 	.db #0x1d	; 29
   0104 1D                  350 	.db #0x1d	; 29
   0105 1D                  351 	.db #0x1d	; 29
   0106 1D                  352 	.db #0x1d	; 29
   0107 1D                  353 	.db #0x1d	; 29
   0108 1D                  354 	.db #0x1d	; 29
   0109 00                  355 	.db #0x00	; 0
   010A                     356 _aDone:
   010A 20                  357 	.db #0x20	; 32
   010B 20                  358 	.db #0x20	; 32
   010C 20                  359 	.db #0x20	; 32
   010D 20                  360 	.db #0x20	; 32
   010E 20                  361 	.db #0x20	; 32
   010F 20                  362 	.db #0x20	; 32
   0110 20                  363 	.db #0x20	; 32
   0111 0D                  364 	.db #0x0d	; 13
   0112 00                  365 	.db #0x00	; 0
   0113                     366 _responseReady2:
   0113 52                  367 	.db #0x52	; 82	'R'
   0114 65                  368 	.db #0x65	; 101	'e'
   0115 61                  369 	.db #0x61	; 97	'a'
   0116 64                  370 	.db #0x64	; 100	'd'
   0117 79                  371 	.db #0x79	; 121	'y'
   0118 0D                  372 	.db #0x0d	; 13
   0119 0A                  373 	.db #0x0a	; 10
   011A                     374 _strUsage:
   011A 55 73 61 67 65 3A   375 	.ascii "Usage:  CFGESP [options]"
        20 20 43 46 47 45
        53 50 20 5B 6F 70
        74 69 6F 6E 73 5D
   0132 0D                  376 	.db 0x0d
   0133 0A                  377 	.db 0x0a
   0134 0A                  378 	.db 0x0a
   0135 20 2F 73 20 20 74   379 	.ascii " /s  to scan networks and choose one to connect"
        6F 20 73 63 61 6E
        20 6E 65 74 77 6F
        72 6B 73 20 61 6E
        64 20 63 68 6F 6F
        73 65 20 6F 6E 65
        20 74 6F 20 63 6F
        6E 6E 65 63 74
   0164 0D                  380 	.db 0x0d
   0165 0A                  381 	.db 0x0a
   0166 20 2F 6D 20 20 74   382 	.ascii " /m  to turn on Nagle Algorithm"
        6F 20 74 75 72 6E
        20 6F 6E 20 4E 61
        67 6C 65 20 41 6C
        67 6F 72 69 74 68
        6D
   0185 0D                  383 	.db 0x0d
   0186 0A                  384 	.db 0x0a
   0187 20 2F 6E 20 20 74   385 	.ascii " /n  to turn off Nagle Algorithm (default)"
        6F 20 74 75 72 6E
        20 6F 66 66 20 4E
        61 67 6C 65 20 41
        6C 67 6F 72 69 74
        68 6D 20 28 64 65
        66 61 75 6C 74 29
   01B1 0D                  386 	.db 0x0d
   01B2 0A                  387 	.db 0x0a
   01B3 20 2F 6F 20 20 74   388 	.ascii " /o  to turn off radio now if no connections are open"
        6F 20 74 75 72 6E
        20 6F 66 66 20 72
        61 64 69 6F 20 6E
        6F 77 20 69 66 20
        6E 6F 20 63 6F 6E
        6E 65 63 74 69 6F
        6E 73 20 61 72 65
        20 6F 70 65 6E
   01E8 0D                  389 	.db 0x0d
   01E9 0A                  390 	.db 0x0a
   01EA 0A                  391 	.db 0x0a
   01EB 20 46 57 2E 42 49   392 	.ascii " FW.BIN       to update ESP firmware locally"
        4E 20 20 20 20 20
        20 20 74 6F 20 75
        70 64 61 74 65 20
        45 53 50 20 66 69
        72 6D 77 61 72 65
        20 6C 6F 63 61 6C
        6C 79
   0217 0D                  393 	.db 0x0d
   0218 0A                  394 	.db 0x0a
   0219 20 43 45 52 54 2E   395 	.ascii " CERT.BIN /c  to update TLS certificates locally"
        42 49 4E 20 2F 63
        20 20 74 6F 20 75
        70 64 61 74 65 20
        54 4C 53 20 63 65
        72 74 69 66 69 63
        61 74 65 73 20 6C
        6F 63 61 6C 6C 79
   0249 0D                  396 	.db 0x0d
   024A 0A                  397 	.db 0x0a
   024B 0A                  398 	.db 0x0a
   024C 20 2F 75 20 53 45   399 	.ascii " /u SERVER PORT FILEPATH  to update ESP firmware remotely"
        52 56 45 52 20 50
        4F 52 54 20 46 49
        4C 45 50 41 54 48
        20 20 74 6F 20 75
        70 64 61 74 65 20
        45 53 50 20 66 69
        72 6D 77 61 72 65
        20 72 65 6D 6F 74
        65 6C 79
   0285 0D                  400 	.db 0x0d
   0286 0A                  401 	.db 0x0a
   0287 20 2F 63 20 53 45   402 	.ascii " /c SERVER PORT FILEPATH  to update TLS certificates remotel"
        52 56 45 52 20 50
        4F 52 54 20 46 49
        4C 45 50 41 54 48
        20 20 74 6F 20 75
        70 64 61 74 65 20
        54 4C 53 20 63 65
        72 74 69 66 69 63
        61 74 65 73 20 72
        65 6D 6F 74 65 6C
   02C3 79                  403 	.ascii "y"
   02C4 0D                  404 	.db 0x0d
   02C5 0A                  405 	.db 0x0a
   02C6 0A                  406 	.db 0x0a
   02C7 20 2F 74 20 54 49   407 	.ascii " /t TIME  to change the inactivity time in seconds to disabl"
        4D 45 20 20 74 6F
        20 63 68 61 6E 67
        65 20 74 68 65 20
        69 6E 61 63 74 69
        76 69 74 79 20 74
        69 6D 65 20 69 6E
        20 73 65 63 6F 6E
        64 73 20 74 6F 20
        64 69 73 61 62 6C
   0303 65 20 72 61 64 69   408 	.ascii "e radio"
        6F
   030A 0D                  409 	.db 0x0d
   030B 0A                  410 	.db 0x0a
   030C 20 20 20 20 20 20   411 	.ascii "          time range is 0-600 seconds (0 means never disable"
        20 20 20 20 74 69
        6D 65 20 72 61 6E
        67 65 20 69 73 20
        30 2D 36 30 30 20
        73 65 63 6F 6E 64
        73 20 28 30 20 6D
        65 61 6E 73 20 6E
        65 76 65 72 20 64
        69 73 61 62 6C 65
   0348 29                  412 	.ascii ")"
   0349 0D                  413 	.db 0x0d
   034A 0A                  414 	.db 0x0a
   034B 0A                  415 	.db 0x0a
   034C 45 78 61 6D 70 6C   416 	.ascii "Example:  CFGESP /u 192.168.31.1 80 /fw/fw.bin"
        65 3A 20 20 43 46
        47 45 53 50 20 2F
        75 20 31 39 32 2E
        31 36 38 2E 33 31
        2E 31 20 38 30 20
        2F 66 77 2F 66 77
        2E 62 69 6E
   037A 0D                  417 	.db 0x0d
   037B 0A                  418 	.db 0x0a
   037C 00                  419 	.db 0x00
                            420 ;src\CFGESP.c:69: unsigned int IsValidInput (char**argv, int argc, unsigned char *cServer, unsigned char *cFile, unsigned char *cPort)
                            421 ;	---------------------------------
                            422 ; Function IsValidInput
                            423 ; ---------------------------------
   037D                     424 _IsValidInput::
   037D DD E5         [15]  425 	push	ix
   037F DD 21 00 00   [14]  426 	ld	ix,#0
   0383 DD 39         [15]  427 	add	ix,sp
   0385 21 F8 FF      [10]  428 	ld	hl, #-8
   0388 39            [11]  429 	add	hl, sp
   0389 F9            [ 6]  430 	ld	sp, hl
                            431 ;src\CFGESP.c:71: unsigned int ret = 1;
   038A 01 01 00      [10]  432 	ld	bc, #0x0001
                            433 ;src\CFGESP.c:72: unsigned char * Input = (unsigned char*)argv[0];
   038D DD 7E 04      [19]  434 	ld	a, 4 (ix)
   0390 DD 77 FA      [19]  435 	ld	-6 (ix), a
   0393 DD 7E 05      [19]  436 	ld	a, 5 (ix)
   0396 DD 77 FB      [19]  437 	ld	-5 (ix), a
   0399 DD 6E FA      [19]  438 	ld	l, -6 (ix)
   039C DD 66 FB      [19]  439 	ld	h, -5 (ix)
   039F 7E            [ 7]  440 	ld	a, (hl)
   03A0 DD 77 F8      [19]  441 	ld	-8 (ix), a
   03A3 23            [ 6]  442 	inc	hl
   03A4 7E            [ 7]  443 	ld	a, (hl)
   03A5 DD 77 F9      [19]  444 	ld	-7 (ix), a
                            445 ;src\CFGESP.c:74: ucScan = 0;
   03A8 FD 21r00r00   [14]  446 	ld	iy, #_ucScan
   03AC FD 36 00 00   [19]  447 	ld	0 (iy), #0x00
                            448 ;src\CFGESP.c:76: if (argc)
   03B0 DD 7E 07      [19]  449 	ld	a, 7 (ix)
   03B3 DD B6 06      [19]  450 	or	a, 6 (ix)
   03B6 CAr44r06      [10]  451 	jp	Z, 00162$
                            452 ;src\CFGESP.c:78: if ((argc==1)||(argc==2)||(argc==4))
   03B9 DD 7E 06      [19]  453 	ld	a, 6 (ix)
   03BC 3D            [ 4]  454 	dec	a
   03BD DD B6 07      [19]  455 	or	a, 7 (ix)
   03C0 20 03         [12]  456 	jr	NZ, 00286$
   03C2 3E 01         [ 7]  457 	ld	a, #0x01
   03C4 20                  458 	.db	#0x20
   03C5                     459 00286$:
   03C5 AF            [ 4]  460 	xor	a, a
   03C6                     461 00287$:
   03C6 57            [ 4]  462 	ld	d,a
   03C7 B7            [ 4]  463 	or	a, a
   03C8 20 15         [12]  464 	jr	NZ,00156$
   03CA DD 7E 06      [19]  465 	ld	a, 6 (ix)
   03CD D6 02         [ 7]  466 	sub	a, #0x02
   03CF DD B6 07      [19]  467 	or	a, 7 (ix)
   03D2 28 0B         [12]  468 	jr	Z,00156$
   03D4 DD 7E 06      [19]  469 	ld	a, 6 (ix)
   03D7 D6 04         [ 7]  470 	sub	a, #0x04
   03D9 DD B6 07      [19]  471 	or	a, 7 (ix)
   03DC C2r3Fr06      [10]  472 	jp	NZ,00157$
   03DF                     473 00156$:
                            474 ;src\CFGESP.c:82: if ((Input[0]=='/')&&((Input[1]=='s')||(Input[1]=='S')))
   03DF E1            [10]  475 	pop	hl
   03E0 E5            [11]  476 	push	hl
   03E1 7E            [ 7]  477 	ld	a, (hl)
   03E2 D6 2F         [ 7]  478 	sub	a, #0x2f
   03E4 20 03         [12]  479 	jr	NZ, 00291$
   03E6 3E 01         [ 7]  480 	ld	a, #0x01
   03E8 20                  481 	.db	#0x20
   03E9                     482 00291$:
   03E9 AF            [ 4]  483 	xor	a, a
   03EA                     484 00292$:
   03EA 5F            [ 4]  485 	ld	e, a
                            486 ;src\CFGESP.c:80: if ((argc==1)||(argc==2))
   03EB 7A            [ 4]  487 	ld	a, d
   03EC B7            [ 4]  488 	or	a, a
   03ED 20 0B         [12]  489 	jr	NZ,00152$
   03EF DD 7E 06      [19]  490 	ld	a, 6 (ix)
   03F2 D6 02         [ 7]  491 	sub	a, #0x02
   03F4 DD B6 07      [19]  492 	or	a, 7 (ix)
   03F7 C2rEEr04      [10]  493 	jp	NZ,00153$
   03FA                     494 00152$:
                            495 ;src\CFGESP.c:82: if ((Input[0]=='/')&&((Input[1]=='s')||(Input[1]=='S')))
   03FA 7B            [ 4]  496 	ld	a, e
   03FB B7            [ 4]  497 	or	a, a
   03FC 28 14         [12]  498 	jr	Z,00132$
   03FE E1            [10]  499 	pop	hl
   03FF E5            [11]  500 	push	hl
   0400 23            [ 6]  501 	inc	hl
   0401 7E            [ 7]  502 	ld	a, (hl)
   0402 FE 73         [ 7]  503 	cp	a, #0x73
   0404 28 04         [12]  504 	jr	Z,00131$
   0406 D6 53         [ 7]  505 	sub	a, #0x53
   0408 20 08         [12]  506 	jr	NZ,00132$
   040A                     507 00131$:
                            508 ;src\CFGESP.c:83: ucScan = 1;
   040A 21r00r00      [10]  509 	ld	hl,#_ucScan + 0
   040D 36 01         [10]  510 	ld	(hl), #0x01
   040F C3r47r06      [10]  511 	jp	00163$
   0412                     512 00132$:
                            513 ;src\CFGESP.c:84: else if ((Input[0]=='/')&&((Input[1]=='n')||(Input[1]=='N')))
   0412 7B            [ 4]  514 	ld	a, e
   0413 B7            [ 4]  515 	or	a, a
   0414 28 14         [12]  516 	jr	Z,00127$
   0416 E1            [10]  517 	pop	hl
   0417 E5            [11]  518 	push	hl
   0418 23            [ 6]  519 	inc	hl
   0419 7E            [ 7]  520 	ld	a, (hl)
   041A FE 6E         [ 7]  521 	cp	a, #0x6e
   041C 28 04         [12]  522 	jr	Z,00126$
   041E D6 4E         [ 7]  523 	sub	a, #0x4e
   0420 20 08         [12]  524 	jr	NZ,00127$
   0422                     525 00126$:
                            526 ;src\CFGESP.c:85: ucNagleOff = 1;
   0422 21r09r00      [10]  527 	ld	hl,#_ucNagleOff + 0
   0425 36 01         [10]  528 	ld	(hl), #0x01
   0427 C3r47r06      [10]  529 	jp	00163$
   042A                     530 00127$:
                            531 ;src\CFGESP.c:86: else if ((Input[0]=='/')&&((Input[1]=='m')||(Input[1]=='M')))
   042A 7B            [ 4]  532 	ld	a, e
   042B B7            [ 4]  533 	or	a, a
   042C 28 14         [12]  534 	jr	Z,00122$
   042E E1            [10]  535 	pop	hl
   042F E5            [11]  536 	push	hl
   0430 23            [ 6]  537 	inc	hl
   0431 7E            [ 7]  538 	ld	a, (hl)
   0432 FE 6D         [ 7]  539 	cp	a, #0x6d
   0434 28 04         [12]  540 	jr	Z,00121$
   0436 D6 4D         [ 7]  541 	sub	a, #0x4d
   0438 20 08         [12]  542 	jr	NZ,00122$
   043A                     543 00121$:
                            544 ;src\CFGESP.c:87: ucNagleOn = 1;
   043A 21r0Ar00      [10]  545 	ld	hl,#_ucNagleOn + 0
   043D 36 01         [10]  546 	ld	(hl), #0x01
   043F C3r47r06      [10]  547 	jp	00163$
   0442                     548 00122$:
                            549 ;src\CFGESP.c:88: else if ((Input[0]=='/')&&((Input[1]=='o')||(Input[1]=='O')))
   0442 7B            [ 4]  550 	ld	a, e
   0443 B7            [ 4]  551 	or	a, a
   0444 28 14         [12]  552 	jr	Z,00117$
   0446 E1            [10]  553 	pop	hl
   0447 E5            [11]  554 	push	hl
   0448 23            [ 6]  555 	inc	hl
   0449 7E            [ 7]  556 	ld	a, (hl)
   044A FE 6F         [ 7]  557 	cp	a, #0x6f
   044C 28 04         [12]  558 	jr	Z,00116$
   044E D6 4F         [ 7]  559 	sub	a, #0x4f
   0450 20 08         [12]  560 	jr	NZ,00117$
   0452                     561 00116$:
                            562 ;src\CFGESP.c:89: ucRadioOff = 1;
   0452 21r0Br00      [10]  563 	ld	hl,#_ucRadioOff + 0
   0455 36 01         [10]  564 	ld	(hl), #0x01
   0457 C3r47r06      [10]  565 	jp	00163$
   045A                     566 00117$:
                            567 ;src\CFGESP.c:90: else if ((Input[0]=='/')&&((Input[1]=='t')||(Input[1]=='T')))
   045A 7B            [ 4]  568 	ld	a, e
   045B B7            [ 4]  569 	or	a, a
   045C 28 3E         [12]  570 	jr	Z,00112$
   045E E1            [10]  571 	pop	hl
   045F E5            [11]  572 	push	hl
   0460 23            [ 6]  573 	inc	hl
   0461 7E            [ 7]  574 	ld	a, (hl)
   0462 FE 74         [ 7]  575 	cp	a, #0x74
   0464 28 04         [12]  576 	jr	Z,00111$
   0466 D6 54         [ 7]  577 	sub	a, #0x54
   0468 20 32         [12]  578 	jr	NZ,00112$
   046A                     579 00111$:
                            580 ;src\CFGESP.c:92: ucSetTimeout = 1;
   046A 21r0Cr00      [10]  581 	ld	hl,#_ucSetTimeout + 0
   046D 36 01         [10]  582 	ld	(hl), #0x01
                            583 ;src\CFGESP.c:93: Input = (unsigned char*)argv[1];
   046F D1            [10]  584 	pop	de
   0470 E1            [10]  585 	pop	hl
   0471 E5            [11]  586 	push	hl
   0472 D5            [11]  587 	push	de
   0473 23            [ 6]  588 	inc	hl
   0474 23            [ 6]  589 	inc	hl
   0475 5E            [ 7]  590 	ld	e, (hl)
   0476 23            [ 6]  591 	inc	hl
   0477 56            [ 7]  592 	ld	d, (hl)
                            593 ;src\CFGESP.c:94: uiTimeout = atoi (Input);
   0478 C5            [11]  594 	push	bc
   0479 D5            [11]  595 	push	de
   047A CDr00r00      [17]  596 	call	_atoi
   047D F1            [10]  597 	pop	af
   047E C1            [10]  598 	pop	bc
   047F 22r0Dr00      [16]  599 	ld	(_uiTimeout), hl
                            600 ;src\CFGESP.c:95: if (uiTimeout > 600)
   0482 3E 58         [ 7]  601 	ld	a, #0x58
   0484 FD 21r0Dr00   [14]  602 	ld	iy, #_uiTimeout
   0488 FD BE 00      [19]  603 	cp	a, 0 (iy)
   048B 3E 02         [ 7]  604 	ld	a, #0x02
   048D FD 9E 01      [19]  605 	sbc	a, 1 (iy)
   0490 D2r47r06      [10]  606 	jp	NC, 00163$
                            607 ;src\CFGESP.c:96: uiTimeout = 600;
   0493 21 58 02      [10]  608 	ld	hl, #0x0258
   0496 22r0Dr00      [16]  609 	ld	(_uiTimeout), hl
   0499 C3r47r06      [10]  610 	jp	00163$
   049C                     611 00112$:
                            612 ;src\CFGESP.c:100: strcpy (cFile,Input);
   049C C5            [11]  613 	push	bc
   049D DD 5E 0A      [19]  614 	ld	e, 10 (ix)
   04A0 DD 56 0B      [19]  615 	ld	d, 11 (ix)
   04A3 DD 6E F8      [19]  616 	ld	l, -8 (ix)
   04A6 DD 66 F9      [19]  617 	ld	h, -7 (ix)
   04A9 AF            [ 4]  618 	xor	a, a
   04AA                     619 00310$:
   04AA BE            [ 7]  620 	cp	a, (hl)
   04AB ED A0         [16]  621 	ldi
   04AD 20 FB         [12]  622 	jr	NZ, 00310$
   04AF C1            [10]  623 	pop	bc
                            624 ;src\CFGESP.c:101: ucLocalUpdate = 1;
   04B0 21r07r00      [10]  625 	ld	hl,#_ucLocalUpdate + 0
   04B3 36 01         [10]  626 	ld	(hl), #0x01
                            627 ;src\CFGESP.c:102: if (argc==2)
   04B5 DD 7E 06      [19]  628 	ld	a, 6 (ix)
   04B8 D6 02         [ 7]  629 	sub	a, #0x02
   04BA DD B6 07      [19]  630 	or	a, 7 (ix)
   04BD 20 27         [12]  631 	jr	NZ,00109$
                            632 ;src\CFGESP.c:104: Input = (unsigned char*)argv[1];
   04BF D1            [10]  633 	pop	de
   04C0 E1            [10]  634 	pop	hl
   04C1 E5            [11]  635 	push	hl
   04C2 D5            [11]  636 	push	de
   04C3 23            [ 6]  637 	inc	hl
   04C4 23            [ 6]  638 	inc	hl
   04C5 5E            [ 7]  639 	ld	e, (hl)
   04C6 23            [ 6]  640 	inc	hl
   04C7 56            [ 7]  641 	ld	d, (hl)
                            642 ;src\CFGESP.c:105: if ((Input[0]=='/')&&((Input[1]=='c')||(Input[1]=='C')))
   04C8 1A            [ 7]  643 	ld	a, (de)
   04C9 D6 2F         [ 7]  644 	sub	a, #0x2f
   04CB 20 13         [12]  645 	jr	NZ,00104$
   04CD EB            [ 4]  646 	ex	de,hl
   04CE 23            [ 6]  647 	inc	hl
   04CF 7E            [ 7]  648 	ld	a, (hl)
   04D0 FE 63         [ 7]  649 	cp	a, #0x63
   04D2 28 04         [12]  650 	jr	Z,00103$
   04D4 D6 43         [ 7]  651 	sub	a, #0x43
   04D6 20 08         [12]  652 	jr	NZ,00104$
   04D8                     653 00103$:
                            654 ;src\CFGESP.c:106: ucIsFw=0;
   04D8 21r08r00      [10]  655 	ld	hl,#_ucIsFw + 0
   04DB 36 00         [10]  656 	ld	(hl), #0x00
   04DD C3r47r06      [10]  657 	jp	00163$
   04E0                     658 00104$:
                            659 ;src\CFGESP.c:108: ret=0;
   04E0 01 00 00      [10]  660 	ld	bc, #0x0000
   04E3 C3r47r06      [10]  661 	jp	00163$
   04E6                     662 00109$:
                            663 ;src\CFGESP.c:112: ucIsFw=1;
   04E6 21r08r00      [10]  664 	ld	hl,#_ucIsFw + 0
   04E9 36 01         [10]  665 	ld	(hl), #0x01
   04EB C3r47r06      [10]  666 	jp	00163$
   04EE                     667 00153$:
                            668 ;src\CFGESP.c:117: if ((Input[0]=='/')&&((Input[1]=='u')||(Input[1]=='U')))
   04EE 7B            [ 4]  669 	ld	a, e
   04EF B7            [ 4]  670 	or	a, a
   04F0 CAr95r05      [10]  671 	jp	Z, 00148$
   04F3 E1            [10]  672 	pop	hl
   04F4 E5            [11]  673 	push	hl
   04F5 23            [ 6]  674 	inc	hl
   04F6 7E            [ 7]  675 	ld	a, (hl)
   04F7 FE 75         [ 7]  676 	cp	a, #0x75
   04F9 28 05         [12]  677 	jr	Z,00147$
   04FB D6 55         [ 7]  678 	sub	a, #0x55
   04FD C2r95r05      [10]  679 	jp	NZ,00148$
   0500                     680 00147$:
                            681 ;src\CFGESP.c:119: ucIsFw = 1;
   0500 FD 21r08r00   [14]  682 	ld	iy, #_ucIsFw
   0504 FD 36 00 01   [19]  683 	ld	0 (iy), #0x01
                            684 ;src\CFGESP.c:120: Input = (unsigned char*)argv[2];
   0508 D1            [10]  685 	pop	de
   0509 E1            [10]  686 	pop	hl
   050A E5            [11]  687 	push	hl
   050B D5            [11]  688 	push	de
   050C 11 04 00      [10]  689 	ld	de, #0x0004
   050F 19            [11]  690 	add	hl, de
   0510 5E            [ 7]  691 	ld	e, (hl)
   0511 23            [ 6]  692 	inc	hl
   0512 56            [ 7]  693 	ld	d, (hl)
                            694 ;src\CFGESP.c:121: if (strlen (Input)<7)
   0513 C5            [11]  695 	push	bc
   0514 D5            [11]  696 	push	de
   0515 CDr00r00      [17]  697 	call	_strlen
   0518 F1            [10]  698 	pop	af
   0519 C1            [10]  699 	pop	bc
   051A 7D            [ 4]  700 	ld	a, l
   051B D6 07         [ 7]  701 	sub	a, #0x07
   051D 7C            [ 4]  702 	ld	a, h
   051E DE 00         [ 7]  703 	sbc	a, #0x00
   0520 30 6D         [12]  704 	jr	NC,00137$
                            705 ;src\CFGESP.c:123: strcpy(cPort,Input);
   0522 C5            [11]  706 	push	bc
   0523 EB            [ 4]  707 	ex	de,hl
   0524 DD 5E 0C      [19]  708 	ld	e, 12 (ix)
   0527 DD 56 0D      [19]  709 	ld	d, 13 (ix)
   052A AF            [ 4]  710 	xor	a, a
   052B                     711 00321$:
   052B BE            [ 7]  712 	cp	a, (hl)
   052C ED A0         [16]  713 	ldi
   052E 20 FB         [12]  714 	jr	NZ, 00321$
   0530 C1            [10]  715 	pop	bc
                            716 ;src\CFGESP.c:124: Input = (unsigned char*)argv[1];
   0531 D1            [10]  717 	pop	de
   0532 E1            [10]  718 	pop	hl
   0533 E5            [11]  719 	push	hl
   0534 D5            [11]  720 	push	de
   0535 23            [ 6]  721 	inc	hl
   0536 23            [ 6]  722 	inc	hl
   0537 5E            [ 7]  723 	ld	e, (hl)
   0538 23            [ 6]  724 	inc	hl
   0539 66            [ 7]  725 	ld	h, (hl)
                            726 ;src\CFGESP.c:125: strcpy(cServer,Input);
   053A C5            [11]  727 	push	bc
   053B 6B            [ 4]  728 	ld	l, e
   053C DD 5E 08      [19]  729 	ld	e, 8 (ix)
   053F DD 56 09      [19]  730 	ld	d, 9 (ix)
   0542 AF            [ 4]  731 	xor	a, a
   0543                     732 00322$:
   0543 BE            [ 7]  733 	cp	a, (hl)
   0544 ED A0         [16]  734 	ldi
   0546 20 FB         [12]  735 	jr	NZ, 00322$
   0548 C1            [10]  736 	pop	bc
                            737 ;src\CFGESP.c:126: Input = (unsigned char*)argv[3];
   0549 D1            [10]  738 	pop	de
   054A E1            [10]  739 	pop	hl
   054B E5            [11]  740 	push	hl
   054C D5            [11]  741 	push	de
   054D 11 06 00      [10]  742 	ld	de, #0x0006
   0550 19            [11]  743 	add	hl, de
   0551 5E            [ 7]  744 	ld	e, (hl)
   0552 23            [ 6]  745 	inc	hl
   0553 66            [ 7]  746 	ld	h, (hl)
                            747 ;src\CFGESP.c:127: strcpy(cFile,Input);
   0554 C5            [11]  748 	push	bc
   0555 6B            [ 4]  749 	ld	l, e
   0556 DD 5E 0A      [19]  750 	ld	e, 10 (ix)
   0559 DD 56 0B      [19]  751 	ld	d, 11 (ix)
   055C AF            [ 4]  752 	xor	a, a
   055D                     753 00323$:
   055D BE            [ 7]  754 	cp	a, (hl)
   055E ED A0         [16]  755 	ldi
   0560 20 FB         [12]  756 	jr	NZ, 00323$
   0562 DD 6E 0C      [19]  757 	ld	l, 12 (ix)
   0565 DD 66 0D      [19]  758 	ld	h, 13 (ix)
   0568 E5            [11]  759 	push	hl
   0569 CDr00r00      [17]  760 	call	_atol
   056C F1            [10]  761 	pop	af
   056D DD 72 FF      [19]  762 	ld	-1 (ix), d
   0570 DD 73 FE      [19]  763 	ld	-2 (ix), e
   0573 DD 74 FD      [19]  764 	ld	-3 (ix), h
   0576 DD 75 FC      [19]  765 	ld	-4 (ix), l
   0579 11r03r00      [10]  766 	ld	de, #_lPort
   057C 21 06 00      [10]  767 	ld	hl, #6
   057F 39            [11]  768 	add	hl, sp
   0580 01 04 00      [10]  769 	ld	bc, #4
   0583 ED B0         [21]  770 	ldir
   0585 C1            [10]  771 	pop	bc
                            772 ;src\CFGESP.c:129: uiPort = (lPort&0xffff);
   0586 2Ar03r00      [16]  773 	ld	hl, (_lPort)
   0589 22r01r00      [16]  774 	ld	(_uiPort), hl
   058C C3r47r06      [10]  775 	jp	00163$
   058F                     776 00137$:
                            777 ;src\CFGESP.c:132: ret = 0;
   058F 01 00 00      [10]  778 	ld	bc, #0x0000
   0592 C3r47r06      [10]  779 	jp	00163$
   0595                     780 00148$:
                            781 ;src\CFGESP.c:134: else if ((Input[0]=='/')&&((Input[1]=='c')||(Input[1]=='C')))
   0595 7B            [ 4]  782 	ld	a, e
   0596 B7            [ 4]  783 	or	a, a
   0597 CAr3Ar06      [10]  784 	jp	Z, 00143$
   059A E1            [10]  785 	pop	hl
   059B E5            [11]  786 	push	hl
   059C 23            [ 6]  787 	inc	hl
   059D 7E            [ 7]  788 	ld	a, (hl)
   059E FE 63         [ 7]  789 	cp	a, #0x63
   05A0 28 05         [12]  790 	jr	Z,00142$
   05A2 D6 43         [ 7]  791 	sub	a, #0x43
   05A4 C2r3Ar06      [10]  792 	jp	NZ,00143$
   05A7                     793 00142$:
                            794 ;src\CFGESP.c:136: ucIsFw = 0;
   05A7 FD 21r08r00   [14]  795 	ld	iy, #_ucIsFw
   05AB FD 36 00 00   [19]  796 	ld	0 (iy), #0x00
                            797 ;src\CFGESP.c:137: Input = (unsigned char*)argv[2];
   05AF D1            [10]  798 	pop	de
   05B0 E1            [10]  799 	pop	hl
   05B1 E5            [11]  800 	push	hl
   05B2 D5            [11]  801 	push	de
   05B3 11 04 00      [10]  802 	ld	de, #0x0004
   05B6 19            [11]  803 	add	hl, de
   05B7 5E            [ 7]  804 	ld	e, (hl)
   05B8 23            [ 6]  805 	inc	hl
   05B9 56            [ 7]  806 	ld	d, (hl)
                            807 ;src\CFGESP.c:138: if (strlen (Input)<7)
   05BA C5            [11]  808 	push	bc
   05BB D5            [11]  809 	push	de
   05BC CDr00r00      [17]  810 	call	_strlen
   05BF F1            [10]  811 	pop	af
   05C0 C1            [10]  812 	pop	bc
   05C1 7D            [ 4]  813 	ld	a, l
   05C2 D6 07         [ 7]  814 	sub	a, #0x07
   05C4 7C            [ 4]  815 	ld	a, h
   05C5 DE 00         [ 7]  816 	sbc	a, #0x00
   05C7 30 6C         [12]  817 	jr	NC,00140$
                            818 ;src\CFGESP.c:140: strcpy(cPort,Input);
   05C9 C5            [11]  819 	push	bc
   05CA EB            [ 4]  820 	ex	de,hl
   05CB DD 5E 0C      [19]  821 	ld	e, 12 (ix)
   05CE DD 56 0D      [19]  822 	ld	d, 13 (ix)
   05D1 AF            [ 4]  823 	xor	a, a
   05D2                     824 00327$:
   05D2 BE            [ 7]  825 	cp	a, (hl)
   05D3 ED A0         [16]  826 	ldi
   05D5 20 FB         [12]  827 	jr	NZ, 00327$
   05D7 C1            [10]  828 	pop	bc
                            829 ;src\CFGESP.c:141: Input = (unsigned char*)argv[1];
   05D8 D1            [10]  830 	pop	de
   05D9 E1            [10]  831 	pop	hl
   05DA E5            [11]  832 	push	hl
   05DB D5            [11]  833 	push	de
   05DC 23            [ 6]  834 	inc	hl
   05DD 23            [ 6]  835 	inc	hl
   05DE 5E            [ 7]  836 	ld	e, (hl)
   05DF 23            [ 6]  837 	inc	hl
   05E0 66            [ 7]  838 	ld	h, (hl)
                            839 ;src\CFGESP.c:142: strcpy(cServer,Input);
   05E1 C5            [11]  840 	push	bc
   05E2 6B            [ 4]  841 	ld	l, e
   05E3 DD 5E 08      [19]  842 	ld	e, 8 (ix)
   05E6 DD 56 09      [19]  843 	ld	d, 9 (ix)
   05E9 AF            [ 4]  844 	xor	a, a
   05EA                     845 00328$:
   05EA BE            [ 7]  846 	cp	a, (hl)
   05EB ED A0         [16]  847 	ldi
   05ED 20 FB         [12]  848 	jr	NZ, 00328$
   05EF C1            [10]  849 	pop	bc
                            850 ;src\CFGESP.c:143: Input = (unsigned char*)argv[3];
   05F0 D1            [10]  851 	pop	de
   05F1 E1            [10]  852 	pop	hl
   05F2 E5            [11]  853 	push	hl
   05F3 D5            [11]  854 	push	de
   05F4 11 06 00      [10]  855 	ld	de, #0x0006
   05F7 19            [11]  856 	add	hl, de
   05F8 5E            [ 7]  857 	ld	e, (hl)
   05F9 23            [ 6]  858 	inc	hl
   05FA 66            [ 7]  859 	ld	h, (hl)
                            860 ;src\CFGESP.c:144: strcpy(cFile,Input);
   05FB C5            [11]  861 	push	bc
   05FC 6B            [ 4]  862 	ld	l, e
   05FD DD 5E 0A      [19]  863 	ld	e, 10 (ix)
   0600 DD 56 0B      [19]  864 	ld	d, 11 (ix)
   0603 AF            [ 4]  865 	xor	a, a
   0604                     866 00329$:
   0604 BE            [ 7]  867 	cp	a, (hl)
   0605 ED A0         [16]  868 	ldi
   0607 20 FB         [12]  869 	jr	NZ, 00329$
   0609 DD 6E 0C      [19]  870 	ld	l, 12 (ix)
   060C DD 66 0D      [19]  871 	ld	h, 13 (ix)
   060F E5            [11]  872 	push	hl
   0610 CDr00r00      [17]  873 	call	_atol
   0613 F1            [10]  874 	pop	af
   0614 DD 72 FF      [19]  875 	ld	-1 (ix), d
   0617 DD 73 FE      [19]  876 	ld	-2 (ix), e
   061A DD 74 FD      [19]  877 	ld	-3 (ix), h
   061D DD 75 FC      [19]  878 	ld	-4 (ix), l
   0620 11r03r00      [10]  879 	ld	de, #_lPort
   0623 21 06 00      [10]  880 	ld	hl, #6
   0626 39            [11]  881 	add	hl, sp
   0627 01 04 00      [10]  882 	ld	bc, #4
   062A ED B0         [21]  883 	ldir
   062C C1            [10]  884 	pop	bc
                            885 ;src\CFGESP.c:146: uiPort = (lPort&0xffff);
   062D 2Ar03r00      [16]  886 	ld	hl, (_lPort)
   0630 22r01r00      [16]  887 	ld	(_uiPort), hl
   0633 18 12         [12]  888 	jr	00163$
   0635                     889 00140$:
                            890 ;src\CFGESP.c:149: ret = 0;
   0635 01 00 00      [10]  891 	ld	bc, #0x0000
   0638 18 0D         [12]  892 	jr	00163$
   063A                     893 00143$:
                            894 ;src\CFGESP.c:152: ret = 0;
   063A 01 00 00      [10]  895 	ld	bc, #0x0000
   063D 18 08         [12]  896 	jr	00163$
   063F                     897 00157$:
                            898 ;src\CFGESP.c:156: ret = 0;
   063F 01 00 00      [10]  899 	ld	bc, #0x0000
   0642 18 03         [12]  900 	jr	00163$
   0644                     901 00162$:
                            902 ;src\CFGESP.c:159: ret=0;
   0644 01 00 00      [10]  903 	ld	bc, #0x0000
   0647                     904 00163$:
                            905 ;src\CFGESP.c:161: return ret;
   0647 69            [ 4]  906 	ld	l, c
   0648 60            [ 4]  907 	ld	h, b
                            908 ;src\CFGESP.c:162: }
   0649 DD F9         [10]  909 	ld	sp, ix
   064B DD E1         [14]  910 	pop	ix
   064D C9            [10]  911 	ret
                            912 ;src\CFGESP.c:164: void TxByte(char chTxByte)
                            913 ;	---------------------------------
                            914 ; Function TxByte
                            915 ; ---------------------------------
   064E                     916 _TxByte::
                            917 ;src\CFGESP.c:166: while (myPort7&2);
   064E                     918 00101$:
   064E DB 07         [11]  919 	in	a, (_myPort7)
   0650 CB 4F         [ 8]  920 	bit	1, a
   0652 20 FA         [12]  921 	jr	NZ,00101$
                            922 ;src\CFGESP.c:170: myPort7 = chTxByte;
   0654 21 02 00      [10]  923 	ld	hl, #2+0
   0657 39            [11]  924 	add	hl, sp
   0658 7E            [ 7]  925 	ld	a, (hl)
   0659 D3 07         [11]  926 	out	(_myPort7), a
                            927 ;src\CFGESP.c:171: }
   065B C9            [10]  928 	ret
                            929 ;src\CFGESP.c:173: char *ultostr(unsigned long value, char *ptr, int base)
                            930 ;	---------------------------------
                            931 ; Function ultostr
                            932 ; ---------------------------------
   065C                     933 _ultostr::
   065C DD E5         [15]  934 	push	ix
   065E DD 21 00 00   [14]  935 	ld	ix,#0
   0662 DD 39         [15]  936 	add	ix,sp
   0664 21 F3 FF      [10]  937 	ld	hl, #-13
   0667 39            [11]  938 	add	hl, sp
   0668 F9            [ 6]  939 	ld	sp, hl
                            940 ;src\CFGESP.c:176: unsigned long tmp = value;
   0669 DD 4E 04      [19]  941 	ld	c, 4 (ix)
   066C DD 46 05      [19]  942 	ld	b, 5 (ix)
   066F DD 5E 06      [19]  943 	ld	e, 6 (ix)
   0672 DD 56 07      [19]  944 	ld	d, 7 (ix)
                            945 ;src\CFGESP.c:179: if (NULL == ptr) //if null pointer
   0675 DD 7E 09      [19]  946 	ld	a, 9 (ix)
   0678 DD B6 08      [19]  947 	or	a, 8 (ix)
   067B 20 06         [12]  948 	jr	NZ,00102$
                            949 ;src\CFGESP.c:180: return NULL; //nothing to do
   067D 21 00 00      [10]  950 	ld	hl, #0x0000
   0680 C3rD4r07      [10]  951 	jp	00118$
   0683                     952 00102$:
                            953 ;src\CFGESP.c:188: tmp = tmp/base;
   0683 DD 7E 0A      [19]  954 	ld	a, 10 (ix)
   0686 DD 77 F3      [19]  955 	ld	-13 (ix), a
   0689 DD 7E 0B      [19]  956 	ld	a, 11 (ix)
   068C DD 77 F4      [19]  957 	ld	-12 (ix), a
   068F 17            [ 4]  958 	rla
   0690 9F            [ 4]  959 	sbc	a, a
   0691 DD 77 F5      [19]  960 	ld	-11 (ix), a
   0694 DD 77 F6      [19]  961 	ld	-10 (ix), a
                            962 ;src\CFGESP.c:182: if (tmp == 0) //if value is zero
   0697 7A            [ 4]  963 	ld	a, d
   0698 B3            [ 4]  964 	or	a, e
   0699 B0            [ 4]  965 	or	a, b
   069A B1            [ 4]  966 	or	a, c
   069B 20 04         [12]  967 	jr	NZ,00123$
                            968 ;src\CFGESP.c:183: ++count; //one digit
   069D 0E 01         [ 7]  969 	ld	c, #0x01
   069F 18 2B         [12]  970 	jr	00108$
                            971 ;src\CFGESP.c:186: while(tmp > 0)
   06A1                     972 00123$:
   06A1 DD 36 F7 00   [19]  973 	ld	-9 (ix), #0x00
   06A5                     974 00103$:
   06A5 7A            [ 4]  975 	ld	a, d
   06A6 B3            [ 4]  976 	or	a, e
   06A7 B0            [ 4]  977 	or	a, b
   06A8 B1            [ 4]  978 	or	a, c
   06A9 28 1E         [12]  979 	jr	Z,00129$
                            980 ;src\CFGESP.c:188: tmp = tmp/base;
   06AB DD 6E F5      [19]  981 	ld	l, -11 (ix)
   06AE DD 66 F6      [19]  982 	ld	h, -10 (ix)
   06B1 E5            [11]  983 	push	hl
   06B2 DD 6E F3      [19]  984 	ld	l, -13 (ix)
   06B5 DD 66 F4      [19]  985 	ld	h, -12 (ix)
   06B8 E5            [11]  986 	push	hl
   06B9 D5            [11]  987 	push	de
   06BA C5            [11]  988 	push	bc
   06BB CDr00r00      [17]  989 	call	__divulong
   06BE F1            [10]  990 	pop	af
   06BF F1            [10]  991 	pop	af
   06C0 F1            [10]  992 	pop	af
   06C1 F1            [10]  993 	pop	af
   06C2 4D            [ 4]  994 	ld	c, l
   06C3 44            [ 4]  995 	ld	b, h
                            996 ;src\CFGESP.c:189: ++count;
   06C4 DD 34 F7      [23]  997 	inc	-9 (ix)
   06C7 18 DC         [12]  998 	jr	00103$
   06C9                     999 00129$:
   06C9 DD 4E F7      [19] 1000 	ld	c, -9 (ix)
   06CC                    1001 00108$:
                           1002 ;src\CFGESP.c:193: ptr += count; // so, after the LSB
   06CC DD 7E 08      [19] 1003 	ld	a, 8 (ix)
   06CF 81            [ 4] 1004 	add	a, c
   06D0 DD 77 08      [19] 1005 	ld	8 (ix), a
   06D3 30 03         [12] 1006 	jr	NC,00166$
   06D5 DD 34 09      [23] 1007 	inc	9 (ix)
   06D8                    1008 00166$:
                           1009 ;src\CFGESP.c:194: *ptr = '\0'; // null terminator
   06D8 DD 4E 08      [19] 1010 	ld	c, 8 (ix)
   06DB DD 46 09      [19] 1011 	ld	b, 9 (ix)
   06DE AF            [ 4] 1012 	xor	a, a
   06DF 02            [ 7] 1013 	ld	(bc), a
                           1014 ;src\CFGESP.c:196: do
   06E0                    1015 00115$:
                           1016 ;src\CFGESP.c:198: t = value / base; // useful now (find remainder) as well later (next value of value)
   06E0 DD 6E F5      [19] 1017 	ld	l, -11 (ix)
   06E3 DD 66 F6      [19] 1018 	ld	h, -10 (ix)
   06E6 E5            [11] 1019 	push	hl
   06E7 DD 6E F3      [19] 1020 	ld	l, -13 (ix)
   06EA DD 66 F4      [19] 1021 	ld	h, -12 (ix)
   06ED E5            [11] 1022 	push	hl
   06EE DD 6E 06      [19] 1023 	ld	l, 6 (ix)
   06F1 DD 66 07      [19] 1024 	ld	h, 7 (ix)
   06F4 E5            [11] 1025 	push	hl
   06F5 DD 6E 04      [19] 1026 	ld	l, 4 (ix)
   06F8 DD 66 05      [19] 1027 	ld	h, 5 (ix)
   06FB E5            [11] 1028 	push	hl
   06FC CDr00r00      [17] 1029 	call	__divulong
   06FF F1            [10] 1030 	pop	af
   0700 F1            [10] 1031 	pop	af
   0701 F1            [10] 1032 	pop	af
   0702 F1            [10] 1033 	pop	af
   0703 DD 72 FF      [19] 1034 	ld	-1 (ix), d
   0706 DD 73 FE      [19] 1035 	ld	-2 (ix), e
   0709 DD 74 FD      [19] 1036 	ld	-3 (ix), h
   070C DD 75 FC      [19] 1037 	ld	-4 (ix), l
                           1038 ;src\CFGESP.c:199: res = value - base * t; // get what remains of dividing base
   070F DD 6E FE      [19] 1039 	ld	l, -2 (ix)
   0712 DD 66 FF      [19] 1040 	ld	h, -1 (ix)
   0715 E5            [11] 1041 	push	hl
   0716 DD 6E FC      [19] 1042 	ld	l, -4 (ix)
   0719 DD 66 FD      [19] 1043 	ld	h, -3 (ix)
   071C E5            [11] 1044 	push	hl
   071D DD 6E F5      [19] 1045 	ld	l, -11 (ix)
   0720 DD 66 F6      [19] 1046 	ld	h, -10 (ix)
   0723 E5            [11] 1047 	push	hl
   0724 DD 6E F3      [19] 1048 	ld	l, -13 (ix)
   0727 DD 66 F4      [19] 1049 	ld	h, -12 (ix)
   072A E5            [11] 1050 	push	hl
   072B CDr00r00      [17] 1051 	call	__mullong
   072E F1            [10] 1052 	pop	af
   072F F1            [10] 1053 	pop	af
   0730 F1            [10] 1054 	pop	af
   0731 F1            [10] 1055 	pop	af
   0732 DD 7E 04      [19] 1056 	ld	a, 4 (ix)
   0735 95            [ 4] 1057 	sub	a, l
   0736 4F            [ 4] 1058 	ld	c, a
   0737 DD 7E 05      [19] 1059 	ld	a, 5 (ix)
   073A 9C            [ 4] 1060 	sbc	a, h
   073B 47            [ 4] 1061 	ld	b, a
   073C DD 7E 06      [19] 1062 	ld	a, 6 (ix)
   073F 9B            [ 4] 1063 	sbc	a, e
   0740 5F            [ 4] 1064 	ld	e, a
   0741 DD 7E 07      [19] 1065 	ld	a, 7 (ix)
   0744 9A            [ 4] 1066 	sbc	a, d
   0745 57            [ 4] 1067 	ld	d, a
   0746 DD 71 F8      [19] 1068 	ld	-8 (ix), c
   0749 DD 70 F9      [19] 1069 	ld	-7 (ix), b
   074C DD 73 FA      [19] 1070 	ld	-6 (ix), e
   074F DD 72 FB      [19] 1071 	ld	-5 (ix), d
                           1072 ;src\CFGESP.c:201: if (res < 10)
   0752 DD 7E F8      [19] 1073 	ld	a, -8 (ix)
   0755 D6 0A         [ 7] 1074 	sub	a, #0x0a
   0757 DD 7E F9      [19] 1075 	ld	a, -7 (ix)
   075A DE 00         [ 7] 1076 	sbc	a, #0x00
   075C DD 7E FA      [19] 1077 	ld	a, -6 (ix)
   075F DE 00         [ 7] 1078 	sbc	a, #0x00
   0761 DD 7E FB      [19] 1079 	ld	a, -5 (ix)
   0764 DE 00         [ 7] 1080 	sbc	a, #0x00
   0766 3E 00         [ 7] 1081 	ld	a, #0x00
   0768 17            [ 4] 1082 	rla
   0769 B7            [ 4] 1083 	or	a, a
   076A 28 17         [12] 1084 	jr	Z,00113$
                           1085 ;src\CFGESP.c:202: * -- ptr = '0' + res; // convert the remainder to ASCII and put in the current position of pointer, move pointer after operation
   076C DD 6E 08      [19] 1086 	ld	l, 8 (ix)
   076F DD 66 09      [19] 1087 	ld	h, 9 (ix)
   0772 2B            [ 6] 1088 	dec	hl
   0773 DD 75 08      [19] 1089 	ld	8 (ix), l
   0776 DD 74 09      [19] 1090 	ld	9 (ix), h
   0779 4D            [ 4] 1091 	ld	c, l
   077A 44            [ 4] 1092 	ld	b, h
   077B DD 7E F8      [19] 1093 	ld	a, -8 (ix)
   077E C6 30         [ 7] 1094 	add	a, #0x30
   0780 02            [ 7] 1095 	ld	(bc), a
   0781 18 2E         [12] 1096 	jr	00116$
   0783                    1097 00113$:
                           1098 ;src\CFGESP.c:203: else if ((res >= 10) && (res < 16)) // Otherwise is a HEX value and a digit above 9
   0783 B7            [ 4] 1099 	or	a, a
   0784 20 2B         [12] 1100 	jr	NZ,00116$
   0786 DD 7E F8      [19] 1101 	ld	a, -8 (ix)
   0789 D6 10         [ 7] 1102 	sub	a, #0x10
   078B DD 7E F9      [19] 1103 	ld	a, -7 (ix)
   078E DE 00         [ 7] 1104 	sbc	a, #0x00
   0790 DD 7E FA      [19] 1105 	ld	a, -6 (ix)
   0793 DE 00         [ 7] 1106 	sbc	a, #0x00
   0795 DD 7E FB      [19] 1107 	ld	a, -5 (ix)
   0798 DE 00         [ 7] 1108 	sbc	a, #0x00
   079A 30 15         [12] 1109 	jr	NC,00116$
                           1110 ;src\CFGESP.c:204: * --ptr = 'A' - 10 + res; // convert the remainder to ASCII and put in the current position of pointer, move pointer after operation
   079C DD 6E 08      [19] 1111 	ld	l, 8 (ix)
   079F DD 66 09      [19] 1112 	ld	h, 9 (ix)
   07A2 2B            [ 6] 1113 	dec	hl
   07A3 DD 75 08      [19] 1114 	ld	8 (ix), l
   07A6 DD 74 09      [19] 1115 	ld	9 (ix), h
   07A9 4D            [ 4] 1116 	ld	c, l
   07AA 44            [ 4] 1117 	ld	b, h
   07AB DD 7E F8      [19] 1118 	ld	a, -8 (ix)
   07AE C6 37         [ 7] 1119 	add	a, #0x37
   07B0 02            [ 7] 1120 	ld	(bc), a
   07B1                    1121 00116$:
                           1122 ;src\CFGESP.c:205: } while ((value = t) != 0); //value is now t, and if t is other than zero, still work to do
   07B1 21 11 00      [10] 1123 	ld	hl, #17
   07B4 39            [11] 1124 	add	hl, sp
   07B5 EB            [ 4] 1125 	ex	de, hl
   07B6 21 09 00      [10] 1126 	ld	hl, #9
   07B9 39            [11] 1127 	add	hl, sp
   07BA 01 04 00      [10] 1128 	ld	bc, #4
   07BD ED B0         [21] 1129 	ldir
   07BF DD 7E FF      [19] 1130 	ld	a, -1 (ix)
   07C2 DD B6 FE      [19] 1131 	or	a, -2 (ix)
   07C5 DD B6 FD      [19] 1132 	or	a, -3 (ix)
   07C8 DD B6 FC      [19] 1133 	or	a, -4 (ix)
   07CB C2rE0r06      [10] 1134 	jp	NZ, 00115$
                           1135 ;src\CFGESP.c:207: return(ptr); // and return own pointer as successful conversion has been made
   07CE DD 6E 08      [19] 1136 	ld	l, 8 (ix)
   07D1 DD 66 09      [19] 1137 	ld	h, 9 (ix)
   07D4                    1138 00118$:
                           1139 ;src\CFGESP.c:208: }
   07D4 DD F9         [10] 1140 	ld	sp, ix
   07D6 DD E1         [14] 1141 	pop	ix
   07D8 C9            [10] 1142 	ret
                           1143 ;src\CFGESP.c:210: bool WaitForRXData(unsigned char *uchData, unsigned int uiDataSize, unsigned int Timeout, bool bVerbose, bool bShowReceivedData, unsigned char *uchData2, unsigned int uiDataSize2)
                           1144 ;	---------------------------------
                           1145 ; Function WaitForRXData
                           1146 ; ---------------------------------
   07D9                    1147 _WaitForRXData::
   07D9 DD E5         [15] 1148 	push	ix
   07DB DD 21 00 00   [14] 1149 	ld	ix,#0
   07DF DD 39         [15] 1150 	add	ix,sp
   07E1 21 EE FF      [10] 1151 	ld	hl, #-18
   07E4 39            [11] 1152 	add	hl, sp
   07E5 F9            [ 6] 1153 	ld	sp, hl
                           1154 ;src\CFGESP.c:212: bool bReturn = false;
   07E6 DD 36 F7 00   [19] 1155 	ld	-9 (ix), #0x00
                           1156 ;src\CFGESP.c:217: unsigned int i = 0;
   07EA DD 36 FE 00   [19] 1157 	ld	-2 (ix), #0x00
   07EE DD 36 FF 00   [19] 1158 	ld	-1 (ix), #0x00
                           1159 ;src\CFGESP.c:219: if (bShowReceivedData)
   07F2 DD 7E 0B      [19] 1160 	ld	a, 11 (ix)
   07F5 B7            [ 4] 1161 	or	a, a
   07F6 28 6C         [12] 1162 	jr	Z,00104$
                           1163 ;src\CFGESP.c:221: printf ("Waiting for: ");
   07F8 21r8Fr0A      [10] 1164 	ld	hl, #___str_2
   07FB E5            [11] 1165 	push	hl
   07FC CDr00r00      [17] 1166 	call	_printf
   07FF F1            [10] 1167 	pop	af
                           1168 ;src\CFGESP.c:222: for (i=0;i<uiDataSize;++i)
   0800 01 00 00      [10] 1169 	ld	bc, #0x0000
   0803                    1170 00144$:
   0803 79            [ 4] 1171 	ld	a, c
   0804 DD 96 06      [19] 1172 	sub	a, 6 (ix)
   0807 78            [ 4] 1173 	ld	a, b
   0808 DD 9E 07      [19] 1174 	sbc	a, 7 (ix)
   080B 30 19         [12] 1175 	jr	NC,00101$
                           1176 ;src\CFGESP.c:223: printf("%c",uchData[i]);
   080D DD 6E 04      [19] 1177 	ld	l, 4 (ix)
   0810 DD 66 05      [19] 1178 	ld	h, 5 (ix)
   0813 09            [11] 1179 	add	hl, bc
   0814 5E            [ 7] 1180 	ld	e, (hl)
   0815 16 00         [ 7] 1181 	ld	d, #0x00
   0817 C5            [11] 1182 	push	bc
   0818 D5            [11] 1183 	push	de
   0819 21r9Dr0A      [10] 1184 	ld	hl, #___str_3
   081C E5            [11] 1185 	push	hl
   081D CDr00r00      [17] 1186 	call	_printf
   0820 F1            [10] 1187 	pop	af
   0821 F1            [10] 1188 	pop	af
   0822 C1            [10] 1189 	pop	bc
                           1190 ;src\CFGESP.c:222: for (i=0;i<uiDataSize;++i)
   0823 03            [ 6] 1191 	inc	bc
   0824 18 DD         [12] 1192 	jr	00144$
   0826                    1193 00101$:
                           1194 ;src\CFGESP.c:224: printf (" / ");
   0826 21rA0r0A      [10] 1195 	ld	hl, #___str_4
   0829 E5            [11] 1196 	push	hl
   082A CDr00r00      [17] 1197 	call	_printf
   082D F1            [10] 1198 	pop	af
                           1199 ;src\CFGESP.c:225: for (i=0;i<uiDataSize;++i)
   082E 01 00 00      [10] 1200 	ld	bc, #0x0000
   0831                    1201 00147$:
   0831 79            [ 4] 1202 	ld	a, c
   0832 DD 96 06      [19] 1203 	sub	a, 6 (ix)
   0835 78            [ 4] 1204 	ld	a, b
   0836 DD 9E 07      [19] 1205 	sbc	a, 7 (ix)
   0839 30 19         [12] 1206 	jr	NC,00102$
                           1207 ;src\CFGESP.c:226: printf("{%x}",uchData[i]);
   083B DD 6E 04      [19] 1208 	ld	l, 4 (ix)
   083E DD 66 05      [19] 1209 	ld	h, 5 (ix)
   0841 09            [11] 1210 	add	hl, bc
   0842 5E            [ 7] 1211 	ld	e, (hl)
   0843 16 00         [ 7] 1212 	ld	d, #0x00
   0845 C5            [11] 1213 	push	bc
   0846 D5            [11] 1214 	push	de
   0847 21rA4r0A      [10] 1215 	ld	hl, #___str_5
   084A E5            [11] 1216 	push	hl
   084B CDr00r00      [17] 1217 	call	_printf
   084E F1            [10] 1218 	pop	af
   084F F1            [10] 1219 	pop	af
   0850 C1            [10] 1220 	pop	bc
                           1221 ;src\CFGESP.c:225: for (i=0;i<uiDataSize;++i)
   0851 03            [ 6] 1222 	inc	bc
   0852 18 DD         [12] 1223 	jr	00147$
   0854                    1224 00102$:
                           1225 ;src\CFGESP.c:227: printf ("\r\n");
   0854 21rA9r0A      [10] 1226 	ld	hl, #___str_7
   0857 E5            [11] 1227 	push	hl
   0858 CDr00r00      [17] 1228 	call	_puts
   085B F1            [10] 1229 	pop	af
                           1230 ;src\CFGESP.c:228: i = 0;
   085C DD 36 FE 00   [19] 1231 	ld	-2 (ix), #0x00
   0860 DD 36 FF 00   [19] 1232 	ld	-1 (ix), #0x00
   0864                    1233 00104$:
                           1234 ;src\CFGESP.c:231: Timeout1 = TickCount + 9; //Drives the animation every 9 ticks or so
   0864 FD 21 9E FC   [14] 1235 	ld	iy, #_TickCount
   0868 FD 7E 00      [19] 1236 	ld	a, 0 (iy)
   086B C6 09         [ 7] 1237 	add	a, #0x09
   086D DD 77 F2      [19] 1238 	ld	-14 (ix), a
   0870 FD 7E 01      [19] 1239 	ld	a, 1 (iy)
   0873 CE 00         [ 7] 1240 	adc	a, #0x00
   0875 DD 77 F3      [19] 1241 	ld	-13 (ix), a
                           1242 ;src\CFGESP.c:232: Timeout2 = TickCount + Timeout; //Wait up to 5 minutes
   0878 FD 2A 9E FC   [20] 1243 	ld	iy, (_TickCount)
   087C DD 5E 08      [19] 1244 	ld	e, 8 (ix)
   087F DD 56 09      [19] 1245 	ld	d, 9 (ix)
   0882 FD 19         [15] 1246 	add	iy, de
   0884 FD E5         [15] 1247 	push	iy
   0886 F1            [10] 1248 	pop	af
   0887 DD 77 FB      [19] 1249 	ld	-5 (ix), a
   088A FD E5         [15] 1250 	push	iy
   088C 3B            [ 6] 1251 	dec	sp
   088D F1            [10] 1252 	pop	af
   088E 33            [ 6] 1253 	inc	sp
   088F DD 77 FA      [19] 1254 	ld	-6 (ix), a
                           1255 ;src\CFGESP.c:234: ResponseSt = 0;
   0892 DD 36 F8 00   [19] 1256 	ld	-8 (ix), #0x00
   0896 DD 36 F9 00   [19] 1257 	ld	-7 (ix), #0x00
                           1258 ;src\CFGESP.c:235: ResponseSt2 = 0;
   089A DD 36 FC 00   [19] 1259 	ld	-4 (ix), #0x00
   089E DD 36 FD 00   [19] 1260 	ld	-3 (ix), #0x00
                           1261 ;src\CFGESP.c:237: do
   08A2 DD 7E 06      [19] 1262 	ld	a, 6 (ix)
   08A5 D6 02         [ 7] 1263 	sub	a, #0x02
   08A7 DD B6 07      [19] 1264 	or	a, 7 (ix)
   08AA 20 03         [12] 1265 	jr	NZ, 00268$
   08AC 3E 01         [ 7] 1266 	ld	a, #0x01
   08AE 20                 1267 	.db	#0x20
   08AF                    1268 00268$:
   08AF AF            [ 4] 1269 	xor	a, a
   08B0                    1270 00269$:
   08B0 DD 77 F5      [19] 1271 	ld	-11 (ix), a
   08B3 3E 84         [ 7] 1272 	ld	a, #0x84
   08B5 DD BE 08      [19] 1273 	cp	a, 8 (ix)
   08B8 3E 03         [ 7] 1274 	ld	a, #0x03
   08BA DD 9E 09      [19] 1275 	sbc	a, 9 (ix)
   08BD 3E 00         [ 7] 1276 	ld	a, #0x00
   08BF 17            [ 4] 1277 	rla
   08C0 DD 77 F4      [19] 1278 	ld	-12 (ix), a
   08C3 DD 7E FE      [19] 1279 	ld	a, -2 (ix)
   08C6 DD 77 F0      [19] 1280 	ld	-16 (ix), a
   08C9 DD 7E FF      [19] 1281 	ld	a, -1 (ix)
   08CC DD 77 F1      [19] 1282 	ld	-15 (ix), a
   08CF                    1283 00138$:
                           1284 ;src\CFGESP.c:239: if (Timeout>900)
   08CF DD 7E F4      [19] 1285 	ld	a, -12 (ix)
   08D2 B7            [ 4] 1286 	or	a, a
   08D3 28 66         [12] 1287 	jr	Z,00108$
                           1288 ;src\CFGESP.c:241: if (TickCount>Timeout1)
   08D5 DD 7E F2      [19] 1289 	ld	a, -14 (ix)
   08D8 FD 21 9E FC   [14] 1290 	ld	iy, #_TickCount
   08DC FD 96 00      [19] 1291 	sub	a, 0 (iy)
   08DF DD 7E F3      [19] 1292 	ld	a, -13 (ix)
   08E2 FD 9E 01      [19] 1293 	sbc	a, 1 (iy)
   08E5 30 54         [12] 1294 	jr	NC,00108$
                           1295 ;src\CFGESP.c:243: Timeout1 = TickCount + 9;
   08E7 FD 7E 00      [19] 1296 	ld	a, 0 (iy)
   08EA C6 09         [ 7] 1297 	add	a, #0x09
   08EC DD 77 F2      [19] 1298 	ld	-14 (ix), a
   08EF FD 7E 01      [19] 1299 	ld	a, 1 (iy)
   08F2 CE 00         [ 7] 1300 	adc	a, #0x00
   08F4 DD 77 F3      [19] 1301 	ld	-13 (ix), a
                           1302 ;src\CFGESP.c:244: printf("%s",advance[i%5]); // next char
   08F7 21 05 00      [10] 1303 	ld	hl, #0x0005
   08FA E5            [11] 1304 	push	hl
   08FB DD 6E F0      [19] 1305 	ld	l, -16 (ix)
   08FE DD 66 F1      [19] 1306 	ld	h, -15 (ix)
   0901 E5            [11] 1307 	push	hl
   0902 CDr00r00      [17] 1308 	call	__moduint
   0905 F1            [10] 1309 	pop	af
   0906 F1            [10] 1310 	pop	af
   0907 DD 74 EF      [19] 1311 	ld	-17 (ix), h
   090A DD 75 EE      [19] 1312 	ld	-18 (ix), l
   090D C1            [10] 1313 	pop	bc
   090E C5            [11] 1314 	push	bc
   090F 69            [ 4] 1315 	ld	l, c
   0910 60            [ 4] 1316 	ld	h, b
   0911 29            [11] 1317 	add	hl, hl
   0912 29            [11] 1318 	add	hl, hl
   0913 29            [11] 1319 	add	hl, hl
   0914 09            [11] 1320 	add	hl, bc
   0915 29            [11] 1321 	add	hl, hl
   0916 E3            [19] 1322 	ex	(sp), hl
   0917 3ErB0         [ 7] 1323 	ld	a, #<(_advance)
   0919 DD 86 EE      [19] 1324 	add	a, -18 (ix)
   091C DD 77 EE      [19] 1325 	ld	-18 (ix), a
   091F 3Es00         [ 7] 1326 	ld	a, #>(_advance)
   0921 DD 8E EF      [19] 1327 	adc	a, -17 (ix)
   0924 DD 77 EF      [19] 1328 	ld	-17 (ix), a
   0927 E1            [10] 1329 	pop	hl
   0928 E5            [11] 1330 	push	hl
   0929 E5            [11] 1331 	push	hl
   092A 21rABr0A      [10] 1332 	ld	hl, #___str_8
   092D E5            [11] 1333 	push	hl
   092E CDr00r00      [17] 1334 	call	_printf
   0931 F1            [10] 1335 	pop	af
   0932 F1            [10] 1336 	pop	af
                           1337 ;src\CFGESP.c:245: ++i;
   0933 DD 34 F0      [23] 1338 	inc	-16 (ix)
   0936 20 03         [12] 1339 	jr	NZ,00270$
   0938 DD 34 F1      [23] 1340 	inc	-15 (ix)
   093B                    1341 00270$:
   093B                    1342 00108$:
                           1343 ;src\CFGESP.c:248: if(UartRXData())
   093B DB 07         [11] 1344 	in	a, (_myPort7)
   093D 0F            [ 4] 1345 	rrca
   093E D2r61r0A      [10] 1346 	jp	NC,00135$
                           1347 ;src\CFGESP.c:250: rx_data = GetUARTData();
   0941 DB 06         [11] 1348 	in	a, (_myPort6)
   0943 DD 77 F6      [19] 1349 	ld	-10 (ix), a
                           1350 ;src\CFGESP.c:252: if (rx_data == uchData[ResponseSt])
   0946 DD 7E 04      [19] 1351 	ld	a, 4 (ix)
   0949 DD 86 F8      [19] 1352 	add	a, -8 (ix)
   094C 6F            [ 4] 1353 	ld	l, a
   094D DD 7E 05      [19] 1354 	ld	a, 5 (ix)
   0950 DD 8E F9      [19] 1355 	adc	a, -7 (ix)
   0953 67            [ 4] 1356 	ld	h, a
   0954 7E            [ 7] 1357 	ld	a, (hl)
   0955 DD 77 EE      [19] 1358 	ld	-18 (ix), a
   0958 DD 7E F6      [19] 1359 	ld	a, -10 (ix)
   095B DD 96 EE      [19] 1360 	sub	a, -18 (ix)
   095E 20 36         [12] 1361 	jr	NZ,00126$
                           1362 ;src\CFGESP.c:254: if (bShowReceivedData)
   0960 DD 7E 0B      [19] 1363 	ld	a, 11 (ix)
   0963 B7            [ 4] 1364 	or	a, a
   0964 28 0F         [12] 1365 	jr	Z,00110$
                           1366 ;src\CFGESP.c:255: printf ("{%x}",rx_data);
   0966 DD 4E F6      [19] 1367 	ld	c, -10 (ix)
   0969 06 00         [ 7] 1368 	ld	b, #0x00
   096B C5            [11] 1369 	push	bc
   096C 21rA4r0A      [10] 1370 	ld	hl, #___str_5
   096F E5            [11] 1371 	push	hl
   0970 CDr00r00      [17] 1372 	call	_printf
   0973 F1            [10] 1373 	pop	af
   0974 F1            [10] 1374 	pop	af
   0975                    1375 00110$:
                           1376 ;src\CFGESP.c:256: ++ResponseSt;
   0975 DD 34 F8      [23] 1377 	inc	-8 (ix)
   0978 20 03         [12] 1378 	jr	NZ,00274$
   097A DD 34 F9      [23] 1379 	inc	-7 (ix)
   097D                    1380 00274$:
                           1381 ;src\CFGESP.c:257: if (ResponseSt == uiDataSize)
   097D DD 7E F8      [19] 1382 	ld	a, -8 (ix)
   0980 DD 96 06      [19] 1383 	sub	a, 6 (ix)
   0983 C2r19r0A      [10] 1384 	jp	NZ,00127$
   0986 DD 7E F9      [19] 1385 	ld	a, -7 (ix)
   0989 DD 96 07      [19] 1386 	sub	a, 7 (ix)
   098C C2r19r0A      [10] 1387 	jp	NZ,00127$
                           1388 ;src\CFGESP.c:259: bReturn = 1;
   098F DD 36 F7 01   [19] 1389 	ld	-9 (ix), #0x01
                           1390 ;src\CFGESP.c:260: break;
   0993 C3r74r0A      [10] 1391 	jp	00140$
   0996                    1392 00126$:
                           1393 ;src\CFGESP.c:265: if ((ResponseSt)&&(bShowReceivedData))
   0996 DD 7E F9      [19] 1394 	ld	a, -7 (ix)
   0999 DD B6 F8      [19] 1395 	or	a, -8 (ix)
   099C 28 20         [12] 1396 	jr	Z,00116$
   099E DD 7E 0B      [19] 1397 	ld	a, 11 (ix)
   09A1 B7            [ 4] 1398 	or	a, a
   09A2 28 1A         [12] 1399 	jr	Z,00116$
                           1400 ;src\CFGESP.c:266: printf ("{%x} != [%x]",rx_data,uchData[ResponseSt]);
   09A4 DD 5E EE      [19] 1401 	ld	e, -18 (ix)
   09A7 16 00         [ 7] 1402 	ld	d, #0x00
   09A9 DD 4E F6      [19] 1403 	ld	c, -10 (ix)
   09AC 06 00         [ 7] 1404 	ld	b, #0x00
   09AE D5            [11] 1405 	push	de
   09AF C5            [11] 1406 	push	bc
   09B0 21rAEr0A      [10] 1407 	ld	hl, #___str_9
   09B3 E5            [11] 1408 	push	hl
   09B4 CDr00r00      [17] 1409 	call	_printf
   09B7 21 06 00      [10] 1410 	ld	hl, #6
   09BA 39            [11] 1411 	add	hl, sp
   09BB F9            [ 6] 1412 	ld	sp, hl
   09BC 18 15         [12] 1413 	jr	00117$
   09BE                    1414 00116$:
                           1415 ;src\CFGESP.c:267: else if (bShowReceivedData)
   09BE DD 7E 0B      [19] 1416 	ld	a, 11 (ix)
   09C1 B7            [ 4] 1417 	or	a, a
   09C2 28 0F         [12] 1418 	jr	Z,00117$
                           1419 ;src\CFGESP.c:268: printf ("}%x{",rx_data);
   09C4 DD 4E F6      [19] 1420 	ld	c, -10 (ix)
   09C7 06 00         [ 7] 1421 	ld	b, #0x00
   09C9 C5            [11] 1422 	push	bc
   09CA 21rBBr0A      [10] 1423 	ld	hl, #___str_10
   09CD E5            [11] 1424 	push	hl
   09CE CDr00r00      [17] 1425 	call	_printf
   09D1 F1            [10] 1426 	pop	af
   09D2 F1            [10] 1427 	pop	af
   09D3                    1428 00117$:
                           1429 ;src\CFGESP.c:269: if ((uiDataSize==2)&&(ResponseSt==1))
   09D3 DD 7E F5      [19] 1430 	ld	a, -11 (ix)
   09D6 B7            [ 4] 1431 	or	a, a
   09D7 28 38         [12] 1432 	jr	Z,00123$
   09D9 DD 7E F8      [19] 1433 	ld	a, -8 (ix)
   09DC 3D            [ 4] 1434 	dec	a
   09DD DD B6 F9      [19] 1435 	or	a, -7 (ix)
   09E0 20 2F         [12] 1436 	jr	NZ,00123$
                           1437 ;src\CFGESP.c:271: if ((bVerbose)&&(!uchData2))
   09E2 DD 7E 0A      [19] 1438 	ld	a, 10 (ix)
   09E5 B7            [ 4] 1439 	or	a, a
   09E6 28 24         [12] 1440 	jr	Z,00120$
   09E8 DD 7E 0D      [19] 1441 	ld	a, 13 (ix)
   09EB DD B6 0C      [19] 1442 	or	a, 12 (ix)
   09EE 20 1C         [12] 1443 	jr	NZ,00120$
                           1444 ;src\CFGESP.c:272: printf ("Error %u on command %c...\r\n",rx_data,uchData[0]);
   09F0 DD 6E 04      [19] 1445 	ld	l, 4 (ix)
   09F3 DD 66 05      [19] 1446 	ld	h, 5 (ix)
   09F6 5E            [ 7] 1447 	ld	e, (hl)
   09F7 16 00         [ 7] 1448 	ld	d, #0x00
   09F9 DD 4E F6      [19] 1449 	ld	c, -10 (ix)
   09FC 06 00         [ 7] 1450 	ld	b, #0x00
   09FE D5            [11] 1451 	push	de
   09FF C5            [11] 1452 	push	bc
   0A00 21rC0r0A      [10] 1453 	ld	hl, #___str_11
   0A03 E5            [11] 1454 	push	hl
   0A04 CDr00r00      [17] 1455 	call	_printf
   0A07 21 06 00      [10] 1456 	ld	hl, #6
   0A0A 39            [11] 1457 	add	hl, sp
   0A0B F9            [ 6] 1458 	ld	sp, hl
   0A0C                    1459 00120$:
                           1460 ;src\CFGESP.c:273: return false;
   0A0C 2E 00         [ 7] 1461 	ld	l, #0x00
   0A0E C3r8Ar0A      [10] 1462 	jp	00149$
   0A11                    1463 00123$:
                           1464 ;src\CFGESP.c:275: ResponseSt = 0;
   0A11 DD 36 F8 00   [19] 1465 	ld	-8 (ix), #0x00
   0A15 DD 36 F9 00   [19] 1466 	ld	-7 (ix), #0x00
   0A19                    1467 00127$:
                           1468 ;src\CFGESP.c:278: if ((uchData2)&&(rx_data == uchData2[ResponseSt2]))
   0A19 DD 7E 0D      [19] 1469 	ld	a, 13 (ix)
   0A1C DD B6 0C      [19] 1470 	or	a, 12 (ix)
   0A1F 28 38         [12] 1471 	jr	Z,00131$
   0A21 DD 7E 0C      [19] 1472 	ld	a, 12 (ix)
   0A24 DD 86 FC      [19] 1473 	add	a, -4 (ix)
   0A27 DD 77 EE      [19] 1474 	ld	-18 (ix), a
   0A2A DD 7E 0D      [19] 1475 	ld	a, 13 (ix)
   0A2D DD 8E FD      [19] 1476 	adc	a, -3 (ix)
   0A30 DD 77 EF      [19] 1477 	ld	-17 (ix), a
   0A33 E1            [10] 1478 	pop	hl
   0A34 E5            [11] 1479 	push	hl
   0A35 DD 7E F6      [19] 1480 	ld	a,-10 (ix)
   0A38 96            [ 7] 1481 	sub	a,(hl)
   0A39 20 1E         [12] 1482 	jr	NZ,00131$
                           1483 ;src\CFGESP.c:280: ++ResponseSt2;
   0A3B DD 34 FC      [23] 1484 	inc	-4 (ix)
   0A3E 20 03         [12] 1485 	jr	NZ,00281$
   0A40 DD 34 FD      [23] 1486 	inc	-3 (ix)
   0A43                    1487 00281$:
                           1488 ;src\CFGESP.c:281: if (ResponseSt2 == uiDataSize2)
   0A43 DD 7E FC      [19] 1489 	ld	a, -4 (ix)
   0A46 DD 96 0E      [19] 1490 	sub	a, 14 (ix)
   0A49 20 16         [12] 1491 	jr	NZ,00135$
   0A4B DD 7E FD      [19] 1492 	ld	a, -3 (ix)
   0A4E DD 96 0F      [19] 1493 	sub	a, 15 (ix)
   0A51 20 0E         [12] 1494 	jr	NZ,00135$
                           1495 ;src\CFGESP.c:283: bReturn = 2;
   0A53 DD 36 F7 02   [19] 1496 	ld	-9 (ix), #0x02
                           1497 ;src\CFGESP.c:284: break;
   0A57 18 1B         [12] 1498 	jr	00140$
   0A59                    1499 00131$:
                           1500 ;src\CFGESP.c:288: ResponseSt2 = 0;
   0A59 DD 36 FC 00   [19] 1501 	ld	-4 (ix), #0x00
   0A5D DD 36 FD 00   [19] 1502 	ld	-3 (ix), #0x00
   0A61                    1503 00135$:
                           1504 ;src\CFGESP.c:291: if (TickCount>Timeout2)
   0A61 DD 7E FA      [19] 1505 	ld	a, -6 (ix)
   0A64 FD 21 9E FC   [14] 1506 	ld	iy, #_TickCount
   0A68 FD 96 00      [19] 1507 	sub	a, 0 (iy)
   0A6B DD 7E FB      [19] 1508 	ld	a, -5 (ix)
   0A6E FD 9E 01      [19] 1509 	sbc	a, 1 (iy)
   0A71 D2rCFr08      [10] 1510 	jp	NC, 00138$
                           1511 ;src\CFGESP.c:294: while (1);
   0A74                    1512 00140$:
                           1513 ;src\CFGESP.c:296: if (Timeout>900)
   0A74 DD 7E F4      [19] 1514 	ld	a, -12 (ix)
   0A77 B7            [ 4] 1515 	or	a, a
   0A78 28 0D         [12] 1516 	jr	Z,00142$
                           1517 ;src\CFGESP.c:297: printf("%s",aDone); // clear line
   0A7A 21r0Ar01      [10] 1518 	ld	hl, #_aDone
   0A7D E5            [11] 1519 	push	hl
   0A7E 21rABr0A      [10] 1520 	ld	hl, #___str_8
   0A81 E5            [11] 1521 	push	hl
   0A82 CDr00r00      [17] 1522 	call	_printf
   0A85 F1            [10] 1523 	pop	af
   0A86 F1            [10] 1524 	pop	af
   0A87                    1525 00142$:
                           1526 ;src\CFGESP.c:299: return bReturn;
   0A87 DD 6E F7      [19] 1527 	ld	l, -9 (ix)
   0A8A                    1528 00149$:
                           1529 ;src\CFGESP.c:300: }
   0A8A DD F9         [10] 1530 	ld	sp, ix
   0A8C DD E1         [14] 1531 	pop	ix
   0A8E C9            [10] 1532 	ret
   0A8F                    1533 ___str_2:
   0A8F 57 61 69 74 69 6E  1534 	.ascii "Waiting for: "
        67 20 66 6F 72 3A
        20
   0A9C 00                 1535 	.db 0x00
   0A9D                    1536 ___str_3:
   0A9D 25 63              1537 	.ascii "%c"
   0A9F 00                 1538 	.db 0x00
   0AA0                    1539 ___str_4:
   0AA0 20 2F 20           1540 	.ascii " / "
   0AA3 00                 1541 	.db 0x00
   0AA4                    1542 ___str_5:
   0AA4 7B 25 78 7D        1543 	.ascii "{%x}"
   0AA8 00                 1544 	.db 0x00
   0AA9                    1545 ___str_7:
   0AA9 0D                 1546 	.db 0x0d
   0AAA 00                 1547 	.db 0x00
   0AAB                    1548 ___str_8:
   0AAB 25 73              1549 	.ascii "%s"
   0AAD 00                 1550 	.db 0x00
   0AAE                    1551 ___str_9:
   0AAE 7B 25 78 7D 20 21  1552 	.ascii "{%x} != [%x]"
        3D 20 5B 25 78 5D
   0ABA 00                 1553 	.db 0x00
   0ABB                    1554 ___str_10:
   0ABB 7D 25 78 7B        1555 	.ascii "}%x{"
   0ABF 00                 1556 	.db 0x00
   0AC0                    1557 ___str_11:
   0AC0 45 72 72 6F 72 20  1558 	.ascii "Error %u on command %c..."
        25 75 20 6F 6E 20
        63 6F 6D 6D 61 6E
        64 20 25 63 2E 2E
        2E
   0AD9 0D                 1559 	.db 0x0d
   0ADA 0A                 1560 	.db 0x0a
   0ADB 00                 1561 	.db 0x00
                           1562 ;src\CFGESP.c:302: void FinishUpdate (bool bSendReset)
                           1563 ;	---------------------------------
                           1564 ; Function FinishUpdate
                           1565 ; ---------------------------------
   0ADC                    1566 _FinishUpdate::
   0ADC DD E5         [15] 1567 	push	ix
   0ADE DD 21 00 00   [14] 1568 	ld	ix,#0
   0AE2 DD 39         [15] 1569 	add	ix,sp
   0AE4 21 F9 FF      [10] 1570 	ld	hl, #-7
   0AE7 39            [11] 1571 	add	hl, sp
   0AE8 F9            [ 6] 1572 	ld	sp, hl
                           1573 ;src\CFGESP.c:304: unsigned int iRetries = 3;
   0AE9 21 03 00      [10] 1574 	ld	hl, #0x0003
   0AEC E3            [19] 1575 	ex	(sp), hl
                           1576 ;src\CFGESP.c:308: bool bReset = bSendReset;
   0AED DD 7E 04      [19] 1577 	ld	a, 4 (ix)
   0AF0 DD 77 FE      [19] 1578 	ld	-2 (ix), a
                           1579 ;src\CFGESP.c:310: printf("\rFinishing flash, this will take some time, WAIT!\r\n");
   0AF3 21r5Cr0C      [10] 1580 	ld	hl, #___str_13
   0AF6 E5            [11] 1581 	push	hl
   0AF7 CDr00r00      [17] 1582 	call	_puts
   0AFA F1            [10] 1583 	pop	af
                           1584 ;src\CFGESP.c:312: do
   0AFB DD 36 FF 02   [19] 1585 	ld	-1 (ix), #0x02
   0AFF                    1586 00135$:
                           1587 ;src\CFGESP.c:314: bRet = true;
   0AFF 2E 01         [ 7] 1588 	ld	l, #0x01
                           1589 ;src\CFGESP.c:315: --ucRetries;
   0B01 DD 35 FF      [23] 1590 	dec	-1 (ix)
                           1591 ;src\CFGESP.c:316: if (bReset)
   0B04 DD 7E FE      [19] 1592 	ld	a, -2 (ix)
   0B07 B7            [ 4] 1593 	or	a, a
   0B08 28 0C         [12] 1594 	jr	Z,00154$
                           1595 ;src\CFGESP.c:317: TxByte('R'); //Request Reset
   0B0A E5            [11] 1596 	push	hl
   0B0B 3E 52         [ 7] 1597 	ld	a, #0x52
   0B0D F5            [11] 1598 	push	af
   0B0E 33            [ 6] 1599 	inc	sp
   0B0F CDr4Er06      [17] 1600 	call	_TxByte
   0B12 33            [ 6] 1601 	inc	sp
   0B13 E1            [10] 1602 	pop	hl
   0B14 18 4A         [12] 1603 	jr	00110$
                           1604 ;src\CFGESP.c:320: do
   0B16                    1605 00154$:
   0B16 C1            [10] 1606 	pop	bc
   0B17 C5            [11] 1607 	push	bc
                           1608 ;src\CFGESP.c:322: for (uchHalt=60;uchHalt>0;--uchHalt)
   0B18                    1609 00152$:
   0B18 3E 3C         [ 7] 1610 	ld	a, #0x3c
   0B1A                    1611 00140$:
                           1612 ;c:/fusion-c/fusion-c/header/../../fusion-c/header/msx_fusion.h:301: __endasm; 
   0B1A 76            [ 4] 1613 	halt
                           1614 ;src\CFGESP.c:322: for (uchHalt=60;uchHalt>0;--uchHalt)
   0B1B 3D            [ 4] 1615 	dec	a
   0B1C B7            [ 4] 1616 	or	a, a
   0B1D 20 FB         [12] 1617 	jr	NZ,00140$
                           1618 ;src\CFGESP.c:324: TxByte('E'); //End Update
   0B1F C5            [11] 1619 	push	bc
   0B20 3E 45         [ 7] 1620 	ld	a, #0x45
   0B22 F5            [11] 1621 	push	af
   0B23 33            [ 6] 1622 	inc	sp
   0B24 CDr4Er06      [17] 1623 	call	_TxByte
   0B27 33            [ 6] 1624 	inc	sp
   0B28 21 00 00      [10] 1625 	ld	hl, #0x0000
   0B2B E5            [11] 1626 	push	hl
   0B2C 2E 00         [ 7] 1627 	ld	l, #0x00
   0B2E E5            [11] 1628 	push	hl
   0B2F AF            [ 4] 1629 	xor	a, a
   0B30 57            [ 4] 1630 	ld	d,a
   0B31 1E 01         [ 7] 1631 	ld	e,#0x01
   0B33 D5            [11] 1632 	push	de
   0B34 21 08 07      [10] 1633 	ld	hl, #0x0708
   0B37 E5            [11] 1634 	push	hl
   0B38 21 02 00      [10] 1635 	ld	hl, #0x0002
   0B3B E5            [11] 1636 	push	hl
   0B3C 21r87r00      [10] 1637 	ld	hl, #_endUpdate
   0B3F E5            [11] 1638 	push	hl
   0B40 CDrD9r07      [17] 1639 	call	_WaitForRXData
   0B43 FD 21 0C 00   [14] 1640 	ld	iy, #12
   0B47 FD 39         [15] 1641 	add	iy, sp
   0B49 FD F9         [10] 1642 	ld	sp, iy
   0B4B C1            [10] 1643 	pop	bc
                           1644 ;src\CFGESP.c:326: iRetries--;
   0B4C 0B            [ 6] 1645 	dec	bc
                           1646 ;src\CFGESP.c:328: while ((!bRet)&&(iRetries));
   0B4D 7D            [ 4] 1647 	ld	a, l
   0B4E B7            [ 4] 1648 	or	a, a
   0B4F 20 04         [12] 1649 	jr	NZ,00170$
   0B51 78            [ 4] 1650 	ld	a, b
   0B52 B1            [ 4] 1651 	or	a, c
   0B53 20 C3         [12] 1652 	jr	NZ,00152$
   0B55                    1653 00170$:
   0B55 33            [ 6] 1654 	inc	sp
   0B56 33            [ 6] 1655 	inc	sp
   0B57 C5            [11] 1656 	push	bc
                           1657 ;src\CFGESP.c:330: if (bRet)
   0B58 7D            [ 4] 1658 	ld	a, l
   0B59 B7            [ 4] 1659 	or	a, a
   0B5A 28 04         [12] 1660 	jr	Z,00110$
                           1661 ;src\CFGESP.c:331: bReset=true;
   0B5C DD 36 FE 01   [19] 1662 	ld	-2 (ix), #0x01
   0B60                    1663 00110$:
                           1664 ;src\CFGESP.c:334: if (!bRet)
   0B60 7D            [ 4] 1665 	ld	a, l
   0B61 B7            [ 4] 1666 	or	a, a
   0B62 20 0B         [12] 1667 	jr	NZ,00133$
                           1668 ;src\CFGESP.c:335: printf("\rTimeout waiting to end update...\r\n");
   0B64 21r8Fr0C      [10] 1669 	ld	hl, #___str_15
   0B67 E5            [11] 1670 	push	hl
   0B68 CDr00r00      [17] 1671 	call	_puts
   0B6B F1            [10] 1672 	pop	af
   0B6C C3r50r0C      [10] 1673 	jp	00136$
   0B6F                    1674 00133$:
                           1675 ;src\CFGESP.c:338: if (ucRetries)
   0B6F DD 7E FF      [19] 1676 	ld	a, -1 (ix)
   0B72 B7            [ 4] 1677 	or	a, a
   0B73 28 18         [12] 1678 	jr	Z,00115$
                           1679 ;src\CFGESP.c:340: if (ucIsFw)
   0B75 3Ar08r00      [13] 1680 	ld	a,(#_ucIsFw + 0)
   0B78 B7            [ 4] 1681 	or	a, a
   0B79 28 0A         [12] 1682 	jr	Z,00112$
                           1683 ;src\CFGESP.c:341: printf("\rFirmware Update done, ESP is restarting, WAIT...\r\n");
   0B7B 21rB2r0C      [10] 1684 	ld	hl, #___str_17
   0B7E E5            [11] 1685 	push	hl
   0B7F CDr00r00      [17] 1686 	call	_puts
   0B82 F1            [10] 1687 	pop	af
   0B83 18 08         [12] 1688 	jr	00115$
   0B85                    1689 00112$:
                           1690 ;src\CFGESP.c:343: printf("\rCertificates Update done, ESP is restarting, WAIT...\r\n");
   0B85 21rE5r0C      [10] 1691 	ld	hl, #___str_19
   0B88 E5            [11] 1692 	push	hl
   0B89 CDr00r00      [17] 1693 	call	_puts
   0B8C F1            [10] 1694 	pop	af
   0B8D                    1695 00115$:
                           1696 ;src\CFGESP.c:346: if (WaitForRXData(responseReady2,7,2700,false,false,NULL,0)) //Wait up to 45 seconds
   0B8D 21 00 00      [10] 1697 	ld	hl, #0x0000
   0B90 E5            [11] 1698 	push	hl
   0B91 2E 00         [ 7] 1699 	ld	l, #0x00
   0B93 E5            [11] 1700 	push	hl
   0B94 AF            [ 4] 1701 	xor	a, a
   0B95 F5            [11] 1702 	push	af
   0B96 33            [ 6] 1703 	inc	sp
   0B97 AF            [ 4] 1704 	xor	a, a
   0B98 F5            [11] 1705 	push	af
   0B99 33            [ 6] 1706 	inc	sp
   0B9A 21 8C 0A      [10] 1707 	ld	hl, #0x0a8c
   0B9D E5            [11] 1708 	push	hl
   0B9E 21 07 00      [10] 1709 	ld	hl, #0x0007
   0BA1 E5            [11] 1710 	push	hl
   0BA2 21r13r01      [10] 1711 	ld	hl, #_responseReady2
   0BA5 E5            [11] 1712 	push	hl
   0BA6 CDrD9r07      [17] 1713 	call	_WaitForRXData
   0BA9 FD 21 0C 00   [14] 1714 	ld	iy, #12
   0BAD FD 39         [15] 1715 	add	iy, sp
   0BAF FD F9         [10] 1716 	ld	sp, iy
   0BB1 7D            [ 4] 1717 	ld	a, l
   0BB2 B7            [ 4] 1718 	or	a, a
   0BB3 CAr42r0C      [10] 1719 	jp	Z, 00130$
                           1720 ;src\CFGESP.c:348: if (!ucIsFw)
   0BB6 3Ar08r00      [13] 1721 	ld	a,(#_ucIsFw + 0)
   0BB9 B7            [ 4] 1722 	or	a, a
   0BBA C2r38r0C      [10] 1723 	jp	NZ, 00125$
                           1724 ;src\CFGESP.c:350: printf("\rESP Reset Ok, now let's request creation of index file...\r\n");
   0BBD 21r1Cr0D      [10] 1725 	ld	hl, #___str_21
   0BC0 E5            [11] 1726 	push	hl
   0BC1 CDr00r00      [17] 1727 	call	_puts
   0BC4 F1            [10] 1728 	pop	af
                           1729 ;src\CFGESP.c:352: do
   0BC5 DD 36 FC 0A   [19] 1730 	ld	-4 (ix), #0x0a
   0BC9 DD 36 FD 00   [19] 1731 	ld	-3 (ix), #0x00
                           1732 ;src\CFGESP.c:354: for (uchHalt=60;uchHalt>0;--uchHalt)
   0BCD                    1733 00162$:
   0BCD 3E 3C         [ 7] 1734 	ld	a, #0x3c
   0BCF                    1735 00142$:
                           1736 ;c:/fusion-c/fusion-c/header/../../fusion-c/header/msx_fusion.h:301: __endasm; 
   0BCF 76            [ 4] 1737 	halt
                           1738 ;src\CFGESP.c:354: for (uchHalt=60;uchHalt>0;--uchHalt)
   0BD0 3D            [ 4] 1739 	dec	a
   0BD1 B7            [ 4] 1740 	or	a, a
   0BD2 20 FB         [12] 1741 	jr	NZ,00142$
                           1742 ;src\CFGESP.c:356: TxByte('I'); //End Update
   0BD4 3E 49         [ 7] 1743 	ld	a, #0x49
   0BD6 F5            [11] 1744 	push	af
   0BD7 33            [ 6] 1745 	inc	sp
   0BD8 CDr4Er06      [17] 1746 	call	_TxByte
   0BDB 33            [ 6] 1747 	inc	sp
                           1748 ;src\CFGESP.c:357: bRet = WaitForRXData(certificateDone,2,3600,false,false,NULL,0); //Wait up to 1 minute, certificate index creation takes time
   0BDC 21 00 00      [10] 1749 	ld	hl, #0x0000
   0BDF E5            [11] 1750 	push	hl
   0BE0 2E 00         [ 7] 1751 	ld	l, #0x00
   0BE2 E5            [11] 1752 	push	hl
   0BE3 AF            [ 4] 1753 	xor	a, a
   0BE4 F5            [11] 1754 	push	af
   0BE5 33            [ 6] 1755 	inc	sp
   0BE6 AF            [ 4] 1756 	xor	a, a
   0BE7 F5            [11] 1757 	push	af
   0BE8 33            [ 6] 1758 	inc	sp
   0BE9 21 10 0E      [10] 1759 	ld	hl, #0x0e10
   0BEC E5            [11] 1760 	push	hl
   0BED 21 02 00      [10] 1761 	ld	hl, #0x0002
   0BF0 E5            [11] 1762 	push	hl
   0BF1 21r8Fr00      [10] 1763 	ld	hl, #_certificateDone
   0BF4 E5            [11] 1764 	push	hl
   0BF5 CDrD9r07      [17] 1765 	call	_WaitForRXData
   0BF8 FD 21 0C 00   [14] 1766 	ld	iy, #12
   0BFC FD 39         [15] 1767 	add	iy, sp
   0BFE FD F9         [10] 1768 	ld	sp, iy
   0C00 DD 75 FB      [19] 1769 	ld	-5 (ix), l
                           1770 ;src\CFGESP.c:358: iRetries--;
   0C03 DD 6E FC      [19] 1771 	ld	l, -4 (ix)
   0C06 DD 66 FD      [19] 1772 	ld	h, -3 (ix)
   0C09 2B            [ 6] 1773 	dec	hl
   0C0A DD 75 FC      [19] 1774 	ld	-4 (ix), l
   0C0D DD 74 FD      [19] 1775 	ld	-3 (ix), h
                           1776 ;src\CFGESP.c:360: while ((!bRet)&&(iRetries));
   0C10 DD 7E FB      [19] 1777 	ld	a, -5 (ix)
   0C13 B7            [ 4] 1778 	or	a, a
   0C14 20 08         [12] 1779 	jr	NZ,00120$
   0C16 DD 7E FD      [19] 1780 	ld	a, -3 (ix)
   0C19 DD B6 FC      [19] 1781 	or	a, -4 (ix)
   0C1C 20 AF         [12] 1782 	jr	NZ,00162$
   0C1E                    1783 00120$:
                           1784 ;src\CFGESP.c:361: if (bRet)
   0C1E DD 7E FB      [19] 1785 	ld	a, -5 (ix)
   0C21 B7            [ 4] 1786 	or	a, a
   0C22 28 0A         [12] 1787 	jr	Z,00122$
                           1788 ;src\CFGESP.c:362: printf("\rDone!                                \r\n");
   0C24 21r58r0D      [10] 1789 	ld	hl, #___str_23
   0C27 E5            [11] 1790 	push	hl
   0C28 CDr00r00      [17] 1791 	call	_puts
   0C2B F1            [10] 1792 	pop	af
   0C2C 18 29         [12] 1793 	jr	00137$
   0C2E                    1794 00122$:
                           1795 ;src\CFGESP.c:364: printf("\rDone, but time-out on creating certificates index file!\r\n");
   0C2E 21r80r0D      [10] 1796 	ld	hl, #___str_25
   0C31 E5            [11] 1797 	push	hl
   0C32 CDr00r00      [17] 1798 	call	_puts
   0C35 F1            [10] 1799 	pop	af
   0C36 18 1F         [12] 1800 	jr	00137$
   0C38                    1801 00125$:
                           1802 ;src\CFGESP.c:367: printf("\rDone!                              \r\n");
   0C38 21rBAr0D      [10] 1803 	ld	hl, #___str_27
   0C3B E5            [11] 1804 	push	hl
   0C3C CDr00r00      [17] 1805 	call	_puts
   0C3F F1            [10] 1806 	pop	af
                           1807 ;src\CFGESP.c:368: break;
   0C40 18 15         [12] 1808 	jr	00137$
   0C42                    1809 00130$:
                           1810 ;src\CFGESP.c:371: if (!ucRetries)
   0C42 DD 7E FF      [19] 1811 	ld	a, -1 (ix)
   0C45 B7            [ 4] 1812 	or	a, a
   0C46 20 08         [12] 1813 	jr	NZ,00136$
                           1814 ;src\CFGESP.c:372: printf("\rTimeout error\r\n");
   0C48 21rE0r0D      [10] 1815 	ld	hl, #___str_29
   0C4B E5            [11] 1816 	push	hl
   0C4C CDr00r00      [17] 1817 	call	_puts
   0C4F F1            [10] 1818 	pop	af
   0C50                    1819 00136$:
                           1820 ;src\CFGESP.c:375: while (ucRetries);
   0C50 DD 7E FF      [19] 1821 	ld	a, -1 (ix)
   0C53 B7            [ 4] 1822 	or	a, a
   0C54 C2rFFr0A      [10] 1823 	jp	NZ, 00135$
   0C57                    1824 00137$:
                           1825 ;src\CFGESP.c:377: return;
                           1826 ;src\CFGESP.c:378: }
   0C57 DD F9         [10] 1827 	ld	sp, ix
   0C59 DD E1         [14] 1828 	pop	ix
   0C5B C9            [10] 1829 	ret
   0C5C                    1830 ___str_13:
   0C5C 0D                 1831 	.db 0x0d
   0C5D 46 69 6E 69 73 68  1832 	.ascii "Finishing flash, this will take some time, WAIT!"
        69 6E 67 20 66 6C
        61 73 68 2C 20 74
        68 69 73 20 77 69
        6C 6C 20 74 61 6B
        65 20 73 6F 6D 65
        20 74 69 6D 65 2C
        20 57 41 49 54 21
   0C8D 0D                 1833 	.db 0x0d
   0C8E 00                 1834 	.db 0x00
   0C8F                    1835 ___str_15:
   0C8F 0D                 1836 	.db 0x0d
   0C90 54 69 6D 65 6F 75  1837 	.ascii "Timeout waiting to end update..."
        74 20 77 61 69 74
        69 6E 67 20 74 6F
        20 65 6E 64 20 75
        70 64 61 74 65 2E
        2E 2E
   0CB0 0D                 1838 	.db 0x0d
   0CB1 00                 1839 	.db 0x00
   0CB2                    1840 ___str_17:
   0CB2 0D                 1841 	.db 0x0d
   0CB3 46 69 72 6D 77 61  1842 	.ascii "Firmware Update done, ESP is restarting, WAIT..."
        72 65 20 55 70 64
        61 74 65 20 64 6F
        6E 65 2C 20 45 53
        50 20 69 73 20 72
        65 73 74 61 72 74
        69 6E 67 2C 20 57
        41 49 54 2E 2E 2E
   0CE3 0D                 1843 	.db 0x0d
   0CE4 00                 1844 	.db 0x00
   0CE5                    1845 ___str_19:
   0CE5 0D                 1846 	.db 0x0d
   0CE6 43 65 72 74 69 66  1847 	.ascii "Certificates Update done, ESP is restarting, WAIT..."
        69 63 61 74 65 73
        20 55 70 64 61 74
        65 20 64 6F 6E 65
        2C 20 45 53 50 20
        69 73 20 72 65 73
        74 61 72 74 69 6E
        67 2C 20 57 41 49
        54 2E 2E 2E
   0D1A 0D                 1848 	.db 0x0d
   0D1B 00                 1849 	.db 0x00
   0D1C                    1850 ___str_21:
   0D1C 0D                 1851 	.db 0x0d
   0D1D 45 53 50 20 52 65  1852 	.ascii "ESP Reset Ok, now let's request creation of index file..."
        73 65 74 20 4F 6B
        2C 20 6E 6F 77 20
        6C 65 74 27 73 20
        72 65 71 75 65 73
        74 20 63 72 65 61
        74 69 6F 6E 20 6F
        66 20 69 6E 64 65
        78 20 66 69 6C 65
        2E 2E 2E
   0D56 0D                 1853 	.db 0x0d
   0D57 00                 1854 	.db 0x00
   0D58                    1855 ___str_23:
   0D58 0D                 1856 	.db 0x0d
   0D59 44 6F 6E 65 21 20  1857 	.ascii "Done!                                "
        20 20 20 20 20 20
        20 20 20 20 20 20
        20 20 20 20 20 20
        20 20 20 20 20 20
        20 20 20 20 20 20
        20
   0D7E 0D                 1858 	.db 0x0d
   0D7F 00                 1859 	.db 0x00
   0D80                    1860 ___str_25:
   0D80 0D                 1861 	.db 0x0d
   0D81 44 6F 6E 65 2C 20  1862 	.ascii "Done, but time-out on creating certificates index file!"
        62 75 74 20 74 69
        6D 65 2D 6F 75 74
        20 6F 6E 20 63 72
        65 61 74 69 6E 67
        20 63 65 72 74 69
        66 69 63 61 74 65
        73 20 69 6E 64 65
        78 20 66 69 6C 65
        21
   0DB8 0D                 1863 	.db 0x0d
   0DB9 00                 1864 	.db 0x00
   0DBA                    1865 ___str_27:
   0DBA 0D                 1866 	.db 0x0d
   0DBB 44 6F 6E 65 21 20  1867 	.ascii "Done!                              "
        20 20 20 20 20 20
        20 20 20 20 20 20
        20 20 20 20 20 20
        20 20 20 20 20 20
        20 20 20 20 20
   0DDE 0D                 1868 	.db 0x0d
   0DDF 00                 1869 	.db 0x00
   0DE0                    1870 ___str_29:
   0DE0 0D                 1871 	.db 0x0d
   0DE1 54 69 6D 65 6F 75  1872 	.ascii "Timeout error"
        74 20 65 72 72 6F
        72
   0DEE 0D                 1873 	.db 0x0d
   0DEF 00                 1874 	.db 0x00
                           1875 ;src\CFGESP.c:380: int main(char** argv, int argc)
                           1876 ;	---------------------------------
                           1877 ; Function main
                           1878 ; ---------------------------------
   0DF0                    1879 _main::
   0DF0 DD E5         [15] 1880 	push	ix
   0DF2 DD 21 00 00   [14] 1881 	ld	ix,#0
   0DF6 DD 39         [15] 1882 	add	ix,sp
   0DF8 21 2C ED      [10] 1883 	ld	hl, #-4820
   0DFB 39            [11] 1884 	add	hl, sp
   0DFC F9            [ 6] 1885 	ld	sp, hl
                           1886 ;src\CFGESP.c:389: unsigned int i = 0;
   0DFD DD 36 BF 00   [19] 1887 	ld	-65 (ix), #0x00
   0E01 DD 36 C0 00   [19] 1888 	ld	-64 (ix), #0x00
                           1889 ;src\CFGESP.c:397: unsigned char ucFirstBlock = 1;
   0E05 DD 36 FB 01   [19] 1890 	ld	-5 (ix), #0x01
                           1891 ;src\CFGESP.c:419: ucLocalUpdate = 0;
   0E09 21r07r00      [10] 1892 	ld	hl,#_ucLocalUpdate + 0
   0E0C 36 00         [10] 1893 	ld	(hl), #0x00
                           1894 ;src\CFGESP.c:420: ucNagleOff = 0;
   0E0E 21r09r00      [10] 1895 	ld	hl,#_ucNagleOff + 0
   0E11 36 00         [10] 1896 	ld	(hl), #0x00
                           1897 ;src\CFGESP.c:421: ucNagleOn = 0;
   0E13 21r0Ar00      [10] 1898 	ld	hl,#_ucNagleOn + 0
   0E16 36 00         [10] 1899 	ld	(hl), #0x00
                           1900 ;src\CFGESP.c:422: ucRadioOff = 0;
   0E18 21r0Br00      [10] 1901 	ld	hl,#_ucRadioOff + 0
   0E1B 36 00         [10] 1902 	ld	(hl), #0x00
                           1903 ;src\CFGESP.c:423: ucSetTimeout = 0;
   0E1D 21r0Cr00      [10] 1904 	ld	hl,#_ucSetTimeout + 0
   0E20 36 00         [10] 1905 	ld	(hl), #0x00
                           1906 ;src\CFGESP.c:424: ucScanPage = 0;
   0E22 DD 36 D9 00   [19] 1907 	ld	-39 (ix), #0x00
                           1908 ;src\CFGESP.c:426: ucVerMajor = 0;
   0E26 DD 36 F0 00   [19] 1909 	ld	-16 (ix), #0x00
                           1910 ;src\CFGESP.c:427: ucVerMinor = 0;
   0E2A DD 36 E4 00   [19] 1911 	ld	-28 (ix), #0x00
                           1912 ;src\CFGESP.c:428: TickCount = 0; //this guarantees no leap for 18 minutes, more than enough so we do not need to check for jiffy leaping
   0E2E 21 00 00      [10] 1913 	ld	hl, #0x0000
   0E31 22 9E FC      [16] 1914 	ld	(_TickCount), hl
                           1915 ;src\CFGESP.c:429: ucESP32 = 0;
   0E34 DD 36 E3 00   [19] 1916 	ld	-29 (ix), #0x00
                           1917 ;src\CFGESP.c:432: printf("> SM-X ESP Wi-Fi Module Configuration v2.00 <\r\n(c) 2026 Oduvaldo Pavan Junior - ducasp@gmail.com\r\n\n");
   0E38 21rE2r22      [10] 1918 	ld	hl, #___str_31
   0E3B E5            [11] 1919 	push	hl
   0E3C CDr00r00      [17] 1920 	call	_puts
   0E3F F1            [10] 1921 	pop	af
                           1922 ;src\CFGESP.c:434: if (IsValidInput(argv, argc, ucServer, ucFile, ucPort))
   0E40 21 38 01      [10] 1923 	ld	hl, #0x0138
   0E43 39            [11] 1924 	add	hl, sp
   0E44 EB            [ 4] 1925 	ex	de, hl
   0E45 21 3E 01      [10] 1926 	ld	hl, #0x013e
   0E48 39            [11] 1927 	add	hl, sp
   0E49 DD 75 D1      [19] 1928 	ld	-47 (ix), l
   0E4C DD 74 D2      [19] 1929 	ld	-46 (ix), h
   0E4F 4D            [ 4] 1930 	ld	c, l
   0E50 44            [ 4] 1931 	ld	b, h
   0E51 21 6A 02      [10] 1932 	ld	hl, #0x026a
   0E54 39            [11] 1933 	add	hl, sp
   0E55 DD 75 C9      [19] 1934 	ld	-55 (ix), l
   0E58 DD 74 CA      [19] 1935 	ld	-54 (ix), h
   0E5B D5            [11] 1936 	push	de
   0E5C C5            [11] 1937 	push	bc
   0E5D E5            [11] 1938 	push	hl
   0E5E DD 6E 06      [19] 1939 	ld	l, 6 (ix)
   0E61 DD 66 07      [19] 1940 	ld	h, 7 (ix)
   0E64 E5            [11] 1941 	push	hl
   0E65 DD 6E 04      [19] 1942 	ld	l, 4 (ix)
   0E68 DD 66 05      [19] 1943 	ld	h, 5 (ix)
   0E6B E5            [11] 1944 	push	hl
   0E6C CDr7Dr03      [17] 1945 	call	_IsValidInput
   0E6F FD 21 0A 00   [14] 1946 	ld	iy, #10
   0E73 FD 39         [15] 1947 	add	iy, sp
   0E75 FD F9         [10] 1948 	ld	sp, iy
   0E77 DD 74 CC      [19] 1949 	ld	-52 (ix), h
   0E7A DD 75 CB      [19] 1950 	ld	-53 (ix), l
   0E7D DD 7E CC      [19] 1951 	ld	a, -52 (ix)
   0E80 DD B6 CB      [19] 1952 	or	a, -53 (ix)
   0E83 CArD2r22      [10] 1953 	jp	Z, 00412$
                           1954 ;src\CFGESP.c:436: do
   0E86 DD 36 FD 00   [19] 1955 	ld	-3 (ix), #0x00
   0E8A                    1956 00103$:
                           1957 ;src\CFGESP.c:439: myPort6 = speed;
   0E8A DD 7E FD      [19] 1958 	ld	a, -3 (ix)
   0E8D D3 06         [11] 1959 	out	(_myPort6), a
                           1960 ;src\CFGESP.c:440: ClearUartData();
   0E8F 3E 14         [ 7] 1961 	ld	a, #0x14
   0E91 D3 06         [11] 1962 	out	(_myPort6), a
                           1963 ;c:/fusion-c/fusion-c/header/../../fusion-c/header/msx_fusion.h:301: __endasm; 
   0E93 76            [ 4] 1964 	halt
                           1965 ;src\CFGESP.c:442: TxByte('?');
   0E94 3E 3F         [ 7] 1966 	ld	a, #0x3f
   0E96 F5            [11] 1967 	push	af
   0E97 33            [ 6] 1968 	inc	sp
   0E98 CDr4Er06      [17] 1969 	call	_TxByte
   0E9B 33            [ 6] 1970 	inc	sp
                           1971 ;src\CFGESP.c:444: bResponse = WaitForRXData(responseOK,2,60,false,false,NULL,0);
   0E9C 21 00 00      [10] 1972 	ld	hl, #0x0000
   0E9F E5            [11] 1973 	push	hl
   0EA0 2E 00         [ 7] 1974 	ld	l, #0x00
   0EA2 E5            [11] 1975 	push	hl
   0EA3 AF            [ 4] 1976 	xor	a, a
   0EA4 F5            [11] 1977 	push	af
   0EA5 33            [ 6] 1978 	inc	sp
   0EA6 AF            [ 4] 1979 	xor	a, a
   0EA7 F5            [11] 1980 	push	af
   0EA8 33            [ 6] 1981 	inc	sp
   0EA9 2E 3C         [ 7] 1982 	ld	l, #0x3c
   0EAB E5            [11] 1983 	push	hl
   0EAC 2E 02         [ 7] 1984 	ld	l, #0x02
   0EAE E5            [11] 1985 	push	hl
   0EAF 21r91r00      [10] 1986 	ld	hl, #_responseOK
   0EB2 E5            [11] 1987 	push	hl
   0EB3 CDrD9r07      [17] 1988 	call	_WaitForRXData
   0EB6 FD 21 0C 00   [14] 1989 	ld	iy, #12
   0EBA FD 39         [15] 1990 	add	iy, sp
   0EBC FD F9         [10] 1991 	ld	sp, iy
   0EBE 7D            [ 4] 1992 	ld	a, l
                           1993 ;src\CFGESP.c:446: if (bResponse)
   0EBF B7            [ 4] 1994 	or	a, a
   0EC0 20 0A         [12] 1995 	jr	NZ,00105$
                           1996 ;src\CFGESP.c:448: ++speed;
   0EC2 DD 34 FD      [23] 1997 	inc	-3 (ix)
                           1998 ;src\CFGESP.c:450: while (speed<10);
   0EC5 DD 7E FD      [19] 1999 	ld	a, -3 (ix)
   0EC8 D6 0A         [ 7] 2000 	sub	a, #0x0a
   0ECA 38 BE         [12] 2001 	jr	C,00103$
   0ECC                    2002 00105$:
                           2003 ;src\CFGESP.c:452: if (speed<10)
   0ECC DD 7E FD      [19] 2004 	ld	a, -3 (ix)
   0ECF D6 0A         [ 7] 2005 	sub	a, #0x0a
   0ED1 D2rC8r22      [10] 2006 	jp	NC, 00409$
                           2007 ;src\CFGESP.c:454: printf ("Baud Rate: %s\r\n",speedStr[speed]);
   0ED4 DD 7E FD      [19] 2008 	ld	a, -3 (ix)
   0ED7 DD 77 CB      [19] 2009 	ld	-53 (ix), a
   0EDA DD 36 CC 00   [19] 2010 	ld	-52 (ix), #0x00
   0EDE DD CB CB 26   [23] 2011 	sla	-53 (ix)
   0EE2 DD CB CC 16   [23] 2012 	rl	-52 (ix)
   0EE6 3Er0C         [ 7] 2013 	ld	a, #<(_speedStr)
   0EE8 DD 86 CB      [19] 2014 	add	a, -53 (ix)
   0EEB DD 77 CB      [19] 2015 	ld	-53 (ix), a
   0EEE 3Es00         [ 7] 2016 	ld	a, #>(_speedStr)
   0EF0 DD 8E CC      [19] 2017 	adc	a, -52 (ix)
   0EF3 DD 77 CC      [19] 2018 	ld	-52 (ix), a
   0EF6 DD 6E CB      [19] 2019 	ld	l, -53 (ix)
   0EF9 DD 66 CC      [19] 2020 	ld	h, -52 (ix)
   0EFC 7E            [ 7] 2021 	ld	a, (hl)
   0EFD DD 77 CB      [19] 2022 	ld	-53 (ix), a
   0F00 23            [ 6] 2023 	inc	hl
   0F01 7E            [ 7] 2024 	ld	a, (hl)
   0F02 DD 77 CC      [19] 2025 	ld	-52 (ix), a
   0F05 DD 6E CB      [19] 2026 	ld	l, -53 (ix)
   0F08 DD 66 CC      [19] 2027 	ld	h, -52 (ix)
   0F0B E5            [11] 2028 	push	hl
   0F0C 21r45r23      [10] 2029 	ld	hl, #___str_32
   0F0F E5            [11] 2030 	push	hl
   0F10 CDr00r00      [17] 2031 	call	_printf
   0F13 F1            [10] 2032 	pop	af
                           2033 ;src\CFGESP.c:456: TxByte('b'); //Request chiptype
   0F14 26 62         [ 7] 2034 	ld	h,#0x62
   0F16 E3            [19] 2035 	ex	(sp),hl
   0F17 33            [ 6] 2036 	inc	sp
   0F18 CDr4Er06      [17] 2037 	call	_TxByte
   0F1B 33            [ 6] 2038 	inc	sp
                           2039 ;src\CFGESP.c:457: bResponse = WaitForRXData(getChipTypeResponse,3,20,true,false,NULL,0);
   0F1C 21 00 00      [10] 2040 	ld	hl, #0x0000
   0F1F E5            [11] 2041 	push	hl
   0F20 2E 00         [ 7] 2042 	ld	l, #0x00
   0F22 E5            [11] 2043 	push	hl
   0F23 AF            [ 4] 2044 	xor	a, a
   0F24 57            [ 4] 2045 	ld	d,a
   0F25 1E 01         [ 7] 2046 	ld	e,#0x01
   0F27 D5            [11] 2047 	push	de
   0F28 2E 14         [ 7] 2048 	ld	l, #0x14
   0F2A E5            [11] 2049 	push	hl
   0F2B 2E 03         [ 7] 2050 	ld	l, #0x03
   0F2D E5            [11] 2051 	push	hl
   0F2E 21r89r00      [10] 2052 	ld	hl, #_getChipTypeResponse
   0F31 E5            [11] 2053 	push	hl
   0F32 CDrD9r07      [17] 2054 	call	_WaitForRXData
   0F35 FD 21 0C 00   [14] 2055 	ld	iy, #12
   0F39 FD 39         [15] 2056 	add	iy, sp
   0F3B FD F9         [10] 2057 	ld	sp, iy
   0F3D 7D            [ 4] 2058 	ld	a, l
                           2059 ;src\CFGESP.c:458: if (bResponse)
   0F3E B7            [ 4] 2060 	or	a, a
   0F3F 28 6A         [12] 2061 	jr	Z,00116$
                           2062 ;src\CFGESP.c:460: ucESP32 = 1;
   0F41 DD 36 E3 01   [19] 2063 	ld	-29 (ix), #0x01
                           2064 ;src\CFGESP.c:461: while(!UartRXData());
   0F45                    2065 00106$:
   0F45 DB 07         [11] 2066 	in	a, (_myPort7)
   0F47 D6 01         [ 7] 2067 	sub	a,#0x01
   0F49 3E 00         [ 7] 2068 	ld	a, #0x00
   0F4B 17            [ 4] 2069 	rla
   0F4C CB 47         [ 8] 2070 	bit	0, a
   0F4E 20 F5         [12] 2071 	jr	NZ,00106$
                           2072 ;src\CFGESP.c:462: ucChipTypeRspSize = GetUARTData();
   0F50 DB 06         [11] 2073 	in	a, (_myPort6)
   0F52 5F            [ 4] 2074 	ld	e, a
                           2075 ;src\CFGESP.c:463: printf ("Chip Type: ");
   0F53 D5            [11] 2076 	push	de
   0F54 21r55r23      [10] 2077 	ld	hl, #___str_33
   0F57 E5            [11] 2078 	push	hl
   0F58 CDr00r00      [17] 2079 	call	_printf
   0F5B F1            [10] 2080 	pop	af
   0F5C D1            [10] 2081 	pop	de
                           2082 ;src\CFGESP.c:465: while(ucChipTypeRspSize)
   0F5D 21 00 00      [10] 2083 	ld	hl, #0x0000
   0F60 39            [11] 2084 	add	hl, sp
   0F61 DD 75 CB      [19] 2085 	ld	-53 (ix), l
   0F64 DD 74 CC      [19] 2086 	ld	-52 (ix), h
   0F67 01 00 00      [10] 2087 	ld	bc, #0x0000
   0F6A DD 73 C5      [19] 2088 	ld	-59 (ix), e
   0F6D                    2089 00112$:
   0F6D DD 7E C5      [19] 2090 	ld	a, -59 (ix)
   0F70 B7            [ 4] 2091 	or	a, a
   0F71 28 20         [12] 2092 	jr	Z,00590$
                           2093 ;src\CFGESP.c:467: while(!UartRXData());
   0F73                    2094 00109$:
   0F73 DB 07         [11] 2095 	in	a, (_myPort7)
   0F75 D6 01         [ 7] 2096 	sub	a,#0x01
   0F77 3E 00         [ 7] 2097 	ld	a, #0x00
   0F79 17            [ 4] 2098 	rla
   0F7A CB 47         [ 8] 2099 	bit	0, a
   0F7C 20 F5         [12] 2100 	jr	NZ,00109$
                           2101 ;src\CFGESP.c:468: ucChipTypeString[i++] = GetUARTData();
   0F7E 59            [ 4] 2102 	ld	e, c
   0F7F 50            [ 4] 2103 	ld	d, b
   0F80 03            [ 6] 2104 	inc	bc
   0F81 DD 7E CB      [19] 2105 	ld	a, -53 (ix)
   0F84 83            [ 4] 2106 	add	a, e
   0F85 5F            [ 4] 2107 	ld	e, a
   0F86 DD 7E CC      [19] 2108 	ld	a, -52 (ix)
   0F89 8A            [ 4] 2109 	adc	a, d
   0F8A 57            [ 4] 2110 	ld	d, a
   0F8B DB 06         [11] 2111 	in	a, (_myPort6)
   0F8D 12            [ 7] 2112 	ld	(de), a
                           2113 ;src\CFGESP.c:469: --ucChipTypeRspSize;
   0F8E DD 35 C5      [23] 2114 	dec	-59 (ix)
   0F91 18 DA         [12] 2115 	jr	00112$
   0F93                    2116 00590$:
   0F93 DD 71 BF      [19] 2117 	ld	-65 (ix), c
   0F96 DD 70 C0      [19] 2118 	ld	-64 (ix), b
                           2119 ;src\CFGESP.c:471: printf ("%s\r\n", ucChipTypeString);
   0F99 DD 4E CB      [19] 2120 	ld	c, -53 (ix)
   0F9C DD 46 CC      [19] 2121 	ld	b, -52 (ix)
   0F9F C5            [11] 2122 	push	bc
   0FA0 21r61r23      [10] 2123 	ld	hl, #___str_34
   0FA3 E5            [11] 2124 	push	hl
   0FA4 CDr00r00      [17] 2125 	call	_printf
   0FA7 F1            [10] 2126 	pop	af
   0FA8 F1            [10] 2127 	pop	af
   0FA9 18 08         [12] 2128 	jr	00117$
   0FAB                    2129 00116$:
                           2130 ;src\CFGESP.c:474: printf ("Chip Type: ESP8266\r\n");
   0FAB 21r66r23      [10] 2131 	ld	hl, #___str_36
   0FAE E5            [11] 2132 	push	hl
   0FAF CDr00r00      [17] 2133 	call	_puts
   0FB2 F1            [10] 2134 	pop	af
   0FB3                    2135 00117$:
                           2136 ;src\CFGESP.c:476: TxByte('V'); //Request version
   0FB3 3E 56         [ 7] 2137 	ld	a, #0x56
   0FB5 F5            [11] 2138 	push	af
   0FB6 33            [ 6] 2139 	inc	sp
   0FB7 CDr4Er06      [17] 2140 	call	_TxByte
   0FBA 33            [ 6] 2141 	inc	sp
                           2142 ;src\CFGESP.c:477: bResponse = WaitForRXData(versionResponse,1,20,true,false,NULL,0);
   0FBB 21 00 00      [10] 2143 	ld	hl, #0x0000
   0FBE E5            [11] 2144 	push	hl
   0FBF 2E 00         [ 7] 2145 	ld	l, #0x00
   0FC1 E5            [11] 2146 	push	hl
   0FC2 AF            [ 4] 2147 	xor	a, a
   0FC3 57            [ 4] 2148 	ld	d,a
   0FC4 1E 01         [ 7] 2149 	ld	e,#0x01
   0FC6 D5            [11] 2150 	push	de
   0FC7 2E 14         [ 7] 2151 	ld	l, #0x14
   0FC9 E5            [11] 2152 	push	hl
   0FCA 2E 01         [ 7] 2153 	ld	l, #0x01
   0FCC E5            [11] 2154 	push	hl
   0FCD 21r8Er00      [10] 2155 	ld	hl, #_versionResponse
   0FD0 E5            [11] 2156 	push	hl
   0FD1 CDrD9r07      [17] 2157 	call	_WaitForRXData
   0FD4 FD 21 0C 00   [14] 2158 	ld	iy, #12
   0FD8 FD 39         [15] 2159 	add	iy, sp
   0FDA FD F9         [10] 2160 	ld	sp, iy
                           2161 ;src\CFGESP.c:478: if (bResponse)
   0FDC DD 75 C5      [19] 2162 	ld	-59 (ix), l
   0FDF 7D            [ 4] 2163 	ld	a, l
   0FE0 B7            [ 4] 2164 	or	a, a
   0FE1 28 20         [12] 2165 	jr	Z,00125$
                           2166 ;src\CFGESP.c:480: while(!UartRXData());
   0FE3                    2167 00118$:
   0FE3 DB 07         [11] 2168 	in	a, (_myPort7)
   0FE5 D6 01         [ 7] 2169 	sub	a,#0x01
   0FE7 3E 00         [ 7] 2170 	ld	a, #0x00
   0FE9 17            [ 4] 2171 	rla
   0FEA CB 47         [ 8] 2172 	bit	0, a
   0FEC 20 F5         [12] 2173 	jr	NZ,00118$
                           2174 ;src\CFGESP.c:481: ucVerMajor = GetUARTData();
   0FEE DB 06         [11] 2175 	in	a, (_myPort6)
   0FF0 DD 77 F0      [19] 2176 	ld	-16 (ix), a
                           2177 ;src\CFGESP.c:482: while(!UartRXData());
   0FF3                    2178 00121$:
   0FF3 DB 07         [11] 2179 	in	a, (_myPort7)
   0FF5 D6 01         [ 7] 2180 	sub	a,#0x01
   0FF7 3E 00         [ 7] 2181 	ld	a, #0x00
   0FF9 17            [ 4] 2182 	rla
   0FFA CB 47         [ 8] 2183 	bit	0, a
   0FFC 20 F5         [12] 2184 	jr	NZ,00121$
                           2185 ;src\CFGESP.c:483: ucVerMinor = GetUARTData();
   0FFE DB 06         [11] 2186 	in	a, (_myPort6)
   1000 DD 77 E4      [19] 2187 	ld	-28 (ix), a
   1003                    2188 00125$:
                           2189 ;src\CFGESP.c:485: printf ("FW Version: %c.%c\r\n",ucVerMajor+'0',ucVerMinor+'0');
   1003 DD 4E E4      [19] 2190 	ld	c, -28 (ix)
   1006 06 00         [ 7] 2191 	ld	b, #0x00
   1008 21 30 00      [10] 2192 	ld	hl, #0x0030
   100B 09            [11] 2193 	add	hl, bc
   100C EB            [ 4] 2194 	ex	de, hl
   100D DD 4E F0      [19] 2195 	ld	c, -16 (ix)
   1010 06 00         [ 7] 2196 	ld	b, #0x00
   1012 21 30 00      [10] 2197 	ld	hl, #0x0030
   1015 09            [11] 2198 	add	hl, bc
   1016 01r7Ar23      [10] 2199 	ld	bc, #___str_37+0
   1019 D5            [11] 2200 	push	de
   101A E5            [11] 2201 	push	hl
   101B C5            [11] 2202 	push	bc
   101C CDr00r00      [17] 2203 	call	_printf
   101F 21 06 00      [10] 2204 	ld	hl, #6
   1022 39            [11] 2205 	add	hl, sp
   1023 F9            [ 6] 2206 	ld	sp, hl
                           2207 ;src\CFGESP.c:487: if ((ucScan)||(ucNagleOff)||(ucNagleOn)||(ucRadioOff)||(ucSetTimeout))
   1024 3Ar00r00      [13] 2208 	ld	a,(#_ucScan + 0)
   1027 B7            [ 4] 2209 	or	a, a
   1028 20 19         [12] 2210 	jr	NZ,00401$
   102A 3Ar09r00      [13] 2211 	ld	a,(#_ucNagleOff + 0)
   102D B7            [ 4] 2212 	or	a, a
   102E 20 13         [12] 2213 	jr	NZ,00401$
   1030 3Ar0Ar00      [13] 2214 	ld	a,(#_ucNagleOn + 0)
   1033 B7            [ 4] 2215 	or	a, a
   1034 20 0D         [12] 2216 	jr	NZ,00401$
   1036 3Ar0Br00      [13] 2217 	ld	a,(#_ucRadioOff + 0)
   1039 B7            [ 4] 2218 	or	a, a
   103A 20 07         [12] 2219 	jr	NZ,00401$
   103C 3Ar0Cr00      [13] 2220 	ld	a,(#_ucSetTimeout + 0)
   103F B7            [ 4] 2221 	or	a, a
   1040 CAr3Br18      [10] 2222 	jp	Z, 00402$
   1043                    2223 00401$:
                           2224 ;src\CFGESP.c:490: if (ucScan)
   1043 3Ar00r00      [13] 2225 	ld	a,(#_ucScan + 0)
   1046 B7            [ 4] 2226 	or	a, a
   1047 CAr00r11      [10] 2227 	jp	Z, 00160$
                           2228 ;src\CFGESP.c:492: if ((ucESP32)||((ucVerMajor>=1)||((ucVerMajor==1)&&(ucVerMinor>=2)))) // new firmware allow get current ap and connection status
   104A DD 7E E3      [19] 2229 	ld	a, -29 (ix)
   104D B7            [ 4] 2230 	or	a, a
   104E 20 16         [12] 2231 	jr	NZ,00140$
   1050 DD 7E F0      [19] 2232 	ld	a, -16 (ix)
   1053 D6 01         [ 7] 2233 	sub	a, #0x01
   1055 30 0F         [12] 2234 	jr	NC,00140$
   1057 DD 7E F0      [19] 2235 	ld	a, -16 (ix)
   105A 3D            [ 4] 2236 	dec	a
   105B C2rF5r10      [10] 2237 	jp	NZ,00141$
   105E DD 7E E4      [19] 2238 	ld	a, -28 (ix)
   1061 D6 02         [ 7] 2239 	sub	a, #0x02
   1063 DArF5r10      [10] 2240 	jp	C, 00141$
   1066                    2241 00140$:
                           2242 ;src\CFGESP.c:494: TxByte('g'); //Request current AP status
   1066 3E 67         [ 7] 2243 	ld	a, #0x67
   1068 F5            [11] 2244 	push	af
   1069 33            [ 6] 2245 	inc	sp
   106A CDr4Er06      [17] 2246 	call	_TxByte
   106D 33            [ 6] 2247 	inc	sp
                           2248 ;src\CFGESP.c:495: bResponse = WaitForRXData(apstsResponse,3,30,true,false,NULL,0);
   106E 21 00 00      [10] 2249 	ld	hl, #0x0000
   1071 E5            [11] 2250 	push	hl
   1072 2E 00         [ 7] 2251 	ld	l, #0x00
   1074 E5            [11] 2252 	push	hl
   1075 AF            [ 4] 2253 	xor	a, a
   1076 57            [ 4] 2254 	ld	d,a
   1077 1E 01         [ 7] 2255 	ld	e,#0x01
   1079 D5            [11] 2256 	push	de
   107A 2E 1E         [ 7] 2257 	ld	l, #0x1e
   107C E5            [11] 2258 	push	hl
   107D 2E 03         [ 7] 2259 	ld	l, #0x03
   107F E5            [11] 2260 	push	hl
   1080 21r9Fr00      [10] 2261 	ld	hl, #_apstsResponse
   1083 E5            [11] 2262 	push	hl
   1084 CDrD9r07      [17] 2263 	call	_WaitForRXData
   1087 FD 21 0C 00   [14] 2264 	ld	iy, #12
   108B FD 39         [15] 2265 	add	iy, sp
   108D FD F9         [10] 2266 	ld	sp, iy
                           2267 ;src\CFGESP.c:496: if (bResponse)
   108F DD 75 C5      [19] 2268 	ld	-59 (ix), l
   1092 7D            [ 4] 2269 	ld	a, l
   1093 B7            [ 4] 2270 	or	a, a
   1094 28 5F         [12] 2271 	jr	Z,00141$
                           2272 ;src\CFGESP.c:498: while(!UartRXData());
   1096                    2273 00126$:
   1096 DB 07         [11] 2274 	in	a, (_myPort7)
   1098 D6 01         [ 7] 2275 	sub	a,#0x01
   109A 3E 00         [ 7] 2276 	ld	a, #0x00
   109C 17            [ 4] 2277 	rla
   109D CB 47         [ 8] 2278 	bit	0, a
   109F 20 F5         [12] 2279 	jr	NZ,00126$
                           2280 ;src\CFGESP.c:499: ucAPstsRspSize=GetUARTData();
   10A1 DB 06         [11] 2281 	in	a, (_myPort6)
   10A3 DD 77 CB      [19] 2282 	ld	-53 (ix), a
                           2283 ;src\CFGESP.c:503: while(!UartRXData());
   10A6 21 FC 10      [10] 2284 	ld	hl, #0x10fc
   10A9 39            [11] 2285 	add	hl, sp
   10AA EB            [ 4] 2286 	ex	de, hl
   10AB 01 00 00      [10] 2287 	ld	bc, #0x0000
   10AE                    2288 00129$:
   10AE DB 07         [11] 2289 	in	a, (_myPort7)
   10B0 D6 01         [ 7] 2290 	sub	a,#0x01
   10B2 3E 00         [ 7] 2291 	ld	a, #0x00
   10B4 17            [ 4] 2292 	rla
   10B5 CB 47         [ 8] 2293 	bit	0, a
   10B7 20 F5         [12] 2294 	jr	NZ,00129$
                           2295 ;src\CFGESP.c:504: chAPStsInfo[i]=GetUARTData();
   10B9 69            [ 4] 2296 	ld	l, c
   10BA 60            [ 4] 2297 	ld	h, b
   10BB 19            [11] 2298 	add	hl, de
   10BC DB 06         [11] 2299 	in	a, (_myPort6)
   10BE 77            [ 7] 2300 	ld	(hl), a
                           2301 ;src\CFGESP.c:505: ++i;
   10BF 03            [ 6] 2302 	inc	bc
                           2303 ;src\CFGESP.c:507: while(i<ucAPstsRspSize);
   10C0 DD 6E CB      [19] 2304 	ld	l, -53 (ix)
   10C3 26 00         [ 7] 2305 	ld	h, #0x00
   10C5 79            [ 4] 2306 	ld	a, c
   10C6 95            [ 4] 2307 	sub	a, l
   10C7 78            [ 4] 2308 	ld	a, b
   10C8 9C            [ 4] 2309 	sbc	a, h
   10C9 38 E3         [12] 2310 	jr	C,00129$
                           2311 ;src\CFGESP.c:508: if (chAPStsInfo[0] < 6)
   10CB 1A            [ 7] 2312 	ld	a, (de)
   10CC 4F            [ 4] 2313 	ld	c,a
   10CD D6 06         [ 7] 2314 	sub	a, #0x06
   10CF 30 1C         [12] 2315 	jr	NC,00136$
                           2316 ;src\CFGESP.c:509: printf("%s%s\r\n\n",strAPSts[chAPStsInfo[0]],&chAPStsInfo[1]);
   10D1 13            [ 6] 2317 	inc	de
   10D2 69            [ 4] 2318 	ld	l, c
   10D3 26 00         [ 7] 2319 	ld	h, #0x00
   10D5 29            [11] 2320 	add	hl, hl
   10D6 01r00r00      [10] 2321 	ld	bc, #_strAPSts
   10D9 09            [11] 2322 	add	hl, bc
   10DA 4E            [ 7] 2323 	ld	c, (hl)
   10DB 23            [ 6] 2324 	inc	hl
   10DC 46            [ 7] 2325 	ld	b, (hl)
   10DD D5            [11] 2326 	push	de
   10DE C5            [11] 2327 	push	bc
   10DF 21r8Er23      [10] 2328 	ld	hl, #___str_38
   10E2 E5            [11] 2329 	push	hl
   10E3 CDr00r00      [17] 2330 	call	_printf
   10E6 21 06 00      [10] 2331 	ld	hl, #6
   10E9 39            [11] 2332 	add	hl, sp
   10EA F9            [ 6] 2333 	ld	sp, hl
   10EB 18 08         [12] 2334 	jr	00141$
   10ED                    2335 00136$:
                           2336 ;src\CFGESP.c:511: printf("Unknown status of AP!!!\r\n\n");
   10ED 21r96r23      [10] 2337 	ld	hl, #___str_40
   10F0 E5            [11] 2338 	push	hl
   10F1 CDr00r00      [17] 2339 	call	_puts
   10F4 F1            [10] 2340 	pop	af
   10F5                    2341 00141$:
                           2342 ;src\CFGESP.c:514: TxByte('S'); //Request SCAN
   10F5 3E 53         [ 7] 2343 	ld	a, #0x53
   10F7 F5            [11] 2344 	push	af
   10F8 33            [ 6] 2345 	inc	sp
   10F9 CDr4Er06      [17] 2346 	call	_TxByte
   10FC 33            [ 6] 2347 	inc	sp
   10FD C3r8Fr11      [10] 2348 	jp	00161$
   1100                    2349 00160$:
                           2350 ;src\CFGESP.c:516: else if (ucNagleOff)
   1100 3Ar09r00      [13] 2351 	ld	a,(#_ucNagleOff + 0)
   1103 B7            [ 4] 2352 	or	a, a
   1104 28 0B         [12] 2353 	jr	Z,00157$
                           2354 ;src\CFGESP.c:517: TxByte('N'); //Request nagle off for future connections
   1106 3E 4E         [ 7] 2355 	ld	a, #0x4e
   1108 F5            [11] 2356 	push	af
   1109 33            [ 6] 2357 	inc	sp
   110A CDr4Er06      [17] 2358 	call	_TxByte
   110D 33            [ 6] 2359 	inc	sp
   110E C3r8Fr11      [10] 2360 	jp	00161$
   1111                    2361 00157$:
                           2362 ;src\CFGESP.c:518: else if (ucNagleOn)
   1111 3Ar0Ar00      [13] 2363 	ld	a,(#_ucNagleOn + 0)
   1114 B7            [ 4] 2364 	or	a, a
   1115 28 0A         [12] 2365 	jr	Z,00154$
                           2366 ;src\CFGESP.c:519: TxByte('D'); //Request nagle on for future connections
   1117 3E 44         [ 7] 2367 	ld	a, #0x44
   1119 F5            [11] 2368 	push	af
   111A 33            [ 6] 2369 	inc	sp
   111B CDr4Er06      [17] 2370 	call	_TxByte
   111E 33            [ 6] 2371 	inc	sp
   111F 18 6E         [12] 2372 	jr	00161$
   1121                    2373 00154$:
                           2374 ;src\CFGESP.c:520: else if (ucRadioOff)
   1121 3Ar0Br00      [13] 2375 	ld	a,(#_ucRadioOff + 0)
   1124 B7            [ 4] 2376 	or	a, a
   1125 28 0A         [12] 2377 	jr	Z,00151$
                           2378 ;src\CFGESP.c:521: TxByte('O'); //Request to turn off Wi-Fi radio immediately
   1127 3E 4F         [ 7] 2379 	ld	a, #0x4f
   1129 F5            [11] 2380 	push	af
   112A 33            [ 6] 2381 	inc	sp
   112B CDr4Er06      [17] 2382 	call	_TxByte
   112E 33            [ 6] 2383 	inc	sp
   112F 18 5E         [12] 2384 	jr	00161$
   1131                    2385 00151$:
                           2386 ;src\CFGESP.c:522: else if (ucSetTimeout)
   1131 3Ar0Cr00      [13] 2387 	ld	a,(#_ucSetTimeout + 0)
   1134 B7            [ 4] 2388 	or	a, a
   1135 28 58         [12] 2389 	jr	Z,00161$
                           2390 ;src\CFGESP.c:524: ucTimeOutMSB = ((unsigned char)((uiTimeout&0xff00)>>8));
   1137 FD 21r0Dr00   [14] 2391 	ld	iy, #_uiTimeout
   113B FD 4E 01      [19] 2392 	ld	c, 1 (iy)
   113E DD 71 EF      [19] 2393 	ld	-17 (ix), c
                           2394 ;src\CFGESP.c:525: ucTimeOutLSB = ((unsigned char)(uiTimeout&0xff));
   1141 FD 7E 00      [19] 2395 	ld	a, 0 (iy)
   1144 DD 77 F8      [19] 2396 	ld	-8 (ix), a
                           2397 ;src\CFGESP.c:526: if (uiTimeout)
   1147 FD 7E 01      [19] 2398 	ld	a, 1 (iy)
   114A FD B6 00      [19] 2399 	or	a, 0 (iy)
   114D 28 0F         [12] 2400 	jr	Z,00146$
                           2401 ;src\CFGESP.c:527: printf("\r\nSetting Wi-Fi idle timeout to %u...\r\n",uiTimeout);
   114F 2Ar0Dr00      [16] 2402 	ld	hl, (_uiTimeout)
   1152 E5            [11] 2403 	push	hl
   1153 21rB0r23      [10] 2404 	ld	hl, #___str_41
   1156 E5            [11] 2405 	push	hl
   1157 CDr00r00      [17] 2406 	call	_printf
   115A F1            [10] 2407 	pop	af
   115B F1            [10] 2408 	pop	af
   115C 18 08         [12] 2409 	jr	00147$
   115E                    2410 00146$:
                           2411 ;src\CFGESP.c:529: printf("\r\nSetting Wi-Fi to always on!\r\n");
   115E 21rD8r23      [10] 2412 	ld	hl, #___str_43
   1161 E5            [11] 2413 	push	hl
   1162 CDr00r00      [17] 2414 	call	_puts
   1165 F1            [10] 2415 	pop	af
   1166                    2416 00147$:
                           2417 ;src\CFGESP.c:530: TxByte('T'); //Request to set time-out
   1166 3E 54         [ 7] 2418 	ld	a, #0x54
   1168 F5            [11] 2419 	push	af
   1169 33            [ 6] 2420 	inc	sp
   116A CDr4Er06      [17] 2421 	call	_TxByte
   116D 33            [ 6] 2422 	inc	sp
                           2423 ;src\CFGESP.c:531: TxByte(0);
   116E AF            [ 4] 2424 	xor	a, a
   116F F5            [11] 2425 	push	af
   1170 33            [ 6] 2426 	inc	sp
   1171 CDr4Er06      [17] 2427 	call	_TxByte
   1174 33            [ 6] 2428 	inc	sp
                           2429 ;src\CFGESP.c:532: TxByte(2);
   1175 3E 02         [ 7] 2430 	ld	a, #0x02
   1177 F5            [11] 2431 	push	af
   1178 33            [ 6] 2432 	inc	sp
   1179 CDr4Er06      [17] 2433 	call	_TxByte
   117C 33            [ 6] 2434 	inc	sp
                           2435 ;src\CFGESP.c:533: TxByte(ucTimeOutMSB);
   117D DD 7E EF      [19] 2436 	ld	a, -17 (ix)
   1180 F5            [11] 2437 	push	af
   1181 33            [ 6] 2438 	inc	sp
   1182 CDr4Er06      [17] 2439 	call	_TxByte
   1185 33            [ 6] 2440 	inc	sp
                           2441 ;src\CFGESP.c:534: TxByte(ucTimeOutLSB);
   1186 DD 7E F8      [19] 2442 	ld	a, -8 (ix)
   1189 F5            [11] 2443 	push	af
   118A 33            [ 6] 2444 	inc	sp
   118B CDr4Er06      [17] 2445 	call	_TxByte
   118E 33            [ 6] 2446 	inc	sp
   118F                    2447 00161$:
                           2448 ;src\CFGESP.c:537: if (ucScan)
   118F 3Ar00r00      [13] 2449 	ld	a,(#_ucScan + 0)
   1192 B7            [ 4] 2450 	or	a, a
   1193 28 27         [12] 2451 	jr	Z,00174$
                           2452 ;src\CFGESP.c:538: bResponse = WaitForRXData(scanResponse,2,60,true,false,NULL,0);
   1195 21 00 00      [10] 2453 	ld	hl, #0x0000
   1198 E5            [11] 2454 	push	hl
   1199 2E 00         [ 7] 2455 	ld	l, #0x00
   119B E5            [11] 2456 	push	hl
   119C AF            [ 4] 2457 	xor	a, a
   119D 57            [ 4] 2458 	ld	d,a
   119E 1E 01         [ 7] 2459 	ld	e,#0x01
   11A0 D5            [11] 2460 	push	de
   11A1 2E 3C         [ 7] 2461 	ld	l, #0x3c
   11A3 E5            [11] 2462 	push	hl
   11A4 2E 02         [ 7] 2463 	ld	l, #0x02
   11A6 E5            [11] 2464 	push	hl
   11A7 21r93r00      [10] 2465 	ld	hl, #_scanResponse
   11AA E5            [11] 2466 	push	hl
   11AB CDrD9r07      [17] 2467 	call	_WaitForRXData
   11AE FD 21 0C 00   [14] 2468 	ld	iy, #12
   11B2 FD 39         [15] 2469 	add	iy, sp
   11B4 FD F9         [10] 2470 	ld	sp, iy
   11B6 DD 75 C5      [19] 2471 	ld	-59 (ix), l
   11B9 C3r6Br12      [10] 2472 	jp	00175$
   11BC                    2473 00174$:
                           2474 ;src\CFGESP.c:539: else if (ucNagleOff)
   11BC 3Ar09r00      [13] 2475 	ld	a,(#_ucNagleOff + 0)
   11BF B7            [ 4] 2476 	or	a, a
   11C0 28 27         [12] 2477 	jr	Z,00171$
                           2478 ;src\CFGESP.c:540: bResponse = WaitForRXData(nagleoffResponse,2,60,true,false,NULL,0);
   11C2 21 00 00      [10] 2479 	ld	hl, #0x0000
   11C5 E5            [11] 2480 	push	hl
   11C6 2E 00         [ 7] 2481 	ld	l, #0x00
   11C8 E5            [11] 2482 	push	hl
   11C9 AF            [ 4] 2483 	xor	a, a
   11CA 57            [ 4] 2484 	ld	d,a
   11CB 1E 01         [ 7] 2485 	ld	e,#0x01
   11CD D5            [11] 2486 	push	de
   11CE 2E 3C         [ 7] 2487 	ld	l, #0x3c
   11D0 E5            [11] 2488 	push	hl
   11D1 2E 02         [ 7] 2489 	ld	l, #0x02
   11D3 E5            [11] 2490 	push	hl
   11D4 21r99r00      [10] 2491 	ld	hl, #_nagleoffResponse
   11D7 E5            [11] 2492 	push	hl
   11D8 CDrD9r07      [17] 2493 	call	_WaitForRXData
   11DB FD 21 0C 00   [14] 2494 	ld	iy, #12
   11DF FD 39         [15] 2495 	add	iy, sp
   11E1 FD F9         [10] 2496 	ld	sp, iy
   11E3 DD 75 C5      [19] 2497 	ld	-59 (ix), l
   11E6 C3r6Br12      [10] 2498 	jp	00175$
   11E9                    2499 00171$:
                           2500 ;src\CFGESP.c:541: else if (ucNagleOn)
   11E9 3Ar0Ar00      [13] 2501 	ld	a,(#_ucNagleOn + 0)
   11EC B7            [ 4] 2502 	or	a, a
   11ED 28 26         [12] 2503 	jr	Z,00168$
                           2504 ;src\CFGESP.c:542: bResponse = WaitForRXData(nagleonResponse,2,60,true,false,NULL,0);
   11EF 21 00 00      [10] 2505 	ld	hl, #0x0000
   11F2 E5            [11] 2506 	push	hl
   11F3 2E 00         [ 7] 2507 	ld	l, #0x00
   11F5 E5            [11] 2508 	push	hl
   11F6 AF            [ 4] 2509 	xor	a, a
   11F7 57            [ 4] 2510 	ld	d,a
   11F8 1E 01         [ 7] 2511 	ld	e,#0x01
   11FA D5            [11] 2512 	push	de
   11FB 2E 3C         [ 7] 2513 	ld	l, #0x3c
   11FD E5            [11] 2514 	push	hl
   11FE 2E 02         [ 7] 2515 	ld	l, #0x02
   1200 E5            [11] 2516 	push	hl
   1201 21r97r00      [10] 2517 	ld	hl, #_nagleonResponse
   1204 E5            [11] 2518 	push	hl
   1205 CDrD9r07      [17] 2519 	call	_WaitForRXData
   1208 FD 21 0C 00   [14] 2520 	ld	iy, #12
   120C FD 39         [15] 2521 	add	iy, sp
   120E FD F9         [10] 2522 	ld	sp, iy
   1210 DD 75 C5      [19] 2523 	ld	-59 (ix), l
   1213 18 56         [12] 2524 	jr	00175$
   1215                    2525 00168$:
                           2526 ;src\CFGESP.c:543: else if (ucRadioOff)
   1215 3Ar0Br00      [13] 2527 	ld	a,(#_ucRadioOff + 0)
   1218 B7            [ 4] 2528 	or	a, a
   1219 28 26         [12] 2529 	jr	Z,00165$
                           2530 ;src\CFGESP.c:544: bResponse = WaitForRXData(radioOffResponse,2,60,true,false,NULL,0);
   121B 21 00 00      [10] 2531 	ld	hl, #0x0000
   121E E5            [11] 2532 	push	hl
   121F 2E 00         [ 7] 2533 	ld	l, #0x00
   1221 E5            [11] 2534 	push	hl
   1222 AF            [ 4] 2535 	xor	a, a
   1223 57            [ 4] 2536 	ld	d,a
   1224 1E 01         [ 7] 2537 	ld	e,#0x01
   1226 D5            [11] 2538 	push	de
   1227 2E 3C         [ 7] 2539 	ld	l, #0x3c
   1229 E5            [11] 2540 	push	hl
   122A 2E 02         [ 7] 2541 	ld	l, #0x02
   122C E5            [11] 2542 	push	hl
   122D 21rAEr00      [10] 2543 	ld	hl, #_radioOffResponse
   1230 E5            [11] 2544 	push	hl
   1231 CDrD9r07      [17] 2545 	call	_WaitForRXData
   1234 FD 21 0C 00   [14] 2546 	ld	iy, #12
   1238 FD 39         [15] 2547 	add	iy, sp
   123A FD F9         [10] 2548 	ld	sp, iy
   123C DD 75 C5      [19] 2549 	ld	-59 (ix), l
   123F 18 2A         [12] 2550 	jr	00175$
   1241                    2551 00165$:
                           2552 ;src\CFGESP.c:545: else if (ucSetTimeout)
   1241 3Ar0Cr00      [13] 2553 	ld	a,(#_ucSetTimeout + 0)
   1244 B7            [ 4] 2554 	or	a, a
   1245 28 24         [12] 2555 	jr	Z,00175$
                           2556 ;src\CFGESP.c:546: bResponse = WaitForRXData(responseRadioOnTimeout,2,60,true,false,NULL,0);
   1247 21 00 00      [10] 2557 	ld	hl, #0x0000
   124A E5            [11] 2558 	push	hl
   124B 2E 00         [ 7] 2559 	ld	l, #0x00
   124D E5            [11] 2560 	push	hl
   124E AF            [ 4] 2561 	xor	a, a
   124F 57            [ 4] 2562 	ld	d,a
   1250 1E 01         [ 7] 2563 	ld	e,#0x01
   1252 D5            [11] 2564 	push	de
   1253 2E 3C         [ 7] 2565 	ld	l, #0x3c
   1255 E5            [11] 2566 	push	hl
   1256 2E 02         [ 7] 2567 	ld	l, #0x02
   1258 E5            [11] 2568 	push	hl
   1259 21rACr00      [10] 2569 	ld	hl, #_responseRadioOnTimeout
   125C E5            [11] 2570 	push	hl
   125D CDrD9r07      [17] 2571 	call	_WaitForRXData
   1260 FD 21 0C 00   [14] 2572 	ld	iy, #12
   1264 FD 39         [15] 2573 	add	iy, sp
   1266 FD F9         [10] 2574 	ld	sp, iy
   1268 DD 75 C5      [19] 2575 	ld	-59 (ix), l
   126B                    2576 00175$:
                           2577 ;src\CFGESP.c:549: if ((bResponse)&&(ucScan))
   126B DD 7E C5      [19] 2578 	ld	a, -59 (ix)
   126E B7            [ 4] 2579 	or	a, a
   126F CArA7r17      [10] 2580 	jp	Z, 00311$
   1272 FD 21r00r00   [14] 2581 	ld	iy, #_ucScan
   1276 FD 7E 00      [19] 2582 	ld	a, 0 (iy)
   1279 B7            [ 4] 2583 	or	a, a
   127A CArA7r17      [10] 2584 	jp	Z, 00311$
                           2585 ;src\CFGESP.c:552: do
   127D 0E 14         [ 7] 2586 	ld	c, #0x14
   127F                    2587 00178$:
                           2588 ;src\CFGESP.c:554: --ucRetries;
   127F 0D            [ 4] 2589 	dec	c
                           2590 ;src\CFGESP.c:555: for (ucHalt = 30;ucHalt>0;--ucHalt)
   1280 06 1E         [ 7] 2591 	ld	b, #0x1e
   1282                    2592 00417$:
                           2593 ;c:/fusion-c/fusion-c/header/../../fusion-c/header/msx_fusion.h:301: __endasm; 
   1282 76            [ 4] 2594 	halt
                           2595 ;src\CFGESP.c:555: for (ucHalt = 30;ucHalt>0;--ucHalt)
   1283 78            [ 4] 2596 	ld	a, b
   1284 3D            [ 4] 2597 	dec	a
   1285 47            [ 4] 2598 	ld	b, a
   1286 B7            [ 4] 2599 	or	a, a
   1287 20 F9         [12] 2600 	jr	NZ,00417$
                           2601 ;src\CFGESP.c:557: TxByte('s'); //Request SCAN result
   1289 C5            [11] 2602 	push	bc
   128A 3E 73         [ 7] 2603 	ld	a, #0x73
   128C F5            [11] 2604 	push	af
   128D 33            [ 6] 2605 	inc	sp
   128E CDr4Er06      [17] 2606 	call	_TxByte
   1291 33            [ 6] 2607 	inc	sp
   1292 21 02 00      [10] 2608 	ld	hl, #0x0002
   1295 E5            [11] 2609 	push	hl
   1296 21r95r00      [10] 2610 	ld	hl, #_scanresNoNetwork
   1299 E5            [11] 2611 	push	hl
   129A AF            [ 4] 2612 	xor	a, a
   129B F5            [11] 2613 	push	af
   129C 33            [ 6] 2614 	inc	sp
   129D AF            [ 4] 2615 	xor	a, a
   129E F5            [11] 2616 	push	af
   129F 33            [ 6] 2617 	inc	sp
   12A0 21 3C 00      [10] 2618 	ld	hl, #0x003c
   12A3 E5            [11] 2619 	push	hl
   12A4 2E 02         [ 7] 2620 	ld	l, #0x02
   12A6 E5            [11] 2621 	push	hl
   12A7 21r9Br00      [10] 2622 	ld	hl, #_scanresResponse
   12AA E5            [11] 2623 	push	hl
   12AB CDrD9r07      [17] 2624 	call	_WaitForRXData
   12AE FD 21 0C 00   [14] 2625 	ld	iy, #12
   12B2 FD 39         [15] 2626 	add	iy, sp
   12B4 FD F9         [10] 2627 	ld	sp, iy
   12B6 C1            [10] 2628 	pop	bc
                           2629 ;src\CFGESP.c:560: while ((ucRetries)&&(!bResponse));
   12B7 79            [ 4] 2630 	ld	a, c
   12B8 B7            [ 4] 2631 	or	a, a
   12B9 28 04         [12] 2632 	jr	Z,00180$
   12BB 7D            [ 4] 2633 	ld	a, l
   12BC B7            [ 4] 2634 	or	a, a
   12BD 28 C0         [12] 2635 	jr	Z,00178$
   12BF                    2636 00180$:
                           2637 ;src\CFGESP.c:562: if (bResponse==1)
   12BF 2D            [ 4] 2638 	dec	l
   12C0 C2r9Cr17      [10] 2639 	jp	NZ,00285$
                           2640 ;src\CFGESP.c:565: while(!UartRXData());
   12C3                    2641 00181$:
   12C3 DB 07         [11] 2642 	in	a, (_myPort7)
   12C5 D6 01         [ 7] 2643 	sub	a,#0x01
   12C7 3E 00         [ 7] 2644 	ld	a, #0x00
   12C9 17            [ 4] 2645 	rla
   12CA CB 47         [ 8] 2646 	bit	0, a
   12CC 20 F5         [12] 2647 	jr	NZ,00181$
                           2648 ;src\CFGESP.c:566: ucAPs = GetUARTData();
   12CE DB 06         [11] 2649 	in	a, (_myPort6)
   12D0 DD 77 FC      [19] 2650 	ld	-4 (ix), a
                           2651 ;src\CFGESP.c:567: if (ucAPs>100)
   12D3 3E 64         [ 7] 2652 	ld	a, #0x64
   12D5 DD 96 FC      [19] 2653 	sub	a, -4 (ix)
   12D8 30 04         [12] 2654 	jr	NC,00185$
                           2655 ;src\CFGESP.c:568: ucAPs=100;
   12DA DD 36 FC 64   [19] 2656 	ld	-4 (ix), #0x64
   12DE                    2657 00185$:
                           2658 ;src\CFGESP.c:570: printf ("\r\n");
   12DE 21rF7r23      [10] 2659 	ld	hl, #___str_45
   12E1 E5            [11] 2660 	push	hl
   12E2 CDr00r00      [17] 2661 	call	_puts
   12E5 F1            [10] 2662 	pop	af
                           2663 ;src\CFGESP.c:571: do
   12E6 21 96 03      [10] 2664 	ld	hl, #0x0396
   12E9 39            [11] 2665 	add	hl, sp
   12EA DD 75 CB      [19] 2666 	ld	-53 (ix), l
   12ED DD 74 CC      [19] 2667 	ld	-52 (ix), h
   12F0 DD 36 FE 00   [19] 2668 	ld	-2 (ix), #0x00
                           2669 ;src\CFGESP.c:576: while(!UartRXData());
   12F4                    2670 00485$:
   12F4 DD 4E FE      [19] 2671 	ld	c, -2 (ix)
   12F7 06 00         [ 7] 2672 	ld	b, #0x00
   12F9 69            [ 4] 2673 	ld	l, c
   12FA 60            [ 4] 2674 	ld	h, b
   12FB 29            [11] 2675 	add	hl, hl
   12FC 29            [11] 2676 	add	hl, hl
   12FD 29            [11] 2677 	add	hl, hl
   12FE 29            [11] 2678 	add	hl, hl
   12FF 09            [11] 2679 	add	hl, bc
   1300 29            [11] 2680 	add	hl, hl
   1301 EB            [ 4] 2681 	ex	de, hl
   1302 7B            [ 4] 2682 	ld	a, e
   1303 DD 86 CB      [19] 2683 	add	a, -53 (ix)
   1306 4F            [ 4] 2684 	ld	c, a
   1307 7A            [ 4] 2685 	ld	a, d
   1308 DD 8E CC      [19] 2686 	adc	a, -52 (ix)
   130B 47            [ 4] 2687 	ld	b, a
   130C 1E 00         [ 7] 2688 	ld	e, #0x00
   130E                    2689 00186$:
   130E DB 07         [11] 2690 	in	a, (_myPort7)
   1310 D6 01         [ 7] 2691 	sub	a,#0x01
   1312 3E 00         [ 7] 2692 	ld	a, #0x00
   1314 17            [ 4] 2693 	rla
   1315 CB 47         [ 8] 2694 	bit	0, a
   1317 20 F5         [12] 2695 	jr	NZ,00186$
                           2696 ;src\CFGESP.c:577: rx_data=GetUARTData();
   1319 DB 06         [11] 2697 	in	a, (_myPort6)
   131B DD 77 BD      [19] 2698 	ld	-67 (ix), a
                           2699 ;src\CFGESP.c:578: stAP[tx_data].APName[ucIndex++]=rx_data;
   131E 6B            [ 4] 2700 	ld	l, e
   131F 1C            [ 4] 2701 	inc	e
   1320 26 00         [ 7] 2702 	ld	h, #0x00
   1322 09            [11] 2703 	add	hl, bc
   1323 DD 7E BD      [19] 2704 	ld	a, -67 (ix)
   1326 77            [ 7] 2705 	ld	(hl), a
                           2706 ;src\CFGESP.c:580: while(rx_data!=0);
   1327 DD 7E BD      [19] 2707 	ld	a, -67 (ix)
   132A B7            [ 4] 2708 	or	a, a
   132B 20 E1         [12] 2709 	jr	NZ,00186$
                           2710 ;src\CFGESP.c:581: while(!UartRXData());
   132D                    2711 00192$:
   132D DB 07         [11] 2712 	in	a, (_myPort7)
   132F D6 01         [ 7] 2713 	sub	a,#0x01
   1331 3E 00         [ 7] 2714 	ld	a, #0x00
   1333 17            [ 4] 2715 	rla
   1334 CB 47         [ 8] 2716 	bit	0, a
   1336 20 F5         [12] 2717 	jr	NZ,00192$
                           2718 ;src\CFGESP.c:582: rx_data=GetUARTData();
   1338 DB 06         [11] 2719 	in	a, (_myPort6)
   133A 4F            [ 4] 2720 	ld	c, a
                           2721 ;src\CFGESP.c:583: stAP[tx_data].isEncrypted = (rx_data == 'E') ? 1 : 0;
   133B DD 5E FE      [19] 2722 	ld	e, -2 (ix)
   133E 16 00         [ 7] 2723 	ld	d, #0x00
   1340 6B            [ 4] 2724 	ld	l, e
   1341 62            [ 4] 2725 	ld	h, d
   1342 29            [11] 2726 	add	hl, hl
   1343 29            [11] 2727 	add	hl, hl
   1344 29            [11] 2728 	add	hl, hl
   1345 29            [11] 2729 	add	hl, hl
   1346 19            [11] 2730 	add	hl, de
   1347 29            [11] 2731 	add	hl, hl
   1348 EB            [ 4] 2732 	ex	de, hl
   1349 DD 7E CB      [19] 2733 	ld	a, -53 (ix)
   134C 83            [ 4] 2734 	add	a, e
   134D 5F            [ 4] 2735 	ld	e, a
   134E DD 7E CC      [19] 2736 	ld	a, -52 (ix)
   1351 8A            [ 4] 2737 	adc	a, d
   1352 57            [ 4] 2738 	ld	d, a
   1353 21 21 00      [10] 2739 	ld	hl, #0x0021
   1356 19            [11] 2740 	add	hl, de
   1357 DD 75 E1      [19] 2741 	ld	-31 (ix), l
   135A DD 74 E2      [19] 2742 	ld	-30 (ix), h
   135D 79            [ 4] 2743 	ld	a, c
   135E D6 45         [ 7] 2744 	sub	a, #0x45
   1360 20 0A         [12] 2745 	jr	NZ,00435$
   1362 DD 36 CF 01   [19] 2746 	ld	-49 (ix), #0x01
   1366 DD 36 D0 00   [19] 2747 	ld	-48 (ix), #0x00
   136A 18 08         [12] 2748 	jr	00436$
   136C                    2749 00435$:
   136C DD 36 CF 00   [19] 2750 	ld	-49 (ix), #0x00
   1370 DD 36 D0 00   [19] 2751 	ld	-48 (ix), #0x00
   1374                    2752 00436$:
   1374 DD 7E CF      [19] 2753 	ld	a, -49 (ix)
   1377 DD 6E E1      [19] 2754 	ld	l, -31 (ix)
   137A DD 66 E2      [19] 2755 	ld	h, -30 (ix)
   137D 77            [ 7] 2756 	ld	(hl), a
                           2757 ;src\CFGESP.c:584: ++tx_data;
   137E DD 34 FE      [23] 2758 	inc	-2 (ix)
                           2759 ;src\CFGESP.c:586: while (tx_data!=ucAPs);
   1381 DD 7E FE      [19] 2760 	ld	a, -2 (ix)
   1384 DD 96 FC      [19] 2761 	sub	a, -4 (ix)
   1387 C2rF4r12      [10] 2762 	jp	NZ,00485$
                           2763 ;src\CFGESP.c:587: ClearUartData();
   138A 3E 14         [ 7] 2764 	ld	a, #0x14
   138C D3 06         [11] 2765 	out	(_myPort6), a
                           2766 ;src\CFGESP.c:589: do
   138E 21 FC 10      [10] 2767 	ld	hl, #0x10fc
   1391 39            [11] 2768 	add	hl, sp
   1392 DD 75 CF      [19] 2769 	ld	-49 (ix), l
   1395 DD 74 D0      [19] 2770 	ld	-48 (ix), h
   1398 DD 7E E4      [19] 2771 	ld	a, -28 (ix)
   139B D6 02         [ 7] 2772 	sub	a, #0x02
   139D 3E 00         [ 7] 2773 	ld	a, #0x00
   139F 17            [ 4] 2774 	rla
   13A0 DD 77 E1      [19] 2775 	ld	-31 (ix), a
   13A3 DD 7E F0      [19] 2776 	ld	a, -16 (ix)
   13A6 D6 01         [ 7] 2777 	sub	a, #0x01
   13A8 3E 00         [ 7] 2778 	ld	a, #0x00
   13AA 17            [ 4] 2779 	rla
   13AB DD 77 BD      [19] 2780 	ld	-67 (ix), a
   13AE DD 36 F7 00   [19] 2781 	ld	-9 (ix), #0x00
   13B2                    2782 00281$:
                           2783 ;src\CFGESP.c:591: printf("Choose AP:\r\n\n");
   13B2 21rF9r23      [10] 2784 	ld	hl, #___str_47
   13B5 E5            [11] 2785 	push	hl
   13B6 CDr00r00      [17] 2786 	call	_puts
   13B9 F1            [10] 2787 	pop	af
                           2788 ;src\CFGESP.c:593: ucIndex = scanPageLimit*ucScanPage;
   13BA DD 7E F7      [19] 2789 	ld	a, -9 (ix)
   13BD 4F            [ 4] 2790 	ld	c, a
   13BE 87            [ 4] 2791 	add	a, a
   13BF 87            [ 4] 2792 	add	a, a
   13C0 81            [ 4] 2793 	add	a, c
   13C1 87            [ 4] 2794 	add	a, a
   13C2 DD 77 BE      [19] 2795 	ld	-66 (ix), a
                           2796 ;src\CFGESP.c:595: if ((ucAPs-ucIndex)<=scanPageLimit)
   13C5 DD 7E FC      [19] 2797 	ld	a, -4 (ix)
   13C8 DD 77 CD      [19] 2798 	ld	-51 (ix), a
   13CB DD 36 CE 00   [19] 2799 	ld	-50 (ix), #0x00
   13CF DD 4E BE      [19] 2800 	ld	c, -66 (ix)
   13D2 06 00         [ 7] 2801 	ld	b, #0x00
   13D4 DD 7E CD      [19] 2802 	ld	a, -51 (ix)
   13D7 91            [ 4] 2803 	sub	a, c
   13D8 4F            [ 4] 2804 	ld	c, a
   13D9 DD 7E CE      [19] 2805 	ld	a, -50 (ix)
   13DC 98            [ 4] 2806 	sbc	a, b
   13DD 47            [ 4] 2807 	ld	b, a
   13DE 3E 0A         [ 7] 2808 	ld	a, #0x0a
   13E0 B9            [ 4] 2809 	cp	a, c
   13E1 3E 00         [ 7] 2810 	ld	a, #0x00
   13E3 98            [ 4] 2811 	sbc	a, b
   13E4 E2rE9r13      [10] 2812 	jp	PO, 01159$
   13E7 EE 80         [ 7] 2813 	xor	a, #0x80
   13E9                    2814 01159$:
   13E9 FArF4r13      [10] 2815 	jp	M, 00199$
                           2816 ;src\CFGESP.c:596: ucPageCheck = ucAPs;
   13EC DD 7E FC      [19] 2817 	ld	a, -4 (ix)
   13EF DD 77 ED      [19] 2818 	ld	-19 (ix), a
   13F2 18 0B         [12] 2819 	jr	00495$
   13F4                    2820 00199$:
                           2821 ;src\CFGESP.c:598: ucPageCheck = ucIndex + scanPageLimit;
   13F4 DD 7E BE      [19] 2822 	ld	a, -66 (ix)
   13F7 DD 77 C6      [19] 2823 	ld	-58 (ix), a
   13FA C6 0A         [ 7] 2824 	add	a, #0x0a
   13FC DD 77 ED      [19] 2825 	ld	-19 (ix), a
   13FF                    2826 00495$:
   13FF DD 7E BE      [19] 2827 	ld	a, -66 (ix)
   1402 DD 77 C6      [19] 2828 	ld	-58 (ix), a
   1405                    2829 00420$:
                           2830 ;src\CFGESP.c:600: for (;ucIndex<ucPageCheck;ucIndex++)
   1405 DD 7E C6      [19] 2831 	ld	a, -58 (ix)
   1408 DD 96 ED      [19] 2832 	sub	a, -19 (ix)
   140B 30 66         [12] 2833 	jr	NC,00204$
                           2834 ;src\CFGESP.c:602: printf("%u - %s",(ucIndex%scanPageLimit),stAP[ucIndex].APName);
   140D DD 4E C6      [19] 2835 	ld	c, -58 (ix)
   1410 06 00         [ 7] 2836 	ld	b, #0x00
   1412 69            [ 4] 2837 	ld	l, c
   1413 60            [ 4] 2838 	ld	h, b
   1414 29            [11] 2839 	add	hl, hl
   1415 29            [11] 2840 	add	hl, hl
   1416 29            [11] 2841 	add	hl, hl
   1417 29            [11] 2842 	add	hl, hl
   1418 09            [11] 2843 	add	hl, bc
   1419 29            [11] 2844 	add	hl, hl
   141A EB            [ 4] 2845 	ex	de, hl
   141B DD 6E CB      [19] 2846 	ld	l, -53 (ix)
   141E DD 66 CC      [19] 2847 	ld	h, -52 (ix)
   1421 19            [11] 2848 	add	hl, de
   1422 DD 75 C7      [19] 2849 	ld	-57 (ix), l
   1425 DD 74 C8      [19] 2850 	ld	-56 (ix), h
   1428 DD 4E C6      [19] 2851 	ld	c, -58 (ix)
   142B 06 00         [ 7] 2852 	ld	b, #0x00
   142D D5            [11] 2853 	push	de
   142E 21 0A 00      [10] 2854 	ld	hl, #0x000a
   1431 E5            [11] 2855 	push	hl
   1432 C5            [11] 2856 	push	bc
   1433 CDr00r00      [17] 2857 	call	__modsint
   1436 F1            [10] 2858 	pop	af
   1437 F1            [10] 2859 	pop	af
   1438 DD 4E C7      [19] 2860 	ld	c, -57 (ix)
   143B DD 46 C8      [19] 2861 	ld	b, -56 (ix)
   143E C5            [11] 2862 	push	bc
   143F E5            [11] 2863 	push	hl
   1440 21r06r24      [10] 2864 	ld	hl, #___str_48
   1443 E5            [11] 2865 	push	hl
   1444 CDr00r00      [17] 2866 	call	_printf
   1447 21 06 00      [10] 2867 	ld	hl, #6
   144A 39            [11] 2868 	add	hl, sp
   144B F9            [ 6] 2869 	ld	sp, hl
   144C D1            [10] 2870 	pop	de
                           2871 ;src\CFGESP.c:603: if (stAP[ucIndex].isEncrypted)
   144D DD 6E CB      [19] 2872 	ld	l, -53 (ix)
   1450 DD 66 CC      [19] 2873 	ld	h, -52 (ix)
   1453 19            [11] 2874 	add	hl, de
   1454 11 21 00      [10] 2875 	ld	de, #0x0021
   1457 19            [11] 2876 	add	hl, de
   1458 7E            [ 7] 2877 	ld	a, (hl)
   1459 B7            [ 4] 2878 	or	a, a
   145A 28 0A         [12] 2879 	jr	Z,00202$
                           2880 ;src\CFGESP.c:604: printf(" (PWD)\r\n");
   145C 21r0Er24      [10] 2881 	ld	hl, #___str_50
   145F E5            [11] 2882 	push	hl
   1460 CDr00r00      [17] 2883 	call	_puts
   1463 F1            [10] 2884 	pop	af
   1464 18 08         [12] 2885 	jr	00421$
   1466                    2886 00202$:
                           2887 ;src\CFGESP.c:606: printf(" (OPEN)\r\n");
   1466 21r16r24      [10] 2888 	ld	hl, #___str_52
   1469 E5            [11] 2889 	push	hl
   146A CDr00r00      [17] 2890 	call	_puts
   146D F1            [10] 2891 	pop	af
   146E                    2892 00421$:
                           2893 ;src\CFGESP.c:600: for (;ucIndex<ucPageCheck;ucIndex++)
   146E DD 34 C6      [23] 2894 	inc	-58 (ix)
   1471 18 92         [12] 2895 	jr	00420$
   1473                    2896 00204$:
                           2897 ;src\CFGESP.c:609: if (ucAPs-ucIndex) // still APs left to list?
   1473 DD 4E C6      [19] 2898 	ld	c, -58 (ix)
   1476 06 00         [ 7] 2899 	ld	b, #0x00
   1478 DD 7E CD      [19] 2900 	ld	a, -51 (ix)
   147B 91            [ 4] 2901 	sub	a, c
   147C DD 77 C7      [19] 2902 	ld	-57 (ix), a
   147F DD 7E CE      [19] 2903 	ld	a, -50 (ix)
   1482 98            [ 4] 2904 	sbc	a, b
   1483 DD 77 C8      [19] 2905 	ld	-56 (ix), a
   1486 DD B6 C7      [19] 2906 	or	a, -57 (ix)
   1489 28 0A         [12] 2907 	jr	Z,00206$
                           2908 ;src\CFGESP.c:610: printf("\r\nWhich one to connect? (ESC exit/SPACE BAR next page)");
   148B 21r1Fr24      [10] 2909 	ld	hl, #___str_53
   148E E5            [11] 2910 	push	hl
   148F CDr00r00      [17] 2911 	call	_printf
   1492 F1            [10] 2912 	pop	af
   1493 18 08         [12] 2913 	jr	00221$
   1495                    2914 00206$:
                           2915 ;src\CFGESP.c:612: printf("\r\nWhich one to connect? (ESC exit)");
   1495 21r56r24      [10] 2916 	ld	hl, #___str_54
   1498 E5            [11] 2917 	push	hl
   1499 CDr00r00      [17] 2918 	call	_printf
   149C F1            [10] 2919 	pop	af
                           2920 ;src\CFGESP.c:614: do
   149D                    2921 00221$:
                           2922 ;src\CFGESP.c:616: tx_data = Inkey ();
   149D CDr00r00      [17] 2923 	call	_Inkey
   14A0 4D            [ 4] 2924 	ld	c, l
                           2925 ;src\CFGESP.c:618: if (tx_data==0x1b)
                           2926 ;src\CFGESP.c:621: if ((tx_data==' ')&&(ucAPs-ucIndex))
   14A1 79            [ 4] 2927 	ld	a,c
   14A2 FE 1B         [ 7] 2928 	cp	a,#0x1b
   14A4 28 54         [12] 2929 	jr	Z,00223$
   14A6 D6 20         [ 7] 2930 	sub	a, #0x20
   14A8 20 08         [12] 2931 	jr	NZ,00211$
   14AA DD 7E C8      [19] 2932 	ld	a, -56 (ix)
   14AD DD B6 C7      [19] 2933 	or	a, -57 (ix)
   14B0 20 48         [12] 2934 	jr	NZ,00223$
                           2935 ;src\CFGESP.c:622: break;
   14B2                    2936 00211$:
                           2937 ;src\CFGESP.c:624: if ((tx_data>='0')&&(tx_data<='9'))
   14B2 79            [ 4] 2938 	ld	a, c
   14B3 D6 30         [ 7] 2939 	sub	a, #0x30
   14B5 38 3A         [12] 2940 	jr	C,00217$
   14B7 3E 39         [ 7] 2941 	ld	a, #0x39
   14B9 91            [ 4] 2942 	sub	a, c
   14BA 38 35         [12] 2943 	jr	C,00217$
                           2944 ;src\CFGESP.c:626: if (((tx_data-'0')<scanPageLimit)&&(((scanPageLimit*ucScanPage)+(tx_data-'0'))<ucAPs))
   14BC 41            [ 4] 2945 	ld	b, c
   14BD 16 00         [ 7] 2946 	ld	d, #0x00
   14BF 78            [ 4] 2947 	ld	a, b
   14C0 C6 D0         [ 7] 2948 	add	a, #0xd0
   14C2 5F            [ 4] 2949 	ld	e, a
   14C3 7A            [ 4] 2950 	ld	a, d
   14C4 CE FF         [ 7] 2951 	adc	a, #0xff
   14C6 57            [ 4] 2952 	ld	d, a
   14C7 7B            [ 4] 2953 	ld	a, e
   14C8 D6 0A         [ 7] 2954 	sub	a, #0x0a
   14CA 7A            [ 4] 2955 	ld	a, d
   14CB 17            [ 4] 2956 	rla
   14CC 3F            [ 4] 2957 	ccf
   14CD 1F            [ 4] 2958 	rra
   14CE DE 80         [ 7] 2959 	sbc	a, #0x80
   14D0 30 1F         [12] 2960 	jr	NC,00217$
   14D2 DD 6E F7      [19] 2961 	ld	l, -9 (ix)
   14D5 26 00         [ 7] 2962 	ld	h, #0x00
   14D7 D5            [11] 2963 	push	de
   14D8 5D            [ 4] 2964 	ld	e, l
   14D9 54            [ 4] 2965 	ld	d, h
   14DA 29            [11] 2966 	add	hl, hl
   14DB 29            [11] 2967 	add	hl, hl
   14DC 19            [11] 2968 	add	hl, de
   14DD 29            [11] 2969 	add	hl, hl
   14DE D1            [10] 2970 	pop	de
   14DF 19            [11] 2971 	add	hl, de
   14E0 EB            [ 4] 2972 	ex	de, hl
   14E1 7B            [ 4] 2973 	ld	a, e
   14E2 DD 96 CD      [19] 2974 	sub	a, -51 (ix)
   14E5 7A            [ 4] 2975 	ld	a, d
   14E6 DD 9E CE      [19] 2976 	sbc	a, -50 (ix)
   14E9 E2rEEr14      [10] 2977 	jp	PO, 01163$
   14EC EE 80         [ 7] 2978 	xor	a, #0x80
   14EE                    2979 01163$:
   14EE FArFAr14      [10] 2980 	jp	M, 00223$
                           2981 ;src\CFGESP.c:627: break;
   14F1                    2982 00217$:
                           2983 ;src\CFGESP.c:629: if (tx_data)
   14F1 79            [ 4] 2984 	ld	a, c
   14F2 B7            [ 4] 2985 	or	a, a
   14F3 28 A8         [12] 2986 	jr	Z,00221$
                           2987 ;src\CFGESP.c:630: Beep();
   14F5 CDr00r00      [17] 2988 	call	_Beep
                           2989 ;src\CFGESP.c:632: while (1);
   14F8 18 A3         [12] 2990 	jr	00221$
   14FA                    2991 00223$:
                           2992 ;src\CFGESP.c:634: if ((tx_data!=0x1b)&&(tx_data!=' ')) // AP Choosen?
   14FA 79            [ 4] 2993 	ld	a,c
   14FB FE 1B         [ 7] 2994 	cp	a,#0x1b
   14FD CAr13r17      [10] 2995 	jp	Z,00278$
   1500 D6 20         [ 7] 2996 	sub	a, #0x20
   1502 CAr13r17      [10] 2997 	jp	Z,00278$
                           2998 ;src\CFGESP.c:637: printf(" %c\r\n\n",tx_data); // Print accepted char
   1505 59            [ 4] 2999 	ld	e, c
   1506 16 00         [ 7] 3000 	ld	d, #0x00
   1508 C5            [11] 3001 	push	bc
   1509 D5            [11] 3002 	push	de
   150A 21r79r24      [10] 3003 	ld	hl, #___str_55
   150D E5            [11] 3004 	push	hl
   150E CDr00r00      [17] 3005 	call	_printf
   1511 F1            [10] 3006 	pop	af
   1512 F1            [10] 3007 	pop	af
   1513 C1            [10] 3008 	pop	bc
                           3009 ;src\CFGESP.c:638: ucIndex = (scanPageLimit*ucScanPage) + (tx_data-'0');
   1514 DD 7E D9      [19] 3010 	ld	a, -39 (ix)
   1517 5F            [ 4] 3011 	ld	e, a
   1518 87            [ 4] 3012 	add	a, a
   1519 87            [ 4] 3013 	add	a, a
   151A 83            [ 4] 3014 	add	a, e
   151B 87            [ 4] 3015 	add	a, a
   151C 5F            [ 4] 3016 	ld	e, a
   151D 79            [ 4] 3017 	ld	a, c
   151E C6 D0         [ 7] 3018 	add	a, #0xd0
   1520 83            [ 4] 3019 	add	a, e
                           3020 ;src\CFGESP.c:639: if (stAP[ucIndex].isEncrypted)
   1521 4F            [ 4] 3021 	ld	c, a
   1522 06 00         [ 7] 3022 	ld	b, #0x00
   1524 69            [ 4] 3023 	ld	l, c
   1525 60            [ 4] 3024 	ld	h, b
   1526 29            [11] 3025 	add	hl, hl
   1527 29            [11] 3026 	add	hl, hl
   1528 29            [11] 3027 	add	hl, hl
   1529 29            [11] 3028 	add	hl, hl
   152A 09            [11] 3029 	add	hl, bc
   152B 29            [11] 3030 	add	hl, hl
   152C DD 75 C7      [19] 3031 	ld	-57 (ix), l
   152F DD 74 C8      [19] 3032 	ld	-56 (ix), h
   1532 DD 7E CB      [19] 3033 	ld	a, -53 (ix)
   1535 DD 86 C7      [19] 3034 	add	a, -57 (ix)
   1538 4F            [ 4] 3035 	ld	c, a
   1539 DD 7E CC      [19] 3036 	ld	a, -52 (ix)
   153C DD 8E C8      [19] 3037 	adc	a, -56 (ix)
   153F 47            [ 4] 3038 	ld	b, a
   1540 21 21 00      [10] 3039 	ld	hl, #0x0021
   1543 09            [11] 3040 	add	hl, bc
   1544 DD 75 CD      [19] 3041 	ld	-51 (ix), l
   1547 DD 74 CE      [19] 3042 	ld	-50 (ix), h
   154A 7E            [ 7] 3043 	ld	a, (hl)
   154B B7            [ 4] 3044 	or	a, a
   154C 28 21         [12] 3045 	jr	Z,00225$
                           3046 ;src\CFGESP.c:642: printf("Password? ");
   154E C5            [11] 3047 	push	bc
   154F 21r80r24      [10] 3048 	ld	hl, #___str_56
   1552 E5            [11] 3049 	push	hl
   1553 CDr00r00      [17] 3050 	call	_printf
   1556 F1            [10] 3051 	pop	af
   1557 C1            [10] 3052 	pop	bc
                           3053 ;src\CFGESP.c:643: InputString(ucPWD,64);
   1558 21 50 12      [10] 3054 	ld	hl, #0x1250
   155B 39            [11] 3055 	add	hl, sp
   155C C5            [11] 3056 	push	bc
   155D 11 40 00      [10] 3057 	ld	de, #0x0040
   1560 D5            [11] 3058 	push	de
   1561 E5            [11] 3059 	push	hl
   1562 CDr00r00      [17] 3060 	call	_InputString
   1565 F1            [10] 3061 	pop	af
   1566 21rF7r23      [10] 3062 	ld	hl, #___str_45
   1569 E3            [19] 3063 	ex	(sp),hl
   156A CDr00r00      [17] 3064 	call	_puts
   156D F1            [10] 3065 	pop	af
   156E C1            [10] 3066 	pop	bc
   156F                    3067 00225$:
                           3068 ;src\CFGESP.c:647: printf("Connecting to: %s \r\n",stAP[ucIndex].APName);
   156F 59            [ 4] 3069 	ld	e, c
   1570 50            [ 4] 3070 	ld	d, b
   1571 C5            [11] 3071 	push	bc
   1572 D5            [11] 3072 	push	de
   1573 21r8Br24      [10] 3073 	ld	hl, #___str_58
   1576 E5            [11] 3074 	push	hl
   1577 CDr00r00      [17] 3075 	call	_printf
   157A F1            [10] 3076 	pop	af
   157B F1            [10] 3077 	pop	af
   157C CDr00r00      [17] 3078 	call	_strlen
   157F F1            [10] 3079 	pop	af
   1580 23            [ 6] 3080 	inc	hl
   1581 4D            [ 4] 3081 	ld	c,l
   1582 44            [ 4] 3082 	ld	b,h
                           3083 ;src\CFGESP.c:650: if (stAP[ucIndex].isEncrypted)
   1583 DD 6E CD      [19] 3084 	ld	l, -51 (ix)
   1586 DD 66 CE      [19] 3085 	ld	h, -50 (ix)
   1589 7E            [ 7] 3086 	ld	a, (hl)
   158A B7            [ 4] 3087 	or	a, a
   158B 28 0E         [12] 3088 	jr	Z,00227$
                           3089 ;src\CFGESP.c:651: uiCMDLen += strlen(ucPWD);
   158D 21 50 12      [10] 3090 	ld	hl, #0x1250
   1590 39            [11] 3091 	add	hl, sp
   1591 C5            [11] 3092 	push	bc
   1592 E5            [11] 3093 	push	hl
   1593 CDr00r00      [17] 3094 	call	_strlen
   1596 F1            [10] 3095 	pop	af
   1597 C1            [10] 3096 	pop	bc
   1598 09            [11] 3097 	add	hl, bc
   1599 4D            [ 4] 3098 	ld	c, l
   159A 44            [ 4] 3099 	ld	b, h
   159B                    3100 00227$:
                           3101 ;src\CFGESP.c:652: TxByte('A'); //Request connect AP
   159B C5            [11] 3102 	push	bc
   159C 3E 41         [ 7] 3103 	ld	a, #0x41
   159E F5            [11] 3104 	push	af
   159F 33            [ 6] 3105 	inc	sp
   15A0 CDr4Er06      [17] 3106 	call	_TxByte
   15A3 33            [ 6] 3107 	inc	sp
   15A4 C1            [10] 3108 	pop	bc
                           3109 ;src\CFGESP.c:653: TxByte((unsigned char)((uiCMDLen&0xff00)>>8));
   15A5 78            [ 4] 3110 	ld	a, b
   15A6 C5            [11] 3111 	push	bc
   15A7 F5            [11] 3112 	push	af
   15A8 33            [ 6] 3113 	inc	sp
   15A9 CDr4Er06      [17] 3114 	call	_TxByte
   15AC 33            [ 6] 3115 	inc	sp
   15AD C1            [10] 3116 	pop	bc
                           3117 ;src\CFGESP.c:654: TxByte((unsigned char)(uiCMDLen&0xff));
   15AE 51            [ 4] 3118 	ld	d, c
   15AF C5            [11] 3119 	push	bc
   15B0 D5            [11] 3120 	push	de
   15B1 33            [ 6] 3121 	inc	sp
   15B2 CDr4Er06      [17] 3122 	call	_TxByte
   15B5 33            [ 6] 3123 	inc	sp
   15B6 C1            [10] 3124 	pop	bc
                           3125 ;src\CFGESP.c:656: do
   15B7 DD 7E C7      [19] 3126 	ld	a, -57 (ix)
   15BA DD 86 CB      [19] 3127 	add	a, -53 (ix)
   15BD DD 77 C7      [19] 3128 	ld	-57 (ix), a
   15C0 DD 7E C8      [19] 3129 	ld	a, -56 (ix)
   15C3 DD 8E CC      [19] 3130 	adc	a, -52 (ix)
   15C6 DD 77 C8      [19] 3131 	ld	-56 (ix), a
   15C9 DD 36 FF 00   [19] 3132 	ld	-1 (ix), #0x00
   15CD                    3133 00229$:
                           3134 ;src\CFGESP.c:658: tx_data = stAP[ucIndex].APName[rx_data];
   15CD DD 7E C7      [19] 3135 	ld	a, -57 (ix)
   15D0 DD 86 FF      [19] 3136 	add	a, -1 (ix)
   15D3 5F            [ 4] 3137 	ld	e, a
   15D4 DD 7E C8      [19] 3138 	ld	a, -56 (ix)
   15D7 CE 00         [ 7] 3139 	adc	a, #0x00
   15D9 57            [ 4] 3140 	ld	d, a
   15DA 1A            [ 7] 3141 	ld	a, (de)
   15DB 57            [ 4] 3142 	ld	d, a
                           3143 ;src\CFGESP.c:659: TxByte(tx_data);
   15DC C5            [11] 3144 	push	bc
   15DD D5            [11] 3145 	push	de
   15DE D5            [11] 3146 	push	de
   15DF 33            [ 6] 3147 	inc	sp
   15E0 CDr4Er06      [17] 3148 	call	_TxByte
   15E3 33            [ 6] 3149 	inc	sp
   15E4 D1            [10] 3150 	pop	de
   15E5 C1            [10] 3151 	pop	bc
                           3152 ;src\CFGESP.c:660: --uiCMDLen;
   15E6 0B            [ 6] 3153 	dec	bc
                           3154 ;src\CFGESP.c:661: ++rx_data;
   15E7 DD 34 FF      [23] 3155 	inc	-1 (ix)
                           3156 ;src\CFGESP.c:663: while((uiCMDLen)&&(tx_data!=0));
   15EA 78            [ 4] 3157 	ld	a, b
   15EB B1            [ 4] 3158 	or	a, c
   15EC 28 04         [12] 3159 	jr	Z,00231$
   15EE 7A            [ 4] 3160 	ld	a, d
   15EF B7            [ 4] 3161 	or	a, a
   15F0 20 DB         [12] 3162 	jr	NZ,00229$
   15F2                    3163 00231$:
                           3164 ;src\CFGESP.c:664: if(uiCMDLen)
   15F2 78            [ 4] 3165 	ld	a, b
   15F3 B1            [ 4] 3166 	or	a, c
   15F4 28 2C         [12] 3167 	jr	Z,00236$
                           3168 ;src\CFGESP.c:667: do
   15F6 21 50 12      [10] 3169 	ld	hl, #0x1250
   15F9 39            [11] 3170 	add	hl, sp
   15FA DD 75 C7      [19] 3171 	ld	-57 (ix), l
   15FD DD 74 C8      [19] 3172 	ld	-56 (ix), h
   1600 DD 36 FF 00   [19] 3173 	ld	-1 (ix), #0x00
   1604                    3174 00232$:
                           3175 ;src\CFGESP.c:669: tx_data = ucPWD[rx_data];
   1604 DD 7E C7      [19] 3176 	ld	a, -57 (ix)
   1607 DD 86 FF      [19] 3177 	add	a, -1 (ix)
   160A 5F            [ 4] 3178 	ld	e, a
   160B DD 7E C8      [19] 3179 	ld	a, -56 (ix)
   160E CE 00         [ 7] 3180 	adc	a, #0x00
   1610 57            [ 4] 3181 	ld	d, a
   1611 1A            [ 7] 3182 	ld	a, (de)
                           3183 ;src\CFGESP.c:670: TxByte(tx_data);
   1612 C5            [11] 3184 	push	bc
   1613 F5            [11] 3185 	push	af
   1614 33            [ 6] 3186 	inc	sp
   1615 CDr4Er06      [17] 3187 	call	_TxByte
   1618 33            [ 6] 3188 	inc	sp
   1619 C1            [10] 3189 	pop	bc
                           3190 ;src\CFGESP.c:671: --uiCMDLen;
   161A 0B            [ 6] 3191 	dec	bc
                           3192 ;src\CFGESP.c:672: ++rx_data;
   161B DD 34 FF      [23] 3193 	inc	-1 (ix)
                           3194 ;src\CFGESP.c:674: while(uiCMDLen);
   161E 78            [ 4] 3195 	ld	a, b
   161F B1            [ 4] 3196 	or	a, c
   1620 20 E2         [12] 3197 	jr	NZ,00232$
   1622                    3198 00236$:
                           3199 ;src\CFGESP.c:678: bResponse = WaitForRXData(apconfigurationResponse,2,600,true,false,NULL,0); //Wait up to 10s
   1622 21 00 00      [10] 3200 	ld	hl, #0x0000
   1625 E5            [11] 3201 	push	hl
   1626 2E 00         [ 7] 3202 	ld	l, #0x00
   1628 E5            [11] 3203 	push	hl
   1629 AF            [ 4] 3204 	xor	a, a
   162A 57            [ 4] 3205 	ld	d,a
   162B 1E 01         [ 7] 3206 	ld	e,#0x01
   162D D5            [11] 3207 	push	de
   162E 21 58 02      [10] 3208 	ld	hl, #0x0258
   1631 E5            [11] 3209 	push	hl
   1632 21 02 00      [10] 3210 	ld	hl, #0x0002
   1635 E5            [11] 3211 	push	hl
   1636 21r9Dr00      [10] 3212 	ld	hl, #_apconfigurationResponse
   1639 E5            [11] 3213 	push	hl
   163A CDrD9r07      [17] 3214 	call	_WaitForRXData
   163D FD 21 0C 00   [14] 3215 	ld	iy, #12
   1641 FD 39         [15] 3216 	add	iy, sp
   1643 FD F9         [10] 3217 	ld	sp, iy
   1645 7D            [ 4] 3218 	ld	a, l
                           3219 ;src\CFGESP.c:679: if (bResponse)
   1646 B7            [ 4] 3220 	or	a, a
   1647 28 0B         [12] 3221 	jr	Z,00258$
                           3222 ;src\CFGESP.c:680: printf("Success, AP configured to be used.\r\n");
   1649 21rA0r24      [10] 3223 	ld	hl, #___str_60
   164C E5            [11] 3224 	push	hl
   164D CDr00r00      [17] 3225 	call	_puts
   1650 F1            [10] 3226 	pop	af
   1651 C3rDAr22      [10] 3227 	jp	00413$
   1654                    3228 00258$:
                           3229 ;src\CFGESP.c:683: if ((ucVerMajor>=1)&&(ucVerMinor>=2)) // new firmware allow get current ap and connection status
   1654 DD CB BD 46   [20] 3230 	bit	0, -67 (ix)
   1658 C2r08r17      [10] 3231 	jp	NZ, 00254$
   165B DD CB E1 46   [20] 3232 	bit	0, -31 (ix)
   165F C2r08r17      [10] 3233 	jp	NZ, 00254$
                           3234 ;src\CFGESP.c:685: for (i=90;i>0;--i)
   1662 01 5A 00      [10] 3235 	ld	bc, #0x005a
   1665                    3236 00422$:
                           3237 ;c:/fusion-c/fusion-c/header/../../fusion-c/header/msx_fusion.h:301: __endasm; 
   1665 76            [ 4] 3238 	halt
                           3239 ;src\CFGESP.c:685: for (i=90;i>0;--i)
   1666 0B            [ 6] 3240 	dec	bc
   1667 78            [ 4] 3241 	ld	a, b
   1668 B1            [ 4] 3242 	or	a, c
   1669 20 FA         [12] 3243 	jr	NZ,00422$
                           3244 ;src\CFGESP.c:687: TxByte('g'); //Request current AP status
   166B 3E 67         [ 7] 3245 	ld	a, #0x67
   166D F5            [11] 3246 	push	af
   166E 33            [ 6] 3247 	inc	sp
   166F CDr4Er06      [17] 3248 	call	_TxByte
   1672 33            [ 6] 3249 	inc	sp
                           3250 ;src\CFGESP.c:688: bResponse = WaitForRXData(apstsResponse,3,120,true,false,NULL,0);
   1673 21 00 00      [10] 3251 	ld	hl, #0x0000
   1676 E5            [11] 3252 	push	hl
   1677 2E 00         [ 7] 3253 	ld	l, #0x00
   1679 E5            [11] 3254 	push	hl
   167A AF            [ 4] 3255 	xor	a, a
   167B 57            [ 4] 3256 	ld	d,a
   167C 1E 01         [ 7] 3257 	ld	e,#0x01
   167E D5            [11] 3258 	push	de
   167F 2E 78         [ 7] 3259 	ld	l, #0x78
   1681 E5            [11] 3260 	push	hl
   1682 2E 03         [ 7] 3261 	ld	l, #0x03
   1684 E5            [11] 3262 	push	hl
   1685 21r9Fr00      [10] 3263 	ld	hl, #_apstsResponse
   1688 E5            [11] 3264 	push	hl
   1689 CDrD9r07      [17] 3265 	call	_WaitForRXData
   168C FD 21 0C 00   [14] 3266 	ld	iy, #12
   1690 FD 39         [15] 3267 	add	iy, sp
   1692 FD F9         [10] 3268 	ld	sp, iy
   1694 7D            [ 4] 3269 	ld	a, l
                           3270 ;src\CFGESP.c:689: if (bResponse)
   1695 B7            [ 4] 3271 	or	a, a
   1696 28 65         [12] 3272 	jr	Z,00251$
                           3273 ;src\CFGESP.c:691: while(!UartRXData());
   1698                    3274 00238$:
   1698 DB 07         [11] 3275 	in	a, (_myPort7)
   169A D6 01         [ 7] 3276 	sub	a,#0x01
   169C 3E 00         [ 7] 3277 	ld	a, #0x00
   169E 17            [ 4] 3278 	rla
   169F CB 47         [ 8] 3279 	bit	0, a
   16A1 20 F5         [12] 3280 	jr	NZ,00238$
                           3281 ;src\CFGESP.c:692: ucAPstsRspSize=GetUARTData();
   16A3 DB 06         [11] 3282 	in	a, (_myPort6)
   16A5 DD 77 EE      [19] 3283 	ld	-18 (ix), a
                           3284 ;src\CFGESP.c:696: while(!UartRXData());
   16A8 DD 5E CF      [19] 3285 	ld	e, -49 (ix)
   16AB DD 56 D0      [19] 3286 	ld	d, -48 (ix)
   16AE DD 36 F5 00   [19] 3287 	ld	-11 (ix), #0x00
   16B2 DD 36 F6 00   [19] 3288 	ld	-10 (ix), #0x00
   16B6                    3289 00241$:
   16B6 DB 07         [11] 3290 	in	a, (_myPort7)
   16B8 D6 01         [ 7] 3291 	sub	a,#0x01
   16BA 3E 00         [ 7] 3292 	ld	a, #0x00
   16BC 17            [ 4] 3293 	rla
   16BD CB 47         [ 8] 3294 	bit	0, a
   16BF 20 F5         [12] 3295 	jr	NZ,00241$
                           3296 ;src\CFGESP.c:697: chAPStsInfo[i]=GetUARTData();
   16C1 DD 6E F5      [19] 3297 	ld	l, -11 (ix)
   16C4 DD 66 F6      [19] 3298 	ld	h, -10 (ix)
   16C7 19            [11] 3299 	add	hl, de
   16C8 DB 06         [11] 3300 	in	a, (_myPort6)
   16CA 77            [ 7] 3301 	ld	(hl), a
                           3302 ;src\CFGESP.c:698: ++i;
   16CB DD 34 F5      [23] 3303 	inc	-11 (ix)
   16CE 20 03         [12] 3304 	jr	NZ,01166$
   16D0 DD 34 F6      [23] 3305 	inc	-10 (ix)
   16D3                    3306 01166$:
                           3307 ;src\CFGESP.c:700: while(i<ucAPstsRspSize);
   16D3 DD 4E EE      [19] 3308 	ld	c, -18 (ix)
   16D6 06 00         [ 7] 3309 	ld	b, #0x00
   16D8 DD 7E F5      [19] 3310 	ld	a, -11 (ix)
   16DB 91            [ 4] 3311 	sub	a, c
   16DC DD 7E F6      [19] 3312 	ld	a, -10 (ix)
   16DF 98            [ 4] 3313 	sbc	a, b
   16E0 38 D4         [12] 3314 	jr	C,00241$
                           3315 ;src\CFGESP.c:702: if (chAPStsInfo[0]==2)
   16E2 1A            [ 7] 3316 	ld	a, (de)
   16E3 D6 02         [ 7] 3317 	sub	a, #0x02
   16E5 20 0B         [12] 3318 	jr	NZ,00248$
                           3319 ;src\CFGESP.c:703: printf("Error, wrong password!\r\n");
   16E7 21rC4r24      [10] 3320 	ld	hl, #___str_62
   16EA E5            [11] 3321 	push	hl
   16EB CDr00r00      [17] 3322 	call	_puts
   16EE F1            [10] 3323 	pop	af
   16EF C3rDAr22      [10] 3324 	jp	00413$
   16F2                    3325 00248$:
                           3326 ;src\CFGESP.c:705: printf("Error, if protected network, check password.\r\n");
   16F2 21rDCr24      [10] 3327 	ld	hl, #___str_64
   16F5 E5            [11] 3328 	push	hl
   16F6 CDr00r00      [17] 3329 	call	_puts
   16F9 F1            [10] 3330 	pop	af
   16FA C3rDAr22      [10] 3331 	jp	00413$
   16FD                    3332 00251$:
                           3333 ;src\CFGESP.c:708: printf("Error, if protected network, check password.\r\n");
   16FD 21rDCr24      [10] 3334 	ld	hl, #___str_64
   1700 E5            [11] 3335 	push	hl
   1701 CDr00r00      [17] 3336 	call	_puts
   1704 F1            [10] 3337 	pop	af
   1705 C3rDAr22      [10] 3338 	jp	00413$
   1708                    3339 00254$:
                           3340 ;src\CFGESP.c:711: printf("Error, if protected network, check password.\r\n");
   1708 21rDCr24      [10] 3341 	ld	hl, #___str_64
   170B E5            [11] 3342 	push	hl
   170C CDr00r00      [17] 3343 	call	_puts
   170F F1            [10] 3344 	pop	af
                           3345 ;src\CFGESP.c:714: break;
   1710 C3rDAr22      [10] 3346 	jp	00413$
   1713                    3347 00278$:
                           3348 ;src\CFGESP.c:716: else if (tx_data==0x1b)
   1713 79            [ 4] 3349 	ld	a, c
   1714 D6 1B         [ 7] 3350 	sub	a, #0x1b
   1716 20 0B         [12] 3351 	jr	NZ,00275$
                           3352 ;src\CFGESP.c:718: printf("\r\nUser canceled by ESC key...\r\n");
   1718 21r0Ar25      [10] 3353 	ld	hl, #___str_68
   171B E5            [11] 3354 	push	hl
   171C CDr00r00      [17] 3355 	call	_puts
   171F F1            [10] 3356 	pop	af
                           3357 ;src\CFGESP.c:719: break;
   1720 C3rDAr22      [10] 3358 	jp	00413$
   1723                    3359 00275$:
                           3360 ;src\CFGESP.c:723: if ((ucVerMajor>=1)&&(ucVerMinor>=2)) // new firmware allow get current ap and connection status
   1723 DD CB BD 46   [20] 3361 	bit	0, -67 (ix)
   1727 20 67         [12] 3362 	jr	NZ,00272$
   1729 DD CB E1 46   [20] 3363 	bit	0, -31 (ix)
   172D 20 61         [12] 3364 	jr	NZ,00272$
                           3365 ;src\CFGESP.c:725: TxByte('g'); //Request current AP status
   172F 3E 67         [ 7] 3366 	ld	a, #0x67
   1731 F5            [11] 3367 	push	af
   1732 33            [ 6] 3368 	inc	sp
   1733 CDr4Er06      [17] 3369 	call	_TxByte
   1736 33            [ 6] 3370 	inc	sp
                           3371 ;src\CFGESP.c:726: bResponse = WaitForRXData(apstsResponse,3,30,true,false,NULL,0);
   1737 21 00 00      [10] 3372 	ld	hl, #0x0000
   173A E5            [11] 3373 	push	hl
   173B 2E 00         [ 7] 3374 	ld	l, #0x00
   173D E5            [11] 3375 	push	hl
   173E AF            [ 4] 3376 	xor	a, a
   173F 57            [ 4] 3377 	ld	d,a
   1740 1E 01         [ 7] 3378 	ld	e,#0x01
   1742 D5            [11] 3379 	push	de
   1743 2E 1E         [ 7] 3380 	ld	l, #0x1e
   1745 E5            [11] 3381 	push	hl
   1746 2E 03         [ 7] 3382 	ld	l, #0x03
   1748 E5            [11] 3383 	push	hl
   1749 21r9Fr00      [10] 3384 	ld	hl, #_apstsResponse
   174C E5            [11] 3385 	push	hl
   174D CDrD9r07      [17] 3386 	call	_WaitForRXData
   1750 FD 21 0C 00   [14] 3387 	ld	iy, #12
   1754 FD 39         [15] 3388 	add	iy, sp
   1756 FD F9         [10] 3389 	ld	sp, iy
   1758 7D            [ 4] 3390 	ld	a, l
                           3391 ;src\CFGESP.c:727: if (bResponse)
   1759 B7            [ 4] 3392 	or	a, a
   175A 28 34         [12] 3393 	jr	Z,00272$
                           3394 ;src\CFGESP.c:729: while(!UartRXData());
   175C                    3395 00260$:
   175C DB 07         [11] 3396 	in	a, (_myPort7)
   175E D6 01         [ 7] 3397 	sub	a,#0x01
   1760 3E 00         [ 7] 3398 	ld	a, #0x00
   1762 17            [ 4] 3399 	rla
   1763 CB 47         [ 8] 3400 	bit	0, a
   1765 20 F5         [12] 3401 	jr	NZ,00260$
                           3402 ;src\CFGESP.c:730: ucAPstsRspSize=GetUARTData();
   1767 DB 06         [11] 3403 	in	a, (_myPort6)
   1769 DD 77 C7      [19] 3404 	ld	-57 (ix), a
                           3405 ;src\CFGESP.c:734: while(!UartRXData());
   176C 11 00 00      [10] 3406 	ld	de, #0x0000
   176F                    3407 00263$:
   176F DB 07         [11] 3408 	in	a, (_myPort7)
   1771 D6 01         [ 7] 3409 	sub	a,#0x01
   1773 3E 00         [ 7] 3410 	ld	a, #0x00
   1775 17            [ 4] 3411 	rla
   1776 CB 47         [ 8] 3412 	bit	0, a
   1778 20 F5         [12] 3413 	jr	NZ,00263$
                           3414 ;src\CFGESP.c:735: chAPStsInfo[i]=GetUARTData();
   177A DD 6E CF      [19] 3415 	ld	l, -49 (ix)
   177D DD 66 D0      [19] 3416 	ld	h, -48 (ix)
   1780 19            [11] 3417 	add	hl, de
   1781 DB 06         [11] 3418 	in	a, (_myPort6)
   1783 77            [ 7] 3419 	ld	(hl), a
                           3420 ;src\CFGESP.c:736: ++i;
   1784 13            [ 6] 3421 	inc	de
                           3422 ;src\CFGESP.c:738: while(i<ucAPstsRspSize);
   1785 DD 4E C7      [19] 3423 	ld	c, -57 (ix)
   1788 06 00         [ 7] 3424 	ld	b, #0x00
   178A 7B            [ 4] 3425 	ld	a, e
   178B 91            [ 4] 3426 	sub	a, c
   178C 7A            [ 4] 3427 	ld	a, d
   178D 98            [ 4] 3428 	sbc	a, b
   178E 38 DF         [12] 3429 	jr	C,00263$
   1790                    3430 00272$:
                           3431 ;src\CFGESP.c:741: ++ucScanPage;
   1790 DD 34 F7      [23] 3432 	inc	-9 (ix)
   1793 DD 7E F7      [19] 3433 	ld	a, -9 (ix)
   1796 DD 77 D9      [19] 3434 	ld	-39 (ix), a
                           3435 ;src\CFGESP.c:744: while(1);
   1799 C3rB2r13      [10] 3436 	jp	00281$
   179C                    3437 00285$:
                           3438 ;src\CFGESP.c:747: printf("\r\nScan results: no answer...\r\n");
   179C 21r29r25      [10] 3439 	ld	hl, #___str_70
   179F E5            [11] 3440 	push	hl
   17A0 CDr00r00      [17] 3441 	call	_puts
   17A3 F1            [10] 3442 	pop	af
   17A4 C3rDAr22      [10] 3443 	jp	00413$
   17A7                    3444 00311$:
                           3445 ;src\CFGESP.c:751: if (ucScan)
   17A7 3Ar00r00      [13] 3446 	ld	a,(#_ucScan + 0)
   17AA B7            [ 4] 3447 	or	a, a
   17AB 28 0B         [12] 3448 	jr	Z,00308$
                           3449 ;src\CFGESP.c:752: printf ("\rScan request: no answer...\r\n");
   17AD 21r47r25      [10] 3450 	ld	hl, #___str_72
   17B0 E5            [11] 3451 	push	hl
   17B1 CDr00r00      [17] 3452 	call	_puts
   17B4 F1            [10] 3453 	pop	af
   17B5 C3rDAr22      [10] 3454 	jp	00413$
   17B8                    3455 00308$:
                           3456 ;src\CFGESP.c:753: else if (((ucNagleOff)||(ucNagleOn))&&(bResponse))
   17B8 3Ar09r00      [13] 3457 	ld	a,(#_ucNagleOff + 0)
   17BB B7            [ 4] 3458 	or	a, a
   17BC 20 06         [12] 3459 	jr	NZ,00306$
   17BE 3Ar0Ar00      [13] 3460 	ld	a,(#_ucNagleOn + 0)
   17C1 B7            [ 4] 3461 	or	a, a
   17C2 28 14         [12] 3462 	jr	Z,00303$
   17C4                    3463 00306$:
   17C4 DD 7E C5      [19] 3464 	ld	a, -59 (ix)
   17C7 B7            [ 4] 3465 	or	a, a
   17C8 28 0E         [12] 3466 	jr	Z,00303$
                           3467 ;src\CFGESP.c:755: printf("\rNagle set as requested...\r\n");
   17CA 21r64r25      [10] 3468 	ld	hl, #___str_74
   17CD E5            [11] 3469 	push	hl
   17CE CDr00r00      [17] 3470 	call	_puts
   17D1 F1            [10] 3471 	pop	af
                           3472 ;src\CFGESP.c:756: return 0;
   17D2 21 00 00      [10] 3473 	ld	hl, #0x0000
   17D5 C3rDDr22      [10] 3474 	jp	00431$
   17D8                    3475 00303$:
                           3476 ;src\CFGESP.c:758: else if ((ucNagleOff)||(ucNagleOn))
   17D8 3Ar09r00      [13] 3477 	ld	a,(#_ucNagleOff + 0)
   17DB B7            [ 4] 3478 	or	a, a
   17DC 20 06         [12] 3479 	jr	NZ,00298$
   17DE 3Ar0Ar00      [13] 3480 	ld	a,(#_ucNagleOn + 0)
   17E1 B7            [ 4] 3481 	or	a, a
   17E2 28 0E         [12] 3482 	jr	Z,00299$
   17E4                    3483 00298$:
                           3484 ;src\CFGESP.c:760: printf("\rNagle not set as requested, error!\r\n");
   17E4 21r80r25      [10] 3485 	ld	hl, #___str_76
   17E7 E5            [11] 3486 	push	hl
   17E8 CDr00r00      [17] 3487 	call	_puts
   17EB F1            [10] 3488 	pop	af
                           3489 ;src\CFGESP.c:761: return 0;
   17EC 21 00 00      [10] 3490 	ld	hl, #0x0000
   17EF C3rDDr22      [10] 3491 	jp	00431$
   17F2                    3492 00299$:
                           3493 ;src\CFGESP.c:763: else if (ucRadioOff)
   17F2 3Ar0Br00      [13] 3494 	ld	a,(#_ucRadioOff + 0)
   17F5 B7            [ 4] 3495 	or	a, a
   17F6 28 1E         [12] 3496 	jr	Z,00296$
                           3497 ;src\CFGESP.c:765: if (bResponse)
   17F8 DD 7E C5      [19] 3498 	ld	a, -59 (ix)
   17FB B7            [ 4] 3499 	or	a, a
   17FC 28 0A         [12] 3500 	jr	Z,00288$
                           3501 ;src\CFGESP.c:766: printf("\rRequested to turn off Wi-Fi Radio...\r\n");
   17FE 21rA5r25      [10] 3502 	ld	hl, #___str_78
   1801 E5            [11] 3503 	push	hl
   1802 CDr00r00      [17] 3504 	call	_puts
   1805 F1            [10] 3505 	pop	af
   1806 18 08         [12] 3506 	jr	00289$
   1808                    3507 00288$:
                           3508 ;src\CFGESP.c:768: printf("\rRequest to turnoff Wi-Fi Radio error!\r\n");
   1808 21rCCr25      [10] 3509 	ld	hl, #___str_80
   180B E5            [11] 3510 	push	hl
   180C CDr00r00      [17] 3511 	call	_puts
   180F F1            [10] 3512 	pop	af
   1810                    3513 00289$:
                           3514 ;src\CFGESP.c:769: return 0;
   1810 21 00 00      [10] 3515 	ld	hl, #0x0000
   1813 C3rDDr22      [10] 3516 	jp	00431$
   1816                    3517 00296$:
                           3518 ;src\CFGESP.c:771: else if (ucSetTimeout)
   1816 3Ar0Cr00      [13] 3519 	ld	a,(#_ucSetTimeout + 0)
   1819 B7            [ 4] 3520 	or	a, a
   181A CArDAr22      [10] 3521 	jp	Z, 00413$
                           3522 ;src\CFGESP.c:773: if (bResponse)
   181D DD 7E C5      [19] 3523 	ld	a, -59 (ix)
   1820 B7            [ 4] 3524 	or	a, a
   1821 28 0A         [12] 3525 	jr	Z,00291$
                           3526 ;src\CFGESP.c:774: printf("\rWi-Fi radio on Time-out set successfully...\r\n");
   1823 21rF4r25      [10] 3527 	ld	hl, #___str_82
   1826 E5            [11] 3528 	push	hl
   1827 CDr00r00      [17] 3529 	call	_puts
   182A F1            [10] 3530 	pop	af
   182B 18 08         [12] 3531 	jr	00292$
   182D                    3532 00291$:
                           3533 ;src\CFGESP.c:776: printf("\rError setting Wi-Fi radio on Time-out!\r\n");
   182D 21r22r26      [10] 3534 	ld	hl, #___str_84
   1830 E5            [11] 3535 	push	hl
   1831 CDr00r00      [17] 3536 	call	_puts
   1834 F1            [10] 3537 	pop	af
   1835                    3538 00292$:
                           3539 ;src\CFGESP.c:777: return 0;
   1835 21 00 00      [10] 3540 	ld	hl, #0x0000
   1838 C3rDDr22      [10] 3541 	jp	00431$
   183B                    3542 00402$:
                           3543 ;src\CFGESP.c:781: else if (ucLocalUpdate)
   183B 3Ar07r00      [13] 3544 	ld	a,(#_ucLocalUpdate + 0)
   183E B7            [ 4] 3545 	or	a, a
   183F CArD2r20      [10] 3546 	jp	Z, 00399$
                           3547 ;src\CFGESP.c:784: iFile = Open (ucFile,O_RDONLY);
   1842 DD 4E D1      [19] 3548 	ld	c, -47 (ix)
   1845 DD 46 D2      [19] 3549 	ld	b, -46 (ix)
   1848 21 00 00      [10] 3550 	ld	hl, #0x0000
   184B E5            [11] 3551 	push	hl
   184C C5            [11] 3552 	push	bc
   184D CDr00r00      [17] 3553 	call	_Open
   1850 F1            [10] 3554 	pop	af
   1851 F1            [10] 3555 	pop	af
   1852 DD 75 C7      [19] 3556 	ld	-57 (ix), l
   1855 DD 74 C8      [19] 3557 	ld	-56 (ix), h
                           3558 ;src\CFGESP.c:786: if (iFile!=-1)
   1858 DD 7E C7      [19] 3559 	ld	a, -57 (ix)
   185B 3C            [ 4] 3560 	inc	a
   185C 20 07         [12] 3561 	jr	NZ,01171$
   185E DD 7E C8      [19] 3562 	ld	a, -56 (ix)
   1861 3C            [ 4] 3563 	inc	a
   1862 CArA4r20      [10] 3564 	jp	Z,00372$
   1865                    3565 01171$:
                           3566 ;src\CFGESP.c:793: regs.Words.HL = 0; //set pointer as 0
   1865 21 2C 01      [10] 3567 	ld	hl, #0x012c
   1868 39            [11] 3568 	add	hl, sp
   1869 EB            [ 4] 3569 	ex	de, hl
   186A 21 06 00      [10] 3570 	ld	hl, #0x0006
   186D 19            [11] 3571 	add	hl, de
   186E AF            [ 4] 3572 	xor	a, a
   186F 77            [ 7] 3573 	ld	(hl), a
   1870 23            [ 6] 3574 	inc	hl
   1871 77            [ 7] 3575 	ld	(hl), a
                           3576 ;src\CFGESP.c:794: regs.Words.DE = 0; //so it will return the position
   1872 21 04 00      [10] 3577 	ld	hl, #0x0004
   1875 19            [11] 3578 	add	hl, de
   1876 AF            [ 4] 3579 	xor	a, a
   1877 77            [ 7] 3580 	ld	(hl), a
   1878 23            [ 6] 3581 	inc	hl
   1879 77            [ 7] 3582 	ld	(hl), a
                           3583 ;src\CFGESP.c:795: regs.Bytes.A = 2; //relative to the end of file, i.e.:file size
   187A 21 2C 01      [10] 3584 	ld	hl, #0x012c
   187D 39            [11] 3585 	add	hl, sp
   187E EB            [ 4] 3586 	ex	de, hl
   187F 6B            [ 4] 3587 	ld	l, e
   1880 62            [ 4] 3588 	ld	h, d
   1881 23            [ 6] 3589 	inc	hl
   1882 36 02         [10] 3590 	ld	(hl), #0x02
                           3591 ;src\CFGESP.c:796: regs.Bytes.B = (unsigned char)(iFile&0xff);
   1884 13            [ 6] 3592 	inc	de
   1885 13            [ 6] 3593 	inc	de
   1886 13            [ 6] 3594 	inc	de
   1887 62            [ 4] 3595 	ld	h, d
   1888 DD 7E C7      [19] 3596 	ld	a, -57 (ix)
   188B 6B            [ 4] 3597 	ld	l, e
   188C 77            [ 7] 3598 	ld	(hl), a
                           3599 ;src\CFGESP.c:797: DosCall(0x4A, &regs, REGS_ALL, REGS_ALL); // MOVE FILE HANDLER
   188D 21 2C 01      [10] 3600 	ld	hl, #0x012c
   1890 39            [11] 3601 	add	hl, sp
   1891 DD 75 CD      [19] 3602 	ld	-51 (ix), l
   1894 DD 74 CE      [19] 3603 	ld	-50 (ix), h
   1897 4D            [ 4] 3604 	ld	c, l
   1898 44            [ 4] 3605 	ld	b, h
   1899 11 03 03      [10] 3606 	ld	de, #0x0303
   189C D5            [11] 3607 	push	de
   189D C5            [11] 3608 	push	bc
   189E 3E 4A         [ 7] 3609 	ld	a, #0x4a
   18A0 F5            [11] 3610 	push	af
   18A1 33            [ 6] 3611 	inc	sp
   18A2 CDr00r00      [17] 3612 	call	_DosCall
   18A5 F1            [10] 3613 	pop	af
   18A6 F1            [10] 3614 	pop	af
   18A7 33            [ 6] 3615 	inc	sp
                           3616 ;src\CFGESP.c:798: if (regs.Bytes.A == 0) //moved, now get the file handler position, i.e.: size
   18A8 DD 6E CD      [19] 3617 	ld	l, -51 (ix)
   18AB DD 66 CE      [19] 3618 	ld	h, -50 (ix)
   18AE 23            [ 6] 3619 	inc	hl
   18AF 7E            [ 7] 3620 	ld	a, (hl)
   18B0 DD 77 C6      [19] 3621 	ld	-58 (ix), a
   18B3 B7            [ 4] 3622 	or	a, a
   18B4 C2r64r19      [10] 3623 	jp	NZ, 00315$
                           3624 ;src\CFGESP.c:799: SentFileSize = (unsigned long)(regs.Words.HL)&0xffff | ((unsigned long)(regs.Words.DE)<<16)&0xffff0000;
   18B7 DD 7E CD      [19] 3625 	ld	a, -51 (ix)
   18BA DD 77 CF      [19] 3626 	ld	-49 (ix), a
   18BD DD 7E CE      [19] 3627 	ld	a, -50 (ix)
   18C0 DD 77 D0      [19] 3628 	ld	-48 (ix), a
   18C3 DD 6E CF      [19] 3629 	ld	l, -49 (ix)
   18C6 DD 66 D0      [19] 3630 	ld	h, -48 (ix)
   18C9 11 06 00      [10] 3631 	ld	de, #0x0006
   18CC 19            [11] 3632 	add	hl, de
   18CD 7E            [ 7] 3633 	ld	a, (hl)
   18CE DD 77 CF      [19] 3634 	ld	-49 (ix), a
   18D1 23            [ 6] 3635 	inc	hl
   18D2 7E            [ 7] 3636 	ld	a, (hl)
   18D3 DD 77 D0      [19] 3637 	ld	-48 (ix), a
   18D6 DD 7E CF      [19] 3638 	ld	a, -49 (ix)
   18D9 DD 77 D9      [19] 3639 	ld	-39 (ix), a
   18DC DD 7E D0      [19] 3640 	ld	a, -48 (ix)
   18DF DD 77 DA      [19] 3641 	ld	-38 (ix), a
   18E2 17            [ 4] 3642 	rla
   18E3 9F            [ 4] 3643 	sbc	a, a
   18E4 DD 77 DB      [19] 3644 	ld	-37 (ix), a
   18E7 DD 77 DC      [19] 3645 	ld	-36 (ix), a
   18EA DD 7E D9      [19] 3646 	ld	a, -39 (ix)
   18ED DD 77 D9      [19] 3647 	ld	-39 (ix), a
   18F0 DD 7E DA      [19] 3648 	ld	a, -38 (ix)
   18F3 DD 77 DA      [19] 3649 	ld	-38 (ix), a
   18F6 DD 36 DB 00   [19] 3650 	ld	-37 (ix), #0x00
   18FA DD 36 DC 00   [19] 3651 	ld	-36 (ix), #0x00
   18FE DD 6E CD      [19] 3652 	ld	l, -51 (ix)
   1901 DD 66 CE      [19] 3653 	ld	h, -50 (ix)
   1904 11 04 00      [10] 3654 	ld	de, #0x0004
   1907 19            [11] 3655 	add	hl, de
   1908 7E            [ 7] 3656 	ld	a, (hl)
   1909 DD 77 CD      [19] 3657 	ld	-51 (ix), a
   190C 23            [ 6] 3658 	inc	hl
   190D 7E            [ 7] 3659 	ld	a, (hl)
   190E DD 77 CE      [19] 3660 	ld	-50 (ix), a
   1911 DD 7E CD      [19] 3661 	ld	a, -51 (ix)
   1914 DD 77 C1      [19] 3662 	ld	-63 (ix), a
   1917 DD 7E CE      [19] 3663 	ld	a, -50 (ix)
   191A DD 77 C2      [19] 3664 	ld	-62 (ix), a
   191D 17            [ 4] 3665 	rla
   191E 9F            [ 4] 3666 	sbc	a, a
   191F DD 77 C3      [19] 3667 	ld	-61 (ix), a
   1922 DD 77 C4      [19] 3668 	ld	-60 (ix), a
   1925 06 10         [ 7] 3669 	ld	b, #0x10
   1927                    3670 01172$:
   1927 DD CB C1 26   [23] 3671 	sla	-63 (ix)
   192B DD CB C2 16   [23] 3672 	rl	-62 (ix)
   192F DD CB C3 16   [23] 3673 	rl	-61 (ix)
   1933 DD CB C4 16   [23] 3674 	rl	-60 (ix)
   1937 10 EE         [13] 3675 	djnz	01172$
   1939 01 00 00      [10] 3676 	ld	bc, #0x0000
   193C DD 5E C3      [19] 3677 	ld	e, -61 (ix)
   193F DD 56 C4      [19] 3678 	ld	d, -60 (ix)
   1942 79            [ 4] 3679 	ld	a, c
   1943 DD B6 D9      [19] 3680 	or	a, -39 (ix)
   1946 4F            [ 4] 3681 	ld	c, a
   1947 78            [ 4] 3682 	ld	a, b
   1948 DD B6 DA      [19] 3683 	or	a, -38 (ix)
   194B 47            [ 4] 3684 	ld	b, a
   194C 7B            [ 4] 3685 	ld	a, e
   194D DD B6 DB      [19] 3686 	or	a, -37 (ix)
   1950 5F            [ 4] 3687 	ld	e, a
   1951 7A            [ 4] 3688 	ld	a, d
   1952 DD B6 DC      [19] 3689 	or	a, -36 (ix)
   1955 57            [ 4] 3690 	ld	d, a
   1956 DD 71 F1      [19] 3691 	ld	-15 (ix), c
   1959 DD 70 F2      [19] 3692 	ld	-14 (ix), b
   195C DD 73 F3      [19] 3693 	ld	-13 (ix), e
   195F DD 72 F4      [19] 3694 	ld	-12 (ix), d
   1962 18 0D         [12] 3695 	jr	00316$
   1964                    3696 00315$:
                           3697 ;src\CFGESP.c:801: SentFileSize = 0;
   1964 AF            [ 4] 3698 	xor	a, a
   1965 DD 77 F1      [19] 3699 	ld	-15 (ix), a
   1968 DD 77 F2      [19] 3700 	ld	-14 (ix), a
   196B DD 77 F3      [19] 3701 	ld	-13 (ix), a
   196E DD 77 F4      [19] 3702 	ld	-12 (ix), a
   1971                    3703 00316$:
                           3704 ;src\CFGESP.c:803: ultostr(SentFileSize,chFileSize,10);
   1971 21 DE 10      [10] 3705 	ld	hl, #0x10de
   1974 39            [11] 3706 	add	hl, sp
   1975 4D            [ 4] 3707 	ld	c, l
   1976 44            [ 4] 3708 	ld	b, h
   1977 E5            [11] 3709 	push	hl
   1978 11 0A 00      [10] 3710 	ld	de, #0x000a
   197B D5            [11] 3711 	push	de
   197C C5            [11] 3712 	push	bc
   197D DD 6E F3      [19] 3713 	ld	l, -13 (ix)
   1980 DD 66 F4      [19] 3714 	ld	h, -12 (ix)
   1983 E5            [11] 3715 	push	hl
   1984 DD 6E F1      [19] 3716 	ld	l, -15 (ix)
   1987 DD 66 F2      [19] 3717 	ld	h, -14 (ix)
   198A E5            [11] 3718 	push	hl
   198B CDr5Cr06      [17] 3719 	call	_ultostr
   198E 21 08 00      [10] 3720 	ld	hl, #8
   1991 39            [11] 3721 	add	hl, sp
   1992 F9            [ 6] 3722 	ld	sp, hl
   1993 DD 4E C7      [19] 3723 	ld	c, -57 (ix)
   1996 DD 46 C8      [19] 3724 	ld	b, -56 (ix)
   1999 C5            [11] 3725 	push	bc
   199A CDr00r00      [17] 3726 	call	_Close
   199D F1            [10] 3727 	pop	af
   199E E1            [10] 3728 	pop	hl
                           3729 ;src\CFGESP.c:805: printf ("File: %s Size: %s \r\n",ucFile,chFileSize);
   199F DD 4E D1      [19] 3730 	ld	c, -47 (ix)
   19A2 DD 46 D2      [19] 3731 	ld	b, -46 (ix)
   19A5 11r4Br26      [10] 3732 	ld	de, #___str_85+0
   19A8 E5            [11] 3733 	push	hl
   19A9 C5            [11] 3734 	push	bc
   19AA D5            [11] 3735 	push	de
   19AB CDr00r00      [17] 3736 	call	_printf
   19AE 21 06 00      [10] 3737 	ld	hl, #6
   19B1 39            [11] 3738 	add	hl, sp
   19B2 F9            [ 6] 3739 	ld	sp, hl
                           3740 ;src\CFGESP.c:807: if ((ucESP32) && (ucIsFw))
   19B3 DD 7E E3      [19] 3741 	ld	a, -29 (ix)
   19B6 B7            [ 4] 3742 	or	a, a
   19B7 CArEFr1B      [10] 3743 	jp	Z, 00336$
   19BA FD 21r08r00   [14] 3744 	ld	iy, #_ucIsFw
   19BE FD 7E 00      [19] 3745 	ld	a, 0 (iy)
   19C1 B7            [ 4] 3746 	or	a, a
   19C2 CArEFr1B      [10] 3747 	jp	Z, 00336$
                           3748 ;src\CFGESP.c:809: strcpy(ucDatFile, ucFile);
   19C5 21 24 11      [10] 3749 	ld	hl, #0x1124
   19C8 39            [11] 3750 	add	hl, sp
   19C9 DD 75 C1      [19] 3751 	ld	-63 (ix), l
   19CC DD 74 C2      [19] 3752 	ld	-62 (ix), h
   19CF DD 7E C1      [19] 3753 	ld	a, -63 (ix)
   19D2 DD 77 C7      [19] 3754 	ld	-57 (ix), a
   19D5 DD 7E C2      [19] 3755 	ld	a, -62 (ix)
   19D8 DD 77 C8      [19] 3756 	ld	-56 (ix), a
   19DB DD 7E D1      [19] 3757 	ld	a, -47 (ix)
   19DE DD 77 CD      [19] 3758 	ld	-51 (ix), a
   19E1 DD 7E D2      [19] 3759 	ld	a, -46 (ix)
   19E4 DD 77 CE      [19] 3760 	ld	-50 (ix), a
   19E7 DD 5E C7      [19] 3761 	ld	e, -57 (ix)
   19EA DD 56 C8      [19] 3762 	ld	d, -56 (ix)
   19ED DD 6E CD      [19] 3763 	ld	l, -51 (ix)
   19F0 DD 66 CE      [19] 3764 	ld	h, -50 (ix)
   19F3 AF            [ 4] 3765 	xor	a, a
   19F4                    3766 01174$:
   19F4 BE            [ 7] 3767 	cp	a, (hl)
   19F5 ED A0         [16] 3768 	ldi
   19F7 20 FB         [12] 3769 	jr	NZ, 01174$
                           3770 ;src\CFGESP.c:810: for (i = 0; i < sizeof(ucDatFile);++i)
   19F9 DD 36 BF 00   [19] 3771 	ld	-65 (ix), #0x00
   19FD DD 36 C0 00   [19] 3772 	ld	-64 (ix), #0x00
   1A01 DD 36 F5 00   [19] 3773 	ld	-11 (ix), #0x00
   1A05 DD 36 F6 00   [19] 3774 	ld	-10 (ix), #0x00
   1A09                    3775 00427$:
                           3776 ;src\CFGESP.c:812: if (ucDatFile[i] == 0x00)
   1A09 DD 7E C1      [19] 3777 	ld	a, -63 (ix)
   1A0C DD 86 F5      [19] 3778 	add	a, -11 (ix)
   1A0F 4F            [ 4] 3779 	ld	c, a
   1A10 DD 7E C2      [19] 3780 	ld	a, -62 (ix)
   1A13 DD 8E F6      [19] 3781 	adc	a, -10 (ix)
   1A16 47            [ 4] 3782 	ld	b, a
   1A17 0A            [ 7] 3783 	ld	a, (bc)
   1A18 DD 77 C7      [19] 3784 	ld	-57 (ix), a
   1A1B B7            [ 4] 3785 	or	a, a
   1A1C 20 0B         [12] 3786 	jr	NZ,00318$
                           3787 ;src\CFGESP.c:814: printf("DAT File naming error, ESP32 FW update most likely to not work...\r\n");
   1A1E 21r60r26      [10] 3788 	ld	hl, #___str_87
   1A21 E5            [11] 3789 	push	hl
   1A22 CDr00r00      [17] 3790 	call	_puts
   1A25 F1            [10] 3791 	pop	af
                           3792 ;src\CFGESP.c:815: break;
   1A26 C3rEFr1B      [10] 3793 	jp	00336$
   1A29                    3794 00318$:
                           3795 ;src\CFGESP.c:817: if ((ucDatFile[i] == '.') && (i < (sizeof(ucDatFile)-4)))
   1A29 DD 7E C7      [19] 3796 	ld	a, -57 (ix)
   1A2C D6 2E         [ 7] 3797 	sub	a, #0x2e
   1A2E C2rCEr1B      [10] 3798 	jp	NZ,00428$
   1A31 DD 7E F5      [19] 3799 	ld	a, -11 (ix)
   1A34 D6 28         [ 7] 3800 	sub	a, #0x28
   1A36 DD 7E F6      [19] 3801 	ld	a, -10 (ix)
   1A39 DE 01         [ 7] 3802 	sbc	a, #0x01
   1A3B D2rCEr1B      [10] 3803 	jp	NC, 00428$
                           3804 ;src\CFGESP.c:819: ucDatFile[i+1]='d';
   1A3E DD 4E BF      [19] 3805 	ld	c, -65 (ix)
   1A41 DD 46 C0      [19] 3806 	ld	b, -64 (ix)
   1A44 03            [ 6] 3807 	inc	bc
   1A45 DD 6E C1      [19] 3808 	ld	l, -63 (ix)
   1A48 DD 66 C2      [19] 3809 	ld	h, -62 (ix)
   1A4B 09            [11] 3810 	add	hl, bc
   1A4C 36 64         [10] 3811 	ld	(hl), #0x64
                           3812 ;src\CFGESP.c:820: ucDatFile[i+2]='a';
   1A4E DD 4E BF      [19] 3813 	ld	c, -65 (ix)
   1A51 DD 46 C0      [19] 3814 	ld	b, -64 (ix)
   1A54 03            [ 6] 3815 	inc	bc
   1A55 03            [ 6] 3816 	inc	bc
   1A56 DD 6E C1      [19] 3817 	ld	l, -63 (ix)
   1A59 DD 66 C2      [19] 3818 	ld	h, -62 (ix)
   1A5C 09            [11] 3819 	add	hl, bc
   1A5D 36 61         [10] 3820 	ld	(hl), #0x61
                           3821 ;src\CFGESP.c:821: ucDatFile[i+3]='t';
   1A5F DD 4E BF      [19] 3822 	ld	c, -65 (ix)
   1A62 DD 46 C0      [19] 3823 	ld	b, -64 (ix)
   1A65 03            [ 6] 3824 	inc	bc
   1A66 03            [ 6] 3825 	inc	bc
   1A67 03            [ 6] 3826 	inc	bc
   1A68 DD 6E C1      [19] 3827 	ld	l, -63 (ix)
   1A6B DD 66 C2      [19] 3828 	ld	h, -62 (ix)
   1A6E 09            [11] 3829 	add	hl, bc
   1A6F 36 74         [10] 3830 	ld	(hl), #0x74
                           3831 ;src\CFGESP.c:822: ucDatFile[i+4]=0x00;
   1A71 DD 7E BF      [19] 3832 	ld	a, -65 (ix)
   1A74 C6 04         [ 7] 3833 	add	a, #0x04
   1A76 4F            [ 4] 3834 	ld	c, a
   1A77 DD 7E C0      [19] 3835 	ld	a, -64 (ix)
   1A7A CE 00         [ 7] 3836 	adc	a, #0x00
   1A7C 47            [ 4] 3837 	ld	b, a
   1A7D DD 6E C1      [19] 3838 	ld	l, -63 (ix)
   1A80 DD 66 C2      [19] 3839 	ld	h, -62 (ix)
   1A83 09            [11] 3840 	add	hl, bc
   1A84 36 00         [10] 3841 	ld	(hl), #0x00
                           3842 ;src\CFGESP.c:823: printf ("ESP32, trying to open %s file to confirm firmware type...\r\n", ucDatFile);
   1A86 DD 7E C1      [19] 3843 	ld	a, -63 (ix)
   1A89 DD 77 C7      [19] 3844 	ld	-57 (ix), a
   1A8C DD 7E C2      [19] 3845 	ld	a, -62 (ix)
   1A8F DD 77 C8      [19] 3846 	ld	-56 (ix), a
   1A92 DD 6E C7      [19] 3847 	ld	l, -57 (ix)
   1A95 DD 66 C8      [19] 3848 	ld	h, -56 (ix)
   1A98 E5            [11] 3849 	push	hl
   1A99 21rA3r26      [10] 3850 	ld	hl, #___str_88
   1A9C E5            [11] 3851 	push	hl
   1A9D CDr00r00      [17] 3852 	call	_printf
   1AA0 F1            [10] 3853 	pop	af
   1AA1 F1            [10] 3854 	pop	af
                           3855 ;src\CFGESP.c:824: iFileDat = Open (ucDatFile,O_RDONLY);
   1AA2 DD 4E C1      [19] 3856 	ld	c, -63 (ix)
   1AA5 DD 46 C2      [19] 3857 	ld	b, -62 (ix)
   1AA8 21 00 00      [10] 3858 	ld	hl, #0x0000
   1AAB E5            [11] 3859 	push	hl
   1AAC C5            [11] 3860 	push	bc
   1AAD CDr00r00      [17] 3861 	call	_Open
   1AB0 F1            [10] 3862 	pop	af
   1AB1 F1            [10] 3863 	pop	af
   1AB2 DD 75 F9      [19] 3864 	ld	-7 (ix), l
   1AB5 DD 74 FA      [19] 3865 	ld	-6 (ix), h
                           3866 ;src\CFGESP.c:826: if (iFileDat!=-1)
   1AB8 DD 7E F9      [19] 3867 	ld	a, -7 (ix)
   1ABB 3C            [ 4] 3868 	inc	a
   1ABC 20 07         [12] 3869 	jr	NZ,01177$
   1ABE DD 7E FA      [19] 3870 	ld	a, -6 (ix)
   1AC1 3C            [ 4] 3871 	inc	a
   1AC2 CArC4r1B      [10] 3872 	jp	Z,00329$
   1AC5                    3873 01177$:
                           3874 ;src\CFGESP.c:828: FileRead = MyRead(iFileDat, ucServer,24); //try to read up to 24 bytes of data
   1AC5 DD 4E C9      [19] 3875 	ld	c, -55 (ix)
   1AC8 DD 46 CA      [19] 3876 	ld	b, -54 (ix)
   1ACB 21 18 00      [10] 3877 	ld	hl, #0x0018
   1ACE E5            [11] 3878 	push	hl
   1ACF C5            [11] 3879 	push	bc
   1AD0 DD 6E F9      [19] 3880 	ld	l, -7 (ix)
   1AD3 DD 66 FA      [19] 3881 	ld	h, -6 (ix)
   1AD6 E5            [11] 3882 	push	hl
   1AD7 CDr00r00      [17] 3883 	call	_MyRead
   1ADA F1            [10] 3884 	pop	af
   1ADB F1            [10] 3885 	pop	af
   1ADC F1            [10] 3886 	pop	af
   1ADD DD 75 C7      [19] 3887 	ld	-57 (ix), l
   1AE0 DD 74 C8      [19] 3888 	ld	-56 (ix), h
                           3889 ;src\CFGESP.c:829: if (FileRead > 5)
   1AE3 3E 05         [ 7] 3890 	ld	a, #0x05
   1AE5 DD BE C7      [19] 3891 	cp	a, -57 (ix)
   1AE8 3E 00         [ 7] 3892 	ld	a, #0x00
   1AEA DD 9E C8      [19] 3893 	sbc	a, -56 (ix)
   1AED D2rAFr1B      [10] 3894 	jp	NC, 00326$
                           3895 ;src\CFGESP.c:831: if (ucServer[FileRead-1] != 0x00)
   1AF0 DD 7E C7      [19] 3896 	ld	a, -57 (ix)
   1AF3 C6 FF         [ 7] 3897 	add	a, #0xff
   1AF5 DD 77 CD      [19] 3898 	ld	-51 (ix), a
   1AF8 DD 7E C8      [19] 3899 	ld	a, -56 (ix)
   1AFB CE FF         [ 7] 3900 	adc	a, #0xff
   1AFD DD 77 CE      [19] 3901 	ld	-50 (ix), a
   1B00 DD 7E CD      [19] 3902 	ld	a, -51 (ix)
   1B03 DD 86 C9      [19] 3903 	add	a, -55 (ix)
   1B06 DD 77 CD      [19] 3904 	ld	-51 (ix), a
   1B09 DD 7E CE      [19] 3905 	ld	a, -50 (ix)
   1B0C DD 8E CA      [19] 3906 	adc	a, -54 (ix)
   1B0F DD 77 CE      [19] 3907 	ld	-50 (ix), a
   1B12 DD 6E CD      [19] 3908 	ld	l, -51 (ix)
   1B15 DD 66 CE      [19] 3909 	ld	h, -50 (ix)
   1B18 7E            [ 7] 3910 	ld	a, (hl)
   1B19 B7            [ 4] 3911 	or	a, a
   1B1A 28 18         [12] 3912 	jr	Z,00320$
                           3913 ;src\CFGESP.c:833: ucServer[FileRead] = 0x00;
   1B1C DD 7E C9      [19] 3914 	ld	a, -55 (ix)
   1B1F DD 86 C7      [19] 3915 	add	a, -57 (ix)
   1B22 4F            [ 4] 3916 	ld	c, a
   1B23 DD 7E CA      [19] 3917 	ld	a, -54 (ix)
   1B26 DD 8E C8      [19] 3918 	adc	a, -56 (ix)
   1B29 47            [ 4] 3919 	ld	b, a
   1B2A AF            [ 4] 3920 	xor	a, a
   1B2B 02            [ 7] 3921 	ld	(bc), a
                           3922 ;src\CFGESP.c:834: FileRead++;
   1B2C DD 34 C7      [23] 3923 	inc	-57 (ix)
   1B2F 20 03         [12] 3924 	jr	NZ,01178$
   1B31 DD 34 C8      [23] 3925 	inc	-56 (ix)
   1B34                    3926 01178$:
   1B34                    3927 00320$:
                           3928 ;src\CFGESP.c:837: TxByte('B'); //Request to validate firmware type
   1B34 3E 42         [ 7] 3929 	ld	a, #0x42
   1B36 F5            [11] 3930 	push	af
   1B37 33            [ 6] 3931 	inc	sp
   1B38 CDr4Er06      [17] 3932 	call	_TxByte
   1B3B 33            [ 6] 3933 	inc	sp
                           3934 ;src\CFGESP.c:838: TxByte((unsigned char)((FileRead&0xff00)>>8));
   1B3C DD 46 C8      [19] 3935 	ld	b, -56 (ix)
   1B3F 0E 00         [ 7] 3936 	ld	c, #0x00
   1B41 C5            [11] 3937 	push	bc
   1B42 33            [ 6] 3938 	inc	sp
   1B43 CDr4Er06      [17] 3939 	call	_TxByte
   1B46 33            [ 6] 3940 	inc	sp
                           3941 ;src\CFGESP.c:839: TxByte((unsigned char)(FileRead&0xff));
   1B47 DD 46 C7      [19] 3942 	ld	b, -57 (ix)
   1B4A C5            [11] 3943 	push	bc
   1B4B 33            [ 6] 3944 	inc	sp
   1B4C CDr4Er06      [17] 3945 	call	_TxByte
   1B4F 33            [ 6] 3946 	inc	sp
                           3947 ;src\CFGESP.c:840: for (i = 0; i < FileRead; ++i)
   1B50 01 00 00      [10] 3948 	ld	bc, #0x0000
   1B53                    3949 00425$:
   1B53 79            [ 4] 3950 	ld	a, c
   1B54 DD 96 C7      [19] 3951 	sub	a, -57 (ix)
   1B57 78            [ 4] 3952 	ld	a, b
   1B58 DD 9E C8      [19] 3953 	sbc	a, -56 (ix)
   1B5B 30 13         [12] 3954 	jr	NC,00586$
                           3955 ;src\CFGESP.c:841: TxByte(ucServer[i]);
   1B5D DD 6E C9      [19] 3956 	ld	l, -55 (ix)
   1B60 DD 66 CA      [19] 3957 	ld	h, -54 (ix)
   1B63 09            [11] 3958 	add	hl, bc
   1B64 56            [ 7] 3959 	ld	d, (hl)
   1B65 C5            [11] 3960 	push	bc
   1B66 D5            [11] 3961 	push	de
   1B67 33            [ 6] 3962 	inc	sp
   1B68 CDr4Er06      [17] 3963 	call	_TxByte
   1B6B 33            [ 6] 3964 	inc	sp
   1B6C C1            [10] 3965 	pop	bc
                           3966 ;src\CFGESP.c:840: for (i = 0; i < FileRead; ++i)
   1B6D 03            [ 6] 3967 	inc	bc
   1B6E 18 E3         [12] 3968 	jr	00425$
   1B70                    3969 00586$:
   1B70 DD 71 BF      [19] 3970 	ld	-65 (ix), c
   1B73 DD 70 C0      [19] 3971 	ld	-64 (ix), b
                           3972 ;src\CFGESP.c:843: bResponse = WaitForRXData(sendChipTypeResponse,2,60,true,false,NULL,0);
   1B76 21 00 00      [10] 3973 	ld	hl, #0x0000
   1B79 E5            [11] 3974 	push	hl
   1B7A 2E 00         [ 7] 3975 	ld	l, #0x00
   1B7C E5            [11] 3976 	push	hl
   1B7D AF            [ 4] 3977 	xor	a, a
   1B7E 57            [ 4] 3978 	ld	d,a
   1B7F 1E 01         [ 7] 3979 	ld	e,#0x01
   1B81 D5            [11] 3980 	push	de
   1B82 2E 3C         [ 7] 3981 	ld	l, #0x3c
   1B84 E5            [11] 3982 	push	hl
   1B85 2E 02         [ 7] 3983 	ld	l, #0x02
   1B87 E5            [11] 3984 	push	hl
   1B88 21r8Cr00      [10] 3985 	ld	hl, #_sendChipTypeResponse
   1B8B E5            [11] 3986 	push	hl
   1B8C CDrD9r07      [17] 3987 	call	_WaitForRXData
   1B8F FD 21 0C 00   [14] 3988 	ld	iy, #12
   1B93 FD 39         [15] 3989 	add	iy, sp
   1B95 FD F9         [10] 3990 	ld	sp, iy
   1B97 7D            [ 4] 3991 	ld	a, l
                           3992 ;src\CFGESP.c:844: if (!bResponse)
   1B98 B7            [ 4] 3993 	or	a, a
   1B99 20 0A         [12] 3994 	jr	NZ,00323$
                           3995 ;src\CFGESP.c:845: printf("Firmware File not correct, ESP32 FW not go on and fail on Z command...\r\n");
   1B9B 21rDFr26      [10] 3996 	ld	hl, #___str_90
   1B9E E5            [11] 3997 	push	hl
   1B9F CDr00r00      [17] 3998 	call	_puts
   1BA2 F1            [10] 3999 	pop	af
   1BA3 18 12         [12] 4000 	jr	00327$
   1BA5                    4001 00323$:
                           4002 ;src\CFGESP.c:847: printf("Firmware type correct, will proceed sending it!\r\n");
   1BA5 21r27r27      [10] 4003 	ld	hl, #___str_92
   1BA8 E5            [11] 4004 	push	hl
   1BA9 CDr00r00      [17] 4005 	call	_puts
   1BAC F1            [10] 4006 	pop	af
   1BAD 18 08         [12] 4007 	jr	00327$
   1BAF                    4008 00326$:
                           4009 ;src\CFGESP.c:850: printf("DAT File not valid, ESP32 FW update most likely to not work...\r\n");
   1BAF 21r58r27      [10] 4010 	ld	hl, #___str_94
   1BB2 E5            [11] 4011 	push	hl
   1BB3 CDr00r00      [17] 4012 	call	_puts
   1BB6 F1            [10] 4013 	pop	af
   1BB7                    4014 00327$:
                           4015 ;src\CFGESP.c:851: Close(iFileDat);
   1BB7 DD 6E F9      [19] 4016 	ld	l, -7 (ix)
   1BBA DD 66 FA      [19] 4017 	ld	h, -6 (ix)
   1BBD E5            [11] 4018 	push	hl
   1BBE CDr00r00      [17] 4019 	call	_Close
   1BC1 F1            [10] 4020 	pop	af
   1BC2 18 2B         [12] 4021 	jr	00336$
   1BC4                    4022 00329$:
                           4023 ;src\CFGESP.c:854: printf("DAT File not found, ESP32 FW update most likely to not work...\r\n");
   1BC4 21r98r27      [10] 4024 	ld	hl, #___str_96
   1BC7 E5            [11] 4025 	push	hl
   1BC8 CDr00r00      [17] 4026 	call	_puts
   1BCB F1            [10] 4027 	pop	af
                           4028 ;src\CFGESP.c:855: break;
   1BCC 18 21         [12] 4029 	jr	00336$
   1BCE                    4030 00428$:
                           4031 ;src\CFGESP.c:810: for (i = 0; i < sizeof(ucDatFile);++i)
   1BCE DD 34 F5      [23] 4032 	inc	-11 (ix)
   1BD1 20 03         [12] 4033 	jr	NZ,01179$
   1BD3 DD 34 F6      [23] 4034 	inc	-10 (ix)
   1BD6                    4035 01179$:
   1BD6 DD 7E F5      [19] 4036 	ld	a, -11 (ix)
   1BD9 DD 77 BF      [19] 4037 	ld	-65 (ix), a
   1BDC DD 7E F6      [19] 4038 	ld	a, -10 (ix)
   1BDF DD 77 C0      [19] 4039 	ld	-64 (ix), a
   1BE2 DD 7E F5      [19] 4040 	ld	a, -11 (ix)
   1BE5 D6 2C         [ 7] 4041 	sub	a, #0x2c
   1BE7 DD 7E F6      [19] 4042 	ld	a, -10 (ix)
   1BEA DE 01         [ 7] 4043 	sbc	a, #0x01
   1BEC DAr09r1A      [10] 4044 	jp	C, 00427$
   1BEF                    4045 00336$:
                           4046 ;src\CFGESP.c:859: if (SentFileSize)
   1BEF DD 7E F4      [19] 4047 	ld	a, -12 (ix)
   1BF2 DD B6 F3      [19] 4048 	or	a, -13 (ix)
   1BF5 DD B6 F2      [19] 4049 	or	a, -14 (ix)
   1BF8 DD B6 F1      [19] 4050 	or	a, -15 (ix)
   1BFB CAr76r20      [10] 4051 	jp	Z, 00369$
                           4052 ;src\CFGESP.c:861: iFile = Open (ucFile,O_RDONLY);
   1BFE DD 4E D1      [19] 4053 	ld	c, -47 (ix)
   1C01 DD 46 D2      [19] 4054 	ld	b, -46 (ix)
   1C04 21 00 00      [10] 4055 	ld	hl, #0x0000
   1C07 E5            [11] 4056 	push	hl
   1C08 C5            [11] 4057 	push	bc
   1C09 CDr00r00      [17] 4058 	call	_Open
   1C0C F1            [10] 4059 	pop	af
   1C0D F1            [10] 4060 	pop	af
   1C0E DD 75 E5      [19] 4061 	ld	-27 (ix), l
   1C11 DD 74 E6      [19] 4062 	ld	-26 (ix), h
                           4063 ;src\CFGESP.c:862: if (iFile!=-1)
   1C14 DD 7E E5      [19] 4064 	ld	a, -27 (ix)
   1C17 3C            [ 4] 4065 	inc	a
   1C18 20 07         [12] 4066 	jr	NZ,01180$
   1C1A DD 7E E6      [19] 4067 	ld	a, -26 (ix)
   1C1D 3C            [ 4] 4068 	inc	a
   1C1E CAr48r20      [10] 4069 	jp	Z,00366$
   1C21                    4070 01180$:
                           4071 ;src\CFGESP.c:864: FileRead = MyRead(iFile, ucServer,256); //try to read 256 bytes of data
   1C21 DD 4E C9      [19] 4072 	ld	c, -55 (ix)
   1C24 DD 46 CA      [19] 4073 	ld	b, -54 (ix)
   1C27 21 00 01      [10] 4074 	ld	hl, #0x0100
   1C2A E5            [11] 4075 	push	hl
   1C2B C5            [11] 4076 	push	bc
   1C2C DD 6E E5      [19] 4077 	ld	l, -27 (ix)
   1C2F DD 66 E6      [19] 4078 	ld	h, -26 (ix)
   1C32 E5            [11] 4079 	push	hl
   1C33 CDr00r00      [17] 4080 	call	_MyRead
   1C36 F1            [10] 4081 	pop	af
   1C37 F1            [10] 4082 	pop	af
   1C38 F1            [10] 4083 	pop	af
   1C39 DD 75 E9      [19] 4084 	ld	-23 (ix), l
   1C3C DD 74 EA      [19] 4085 	ld	-22 (ix), h
                           4086 ;src\CFGESP.c:865: if (FileRead == 256)
   1C3F DD 7E E9      [19] 4087 	ld	a, -23 (ix)
   1C42 B7            [ 4] 4088 	or	a, a
   1C43 C2r32r20      [10] 4089 	jp	NZ,00363$
   1C46 DD 7E EA      [19] 4090 	ld	a, -22 (ix)
   1C49 3D            [ 4] 4091 	dec	a
   1C4A C2r32r20      [10] 4092 	jp	NZ,00363$
                           4093 ;src\CFGESP.c:868: if (ucIsFw)
   1C4D 3Ar08r00      [13] 4094 	ld	a,(#_ucIsFw + 0)
   1C50 B7            [ 4] 4095 	or	a, a
   1C51 28 0A         [12] 4096 	jr	Z,00339$
                           4097 ;src\CFGESP.c:869: TxByte('Z'); //Request start of RS232 update
   1C53 3E 5A         [ 7] 4098 	ld	a, #0x5a
   1C55 F5            [11] 4099 	push	af
   1C56 33            [ 6] 4100 	inc	sp
   1C57 CDr4Er06      [17] 4101 	call	_TxByte
   1C5A 33            [ 6] 4102 	inc	sp
   1C5B 18 08         [12] 4103 	jr	00340$
   1C5D                    4104 00339$:
                           4105 ;src\CFGESP.c:871: TxByte('Y'); //Request start of RS232 cert update
   1C5D 3E 59         [ 7] 4106 	ld	a, #0x59
   1C5F F5            [11] 4107 	push	af
   1C60 33            [ 6] 4108 	inc	sp
   1C61 CDr4Er06      [17] 4109 	call	_TxByte
   1C64 33            [ 6] 4110 	inc	sp
   1C65                    4111 00340$:
                           4112 ;src\CFGESP.c:872: TxByte(0);
   1C65 AF            [ 4] 4113 	xor	a, a
   1C66 F5            [11] 4114 	push	af
   1C67 33            [ 6] 4115 	inc	sp
   1C68 CDr4Er06      [17] 4116 	call	_TxByte
   1C6B 33            [ 6] 4117 	inc	sp
                           4118 ;src\CFGESP.c:873: TxByte(12);
   1C6C 3E 0C         [ 7] 4119 	ld	a, #0x0c
   1C6E F5            [11] 4120 	push	af
   1C6F 33            [ 6] 4121 	inc	sp
   1C70 CDr4Er06      [17] 4122 	call	_TxByte
   1C73 33            [ 6] 4123 	inc	sp
                           4124 ;src\CFGESP.c:874: TxByte((unsigned char)(SentFileSize&0xff));
   1C74 DD 46 F1      [19] 4125 	ld	b, -15 (ix)
   1C77 C5            [11] 4126 	push	bc
   1C78 33            [ 6] 4127 	inc	sp
   1C79 CDr4Er06      [17] 4128 	call	_TxByte
   1C7C 33            [ 6] 4129 	inc	sp
                           4130 ;src\CFGESP.c:875: TxByte((unsigned char)((SentFileSize&0xff00)>>8));
   1C7D DD 46 F2      [19] 4131 	ld	b, -14 (ix)
   1C80 0E 00         [ 7] 4132 	ld	c, #0x00
   1C82 C5            [11] 4133 	push	bc
   1C83 33            [ 6] 4134 	inc	sp
   1C84 CDr4Er06      [17] 4135 	call	_TxByte
   1C87 33            [ 6] 4136 	inc	sp
                           4137 ;src\CFGESP.c:876: TxByte((unsigned char)((SentFileSize&0xff0000)>>16));
   1C88 DD 4E F3      [19] 4138 	ld	c, -13 (ix)
   1C8B 41            [ 4] 4139 	ld	b, c
   1C8C C5            [11] 4140 	push	bc
   1C8D 33            [ 6] 4141 	inc	sp
   1C8E CDr4Er06      [17] 4142 	call	_TxByte
   1C91 33            [ 6] 4143 	inc	sp
                           4144 ;src\CFGESP.c:877: TxByte((unsigned char)((SentFileSize&0xff000000)>>24));
   1C92 DD 4E F4      [19] 4145 	ld	c, -12 (ix)
   1C95 41            [ 4] 4146 	ld	b, c
   1C96 C5            [11] 4147 	push	bc
   1C97 33            [ 6] 4148 	inc	sp
   1C98 CDr4Er06      [17] 4149 	call	_TxByte
   1C9B 33            [ 6] 4150 	inc	sp
                           4151 ;src\CFGESP.c:878: TxByte((unsigned char)((SentFileSize&0xff00000000)>>32));
   1C9C DD 7E F1      [19] 4152 	ld	a, -15 (ix)
   1C9F DD 77 D1      [19] 4153 	ld	-47 (ix), a
   1CA2 DD 7E F2      [19] 4154 	ld	a, -14 (ix)
   1CA5 DD 77 D2      [19] 4155 	ld	-46 (ix), a
   1CA8 DD 7E F3      [19] 4156 	ld	a, -13 (ix)
   1CAB DD 77 D3      [19] 4157 	ld	-45 (ix), a
   1CAE DD 7E F4      [19] 4158 	ld	a, -12 (ix)
   1CB1 DD 77 D4      [19] 4159 	ld	-44 (ix), a
   1CB4 DD 36 D5 00   [19] 4160 	ld	-43 (ix), #0x00
   1CB8 DD 36 D6 00   [19] 4161 	ld	-42 (ix), #0x00
   1CBC DD 36 D7 00   [19] 4162 	ld	-41 (ix), #0x00
   1CC0 DD 36 D8 00   [19] 4163 	ld	-40 (ix), #0x00
   1CC4 DD 36 D9 00   [19] 4164 	ld	-39 (ix), #0x00
   1CC8 DD 36 DA 00   [19] 4165 	ld	-38 (ix), #0x00
   1CCC DD 36 DB 00   [19] 4166 	ld	-37 (ix), #0x00
   1CD0 DD 36 DC 00   [19] 4167 	ld	-36 (ix), #0x00
   1CD4 DD 7E D5      [19] 4168 	ld	a, -43 (ix)
   1CD7 DD 77 DD      [19] 4169 	ld	-35 (ix), a
   1CDA DD 36 DE 00   [19] 4170 	ld	-34 (ix), #0x00
   1CDE DD 36 DF 00   [19] 4171 	ld	-33 (ix), #0x00
   1CE2 DD 36 E0 00   [19] 4172 	ld	-32 (ix), #0x00
   1CE6 06 20         [ 7] 4173 	ld	b, #0x20
   1CE8                    4174 01187$:
   1CE8 DD CB E0 2E   [23] 4175 	sra	-32 (ix)
   1CEC DD CB DF 1E   [23] 4176 	rr	-33 (ix)
   1CF0 DD CB DE 1E   [23] 4177 	rr	-34 (ix)
   1CF4 DD CB DD 1E   [23] 4178 	rr	-35 (ix)
   1CF8 DD CB DC 1E   [23] 4179 	rr	-36 (ix)
   1CFC DD CB DB 1E   [23] 4180 	rr	-37 (ix)
   1D00 DD CB DA 1E   [23] 4181 	rr	-38 (ix)
   1D04 DD CB D9 1E   [23] 4182 	rr	-39 (ix)
   1D08 10 DE         [13] 4183 	djnz	01187$
   1D0A DD 46 D9      [19] 4184 	ld	b, -39 (ix)
   1D0D C5            [11] 4185 	push	bc
   1D0E 33            [ 6] 4186 	inc	sp
   1D0F CDr4Er06      [17] 4187 	call	_TxByte
   1D12 33            [ 6] 4188 	inc	sp
                           4189 ;src\CFGESP.c:879: TxByte((unsigned char)((SentFileSize&0xff0000000000)>>40));
   1D13 DD 36 D9 00   [19] 4190 	ld	-39 (ix), #0x00
   1D17 DD 36 DA 00   [19] 4191 	ld	-38 (ix), #0x00
   1D1B DD 36 DB 00   [19] 4192 	ld	-37 (ix), #0x00
   1D1F DD 36 DC 00   [19] 4193 	ld	-36 (ix), #0x00
   1D23 DD 36 DD 00   [19] 4194 	ld	-35 (ix), #0x00
   1D27 DD 7E D6      [19] 4195 	ld	a, -42 (ix)
   1D2A DD 77 DE      [19] 4196 	ld	-34 (ix), a
   1D2D DD 36 DF 00   [19] 4197 	ld	-33 (ix), #0x00
   1D31 DD 36 E0 00   [19] 4198 	ld	-32 (ix), #0x00
   1D35 06 28         [ 7] 4199 	ld	b, #0x28
   1D37                    4200 01189$:
   1D37 DD CB E0 2E   [23] 4201 	sra	-32 (ix)
   1D3B DD CB DF 1E   [23] 4202 	rr	-33 (ix)
   1D3F DD CB DE 1E   [23] 4203 	rr	-34 (ix)
   1D43 DD CB DD 1E   [23] 4204 	rr	-35 (ix)
   1D47 DD CB DC 1E   [23] 4205 	rr	-36 (ix)
   1D4B DD CB DB 1E   [23] 4206 	rr	-37 (ix)
   1D4F DD CB DA 1E   [23] 4207 	rr	-38 (ix)
   1D53 DD CB D9 1E   [23] 4208 	rr	-39 (ix)
   1D57 10 DE         [13] 4209 	djnz	01189$
   1D59 DD 46 D9      [19] 4210 	ld	b, -39 (ix)
   1D5C C5            [11] 4211 	push	bc
   1D5D 33            [ 6] 4212 	inc	sp
   1D5E CDr4Er06      [17] 4213 	call	_TxByte
   1D61 33            [ 6] 4214 	inc	sp
                           4215 ;src\CFGESP.c:880: TxByte((unsigned char)((SentFileSize&0xff000000000000)>>48));
   1D62 DD 36 D9 00   [19] 4216 	ld	-39 (ix), #0x00
   1D66 DD 36 DA 00   [19] 4217 	ld	-38 (ix), #0x00
   1D6A DD 36 DB 00   [19] 4218 	ld	-37 (ix), #0x00
   1D6E DD 36 DC 00   [19] 4219 	ld	-36 (ix), #0x00
   1D72 DD 36 DD 00   [19] 4220 	ld	-35 (ix), #0x00
   1D76 DD 36 DE 00   [19] 4221 	ld	-34 (ix), #0x00
   1D7A DD 7E D7      [19] 4222 	ld	a, -41 (ix)
   1D7D DD 77 DF      [19] 4223 	ld	-33 (ix), a
   1D80 DD 36 E0 00   [19] 4224 	ld	-32 (ix), #0x00
   1D84 06 30         [ 7] 4225 	ld	b, #0x30
   1D86                    4226 01191$:
   1D86 DD CB E0 2E   [23] 4227 	sra	-32 (ix)
   1D8A DD CB DF 1E   [23] 4228 	rr	-33 (ix)
   1D8E DD CB DE 1E   [23] 4229 	rr	-34 (ix)
   1D92 DD CB DD 1E   [23] 4230 	rr	-35 (ix)
   1D96 DD CB DC 1E   [23] 4231 	rr	-36 (ix)
   1D9A DD CB DB 1E   [23] 4232 	rr	-37 (ix)
   1D9E DD CB DA 1E   [23] 4233 	rr	-38 (ix)
   1DA2 DD CB D9 1E   [23] 4234 	rr	-39 (ix)
   1DA6 10 DE         [13] 4235 	djnz	01191$
   1DA8 DD 46 D9      [19] 4236 	ld	b, -39 (ix)
   1DAB C5            [11] 4237 	push	bc
   1DAC 33            [ 6] 4238 	inc	sp
   1DAD CDr4Er06      [17] 4239 	call	_TxByte
   1DB0 33            [ 6] 4240 	inc	sp
                           4241 ;src\CFGESP.c:881: TxByte((unsigned char)((SentFileSize&0xff00000000000000)>>56));
   1DB1 DD 7E F1      [19] 4242 	ld	a, -15 (ix)
   1DB4 DD 77 D9      [19] 4243 	ld	-39 (ix), a
   1DB7 DD 7E F2      [19] 4244 	ld	a, -14 (ix)
   1DBA DD 77 DA      [19] 4245 	ld	-38 (ix), a
   1DBD DD 7E F3      [19] 4246 	ld	a, -13 (ix)
   1DC0 DD 77 DB      [19] 4247 	ld	-37 (ix), a
   1DC3 DD 7E F4      [19] 4248 	ld	a, -12 (ix)
   1DC6 DD 77 DC      [19] 4249 	ld	-36 (ix), a
   1DC9 DD 36 DD 00   [19] 4250 	ld	-35 (ix), #0x00
   1DCD DD 36 DE 00   [19] 4251 	ld	-34 (ix), #0x00
   1DD1 DD 36 DF 00   [19] 4252 	ld	-33 (ix), #0x00
   1DD5 DD 36 E0 00   [19] 4253 	ld	-32 (ix), #0x00
   1DD9 DD 36 D9 00   [19] 4254 	ld	-39 (ix), #0x00
   1DDD DD 36 DA 00   [19] 4255 	ld	-38 (ix), #0x00
   1DE1 DD 36 DB 00   [19] 4256 	ld	-37 (ix), #0x00
   1DE5 DD 36 DC 00   [19] 4257 	ld	-36 (ix), #0x00
   1DE9 DD 36 DD 00   [19] 4258 	ld	-35 (ix), #0x00
   1DED DD 36 DE 00   [19] 4259 	ld	-34 (ix), #0x00
   1DF1 DD 36 DF 00   [19] 4260 	ld	-33 (ix), #0x00
   1DF5 DD 7E E0      [19] 4261 	ld	a, -32 (ix)
   1DF8 DD 77 E0      [19] 4262 	ld	-32 (ix), a
   1DFB 06 38         [ 7] 4263 	ld	b, #0x38
   1DFD                    4264 01193$:
   1DFD DD CB E0 3E   [23] 4265 	srl	-32 (ix)
   1E01 DD CB DF 1E   [23] 4266 	rr	-33 (ix)
   1E05 DD CB DE 1E   [23] 4267 	rr	-34 (ix)
   1E09 DD CB DD 1E   [23] 4268 	rr	-35 (ix)
   1E0D DD CB DC 1E   [23] 4269 	rr	-36 (ix)
   1E11 DD CB DB 1E   [23] 4270 	rr	-37 (ix)
   1E15 DD CB DA 1E   [23] 4271 	rr	-38 (ix)
   1E19 DD CB D9 1E   [23] 4272 	rr	-39 (ix)
   1E1D 10 DE         [13] 4273 	djnz	01193$
   1E1F DD 46 D9      [19] 4274 	ld	b, -39 (ix)
   1E22 C5            [11] 4275 	push	bc
   1E23 33            [ 6] 4276 	inc	sp
   1E24 CDr4Er06      [17] 4277 	call	_TxByte
   1E27 33            [ 6] 4278 	inc	sp
                           4279 ;src\CFGESP.c:882: TxByte(ucServer[0]);
   1E28 DD 6E C9      [19] 4280 	ld	l, -55 (ix)
   1E2B DD 66 CA      [19] 4281 	ld	h, -54 (ix)
   1E2E 46            [ 7] 4282 	ld	b, (hl)
   1E2F C5            [11] 4283 	push	bc
   1E30 33            [ 6] 4284 	inc	sp
   1E31 CDr4Er06      [17] 4285 	call	_TxByte
   1E34 33            [ 6] 4286 	inc	sp
                           4287 ;src\CFGESP.c:883: TxByte(ucServer[1]);
   1E35 DD 6E C9      [19] 4288 	ld	l, -55 (ix)
   1E38 DD 66 CA      [19] 4289 	ld	h, -54 (ix)
   1E3B 23            [ 6] 4290 	inc	hl
   1E3C 46            [ 7] 4291 	ld	b, (hl)
   1E3D C5            [11] 4292 	push	bc
   1E3E 33            [ 6] 4293 	inc	sp
   1E3F CDr4Er06      [17] 4294 	call	_TxByte
   1E42 33            [ 6] 4295 	inc	sp
                           4296 ;src\CFGESP.c:884: TxByte(ucServer[2]);
   1E43 DD 6E C9      [19] 4297 	ld	l, -55 (ix)
   1E46 DD 66 CA      [19] 4298 	ld	h, -54 (ix)
   1E49 23            [ 6] 4299 	inc	hl
   1E4A 23            [ 6] 4300 	inc	hl
   1E4B 46            [ 7] 4301 	ld	b, (hl)
   1E4C C5            [11] 4302 	push	bc
   1E4D 33            [ 6] 4303 	inc	sp
   1E4E CDr4Er06      [17] 4304 	call	_TxByte
   1E51 33            [ 6] 4305 	inc	sp
                           4306 ;src\CFGESP.c:885: TxByte(ucServer[3]);
   1E52 DD 6E C9      [19] 4307 	ld	l, -55 (ix)
   1E55 DD 66 CA      [19] 4308 	ld	h, -54 (ix)
   1E58 23            [ 6] 4309 	inc	hl
   1E59 23            [ 6] 4310 	inc	hl
   1E5A 23            [ 6] 4311 	inc	hl
   1E5B 46            [ 7] 4312 	ld	b, (hl)
   1E5C C5            [11] 4313 	push	bc
   1E5D 33            [ 6] 4314 	inc	sp
   1E5E CDr4Er06      [17] 4315 	call	_TxByte
   1E61 33            [ 6] 4316 	inc	sp
                           4317 ;src\CFGESP.c:887: if (ucIsFw)
   1E62 3Ar08r00      [13] 4318 	ld	a,(#_ucIsFw + 0)
   1E65 B7            [ 4] 4319 	or	a, a
   1E66 28 26         [12] 4320 	jr	Z,00342$
                           4321 ;src\CFGESP.c:888: bResponse = WaitForRXData(responseRSFWUpdate,2,60,true,false,NULL,0);
   1E68 21 00 00      [10] 4322 	ld	hl, #0x0000
   1E6B E5            [11] 4323 	push	hl
   1E6C 2E 00         [ 7] 4324 	ld	l, #0x00
   1E6E E5            [11] 4325 	push	hl
   1E6F AF            [ 4] 4326 	xor	a, a
   1E70 57            [ 4] 4327 	ld	d,a
   1E71 1E 01         [ 7] 4328 	ld	e,#0x01
   1E73 D5            [11] 4329 	push	de
   1E74 2E 3C         [ 7] 4330 	ld	l, #0x3c
   1E76 E5            [11] 4331 	push	hl
   1E77 2E 02         [ 7] 4332 	ld	l, #0x02
   1E79 E5            [11] 4333 	push	hl
   1E7A 21rA2r00      [10] 4334 	ld	hl, #_responseRSFWUpdate
   1E7D E5            [11] 4335 	push	hl
   1E7E CDrD9r07      [17] 4336 	call	_WaitForRXData
   1E81 FD 21 0C 00   [14] 4337 	ld	iy, #12
   1E85 FD 39         [15] 4338 	add	iy, sp
   1E87 FD F9         [10] 4339 	ld	sp, iy
   1E89 DD 75 C1      [19] 4340 	ld	-63 (ix), l
   1E8C 18 24         [12] 4341 	jr	00343$
   1E8E                    4342 00342$:
                           4343 ;src\CFGESP.c:890: bResponse = WaitForRXData(responseRSCERTUpdate,2,60,true,false,NULL,0);
   1E8E 21 00 00      [10] 4344 	ld	hl, #0x0000
   1E91 E5            [11] 4345 	push	hl
   1E92 2E 00         [ 7] 4346 	ld	l, #0x00
   1E94 E5            [11] 4347 	push	hl
   1E95 AF            [ 4] 4348 	xor	a, a
   1E96 57            [ 4] 4349 	ld	d,a
   1E97 1E 01         [ 7] 4350 	ld	e,#0x01
   1E99 D5            [11] 4351 	push	de
   1E9A 2E 3C         [ 7] 4352 	ld	l, #0x3c
   1E9C E5            [11] 4353 	push	hl
   1E9D 2E 02         [ 7] 4354 	ld	l, #0x02
   1E9F E5            [11] 4355 	push	hl
   1EA0 21rA4r00      [10] 4356 	ld	hl, #_responseRSCERTUpdate
   1EA3 E5            [11] 4357 	push	hl
   1EA4 CDrD9r07      [17] 4358 	call	_WaitForRXData
   1EA7 FD 21 0C 00   [14] 4359 	ld	iy, #12
   1EAB FD 39         [15] 4360 	add	iy, sp
   1EAD FD F9         [10] 4361 	ld	sp, iy
   1EAF DD 75 C1      [19] 4362 	ld	-63 (ix), l
   1EB2                    4363 00343$:
                           4364 ;src\CFGESP.c:892: if (!bResponse)
   1EB2 DD 7E C1      [19] 4365 	ld	a, -63 (ix)
   1EB5 B7            [ 4] 4366 	or	a, a
   1EB6 20 0B         [12] 4367 	jr	NZ,00360$
                           4368 ;src\CFGESP.c:893: printf("Error requesting to start firmware update.\r\n");
   1EB8 21rD8r27      [10] 4369 	ld	hl, #___str_98
   1EBB E5            [11] 4370 	push	hl
   1EBC CDr00r00      [17] 4371 	call	_puts
   1EBF F1            [10] 4372 	pop	af
   1EC0 C3r3Ar20      [10] 4373 	jp	00364$
   1EC3                    4374 00360$:
                           4375 ;src\CFGESP.c:896: uiAnimationTimeOut = TickCount + 9;
   1EC3 FD 21 9E FC   [14] 4376 	ld	iy, #_TickCount
   1EC7 FD 7E 00      [19] 4377 	ld	a, 0 (iy)
   1ECA C6 09         [ 7] 4378 	add	a, #0x09
   1ECC DD 77 E7      [19] 4379 	ld	-25 (ix), a
   1ECF FD 7E 01      [19] 4380 	ld	a, 1 (iy)
   1ED2 CE 00         [ 7] 4381 	adc	a, #0x00
   1ED4 DD 77 E8      [19] 4382 	ld	-24 (ix), a
                           4383 ;src\CFGESP.c:897: do
   1ED7 DD 7E C9      [19] 4384 	ld	a, -55 (ix)
   1EDA DD 77 C7      [19] 4385 	ld	-57 (ix), a
   1EDD DD 7E CA      [19] 4386 	ld	a, -54 (ix)
   1EE0 DD 77 C8      [19] 4387 	ld	-56 (ix), a
   1EE3 DD 7E BF      [19] 4388 	ld	a, -65 (ix)
   1EE6 DD 77 CD      [19] 4389 	ld	-51 (ix), a
   1EE9 DD 7E C0      [19] 4390 	ld	a, -64 (ix)
   1EEC DD 77 CE      [19] 4391 	ld	-50 (ix), a
   1EEF                    4392 00354$:
                           4393 ;src\CFGESP.c:899: --uiAnimationTimeOut;
   1EEF DD 6E E7      [19] 4394 	ld	l, -25 (ix)
   1EF2 DD 66 E8      [19] 4395 	ld	h, -24 (ix)
   1EF5 2B            [ 6] 4396 	dec	hl
   1EF6 DD 75 E7      [19] 4397 	ld	-25 (ix), l
   1EF9 DD 74 E8      [19] 4398 	ld	-24 (ix), h
                           4399 ;src\CFGESP.c:900: if (TickCount>=uiAnimationTimeOut)
   1EFC FD 21 9E FC   [14] 4400 	ld	iy, #_TickCount
   1F00 FD 7E 00      [19] 4401 	ld	a, 0 (iy)
   1F03 DD 96 E7      [19] 4402 	sub	a, -25 (ix)
   1F06 FD 7E 01      [19] 4403 	ld	a, 1 (iy)
   1F09 DD 9E E8      [19] 4404 	sbc	a, -24 (ix)
   1F0C 38 35         [12] 4405 	jr	C,00345$
                           4406 ;src\CFGESP.c:902: uiAnimationTimeOut = 9;
   1F0E DD 36 E7 09   [19] 4407 	ld	-25 (ix), #0x09
   1F12 DD 36 E8 00   [19] 4408 	ld	-24 (ix), #0x00
                           4409 ;src\CFGESP.c:904: printf("%s",advance[i%5]); // next animation step
   1F16 21 05 00      [10] 4410 	ld	hl, #0x0005
   1F19 E5            [11] 4411 	push	hl
   1F1A DD 6E CD      [19] 4412 	ld	l, -51 (ix)
   1F1D DD 66 CE      [19] 4413 	ld	h, -50 (ix)
   1F20 E5            [11] 4414 	push	hl
   1F21 CDr00r00      [17] 4415 	call	__moduint
   1F24 F1            [10] 4416 	pop	af
   1F25 F1            [10] 4417 	pop	af
   1F26 4D            [ 4] 4418 	ld	c, l
   1F27 44            [ 4] 4419 	ld	b, h
   1F28 29            [11] 4420 	add	hl, hl
   1F29 29            [11] 4421 	add	hl, hl
   1F2A 29            [11] 4422 	add	hl, hl
   1F2B 09            [11] 4423 	add	hl, bc
   1F2C 29            [11] 4424 	add	hl, hl
   1F2D 11rB0r00      [10] 4425 	ld	de, #_advance
   1F30 19            [11] 4426 	add	hl, de
   1F31 E5            [11] 4427 	push	hl
   1F32 21r04r28      [10] 4428 	ld	hl, #___str_99
   1F35 E5            [11] 4429 	push	hl
   1F36 CDr00r00      [17] 4430 	call	_printf
   1F39 F1            [10] 4431 	pop	af
   1F3A F1            [10] 4432 	pop	af
                           4433 ;src\CFGESP.c:905: ++i;
   1F3B DD 34 CD      [23] 4434 	inc	-51 (ix)
   1F3E 20 03         [12] 4435 	jr	NZ,01195$
   1F40 DD 34 CE      [23] 4436 	inc	-50 (ix)
   1F43                    4437 01195$:
   1F43                    4438 00345$:
                           4439 ;src\CFGESP.c:907: if (!ucFirstBlock)
   1F43 DD 7E FB      [19] 4440 	ld	a, -5 (ix)
   1F46 B7            [ 4] 4441 	or	a, a
   1F47 20 2F         [12] 4442 	jr	NZ,00349$
                           4443 ;src\CFGESP.c:909: FileRead = MyRead(iFile, ucServer,256); //try to read 256 bytes of data
   1F49 DD 4E C7      [19] 4444 	ld	c, -57 (ix)
   1F4C DD 46 C8      [19] 4445 	ld	b, -56 (ix)
   1F4F 21 00 01      [10] 4446 	ld	hl, #0x0100
   1F52 E5            [11] 4447 	push	hl
   1F53 C5            [11] 4448 	push	bc
   1F54 DD 6E E5      [19] 4449 	ld	l, -27 (ix)
   1F57 DD 66 E6      [19] 4450 	ld	h, -26 (ix)
   1F5A E5            [11] 4451 	push	hl
   1F5B CDr00r00      [17] 4452 	call	_MyRead
   1F5E F1            [10] 4453 	pop	af
   1F5F F1            [10] 4454 	pop	af
   1F60 F1            [10] 4455 	pop	af
   1F61 DD 75 E9      [19] 4456 	ld	-23 (ix), l
                           4457 ;src\CFGESP.c:910: if (FileRead ==0)
   1F64 DD 74 EA      [19] 4458 	ld	-22 (ix), h
   1F67 7C            [ 4] 4459 	ld	a, h
   1F68 DD B6 E9      [19] 4460 	or	a, -23 (ix)
   1F6B 20 0F         [12] 4461 	jr	NZ,00350$
                           4462 ;src\CFGESP.c:912: printf("\rError reading file...\r\n");
   1F6D 21r07r28      [10] 4463 	ld	hl, #___str_101
   1F70 E5            [11] 4464 	push	hl
   1F71 CDr00r00      [17] 4465 	call	_puts
   1F74 F1            [10] 4466 	pop	af
                           4467 ;src\CFGESP.c:913: break;
   1F75 C3r16r20      [10] 4468 	jp	00356$
   1F78                    4469 00349$:
                           4470 ;src\CFGESP.c:917: ucFirstBlock = 0;
   1F78 DD 36 FB 00   [19] 4471 	ld	-5 (ix), #0x00
   1F7C                    4472 00350$:
                           4473 ;src\CFGESP.c:919: TxByte('z'); //Write block
   1F7C 3E 7A         [ 7] 4474 	ld	a, #0x7a
   1F7E F5            [11] 4475 	push	af
   1F7F 33            [ 6] 4476 	inc	sp
   1F80 CDr4Er06      [17] 4477 	call	_TxByte
   1F83 33            [ 6] 4478 	inc	sp
                           4479 ;src\CFGESP.c:920: TxByte((unsigned char)((FileRead&0xff00)>>8));
   1F84 DD 46 EA      [19] 4480 	ld	b, -22 (ix)
   1F87 0E 00         [ 7] 4481 	ld	c, #0x00
   1F89 C5            [11] 4482 	push	bc
   1F8A 33            [ 6] 4483 	inc	sp
   1F8B CDr4Er06      [17] 4484 	call	_TxByte
   1F8E 33            [ 6] 4485 	inc	sp
                           4486 ;src\CFGESP.c:921: TxByte((unsigned char)(FileRead&0xff));
   1F8F DD 46 E9      [19] 4487 	ld	b, -23 (ix)
   1F92 C5            [11] 4488 	push	bc
   1F93 33            [ 6] 4489 	inc	sp
   1F94 CDr4Er06      [17] 4490 	call	_TxByte
   1F97 33            [ 6] 4491 	inc	sp
                           4492 ;src\CFGESP.c:922: for (ii=0;ii<256;ii++)
   1F98 01 00 00      [10] 4493 	ld	bc, #0x0000
   1F9B                    4494 00429$:
                           4495 ;src\CFGESP.c:923: TxByte(ucServer[ii]);
   1F9B DD 6E C9      [19] 4496 	ld	l, -55 (ix)
   1F9E DD 66 CA      [19] 4497 	ld	h, -54 (ix)
   1FA1 09            [11] 4498 	add	hl, bc
   1FA2 56            [ 7] 4499 	ld	d, (hl)
   1FA3 C5            [11] 4500 	push	bc
   1FA4 D5            [11] 4501 	push	de
   1FA5 33            [ 6] 4502 	inc	sp
   1FA6 CDr4Er06      [17] 4503 	call	_TxByte
   1FA9 33            [ 6] 4504 	inc	sp
   1FAA C1            [10] 4505 	pop	bc
                           4506 ;src\CFGESP.c:922: for (ii=0;ii<256;ii++)
   1FAB 03            [ 6] 4507 	inc	bc
   1FAC 78            [ 4] 4508 	ld	a, b
   1FAD D6 01         [ 7] 4509 	sub	a, #0x01
   1FAF 38 EA         [12] 4510 	jr	C,00429$
                           4511 ;src\CFGESP.c:925: bResponse = WaitForRXData(responseWRBlock,2,600,true,false,NULL,0);
   1FB1 21 00 00      [10] 4512 	ld	hl, #0x0000
   1FB4 E5            [11] 4513 	push	hl
   1FB5 2E 00         [ 7] 4514 	ld	l, #0x00
   1FB7 E5            [11] 4515 	push	hl
   1FB8 AF            [ 4] 4516 	xor	a, a
   1FB9 57            [ 4] 4517 	ld	d,a
   1FBA 1E 01         [ 7] 4518 	ld	e,#0x01
   1FBC D5            [11] 4519 	push	de
   1FBD 21 58 02      [10] 4520 	ld	hl, #0x0258
   1FC0 E5            [11] 4521 	push	hl
   1FC1 21 02 00      [10] 4522 	ld	hl, #0x0002
   1FC4 E5            [11] 4523 	push	hl
   1FC5 21rA6r00      [10] 4524 	ld	hl, #_responseWRBlock
   1FC8 E5            [11] 4525 	push	hl
   1FC9 CDrD9r07      [17] 4526 	call	_WaitForRXData
   1FCC FD 21 0C 00   [14] 4527 	ld	iy, #12
   1FD0 FD 39         [15] 4528 	add	iy, sp
   1FD2 FD F9         [10] 4529 	ld	sp, iy
                           4530 ;src\CFGESP.c:927: if (!bResponse)
   1FD4 DD 75 C1      [19] 4531 	ld	-63 (ix), l
   1FD7 7D            [ 4] 4532 	ld	a, l
   1FD8 B7            [ 4] 4533 	or	a, a
   1FD9 20 0A         [12] 4534 	jr	NZ,00353$
                           4535 ;src\CFGESP.c:929: printf("\rError requesting to write firmware block.\r\n");
   1FDB 21r1Fr28      [10] 4536 	ld	hl, #___str_103
   1FDE E5            [11] 4537 	push	hl
   1FDF CDr00r00      [17] 4538 	call	_puts
   1FE2 F1            [10] 4539 	pop	af
                           4540 ;src\CFGESP.c:930: break;
   1FE3 18 31         [12] 4541 	jr	00356$
   1FE5                    4542 00353$:
                           4543 ;src\CFGESP.c:932: SentFileSize = SentFileSize - FileRead;
   1FE5 DD 4E E9      [19] 4544 	ld	c, -23 (ix)
   1FE8 DD 46 EA      [19] 4545 	ld	b, -22 (ix)
   1FEB 11 00 00      [10] 4546 	ld	de, #0x0000
   1FEE DD 7E F1      [19] 4547 	ld	a, -15 (ix)
   1FF1 91            [ 4] 4548 	sub	a, c
   1FF2 DD 77 F1      [19] 4549 	ld	-15 (ix), a
   1FF5 DD 7E F2      [19] 4550 	ld	a, -14 (ix)
   1FF8 98            [ 4] 4551 	sbc	a, b
   1FF9 DD 77 F2      [19] 4552 	ld	-14 (ix), a
   1FFC DD 7E F3      [19] 4553 	ld	a, -13 (ix)
   1FFF 9B            [ 4] 4554 	sbc	a, e
   2000 DD 77 F3      [19] 4555 	ld	-13 (ix), a
   2003 DD 7E F4      [19] 4556 	ld	a, -12 (ix)
   2006 9A            [ 4] 4557 	sbc	a, d
                           4558 ;src\CFGESP.c:934: while(SentFileSize);
   2007 DD 77 F4      [19] 4559 	ld	-12 (ix), a
   200A DD B6 F3      [19] 4560 	or	a, -13 (ix)
   200D DD B6 F2      [19] 4561 	or	a, -14 (ix)
   2010 DD B6 F1      [19] 4562 	or	a, -15 (ix)
   2013 C2rEFr1E      [10] 4563 	jp	NZ, 00354$
   2016                    4564 00356$:
                           4565 ;src\CFGESP.c:935: printf("%s",aDone);
   2016 21r0Ar01      [10] 4566 	ld	hl, #_aDone
   2019 E5            [11] 4567 	push	hl
   201A 21r04r28      [10] 4568 	ld	hl, #___str_99
   201D E5            [11] 4569 	push	hl
   201E CDr00r00      [17] 4570 	call	_printf
   2021 F1            [10] 4571 	pop	af
   2022 F1            [10] 4572 	pop	af
                           4573 ;src\CFGESP.c:938: if (bResponse)
   2023 DD 7E C1      [19] 4574 	ld	a, -63 (ix)
   2026 B7            [ 4] 4575 	or	a, a
   2027 28 11         [12] 4576 	jr	Z,00364$
                           4577 ;src\CFGESP.c:939: FinishUpdate(false);
   2029 AF            [ 4] 4578 	xor	a, a
   202A F5            [11] 4579 	push	af
   202B 33            [ 6] 4580 	inc	sp
   202C CDrDCr0A      [17] 4581 	call	_FinishUpdate
   202F 33            [ 6] 4582 	inc	sp
   2030 18 08         [12] 4583 	jr	00364$
   2032                    4584 00363$:
                           4585 ;src\CFGESP.c:943: Print("\rError reading firmware file!\r\n");
   2032 21r4Br28      [10] 4586 	ld	hl, #___str_104
   2035 E5            [11] 4587 	push	hl
   2036 CDr00r00      [17] 4588 	call	_Print
   2039 F1            [10] 4589 	pop	af
   203A                    4590 00364$:
                           4591 ;src\CFGESP.c:944: Close(iFile);
   203A DD 6E E5      [19] 4592 	ld	l, -27 (ix)
   203D DD 66 E6      [19] 4593 	ld	h, -26 (ix)
   2040 E5            [11] 4594 	push	hl
   2041 CDr00r00      [17] 4595 	call	_Close
   2044 F1            [10] 4596 	pop	af
   2045 C3rDAr22      [10] 4597 	jp	00413$
   2048                    4598 00366$:
                           4599 ;src\CFGESP.c:948: printf("Error, couldn't open %s ...\r\n",ucFile);
   2048 DD 7E D1      [19] 4600 	ld	a, -47 (ix)
   204B DD 77 C1      [19] 4601 	ld	-63 (ix), a
   204E DD 7E D2      [19] 4602 	ld	a, -46 (ix)
   2051 DD 77 C2      [19] 4603 	ld	-62 (ix), a
   2054 DD 7E C1      [19] 4604 	ld	a, -63 (ix)
   2057 DD 77 C1      [19] 4605 	ld	-63 (ix), a
   205A DD 7E C2      [19] 4606 	ld	a, -62 (ix)
   205D DD 77 C2      [19] 4607 	ld	-62 (ix), a
   2060 DD 6E C1      [19] 4608 	ld	l, -63 (ix)
   2063 DD 66 C2      [19] 4609 	ld	h, -62 (ix)
   2066 E5            [11] 4610 	push	hl
   2067 21r6Br28      [10] 4611 	ld	hl, #___str_105
   206A E5            [11] 4612 	push	hl
   206B CDr00r00      [17] 4613 	call	_printf
   206E F1            [10] 4614 	pop	af
   206F F1            [10] 4615 	pop	af
                           4616 ;src\CFGESP.c:949: return 0;
   2070 21 00 00      [10] 4617 	ld	hl, #0x0000
   2073 C3rDDr22      [10] 4618 	jp	00431$
   2076                    4619 00369$:
                           4620 ;src\CFGESP.c:954: printf("Error, %s is 0 bytes long...\r\n",ucFile);
   2076 DD 7E D1      [19] 4621 	ld	a, -47 (ix)
   2079 DD 77 C1      [19] 4622 	ld	-63 (ix), a
   207C DD 7E D2      [19] 4623 	ld	a, -46 (ix)
   207F DD 77 C2      [19] 4624 	ld	-62 (ix), a
   2082 DD 7E C1      [19] 4625 	ld	a, -63 (ix)
   2085 DD 77 C1      [19] 4626 	ld	-63 (ix), a
   2088 DD 7E C2      [19] 4627 	ld	a, -62 (ix)
   208B DD 77 C2      [19] 4628 	ld	-62 (ix), a
   208E DD 6E C1      [19] 4629 	ld	l, -63 (ix)
   2091 DD 66 C2      [19] 4630 	ld	h, -62 (ix)
   2094 E5            [11] 4631 	push	hl
   2095 21r89r28      [10] 4632 	ld	hl, #___str_106
   2098 E5            [11] 4633 	push	hl
   2099 CDr00r00      [17] 4634 	call	_printf
   209C F1            [10] 4635 	pop	af
   209D F1            [10] 4636 	pop	af
                           4637 ;src\CFGESP.c:955: return 0;
   209E 21 00 00      [10] 4638 	ld	hl, #0x0000
   20A1 C3rDDr22      [10] 4639 	jp	00431$
   20A4                    4640 00372$:
                           4641 ;src\CFGESP.c:960: printf("Error, couldn't open %s ...\r\n",ucFile);
   20A4 DD 7E D1      [19] 4642 	ld	a, -47 (ix)
   20A7 DD 77 C1      [19] 4643 	ld	-63 (ix), a
   20AA DD 7E D2      [19] 4644 	ld	a, -46 (ix)
   20AD DD 77 C2      [19] 4645 	ld	-62 (ix), a
   20B0 DD 7E C1      [19] 4646 	ld	a, -63 (ix)
   20B3 DD 77 C1      [19] 4647 	ld	-63 (ix), a
   20B6 DD 7E C2      [19] 4648 	ld	a, -62 (ix)
   20B9 DD 77 C2      [19] 4649 	ld	-62 (ix), a
   20BC DD 6E C1      [19] 4650 	ld	l, -63 (ix)
   20BF DD 66 C2      [19] 4651 	ld	h, -62 (ix)
   20C2 E5            [11] 4652 	push	hl
   20C3 21r6Br28      [10] 4653 	ld	hl, #___str_105
   20C6 E5            [11] 4654 	push	hl
   20C7 CDr00r00      [17] 4655 	call	_printf
   20CA F1            [10] 4656 	pop	af
   20CB F1            [10] 4657 	pop	af
                           4658 ;src\CFGESP.c:961: return 0;
   20CC 21 00 00      [10] 4659 	ld	hl, #0x0000
   20CF C3rDDr22      [10] 4660 	jp	00431$
   20D2                    4661 00399$:
                           4662 ;src\CFGESP.c:966: if (ucIsFw)
   20D2 3Ar08r00      [13] 4663 	ld	a,(#_ucIsFw + 0)
   20D5 B7            [ 4] 4664 	or	a, a
   20D6 28 20         [12] 4665 	jr	Z,00375$
                           4666 ;src\CFGESP.c:967: printf ("Ok, updating FW using server: %s port: %u\r\nFile path: %s\nPlease Wait, it can take up to a few minutes!\r\n",ucServer,uiPort,ucFile);
   20D8 DD 5E D1      [19] 4667 	ld	e, -47 (ix)
   20DB DD 56 D2      [19] 4668 	ld	d, -46 (ix)
   20DE DD 4E C9      [19] 4669 	ld	c, -55 (ix)
   20E1 DD 46 CA      [19] 4670 	ld	b, -54 (ix)
   20E4 D5            [11] 4671 	push	de
   20E5 2Ar01r00      [16] 4672 	ld	hl, (_uiPort)
   20E8 E5            [11] 4673 	push	hl
   20E9 C5            [11] 4674 	push	bc
   20EA 21rA8r28      [10] 4675 	ld	hl, #___str_107
   20ED E5            [11] 4676 	push	hl
   20EE CDr00r00      [17] 4677 	call	_printf
   20F1 21 08 00      [10] 4678 	ld	hl, #8
   20F4 39            [11] 4679 	add	hl, sp
   20F5 F9            [ 6] 4680 	ld	sp, hl
   20F6 18 1E         [12] 4681 	jr	00376$
   20F8                    4682 00375$:
                           4683 ;src\CFGESP.c:969: printf ("Ok, updating certificates using server: %s port: %u\r\nFile path: %s\nPlease Wait, it can take up to a few minutes!\r\n",ucServer,uiPort,ucFile);
   20F8 DD 5E D1      [19] 4684 	ld	e, -47 (ix)
   20FB DD 56 D2      [19] 4685 	ld	d, -46 (ix)
   20FE DD 4E C9      [19] 4686 	ld	c, -55 (ix)
   2101 DD 46 CA      [19] 4687 	ld	b, -54 (ix)
   2104 D5            [11] 4688 	push	de
   2105 2Ar01r00      [16] 4689 	ld	hl, (_uiPort)
   2108 E5            [11] 4690 	push	hl
   2109 C5            [11] 4691 	push	bc
   210A 21r11r29      [10] 4692 	ld	hl, #___str_108
   210D E5            [11] 4693 	push	hl
   210E CDr00r00      [17] 4694 	call	_printf
   2111 21 08 00      [10] 4695 	ld	hl, #8
   2114 39            [11] 4696 	add	hl, sp
   2115 F9            [ 6] 4697 	ld	sp, hl
   2116                    4698 00376$:
                           4699 ;src\CFGESP.c:970: uiCMDLen = strlen(ucServer) + 3; //3 = 0 terminator + 2 bytes port
   2116 DD 4E C9      [19] 4700 	ld	c, -55 (ix)
   2119 DD 46 CA      [19] 4701 	ld	b, -54 (ix)
   211C C5            [11] 4702 	push	bc
   211D CDr00r00      [17] 4703 	call	_strlen
   2120 F1            [10] 4704 	pop	af
   2121 DD 74 C2      [19] 4705 	ld	-62 (ix), h
   2124 DD 75 C1      [19] 4706 	ld	-63 (ix), l
   2127 7D            [ 4] 4707 	ld	a, l
   2128 C6 03         [ 7] 4708 	add	a, #0x03
   212A DD 77 EB      [19] 4709 	ld	-21 (ix), a
   212D DD 7E C2      [19] 4710 	ld	a, -62 (ix)
   2130 CE 00         [ 7] 4711 	adc	a, #0x00
   2132 DD 77 EC      [19] 4712 	ld	-20 (ix), a
                           4713 ;src\CFGESP.c:971: uiCMDLen += strlen(ucFile);
   2135 DD 7E D1      [19] 4714 	ld	a, -47 (ix)
   2138 DD 77 C1      [19] 4715 	ld	-63 (ix), a
   213B DD 7E D2      [19] 4716 	ld	a, -46 (ix)
   213E DD 77 C2      [19] 4717 	ld	-62 (ix), a
   2141 DD 7E C1      [19] 4718 	ld	a, -63 (ix)
   2144 DD 77 C1      [19] 4719 	ld	-63 (ix), a
   2147 DD 7E C2      [19] 4720 	ld	a, -62 (ix)
   214A DD 77 C2      [19] 4721 	ld	-62 (ix), a
   214D DD 6E C1      [19] 4722 	ld	l, -63 (ix)
   2150 DD 66 C2      [19] 4723 	ld	h, -62 (ix)
   2153 E5            [11] 4724 	push	hl
   2154 CDr00r00      [17] 4725 	call	_strlen
   2157 F1            [10] 4726 	pop	af
   2158 DD 74 C2      [19] 4727 	ld	-62 (ix), h
   215B DD 75 C1      [19] 4728 	ld	-63 (ix), l
   215E 7D            [ 4] 4729 	ld	a, l
   215F DD 86 EB      [19] 4730 	add	a, -21 (ix)
   2162 DD 77 C1      [19] 4731 	ld	-63 (ix), a
   2165 DD 7E C2      [19] 4732 	ld	a, -62 (ix)
   2168 DD 8E EC      [19] 4733 	adc	a, -20 (ix)
   216B DD 77 C2      [19] 4734 	ld	-62 (ix), a
                           4735 ;src\CFGESP.c:972: if (ucIsFw)
   216E 3Ar08r00      [13] 4736 	ld	a,(#_ucIsFw + 0)
   2171 B7            [ 4] 4737 	or	a, a
   2172 28 0A         [12] 4738 	jr	Z,00378$
                           4739 ;src\CFGESP.c:973: TxByte('U'); //Request Update Main Firmware remotely
   2174 3E 55         [ 7] 4740 	ld	a, #0x55
   2176 F5            [11] 4741 	push	af
   2177 33            [ 6] 4742 	inc	sp
   2178 CDr4Er06      [17] 4743 	call	_TxByte
   217B 33            [ 6] 4744 	inc	sp
   217C 18 08         [12] 4745 	jr	00379$
   217E                    4746 00378$:
                           4747 ;src\CFGESP.c:975: TxByte('u'); //Request Update spiffs remotely
   217E 3E 75         [ 7] 4748 	ld	a, #0x75
   2180 F5            [11] 4749 	push	af
   2181 33            [ 6] 4750 	inc	sp
   2182 CDr4Er06      [17] 4751 	call	_TxByte
   2185 33            [ 6] 4752 	inc	sp
   2186                    4753 00379$:
                           4754 ;src\CFGESP.c:976: TxByte((unsigned char)((uiCMDLen&0xff00)>>8));
   2186 DD 36 C7 00   [19] 4755 	ld	-57 (ix), #0x00
   218A DD 7E C2      [19] 4756 	ld	a, -62 (ix)
   218D DD 77 C8      [19] 4757 	ld	-56 (ix), a
   2190 DD 77 C7      [19] 4758 	ld	-57 (ix), a
   2193 DD 36 C8 00   [19] 4759 	ld	-56 (ix), #0x00
   2197 DD 7E C7      [19] 4760 	ld	a, -57 (ix)
   219A DD 77 C7      [19] 4761 	ld	-57 (ix), a
   219D F5            [11] 4762 	push	af
   219E 33            [ 6] 4763 	inc	sp
   219F CDr4Er06      [17] 4764 	call	_TxByte
   21A2 33            [ 6] 4765 	inc	sp
                           4766 ;src\CFGESP.c:977: TxByte((unsigned char)(uiCMDLen&0xff));
   21A3 DD 46 C1      [19] 4767 	ld	b, -63 (ix)
   21A6 C5            [11] 4768 	push	bc
   21A7 33            [ 6] 4769 	inc	sp
   21A8 CDr4Er06      [17] 4770 	call	_TxByte
   21AB 33            [ 6] 4771 	inc	sp
                           4772 ;src\CFGESP.c:978: TxByte((unsigned char)(uiPort&0xff));
   21AC 21r01r00      [10] 4773 	ld	hl,#_uiPort + 0
   21AF 46            [ 7] 4774 	ld	b, (hl)
   21B0 C5            [11] 4775 	push	bc
   21B1 33            [ 6] 4776 	inc	sp
   21B2 CDr4Er06      [17] 4777 	call	_TxByte
   21B5 33            [ 6] 4778 	inc	sp
                           4779 ;src\CFGESP.c:979: TxByte((unsigned char)((uiPort&0xff00)>>8));
   21B6 DD 36 C7 00   [19] 4780 	ld	-57 (ix), #0x00
   21BA 3Ar02r00      [13] 4781 	ld	a,(#_uiPort + 1)
   21BD DD 77 C8      [19] 4782 	ld	-56 (ix), a
   21C0 DD 77 C7      [19] 4783 	ld	-57 (ix), a
   21C3 DD 36 C8 00   [19] 4784 	ld	-56 (ix), #0x00
   21C7 DD 7E C7      [19] 4785 	ld	a, -57 (ix)
   21CA DD 77 C7      [19] 4786 	ld	-57 (ix), a
   21CD F5            [11] 4787 	push	af
   21CE 33            [ 6] 4788 	inc	sp
   21CF CDr4Er06      [17] 4789 	call	_TxByte
   21D2 33            [ 6] 4790 	inc	sp
                           4791 ;src\CFGESP.c:981: do
   21D3 DD 4E C1      [19] 4792 	ld	c, -63 (ix)
   21D6 DD 46 C2      [19] 4793 	ld	b, -62 (ix)
   21D9 DD 36 FF 00   [19] 4794 	ld	-1 (ix), #0x00
   21DD                    4795 00381$:
                           4796 ;src\CFGESP.c:983: tx_data = ucServer[rx_data];
   21DD DD 7E C9      [19] 4797 	ld	a, -55 (ix)
   21E0 DD 86 FF      [19] 4798 	add	a, -1 (ix)
   21E3 5F            [ 4] 4799 	ld	e, a
   21E4 DD 7E CA      [19] 4800 	ld	a, -54 (ix)
   21E7 CE 00         [ 7] 4801 	adc	a, #0x00
   21E9 57            [ 4] 4802 	ld	d, a
   21EA 1A            [ 7] 4803 	ld	a, (de)
   21EB 57            [ 4] 4804 	ld	d, a
                           4805 ;src\CFGESP.c:984: TxByte(tx_data);
   21EC C5            [11] 4806 	push	bc
   21ED D5            [11] 4807 	push	de
   21EE D5            [11] 4808 	push	de
   21EF 33            [ 6] 4809 	inc	sp
   21F0 CDr4Er06      [17] 4810 	call	_TxByte
   21F3 33            [ 6] 4811 	inc	sp
   21F4 D1            [10] 4812 	pop	de
   21F5 C1            [10] 4813 	pop	bc
                           4814 ;src\CFGESP.c:985: --uiCMDLen;
   21F6 0B            [ 6] 4815 	dec	bc
                           4816 ;src\CFGESP.c:986: ++rx_data;
   21F7 DD 34 FF      [23] 4817 	inc	-1 (ix)
                           4818 ;src\CFGESP.c:988: while((uiCMDLen)&&(tx_data!=0));
   21FA 78            [ 4] 4819 	ld	a, b
   21FB B1            [ 4] 4820 	or	a, c
   21FC 28 04         [12] 4821 	jr	Z,00383$
   21FE 7A            [ 4] 4822 	ld	a, d
   21FF B7            [ 4] 4823 	or	a, a
   2200 20 DB         [12] 4824 	jr	NZ,00381$
   2202                    4825 00383$:
                           4826 ;src\CFGESP.c:990: do
   2202 DD 71 EB      [19] 4827 	ld	-21 (ix), c
   2205 DD 70 EC      [19] 4828 	ld	-20 (ix), b
   2208 DD 36 FF 00   [19] 4829 	ld	-1 (ix), #0x00
   220C                    4830 00386$:
                           4831 ;src\CFGESP.c:992: tx_data = ucFile[rx_data];
   220C DD 7E D1      [19] 4832 	ld	a, -47 (ix)
   220F DD 86 FF      [19] 4833 	add	a, -1 (ix)
   2212 DD 77 C1      [19] 4834 	ld	-63 (ix), a
   2215 DD 7E D2      [19] 4835 	ld	a, -46 (ix)
   2218 CE 00         [ 7] 4836 	adc	a, #0x00
   221A DD 77 C2      [19] 4837 	ld	-62 (ix), a
   221D DD 6E C1      [19] 4838 	ld	l, -63 (ix)
   2220 DD 66 C2      [19] 4839 	ld	h, -62 (ix)
   2223 7E            [ 7] 4840 	ld	a, (hl)
                           4841 ;src\CFGESP.c:993: if (tx_data==0)
   2224 B7            [ 4] 4842 	or	a, a
   2225 28 1E         [12] 4843 	jr	Z,00388$
                           4844 ;src\CFGESP.c:995: TxByte(tx_data);
   2227 F5            [11] 4845 	push	af
   2228 33            [ 6] 4846 	inc	sp
   2229 CDr4Er06      [17] 4847 	call	_TxByte
   222C 33            [ 6] 4848 	inc	sp
                           4849 ;src\CFGESP.c:996: --uiCMDLen;
   222D DD 6E EB      [19] 4850 	ld	l, -21 (ix)
   2230 DD 66 EC      [19] 4851 	ld	h, -20 (ix)
   2233 2B            [ 6] 4852 	dec	hl
   2234 DD 75 EB      [19] 4853 	ld	-21 (ix), l
   2237 DD 74 EC      [19] 4854 	ld	-20 (ix), h
                           4855 ;src\CFGESP.c:997: ++rx_data;
   223A DD 34 FF      [23] 4856 	inc	-1 (ix)
                           4857 ;src\CFGESP.c:999: while(uiCMDLen);
   223D DD 7E EC      [19] 4858 	ld	a, -20 (ix)
   2240 DD B6 EB      [19] 4859 	or	a, -21 (ix)
   2243 20 C7         [12] 4860 	jr	NZ,00386$
   2245                    4861 00388$:
                           4862 ;src\CFGESP.c:1001: if (ucIsFw)
   2245 3Ar08r00      [13] 4863 	ld	a,(#_ucIsFw + 0)
   2248 B7            [ 4] 4864 	or	a, a
   2249 28 26         [12] 4865 	jr	Z,00390$
                           4866 ;src\CFGESP.c:1002: bResponse = WaitForRXData(responseOTAFW,2,18000,true,false,NULL,0);
   224B 21 00 00      [10] 4867 	ld	hl, #0x0000
   224E E5            [11] 4868 	push	hl
   224F 2E 00         [ 7] 4869 	ld	l, #0x00
   2251 E5            [11] 4870 	push	hl
   2252 AF            [ 4] 4871 	xor	a, a
   2253 57            [ 4] 4872 	ld	d,a
   2254 1E 01         [ 7] 4873 	ld	e,#0x01
   2256 D5            [11] 4874 	push	de
   2257 21 50 46      [10] 4875 	ld	hl, #0x4650
   225A E5            [11] 4876 	push	hl
   225B 21 02 00      [10] 4877 	ld	hl, #0x0002
   225E E5            [11] 4878 	push	hl
   225F 21rA8r00      [10] 4879 	ld	hl, #_responseOTAFW
   2262 E5            [11] 4880 	push	hl
   2263 CDrD9r07      [17] 4881 	call	_WaitForRXData
   2266 FD 21 0C 00   [14] 4882 	ld	iy, #12
   226A FD 39         [15] 4883 	add	iy, sp
   226C FD F9         [10] 4884 	ld	sp, iy
   226E 4D            [ 4] 4885 	ld	c, l
   226F 18 24         [12] 4886 	jr	00391$
   2271                    4887 00390$:
                           4888 ;src\CFGESP.c:1004: bResponse = WaitForRXData(responseOTASPIFF,2,18000,true,false,NULL,0);
   2271 21 00 00      [10] 4889 	ld	hl, #0x0000
   2274 E5            [11] 4890 	push	hl
   2275 2E 00         [ 7] 4891 	ld	l, #0x00
   2277 E5            [11] 4892 	push	hl
   2278 AF            [ 4] 4893 	xor	a, a
   2279 57            [ 4] 4894 	ld	d,a
   227A 1E 01         [ 7] 4895 	ld	e,#0x01
   227C D5            [11] 4896 	push	de
   227D 21 50 46      [10] 4897 	ld	hl, #0x4650
   2280 E5            [11] 4898 	push	hl
   2281 21 02 00      [10] 4899 	ld	hl, #0x0002
   2284 E5            [11] 4900 	push	hl
   2285 21rAAr00      [10] 4901 	ld	hl, #_responseOTASPIFF
   2288 E5            [11] 4902 	push	hl
   2289 CDrD9r07      [17] 4903 	call	_WaitForRXData
   228C FD 21 0C 00   [14] 4904 	ld	iy, #12
   2290 FD 39         [15] 4905 	add	iy, sp
   2292 FD F9         [10] 4906 	ld	sp, iy
   2294 4D            [ 4] 4907 	ld	c, l
   2295                    4908 00391$:
                           4909 ;src\CFGESP.c:1006: if (bResponse)
   2295 79            [ 4] 4910 	ld	a, c
   2296 B7            [ 4] 4911 	or	a, a
   2297 28 25         [12] 4912 	jr	Z,00396$
                           4913 ;src\CFGESP.c:1008: if ((!ucIsFw))
   2299 3Ar08r00      [13] 4914 	ld	a,(#_ucIsFw + 0)
   229C B7            [ 4] 4915 	or	a, a
   229D 20 0A         [12] 4916 	jr	NZ,00393$
                           4917 ;src\CFGESP.c:1009: printf("\rSuccess updating certificates!\r\n");
   229F 21r84r29      [10] 4918 	ld	hl, #___str_110
   22A2 E5            [11] 4919 	push	hl
   22A3 CDr00r00      [17] 4920 	call	_puts
   22A6 F1            [10] 4921 	pop	af
   22A7 18 08         [12] 4922 	jr	00394$
   22A9                    4923 00393$:
                           4924 ;src\CFGESP.c:1011: printf("\rSuccess, firmware updated, wait a minute so it is fully flashed.\r\n");
   22A9 21rA5r29      [10] 4925 	ld	hl, #___str_112
   22AC E5            [11] 4926 	push	hl
   22AD CDr00r00      [17] 4927 	call	_puts
   22B0 F1            [10] 4928 	pop	af
   22B1                    4929 00394$:
                           4930 ;src\CFGESP.c:1012: FinishUpdate(true);
   22B1 3E 01         [ 7] 4931 	ld	a, #0x01
   22B3 F5            [11] 4932 	push	af
   22B4 33            [ 6] 4933 	inc	sp
   22B5 CDrDCr0A      [17] 4934 	call	_FinishUpdate
   22B8 33            [ 6] 4935 	inc	sp
                           4936 ;src\CFGESP.c:1013: return 0;
   22B9 21 00 00      [10] 4937 	ld	hl, #0x0000
   22BC 18 1F         [12] 4938 	jr	00431$
   22BE                    4939 00396$:
                           4940 ;src\CFGESP.c:1016: printf("\rFailed to update from remote server...\r\n");
   22BE 21rE8r29      [10] 4941 	ld	hl, #___str_114
   22C1 E5            [11] 4942 	push	hl
   22C2 CDr00r00      [17] 4943 	call	_puts
   22C5 F1            [10] 4944 	pop	af
   22C6 18 12         [12] 4945 	jr	00413$
   22C8                    4946 00409$:
                           4947 ;src\CFGESP.c:1020: printf("ESP device not found...\r\n");
   22C8 21r11r2A      [10] 4948 	ld	hl, #___str_116
   22CB E5            [11] 4949 	push	hl
   22CC CDr00r00      [17] 4950 	call	_puts
   22CF F1            [10] 4951 	pop	af
   22D0 18 08         [12] 4952 	jr	00413$
   22D2                    4953 00412$:
                           4954 ;src\CFGESP.c:1023: printf(strUsage);
   22D2 21r1Ar01      [10] 4955 	ld	hl, #_strUsage
   22D5 E5            [11] 4956 	push	hl
   22D6 CDr00r00      [17] 4957 	call	_printf
   22D9 F1            [10] 4958 	pop	af
   22DA                    4959 00413$:
                           4960 ;src\CFGESP.c:1025: return 0;
   22DA 21 00 00      [10] 4961 	ld	hl, #0x0000
   22DD                    4962 00431$:
                           4963 ;src\CFGESP.c:1026: }
   22DD DD F9         [10] 4964 	ld	sp, ix
   22DF DD E1         [14] 4965 	pop	ix
   22E1 C9            [10] 4966 	ret
   22E2                    4967 ___str_31:
   22E2 3E 20 53 4D 2D 58  4968 	.ascii "> SM-X ESP Wi-Fi Module Configuration v2.00 <"
        20 45 53 50 20 57
        69 2D 46 69 20 4D
        6F 64 75 6C 65 20
        43 6F 6E 66 69 67
        75 72 61 74 69 6F
        6E 20 76 32 2E 30
        30 20 3C
   230F 0D                 4969 	.db 0x0d
   2310 0A                 4970 	.db 0x0a
   2311 28 63 29 20 32 30  4971 	.ascii "(c) 2026 Oduvaldo Pavan Junior - ducasp@gmail.com"
        32 36 20 4F 64 75
        76 61 6C 64 6F 20
        50 61 76 61 6E 20
        4A 75 6E 69 6F 72
        20 2D 20 64 75 63
        61 73 70 40 67 6D
        61 69 6C 2E 63 6F
        6D
   2342 0D                 4972 	.db 0x0d
   2343 0A                 4973 	.db 0x0a
   2344 00                 4974 	.db 0x00
   2345                    4975 ___str_32:
   2345 42 61 75 64 20 52  4976 	.ascii "Baud Rate: %s"
        61 74 65 3A 20 25
        73
   2352 0D                 4977 	.db 0x0d
   2353 0A                 4978 	.db 0x0a
   2354 00                 4979 	.db 0x00
   2355                    4980 ___str_33:
   2355 43 68 69 70 20 54  4981 	.ascii "Chip Type: "
        79 70 65 3A 20
   2360 00                 4982 	.db 0x00
   2361                    4983 ___str_34:
   2361 25 73              4984 	.ascii "%s"
   2363 0D                 4985 	.db 0x0d
   2364 0A                 4986 	.db 0x0a
   2365 00                 4987 	.db 0x00
   2366                    4988 ___str_36:
   2366 43 68 69 70 20 54  4989 	.ascii "Chip Type: ESP8266"
        79 70 65 3A 20 45
        53 50 38 32 36 36
   2378 0D                 4990 	.db 0x0d
   2379 00                 4991 	.db 0x00
   237A                    4992 ___str_37:
   237A 46 57 20 56 65 72  4993 	.ascii "FW Version: %c.%c"
        73 69 6F 6E 3A 20
        25 63 2E 25 63
   238B 0D                 4994 	.db 0x0d
   238C 0A                 4995 	.db 0x0a
   238D 00                 4996 	.db 0x00
   238E                    4997 ___str_38:
   238E 25 73 25 73        4998 	.ascii "%s%s"
   2392 0D                 4999 	.db 0x0d
   2393 0A                 5000 	.db 0x0a
   2394 0A                 5001 	.db 0x0a
   2395 00                 5002 	.db 0x00
   2396                    5003 ___str_40:
   2396 55 6E 6B 6E 6F 77  5004 	.ascii "Unknown status of AP!!!"
        6E 20 73 74 61 74
        75 73 20 6F 66 20
        41 50 21 21 21
   23AD 0D                 5005 	.db 0x0d
   23AE 0A                 5006 	.db 0x0a
   23AF 00                 5007 	.db 0x00
   23B0                    5008 ___str_41:
   23B0 0D                 5009 	.db 0x0d
   23B1 0A                 5010 	.db 0x0a
   23B2 53 65 74 74 69 6E  5011 	.ascii "Setting Wi-Fi idle timeout to %u..."
        67 20 57 69 2D 46
        69 20 69 64 6C 65
        20 74 69 6D 65 6F
        75 74 20 74 6F 20
        25 75 2E 2E 2E
   23D5 0D                 5012 	.db 0x0d
   23D6 0A                 5013 	.db 0x0a
   23D7 00                 5014 	.db 0x00
   23D8                    5015 ___str_43:
   23D8 0D                 5016 	.db 0x0d
   23D9 0A                 5017 	.db 0x0a
   23DA 53 65 74 74 69 6E  5018 	.ascii "Setting Wi-Fi to always on!"
        67 20 57 69 2D 46
        69 20 74 6F 20 61
        6C 77 61 79 73 20
        6F 6E 21
   23F5 0D                 5019 	.db 0x0d
   23F6 00                 5020 	.db 0x00
   23F7                    5021 ___str_45:
   23F7 0D                 5022 	.db 0x0d
   23F8 00                 5023 	.db 0x00
   23F9                    5024 ___str_47:
   23F9 43 68 6F 6F 73 65  5025 	.ascii "Choose AP:"
        20 41 50 3A
   2403 0D                 5026 	.db 0x0d
   2404 0A                 5027 	.db 0x0a
   2405 00                 5028 	.db 0x00
   2406                    5029 ___str_48:
   2406 25 75 20 2D 20 25  5030 	.ascii "%u - %s"
        73
   240D 00                 5031 	.db 0x00
   240E                    5032 ___str_50:
   240E 20 28 50 57 44 29  5033 	.ascii " (PWD)"
   2414 0D                 5034 	.db 0x0d
   2415 00                 5035 	.db 0x00
   2416                    5036 ___str_52:
   2416 20 28 4F 50 45 4E  5037 	.ascii " (OPEN)"
        29
   241D 0D                 5038 	.db 0x0d
   241E 00                 5039 	.db 0x00
   241F                    5040 ___str_53:
   241F 0D                 5041 	.db 0x0d
   2420 0A                 5042 	.db 0x0a
   2421 57 68 69 63 68 20  5043 	.ascii "Which one to connect? (ESC exit/SPACE BAR next page)"
        6F 6E 65 20 74 6F
        20 63 6F 6E 6E 65
        63 74 3F 20 28 45
        53 43 20 65 78 69
        74 2F 53 50 41 43
        45 20 42 41 52 20
        6E 65 78 74 20 70
        61 67 65 29
   2455 00                 5044 	.db 0x00
   2456                    5045 ___str_54:
   2456 0D                 5046 	.db 0x0d
   2457 0A                 5047 	.db 0x0a
   2458 57 68 69 63 68 20  5048 	.ascii "Which one to connect? (ESC exit)"
        6F 6E 65 20 74 6F
        20 63 6F 6E 6E 65
        63 74 3F 20 28 45
        53 43 20 65 78 69
        74 29
   2478 00                 5049 	.db 0x00
   2479                    5050 ___str_55:
   2479 20 25 63           5051 	.ascii " %c"
   247C 0D                 5052 	.db 0x0d
   247D 0A                 5053 	.db 0x0a
   247E 0A                 5054 	.db 0x0a
   247F 00                 5055 	.db 0x00
   2480                    5056 ___str_56:
   2480 50 61 73 73 77 6F  5057 	.ascii "Password? "
        72 64 3F 20
   248A 00                 5058 	.db 0x00
   248B                    5059 ___str_58:
   248B 43 6F 6E 6E 65 63  5060 	.ascii "Connecting to: %s "
        74 69 6E 67 20 74
        6F 3A 20 25 73 20
   249D 0D                 5061 	.db 0x0d
   249E 0A                 5062 	.db 0x0a
   249F 00                 5063 	.db 0x00
   24A0                    5064 ___str_60:
   24A0 53 75 63 63 65 73  5065 	.ascii "Success, AP configured to be used."
        73 2C 20 41 50 20
        63 6F 6E 66 69 67
        75 72 65 64 20 74
        6F 20 62 65 20 75
        73 65 64 2E
   24C2 0D                 5066 	.db 0x0d
   24C3 00                 5067 	.db 0x00
   24C4                    5068 ___str_62:
   24C4 45 72 72 6F 72 2C  5069 	.ascii "Error, wrong password!"
        20 77 72 6F 6E 67
        20 70 61 73 73 77
        6F 72 64 21
   24DA 0D                 5070 	.db 0x0d
   24DB 00                 5071 	.db 0x00
   24DC                    5072 ___str_64:
   24DC 45 72 72 6F 72 2C  5073 	.ascii "Error, if protected network, check password."
        20 69 66 20 70 72
        6F 74 65 63 74 65
        64 20 6E 65 74 77
        6F 72 6B 2C 20 63
        68 65 63 6B 20 70
        61 73 73 77 6F 72
        64 2E
   2508 0D                 5074 	.db 0x0d
   2509 00                 5075 	.db 0x00
   250A                    5076 ___str_68:
   250A 0D                 5077 	.db 0x0d
   250B 0A                 5078 	.db 0x0a
   250C 55 73 65 72 20 63  5079 	.ascii "User canceled by ESC key..."
        61 6E 63 65 6C 65
        64 20 62 79 20 45
        53 43 20 6B 65 79
        2E 2E 2E
   2527 0D                 5080 	.db 0x0d
   2528 00                 5081 	.db 0x00
   2529                    5082 ___str_70:
   2529 0D                 5083 	.db 0x0d
   252A 0A                 5084 	.db 0x0a
   252B 53 63 61 6E 20 72  5085 	.ascii "Scan results: no answer..."
        65 73 75 6C 74 73
        3A 20 6E 6F 20 61
        6E 73 77 65 72 2E
        2E 2E
   2545 0D                 5086 	.db 0x0d
   2546 00                 5087 	.db 0x00
   2547                    5088 ___str_72:
   2547 0D                 5089 	.db 0x0d
   2548 53 63 61 6E 20 72  5090 	.ascii "Scan request: no answer..."
        65 71 75 65 73 74
        3A 20 6E 6F 20 61
        6E 73 77 65 72 2E
        2E 2E
   2562 0D                 5091 	.db 0x0d
   2563 00                 5092 	.db 0x00
   2564                    5093 ___str_74:
   2564 0D                 5094 	.db 0x0d
   2565 4E 61 67 6C 65 20  5095 	.ascii "Nagle set as requested..."
        73 65 74 20 61 73
        20 72 65 71 75 65
        73 74 65 64 2E 2E
        2E
   257E 0D                 5096 	.db 0x0d
   257F 00                 5097 	.db 0x00
   2580                    5098 ___str_76:
   2580 0D                 5099 	.db 0x0d
   2581 4E 61 67 6C 65 20  5100 	.ascii "Nagle not set as requested, error!"
        6E 6F 74 20 73 65
        74 20 61 73 20 72
        65 71 75 65 73 74
        65 64 2C 20 65 72
        72 6F 72 21
   25A3 0D                 5101 	.db 0x0d
   25A4 00                 5102 	.db 0x00
   25A5                    5103 ___str_78:
   25A5 0D                 5104 	.db 0x0d
   25A6 52 65 71 75 65 73  5105 	.ascii "Requested to turn off Wi-Fi Radio..."
        74 65 64 20 74 6F
        20 74 75 72 6E 20
        6F 66 66 20 57 69
        2D 46 69 20 52 61
        64 69 6F 2E 2E 2E
   25CA 0D                 5106 	.db 0x0d
   25CB 00                 5107 	.db 0x00
   25CC                    5108 ___str_80:
   25CC 0D                 5109 	.db 0x0d
   25CD 52 65 71 75 65 73  5110 	.ascii "Request to turnoff Wi-Fi Radio error!"
        74 20 74 6F 20 74
        75 72 6E 6F 66 66
        20 57 69 2D 46 69
        20 52 61 64 69 6F
        20 65 72 72 6F 72
        21
   25F2 0D                 5111 	.db 0x0d
   25F3 00                 5112 	.db 0x00
   25F4                    5113 ___str_82:
   25F4 0D                 5114 	.db 0x0d
   25F5 57 69 2D 46 69 20  5115 	.ascii "Wi-Fi radio on Time-out set successfully..."
        72 61 64 69 6F 20
        6F 6E 20 54 69 6D
        65 2D 6F 75 74 20
        73 65 74 20 73 75
        63 63 65 73 73 66
        75 6C 6C 79 2E 2E
        2E
   2620 0D                 5116 	.db 0x0d
   2621 00                 5117 	.db 0x00
   2622                    5118 ___str_84:
   2622 0D                 5119 	.db 0x0d
   2623 45 72 72 6F 72 20  5120 	.ascii "Error setting Wi-Fi radio on Time-out!"
        73 65 74 74 69 6E
        67 20 57 69 2D 46
        69 20 72 61 64 69
        6F 20 6F 6E 20 54
        69 6D 65 2D 6F 75
        74 21
   2649 0D                 5121 	.db 0x0d
   264A 00                 5122 	.db 0x00
   264B                    5123 ___str_85:
   264B 46 69 6C 65 3A 20  5124 	.ascii "File: %s Size: %s "
        25 73 20 53 69 7A
        65 3A 20 25 73 20
   265D 0D                 5125 	.db 0x0d
   265E 0A                 5126 	.db 0x0a
   265F 00                 5127 	.db 0x00
   2660                    5128 ___str_87:
   2660 44 41 54 20 46 69  5129 	.ascii "DAT File naming error, ESP32 FW update most likely to not wo"
        6C 65 20 6E 61 6D
        69 6E 67 20 65 72
        72 6F 72 2C 20 45
        53 50 33 32 20 46
        57 20 75 70 64 61
        74 65 20 6D 6F 73
        74 20 6C 69 6B 65
        6C 79 20 74 6F 20
        6E 6F 74 20 77 6F
   269C 72 6B 2E 2E 2E     5130 	.ascii "rk..."
   26A1 0D                 5131 	.db 0x0d
   26A2 00                 5132 	.db 0x00
   26A3                    5133 ___str_88:
   26A3 45 53 50 33 32 2C  5134 	.ascii "ESP32, trying to open %s file to confirm firmware type..."
        20 74 72 79 69 6E
        67 20 74 6F 20 6F
        70 65 6E 20 25 73
        20 66 69 6C 65 20
        74 6F 20 63 6F 6E
        66 69 72 6D 20 66
        69 72 6D 77 61 72
        65 20 74 79 70 65
        2E 2E 2E
   26DC 0D                 5135 	.db 0x0d
   26DD 0A                 5136 	.db 0x0a
   26DE 00                 5137 	.db 0x00
   26DF                    5138 ___str_90:
   26DF 46 69 72 6D 77 61  5139 	.ascii "Firmware File not correct, ESP32 FW not go on and fail on Z "
        72 65 20 46 69 6C
        65 20 6E 6F 74 20
        63 6F 72 72 65 63
        74 2C 20 45 53 50
        33 32 20 46 57 20
        6E 6F 74 20 67 6F
        20 6F 6E 20 61 6E
        64 20 66 61 69 6C
        20 6F 6E 20 5A 20
   271B 63 6F 6D 6D 61 6E  5140 	.ascii "command..."
        64 2E 2E 2E
   2725 0D                 5141 	.db 0x0d
   2726 00                 5142 	.db 0x00
   2727                    5143 ___str_92:
   2727 46 69 72 6D 77 61  5144 	.ascii "Firmware type correct, will proceed sending it!"
        72 65 20 74 79 70
        65 20 63 6F 72 72
        65 63 74 2C 20 77
        69 6C 6C 20 70 72
        6F 63 65 65 64 20
        73 65 6E 64 69 6E
        67 20 69 74 21
   2756 0D                 5145 	.db 0x0d
   2757 00                 5146 	.db 0x00
   2758                    5147 ___str_94:
   2758 44 41 54 20 46 69  5148 	.ascii "DAT File not valid, ESP32 FW update most likely to not work."
        6C 65 20 6E 6F 74
        20 76 61 6C 69 64
        2C 20 45 53 50 33
        32 20 46 57 20 75
        70 64 61 74 65 20
        6D 6F 73 74 20 6C
        69 6B 65 6C 79 20
        74 6F 20 6E 6F 74
        20 77 6F 72 6B 2E
   2794 2E 2E              5149 	.ascii ".."
   2796 0D                 5150 	.db 0x0d
   2797 00                 5151 	.db 0x00
   2798                    5152 ___str_96:
   2798 44 41 54 20 46 69  5153 	.ascii "DAT File not found, ESP32 FW update most likely to not work."
        6C 65 20 6E 6F 74
        20 66 6F 75 6E 64
        2C 20 45 53 50 33
        32 20 46 57 20 75
        70 64 61 74 65 20
        6D 6F 73 74 20 6C
        69 6B 65 6C 79 20
        74 6F 20 6E 6F 74
        20 77 6F 72 6B 2E
   27D4 2E 2E              5154 	.ascii ".."
   27D6 0D                 5155 	.db 0x0d
   27D7 00                 5156 	.db 0x00
   27D8                    5157 ___str_98:
   27D8 45 72 72 6F 72 20  5158 	.ascii "Error requesting to start firmware update."
        72 65 71 75 65 73
        74 69 6E 67 20 74
        6F 20 73 74 61 72
        74 20 66 69 72 6D
        77 61 72 65 20 75
        70 64 61 74 65 2E
   2802 0D                 5159 	.db 0x0d
   2803 00                 5160 	.db 0x00
   2804                    5161 ___str_99:
   2804 25 73              5162 	.ascii "%s"
   2806 00                 5163 	.db 0x00
   2807                    5164 ___str_101:
   2807 0D                 5165 	.db 0x0d
   2808 45 72 72 6F 72 20  5166 	.ascii "Error reading file..."
        72 65 61 64 69 6E
        67 20 66 69 6C 65
        2E 2E 2E
   281D 0D                 5167 	.db 0x0d
   281E 00                 5168 	.db 0x00
   281F                    5169 ___str_103:
   281F 0D                 5170 	.db 0x0d
   2820 45 72 72 6F 72 20  5171 	.ascii "Error requesting to write firmware block."
        72 65 71 75 65 73
        74 69 6E 67 20 74
        6F 20 77 72 69 74
        65 20 66 69 72 6D
        77 61 72 65 20 62
        6C 6F 63 6B 2E
   2849 0D                 5172 	.db 0x0d
   284A 00                 5173 	.db 0x00
   284B                    5174 ___str_104:
   284B 0D                 5175 	.db 0x0d
   284C 45 72 72 6F 72 20  5176 	.ascii "Error reading firmware file!"
        72 65 61 64 69 6E
        67 20 66 69 72 6D
        77 61 72 65 20 66
        69 6C 65 21
   2868 0D                 5177 	.db 0x0d
   2869 0A                 5178 	.db 0x0a
   286A 00                 5179 	.db 0x00
   286B                    5180 ___str_105:
   286B 45 72 72 6F 72 2C  5181 	.ascii "Error, couldn't open %s ..."
        20 63 6F 75 6C 64
        6E 27 74 20 6F 70
        65 6E 20 25 73 20
        2E 2E 2E
   2886 0D                 5182 	.db 0x0d
   2887 0A                 5183 	.db 0x0a
   2888 00                 5184 	.db 0x00
   2889                    5185 ___str_106:
   2889 45 72 72 6F 72 2C  5186 	.ascii "Error, %s is 0 bytes long..."
        20 25 73 20 69 73
        20 30 20 62 79 74
        65 73 20 6C 6F 6E
        67 2E 2E 2E
   28A5 0D                 5187 	.db 0x0d
   28A6 0A                 5188 	.db 0x0a
   28A7 00                 5189 	.db 0x00
   28A8                    5190 ___str_107:
   28A8 4F 6B 2C 20 75 70  5191 	.ascii "Ok, updating FW using server: %s port: %u"
        64 61 74 69 6E 67
        20 46 57 20 75 73
        69 6E 67 20 73 65
        72 76 65 72 3A 20
        25 73 20 70 6F 72
        74 3A 20 25 75
   28D1 0D                 5192 	.db 0x0d
   28D2 0A                 5193 	.db 0x0a
   28D3 46 69 6C 65 20 70  5194 	.ascii "File path: %s"
        61 74 68 3A 20 25
        73
   28E0 0A                 5195 	.db 0x0a
   28E1 50 6C 65 61 73 65  5196 	.ascii "Please Wait, it can take up to a few minutes!"
        20 57 61 69 74 2C
        20 69 74 20 63 61
        6E 20 74 61 6B 65
        20 75 70 20 74 6F
        20 61 20 66 65 77
        20 6D 69 6E 75 74
        65 73 21
   290E 0D                 5197 	.db 0x0d
   290F 0A                 5198 	.db 0x0a
   2910 00                 5199 	.db 0x00
   2911                    5200 ___str_108:
   2911 4F 6B 2C 20 75 70  5201 	.ascii "Ok, updating certificates using server: %s port: %u"
        64 61 74 69 6E 67
        20 63 65 72 74 69
        66 69 63 61 74 65
        73 20 75 73 69 6E
        67 20 73 65 72 76
        65 72 3A 20 25 73
        20 70 6F 72 74 3A
        20 25 75
   2944 0D                 5202 	.db 0x0d
   2945 0A                 5203 	.db 0x0a
   2946 46 69 6C 65 20 70  5204 	.ascii "File path: %s"
        61 74 68 3A 20 25
        73
   2953 0A                 5205 	.db 0x0a
   2954 50 6C 65 61 73 65  5206 	.ascii "Please Wait, it can take up to a few minutes!"
        20 57 61 69 74 2C
        20 69 74 20 63 61
        6E 20 74 61 6B 65
        20 75 70 20 74 6F
        20 61 20 66 65 77
        20 6D 69 6E 75 74
        65 73 21
   2981 0D                 5207 	.db 0x0d
   2982 0A                 5208 	.db 0x0a
   2983 00                 5209 	.db 0x00
   2984                    5210 ___str_110:
   2984 0D                 5211 	.db 0x0d
   2985 53 75 63 63 65 73  5212 	.ascii "Success updating certificates!"
        73 20 75 70 64 61
        74 69 6E 67 20 63
        65 72 74 69 66 69
        63 61 74 65 73 21
   29A3 0D                 5213 	.db 0x0d
   29A4 00                 5214 	.db 0x00
   29A5                    5215 ___str_112:
   29A5 0D                 5216 	.db 0x0d
   29A6 53 75 63 63 65 73  5217 	.ascii "Success, firmware updated, wait a minute so it is fully flas"
        73 2C 20 66 69 72
        6D 77 61 72 65 20
        75 70 64 61 74 65
        64 2C 20 77 61 69
        74 20 61 20 6D 69
        6E 75 74 65 20 73
        6F 20 69 74 20 69
        73 20 66 75 6C 6C
        79 20 66 6C 61 73
   29E2 68 65 64 2E        5218 	.ascii "hed."
   29E6 0D                 5219 	.db 0x0d
   29E7 00                 5220 	.db 0x00
   29E8                    5221 ___str_114:
   29E8 0D                 5222 	.db 0x0d
   29E9 46 61 69 6C 65 64  5223 	.ascii "Failed to update from remote server..."
        20 74 6F 20 75 70
        64 61 74 65 20 66
        72 6F 6D 20 72 65
        6D 6F 74 65 20 73
        65 72 76 65 72 2E
        2E 2E
   2A0F 0D                 5224 	.db 0x0d
   2A10 00                 5225 	.db 0x00
   2A11                    5226 ___str_116:
   2A11 45 53 50 20 64 65  5227 	.ascii "ESP device not found..."
        76 69 63 65 20 6E
        6F 74 20 66 6F 75
        6E 64 2E 2E 2E
   2A28 0D                 5228 	.db 0x0d
   2A29 00                 5229 	.db 0x00
                           5230 	.area _CODE
   2A2A                    5231 ___str_117:
   2A2A 57 69 2D 46 69 20  5232 	.ascii "Wi-Fi is Idle, AP: "
        69 73 20 49 64 6C
        65 2C 20 41 50 3A
        20
   2A3D 00                 5233 	.db 0x00
   2A3E                    5234 ___str_118:
   2A3E 57 69 2D 46 69 20  5235 	.ascii "Wi-Fi Connecting to AP: "
        43 6F 6E 6E 65 63
        74 69 6E 67 20 74
        6F 20 41 50 3A 20
   2A56 00                 5236 	.db 0x00
   2A57                    5237 ___str_119:
   2A57 57 69 2D 46 69 20  5238 	.ascii "Wi-Fi Wrong Password for AP: "
        57 72 6F 6E 67 20
        50 61 73 73 77 6F
        72 64 20 66 6F 72
        20 41 50 3A 20
   2A74 00                 5239 	.db 0x00
   2A75                    5240 ___str_120:
   2A75 57 69 2D 46 69 20  5241 	.ascii "Wi-Fi Did not find AP: "
        44 69 64 20 6E 6F
        74 20 66 69 6E 64
        20 41 50 3A 20
   2A8C 00                 5242 	.db 0x00
   2A8D                    5243 ___str_121:
   2A8D 57 69 2D 46 69 20  5244 	.ascii "Wi-Fi Failed to connect to: "
        46 61 69 6C 65 64
        20 74 6F 20 63 6F
        6E 6E 65 63 74 20
        74 6F 3A 20
   2AA9 00                 5245 	.db 0x00
   2AAA                    5246 ___str_122:
   2AAA 57 69 2D 46 69 20  5247 	.ascii "Wi-Fi Connected to: "
        43 6F 6E 6E 65 63
        74 65 64 20 74 6F
        3A 20
   2ABE 00                 5248 	.db 0x00
   2ABF                    5249 ___str_123:
   2ABF 38 35 39 33 37 32  5250 	.ascii "859372 bps"
        20 62 70 73
   2AC9 00                 5251 	.db 0x00
   2ACA                    5252 ___str_124:
   2ACA 33 34 36 35 32 30  5253 	.ascii "346520 bps"
        20 62 70 73
   2AD4 00                 5254 	.db 0x00
   2AD5                    5255 ___str_125:
   2AD5 32 33 31 30 31 34  5256 	.ascii "231014 bps"
        20 62 70 73
   2ADF 00                 5257 	.db 0x00
   2AE0                    5258 ___str_126:
   2AE0 31 31 35 32 30 30  5259 	.ascii "115200 bps"
        20 62 70 73
   2AEA 00                 5260 	.db 0x00
   2AEB                    5261 ___str_127:
   2AEB 35 37 36 30 30 20  5262 	.ascii "57600 bps"
        62 70 73
   2AF4 00                 5263 	.db 0x00
   2AF5                    5264 ___str_128:
   2AF5 33 38 34 30 30 20  5265 	.ascii "38400 bps"
        62 70 73
   2AFE 00                 5266 	.db 0x00
   2AFF                    5267 ___str_129:
   2AFF 33 31 32 35 30 20  5268 	.ascii "31250 bps"
        62 70 73
   2B08 00                 5269 	.db 0x00
   2B09                    5270 ___str_130:
   2B09 31 39 32 30 30 20  5271 	.ascii "19200 bps"
        62 70 73
   2B12 00                 5272 	.db 0x00
   2B13                    5273 ___str_131:
   2B13 39 36 30 30 20 62  5274 	.ascii "9600 bps"
        70 73
   2B1B 00                 5275 	.db 0x00
   2B1C                    5276 ___str_132:
   2B1C 34 38 30 30 20 62  5277 	.ascii "4800 bps"
        70 73
   2B24 00                 5278 	.db 0x00
                           5279 	.area _INITIALIZER
   0000                    5280 __xinit__strAPSts:
   0000r2Ar2A              5281 	.dw ___str_117
   0002r3Er2A              5282 	.dw ___str_118
   0004r57r2A              5283 	.dw ___str_119
   0006r75r2A              5284 	.dw ___str_120
   0008r8Dr2A              5285 	.dw ___str_121
   000ArAAr2A              5286 	.dw ___str_122
   000C                    5287 __xinit__speedStr:
   000CrBFr2A              5288 	.dw ___str_123
   000ErCAr2A              5289 	.dw ___str_124
   0010rD5r2A              5290 	.dw ___str_125
   0012rE0r2A              5291 	.dw ___str_126
   0014rEBr2A              5292 	.dw ___str_127
   0016rF5r2A              5293 	.dw ___str_128
   0018rFFr2A              5294 	.dw ___str_129
   001Ar09r2B              5295 	.dw ___str_130
   001Cr13r2B              5296 	.dw ___str_131
   001Er1Cr2B              5297 	.dw ___str_132
                           5298 	.area _CABS (ABS)
