Sjasm Z80 Assembler v0.42c - www.xl2s.tk             [2026.09.24 - 19:01:22]

ESPUNAPI.asm
Errors: 0

       1   00:4000                      ; ESPUNAPI TCP/IP SSH UNAPI BIOS v.1.0
       2   00:4000                      ; Oduvaldo Pavan Junior
       3   00:4000                      ; ducasp@gmail.com
       4   00:4000                      ;    This code implements TCP/IP and SSH UNAPI SpecificationM
       5   00:4000                      ;
       6   00:4000                      ; Pieces of this code were based on DENYOTCP.ASM (Denyonet ROM)
       7   00:4000                      ; made by Konamiman
       8   00:4000                      ;
       9   00:4000                      ; This code also has contributions from KdL, most specifically in the Wi-Fi
      10   00:4000                      ; setup menus and functionality, he has helped quite a lot to get it to the
      11   00:4000                      ; final format and functionality, thanks!
      12   00:4000                      ;
      13   00:4000                      ; This code has contribution from Jeroen Taverne that helped making some
      14   00:4000                      ; MACROs on the fixed / non speed optimized loop I/O parts of the code so
      15   00:4000                      ; we can easily switch this from I/O based to Memory Based.
      16   00:4000                      ;
      17   00:4000                      ; Note: this implementation depends upon ESP having the UNAPI
      18   00:4000                      ; firmware flashed. This firmware has been developed by me as well.
      19   00:4000                      ;
      20   00:4000                      ; Usage is free as long as you publish your code changes. If you make a profit
      21   00:4000                      ; selling something using this code, a suggestion is that you donate one or two
      22   00:4000                      ; pieces of the hardware to the MSX DEV contest to be awarded to MSX DEV winners
      23   00:4000                      ; as this shouldn't cost much and perhaps will bring interest on developers to
      24   00:4000                      ; make games that support internet :)
      25   00:4000                      ;
      26   00:4000                      ; Design details:
      27   00:4000                      ; There are five instances of this ROM
      28   00:4000                      ;
      29   00:4000                      ; 1 - If configured as disabled in set-up menu item 4, or through setting F2
      30   00:4000                      ;     device to EF or keeping DEL pressed during boot, it won't load at all.
      31   00:4000                      ; 2 - F1 is pressed during boot, or through setting F2 device to F1, it will
      32   00:4000                      ;     show a setup menu, ESC resume boot.
      33   00:4000                      ; 3 - F2 is pressed during a soft reset, or trhough setting F2 device to F2 it
      34   00:4000                      ;     will force re-set of the ESP and re-connection to the AP.
      35   00:4000                      ; 4 - No key is pressed during a warm boot and F2 device is set to F0, UNAPI 
      36   00:4000                      ;     is enabled (default), EXTBIO HOOK for UNAPI calls is installed and HTIM_I
      37   00:4000                      ;     hook for internal usage and a few bytes at top of TPA are reserved upon
      38   00:4000                      ;     the first UNAPI function being called. No ESP reset or tries to set-up the
      39   00:4000                      ;     the RTC are done, so it is a quick warm-boot.
      40   00:4000                      ; 5 - No key is pressed during a cold boot or F2 is set to FE or any unknown
      41   00:4000                      ;     value, UNAPI is enabled (default), EXTBIO HOOK for UNAPI calls is installed
      42   00:4000                      ;     and HTIM_I hook for internal usage and a few bytes at top of TPA are reserved
      43   00:4000                      ;     upon the first UNAPI function being called. ESP is reset and if BIOS is set
      44   00:4000                      ;     up to do so, SNTP connection attempt is made and RTC is updated
      45   00:4000                      ;
      46   00:4000                      ; As a ROM, our segment is read only, so for RAM needs we need to use RAM not
      47   00:4000                      ; in our page. This ROM will do the following:
      48   00:4000                      ;
      49   00:4000                      ; If running the SETUP menu, we are going to "borrow" BASIC program area, that
      50   00:4000                      ; is saved at TXTTAB. We can't allocate memory at this point as any possible
      51   00:4000                      ; disk rom might be sitting on a slot that has not been initialized and results
      52   00:4000                      ; could be bad. The BASIC program area trick should be safe, unless some other
      53   00:4000                      ; cartridge runs a BASIC software for something (i.e.: wait disks be initialized
      54   00:4000                      ; ), in such case, that BASIC software or trick will most likely be corrupted
      55   00:4000                      ; after running our setup.
      56   00:4000                      ;
      57   00:4000                      ; After boot, we need RAM in the 4th page. We have the SLOT WORK AREA for free,
      58   00:4000                      ; it is 8 bytes reserved for our slot, and that is certainly not enough, just
      59   00:4000                      ; the EXTBIOS HOOK backup cost us 5 bytes, so we have three bytes remaining. Of
      60   00:4000                      ; those, we use two to indicate the bottom of the memory reserved in the 4th
      61   00:4000                      ; page. Whenever more memory is needed, HIMEM_RESERVED_SIZE must change, just
      62   00:4000                      ; remember that more memory reserved means less memory available to
      63   00:4000                      ; applications and BASIC, so use it wisely.
      64   00:4000                      ;
      65   00:4000                      ; Slot Work Area Details
      66   00:4000                      ; 0000 - 0004   : EXTBIO hook backup
      67   00:4000                      ; 0005 - 0006   : HIMEM Allocated area (starts with 00 xx, once allocated goes
      68   00:4000                      ;                 to Fxxx or Exxx so checking 0005 if 00 is enough)
      69   00:4000                      ; 007           : Flags: bit 0 ESP32, bit 1 SSH supported, bit 7 probed
      70   00:4000                      ;
      71   00:4000                      ; Current HIMEM mapping offset related to the address stored in the 6th and 7th
      72   00:4000                      ; bytes of our slot work area:
      73   00:4000                      ;
      74   00:4000                      ; 0000 - 0004   : HTIM_I hook backup
      75   00:4000                      ; 0005 - 0006   : Counter that our HTIM_I hook updates
      76   00:4000                      ; 0007          : Store Single Byte some functions need
      77   00:4000                      ; 0008          : Stores whether DNS is ready or not
      78   00:4000                      ; 0009 - 000A   : Stores last DNS result
      79   00:4000                      ; 000B - 000C   : Stores a 16 bits value
      80   00:4000                      ; 000D - 0012   : Store a backup of BC / DE / HL
      81   00:4000                      ;   000D - 000E : C and B
      82   00:4000                      ;   000F - 0010 : D and E
      83   00:4000                      ;   0011 - 0012 : H and L
      84   00:4000                      ; 0014 - 001D   : Unused
      85   00:4000                      ;
      86   00:4000                      ; As this is sitting on a slot, there is a resoanable chance that this is initialized
      87   00:4000                      ; before any disk controllers. If that is the case, allocating memory at HIMEM is bad
      88   00:4000                      ; and might have two bad behaviors:
      89   00:4000                      ;
      90   00:4000                      ; 1 - Disk Controller is smart enough to determine HIMEM was moved and simply do not
      91   00:4000                      ; initialize. No disk available...
      92   00:4000                      ; 2 - Disk Controller doesn't care and simply wipe-out memory below original HIMEM at
      93   00:4000                      ; boot to create the disk interfaces static work area, thus, causing our allocated
      94   00:4000                      ; memory to be overwritten and MSX will most likely crash on ther first VDP interrupt
      95   00:4000                      ; after that...
      96   00:4000                      ;
      97   00:4000                      ; So, allocating memory at cartridge startup will make MSX freeze or misbehave or not
      98   00:4000                      ; have the disk available if our ROM is sitting in a slot lower than the disk. There
      99   00:4000                      ; are a few possibilities:
     100   00:4000                      ;
     101   00:4000                      ; 1 - Hook to H_STKE, it is called once all slots have been initialized... But, using
     102   00:4000                      ; this hook will make ESE SCSI to not work and halt with a "No enough memory" message,
     103   00:4000                      ; so I do not consider it a good option as the intention is to re-use code for other
     104   00:4000                      ; adapters.
     105   00:4000                      ; 2 - On any UNAPI call check the slot work area if the allocated area is other than 00
     106   00:4000                      ; and if it is, execute, otherwise, first execute our allocation routine. This has an
     107   00:4000                      ; overhead of a dozen instructions at every UNAPI function we execute, does not seem to
     108   00:4000                      ; impact performance compared to the UNAPI RAM driver that doesn't has it
     109   00:4000                      ; 3 - Try to go crazy and check for dos roms on slots above us, initialize those first
     110   00:4000                      ; if found... Too much trouble for a dozen instructions.
     111   00:4000                      ;
     112   00:4000                      ; So, for the moment the design decision is option #2
     113   00:4000                      ;
     114   00:4000                      ; F2 Device by KdL
     115   00:4000                      ; That device, present on recent OCM implementations, allow a byte to be saved and
     116   00:4000                      ; read from IO address F2. It has FF on start-up, and KdL devised the following
     117   00:4000                      ; values/states:
     118   00:4000                      ;
     119   00:4000                      ; FF - Default, meaning cold boot
     120   00:4000                      ; FE - Set this when an unexpected error occurred
     121   00:4000                      ; F2 - Equivalent to keeping F2 pressed at boot time, force the next warm boot
     122   00:4000                      ;      to try to detect the ESP8266
     123   00:4000                      ; F1 - Will force the Wi-Fi setup at next warm boot, so it is not needed to
     124   00:4000                      ;      keep F1 pressed
     125   00:4000                      ; F0 - Means that RTC has date and time, so the next warm boot doesn't check
     126   00:4000                      ;      for F1/F2 or try to update RTC, being faster
     127   00:4000                      ; EF - Set when ESP was not found or by user at runtime to disable UNAPI
     128   00:4000                      ;      next warm boot
     129   00:4000                      ;
     130   00:4000                      ; MSX Pico also implements the F2 device
     131   00:4000                      
     132   00:4000                      ;*************************
     133   00:4000                      ;***  BUILD DEFINITIONS **
     134   00:4000                      ;*************************
     135   00:4000                      
     136   00:4000                      ;--- verbose rom...?
     137   00:4000  (00:0000)           NON_VERBOSE_ROM:        equ 0
     138   00:4000                      ;--- Use memory mapped IO or not...
     139   00:4000  (00:0000)           USE_MEM_IO:             equ 0
     140   00:4000                      ;--- FPGA Version can have the Turbo-R logo incorporated or not...
     141   00:4000  (00:0001)           TURBO_R_LOGO:           equ 1
     142   00:4000                      ;*******************
     143   00:4000                      ;***  CONSTANTS  ***
     144   00:4000                      ;*******************
     145   00:4000                      
     146   00:4000                      ;--- System variables and routines:
     147   00:4000  (00:005F)           CHGMOD:                 equ #005F
     148   00:4000  (00:009C)           CHSNS:                  equ #009C
     149   00:4000  (00:009F)           CHGET:                  equ #009F
     150   00:4000  (00:00A2)           CHPUT:                  equ #00A2
     151   00:4000  (00:00C0)           BEEP:                   equ #00C0
     152   00:4000  (00:0141)           SNSMAT:                 equ #0141
     153   00:4000  (00:0156)           KILBUF:                 equ #0156
     154   00:4000  (00:F3B0)           LINLEN:                 equ #F3B0
     155   00:4000  (00:F3DB)           CLIKSW:                 equ #F3DB
     156   00:4000  (00:F3E1)           REG2SAV:                equ #F3E1
     157   00:4000  (00:F3E3)           REG4SAV:                equ #F3E3
     158   00:4000  (00:F676)           TXTTAB:                 equ #F676
     159   00:4000  (00:F847)           ARG:                    equ #F847
     160   00:4000  (00:FB20)           HOKVLD:                 equ #FB20
     161   00:4000  (00:FC4A)           HIMEM:                  equ #FC4A
     162   00:4000  (00:FCA9)           CSRSW:                  equ #FCA9
     163   00:4000  (00:FCC1)           EXPTBL:                 equ #FCC1
     164   00:4000  (00:FD09)           SLTWRK:                 equ #FD09
     165   00:4000  (00:FD9F)           H_TIMI:                 equ #FD9F
     166   00:4000  (00:FED0)           H_CLEA:                 equ #FED0
     167   00:4000  (00:FFCA)           EXTBIO:                 equ #FFCA
     168   00:4000                      
     169   00:4000                      
     170   00:4000                      ;--- Memory ports:
     171   00:4000  (00:7F06)           MEM_OUT_CMD_PORT:       equ #7F06
     172   00:4000  (00:7F07)           MEM_OUT_TX_PORT:        equ #7F07
     173   00:4000  (00:7F06)           MEM_IN_DATA_PORT:       equ #7F06
     174   00:4000  (00:7F07)           MEM_IN_STS_PORT:        equ #7F07
     175   00:4000  (00:7F05)           MEM_PORT_F2:            equ #7F05
     176   00:4000                      
     177   00:4000                      ;--- I/O ports:
     178   00:4000  (00:0006)           OUT_CMD_PORT:           equ #06
     179   00:4000  (00:0007)           OUT_TX_PORT:            equ #07
     180   00:4000  (00:0006)           IN_DATA_PORT:           equ #06
     181   00:4000  (00:0007)           IN_STS_PORT:            equ #07
     182   00:4000  (00:00F2)           PORT_F2:                equ #F2
     183   00:4000                      
     184   00:4000                      
     185   00:4000                          if USE_MEM_IO = 1
     186   00:4000                    ~   MACRO SET_SPEED
     187   00:4000                    ~     xor a
     188   00:4000                    ~     ld  (MEM_OUT_CMD_PORT),a            ; Clear UART
     189   00:4000                    ~   ENDM
     190   00:4000                    ~ 
     191   00:4000                    ~   MACRO CLEAR_UART
     192   00:4000                    ~     ld  a,20
     193   00:4000                    ~     ld  (MEM_OUT_CMD_PORT),a            ; Clear UART
     194   00:4000                    ~   ENDM
     195   00:4000                    ~ 
     196   00:4000                    ~   MACRO SEND_DATA
     197   00:4000                    ~     ld  (MEM_OUT_TX_PORT),a             ; Just send, no need to wait response
     198   00:4000                    ~   ENDM
     199   00:4000                    ~ 
     200   00:4000                    ~   MACRO RECEIVE_DATA
     201   00:4000                    ~     ld a,(MEM_IN_DATA_PORT)
     202   00:4000                    ~   ENDM
     203   00:4000                    ~ 
     204   00:4000                    ~   MACRO LOAD_STS_PORT_IN_A
     205   00:4000                    ~     ld  a,(MEM_IN_STS_PORT)
     206   00:4000                    ~   ENDM
     207   00:4000                    ~ 
     208   00:4000                    ~   MACRO CHECK_DATA
     209   00:4000                    ~     ld  a,(MEM_IN_STS_PORT)
     210   00:4000                    ~     bit 0,a                         ; If nz has data
     211   00:4000                    ~   ENDM
     212   00:4000                    ~ 
     213   00:4000                    ~   MACRO CHECK_QUICK_RECEIVE
     214   00:4000                    ~     ld  a,(MEM_IN_STS_PORT)
     215   00:4000                    ~     bit 3,a                         ; Quick Receive Supported?
     216   00:4000                    ~   ENDM
     217   00:4000                    ~ 
     218   00:4000                    ~   MACRO CHECK_BUFFER_UNDERRUN
     219   00:4000                    ~     ld  a,(MEM_IN_STS_PORT)
     220   00:4000                    ~     bit 4,a                         ; Buffer underrun?
     221   00:4000                    ~   ENDM
     222   00:4000                    ~ 
     223   00:4000                    ~   MACRO READ_F2
     224   00:4000                    ~     ld  a,(MEM_PORT_F2)
     225   00:4000                    ~   ENDM
     226   00:4000                    ~ 
     227   00:4000                    ~   MACRO WRITE_F2
     228   00:4000                    ~     ld  (MEM_PORT_F2),a
     229   00:4000                    ~   ENDM
     230   00:4000                    ~     else
     231   00:4000                      
     232   00:4000                        MACRO SET_SPEED
     233   00:4000                    <     xor a
     234   00:4000                    <     out (OUT_CMD_PORT),a            ; Clear UART
     235   00:4000                    <   ENDM
     236   00:4000                      
     237   00:4000                        MACRO CLEAR_UART
     238   00:4000                    <     ld  a,20
     239   00:4000                    <     out (OUT_CMD_PORT),a            ; Clear UART
     240   00:4000                    <   ENDM
     241   00:4000                      
     242   00:4000                        MACRO SEND_DATA
     243   00:4000                    <     out (OUT_TX_PORT),a             ; Just send, no need to wait response
     244   00:4000                    <   ENDM
     245   00:4000                      
     246   00:4000                        MACRO RECEIVE_DATA
     247   00:4000                    <     in a,(IN_DATA_PORT)
     248   00:4000                    <   ENDM
     249   00:4000                      
     250   00:4000                        MACRO LOAD_STS_PORT_IN_A
     251   00:4000                    <     in  a,(IN_STS_PORT)
     252   00:4000                    <   ENDM
     253   00:4000                      
     254   00:4000                        MACRO CHECK_DATA
     255   00:4000                    <     in  a,(IN_STS_PORT)
     256   00:4000                    <     bit 0,a                         ; If nz has data
     257   00:4000                    <   ENDM
     258   00:4000                      
     259   00:4000                        MACRO CHECK_QUICK_RECEIVE
     260   00:4000                    <     in  a,(IN_STS_PORT)
     261   00:4000                    <     bit 3,a                         ; Quick Receive Supported?
     262   00:4000                    <   ENDM
     263   00:4000                      
     264   00:4000                        MACRO CHECK_BUFFER_UNDERRUN
     265   00:4000                    <     in  a,(IN_STS_PORT)
     266   00:4000                    <     bit 4,a                         ; Buffer underrun?
     267   00:4000                    <   ENDM
     268   00:4000                      
     269   00:4000                        MACRO READ_F2
     270   00:4000                    <     in  a,(PORT_F2)
     271   00:4000                    <   ENDM
     272   00:4000                      
     273   00:4000                        MACRO WRITE_F2
     274   00:4000                    <     out (PORT_F2),a
     275   00:4000                    <   ENDM
     276   00:4000                          endif
     277   00:4000                      
     278   00:4000                      ;--- API version and implementation version:
     279   00:4000  (00:0001)           API_V_P:                equ 1
     280   00:4000  (00:0002)           API_V_S:                equ 2
     281   00:4000  (00:0001)           ROM_V_P:                equ 1
     282   00:4000  (00:0003)           ROM_V_S:                equ 3
     283   00:4000                      
     284   00:4000                      ;--- Size of memory to reserve in upper TPA:
     285   00:4000  (00:001E)           HIMEM_RESERVED_SIZE     equ 30
     286   00:4000                      
     287   00:4000                      ;--- Layout of our TPA area:
     288   00:4000  (00:0000)           H_TIM_BACKUP_OFFSET     equ 0
     289   00:4000  (00:0005)           MEMORY_COUNTER_OFFSET   equ 5
     290   00:4000  (00:0007)           MEMORY_SB_VAR_OFFSET    equ 7
     291   00:4000  (00:0008)           MEMORY_DNS_READY_OFFSET equ 8
     292   00:4000  (00:0009)           MEMORY_DNS_RES_OFFSET   equ 9
     293   00:4000  (00:000B)           MEMORY_DB_VAR_OFFSET    equ #0B
     294   00:4000  (00:000D)           MEMORY_REGBACKUP_OFFSET equ #0D
     295   00:4000  (00:000D)           MEMORY_BCBACKUP_OFFSET  equ #0D
     296   00:4000  (00:000F)           MEMORY_DEBACKUP_OFFSET  equ #0F
     297   00:4000  (00:0011)           MEMORY_HLBACKUP_OFFSET  equ #11
     298   00:4000  (00:0013)           MEMORY_ESP32_OFFSET     equ #13
     299   00:4000                      
     300   00:4000                      ;--- Flags stored on our slot work area byte 7:
     301   00:4000  (00:0001)           ESPFLAG_ESP32:          equ %00000001    ; ESP32 detected
     302   00:4000  (00:0002)           ESPFLAG_SSH:            equ %00000010    ; ESP supports SSH commands
     303   00:4000  (00:0080)           ESPFLAG_SSH_PROBED:     equ %10000000    ; SSH support already probed
     304   00:4000                      
     305   00:4000                      ;--- Scan Page Size
     306   00:4000  (00:0008)           SCAN_MAX_PAGE_SIZE      equ 8
     307   00:4000                      
     308   00:4000                      ;--- Maximum number of available standard and implementation-specific function
     309   00:4000                      ;--- numbers. Must be 0 to 127.
     310   00:4000                      ;--- TCP-IP Functions
     311   00:4000  (00:001D)           MAX_FN:                 equ 29
     312   00:4000                      ;--- SSH Functions
     313   00:4000  (00:000B)           MAX_FN_S:               equ 11
     314   00:4000                      
     315   00:4000                      ;--- TCP/IP UNAPI error codes:
     316   00:4000  (00:0000)           ERR_OK:                 equ 0
     317   00:4000  (00:0001)           ERR_NOT_IMP:            equ 1
     318   00:4000  (00:0002)           ERR_NO_NETWORK:         equ 2
     319   00:4000  (00:0003)           ERR_NO_DATA:            equ 3
     320   00:4000  (00:0004)           ERR_INV_PARAM:          equ 4
     321   00:4000  (00:0005)           ERR_QUERY_EXISTS:       equ 5
     322   00:4000  (00:0006)           ERR_INV_IP:             equ 6
     323   00:4000  (00:0007)           ERR_NO_DNS:             equ 7
     324   00:4000  (00:0008)           ERR_DNS:                equ 8
     325   00:4000  (00:0009)           ERR_NO_FREE_CONN:       equ 9
     326   00:4000  (00:000A)           ERR_CONN_EXISTS:        equ 10
     327   00:4000  (00:000B)           ERR_NO_CONN:            equ 11
     328   00:4000  (00:000C)           ERR_CONN_STATE:         equ 12
     329   00:4000  (00:000D)           ERR_BUFFER:             equ 13
     330   00:4000  (00:000E)           ERR_LARGE_DGRAM:        equ 14
     331   00:4000  (00:000F)           ERR_INV_OPER:           equ 15
     332   00:4000                      
     333   00:4000                      ;--- TCP/IP UNAPI connection Status
     334   00:4000  (00:0000)           UNAPI_TCPIP_NS_CLOSED   equ 0
     335   00:4000  (00:0001)           UNAPI_TCPIP_NS_OPENING  equ 1
     336   00:4000  (00:0002)           UNAPI_TCPIP_NS_OPEN     equ 2
     337   00:4000  (00:00FF)           UNAPI_TCPIP_NS_UNKNOWN  equ 255
     338   00:4000                      
     339   00:4000                      ;************************
     340   00:4000                      ;***  MSX ROM HEADER  ***
     341   00:4000                      ;************************
     342   00:4000                          org #4000
     343   00:4000  41 42                   db                  #41,#42
     344   00:4002  10 40                   dw                  INIT        ; Initialize ESP, if not found, won't install hook
     345   00:4004  00 00                   dw                  0           ; Statement
     346   00:4006  00 00                   dw                  0           ; Device
     347   00:4008  00 00                   dw                  0           ; Text
     348   00:400A  00 (6)                  ds                  6           ; Reserved
     349   00:4010                      
     350   00:4010                      ;==================
     351   00:4010                      ;===  Start-up  ===
     352   00:4010                      ;==================
     353   00:4010                      
     354   00:4010                      INIT:
     355   00:4010  7C                      ld  a,h                         ; Let's test if we are mirrored and being executed in wrong page
     356   00:4011  FE 40                   cp  #40                         ; is MSB 0x40?
     357   00:4013  C0                      ret nz                          ; if not, return, it is a mirror
     358   00:4014                          ; Let's set some System Variables
     359   00:4014  AF                      xor a                           ; a = #00
     360   00:4015  32 A9 FC                ld  (CSRSW),a                   ; cursor display is disabled
     361   00:4018  32 DB F3                ld  (CLIKSW),a                  ; when key press, key click disabled
     362   00:401B                          ; Let's intercept [DEL] key
     363   00:401B  3E 08                   ld  a,8
     364   00:401D  CD 41 01                call    SNSMAT
     365   00:4020  CB 5F                   bit 3,a                         ; Test [DEL]
     366   00:4022  C8                      ret z                           ; If DEL is pressed, UNAPI driver is not loaded and exits
     367   00:4023                          ; Let's check the Screen Mode, ref. https://www.msx.org/wiki/VDP_Table_Base_Address_Registers
     368   00:4023  3A E1 F3                ld  a,(REG2SAV)
     369   00:4026  FE 02                   cp  2
     370   00:4028  CA 32 40                jp  z,SCREEN_SETUP              ; If yes, is SCREEN 3
     371   00:402B  3A E3 F3                ld  a,(REG4SAV)
     372   00:402E  FE 00                   cp  0
     373   00:4030  28 06                   jr  z,IS_SCREEN1                ; If yes, is SCREEN 1
     374   00:4032                      SCREEN_SETUP:
     375   00:4032                          ; Let's set the SCREEN 1
     376   00:4032  3E 01                   ld  a,1                         ; a = #01
     377   00:4034  F7                      rst #30
     378   00:4035  00                      db  0
     379   00:4036  5F 00                   dw  CHGMOD                      ; SCREEN 1
     380   00:4038                      IS_SCREEN1:
     381   00:4038  3E 1D                   ld  a,29                        ; WIDTH 29
     382   00:403A  32 B0 F3                ld  (LINLEN),a
     383   00:403D                          ; We check if the Port F2 device is available
     384   00:403D                          READ_F2                         ; a = #FF, default value if it comes from power off or hard reset
     384   00:403D  DB F2             >     in  a,(PORT_F2)
     385   00:403F  2F                      cpl                             ; a = #FF - a
     386   00:4040  4F                      ld  c,a                         ; c = #00
     387   00:4041                          WRITE_F2                        ; a = #00
     387   00:4041  D3 F2             >     out (PORT_F2),a
     388   00:4043                          ; Wait 250ms to ensure a successful hard reset even if you press the button very quickly
     389   00:4043  CD E3 49                call    WAIT_250MS_AND_THEN_CONTINUE
     390   00:4046                          READ_F2                         ; a = #00?
     390   00:4046  DB F2             >     in  a,(PORT_F2)
     391   00:4048  2F                      cpl                             ; a = #FF - a
     392   00:4049                          WRITE_F2                        ; a = #FF?
     392   00:4049  D3 F2             >     out (PORT_F2),a
     393   00:404B  F5                      push    af
     394   00:404C  3E FE                   ld  a,#FE                       ; Preset #FE, unexpected error
     395   00:404E                          WRITE_F2                        ; on port #F2
     395   00:404E  D3 F2             >     out (PORT_F2),a
     396   00:4050  F1                      pop af
     397   00:4051  B9                      cp  c                           ; If not a = c, port #F2 is writable and available
     398   00:4052  28 3C                   jr  z,BOOT_FROM_POWER_OFF       ; If a = c, port #F2 is not available, let's proceed as "boot from power off"
     399   00:4054                          ; Ok, Port F2 device available
     400   00:4054  FE EF                   cp  #EF                         ; UNAPI driver has been disabled
     401   00:4056  20 03                   jr  nz,NOT_DISABLED_BY_F2       ; No, let's continue checking
     402   00:4058                          WRITE_F2                        ; If yes, UNAPI driver is not loaded and exits, but need to restore F2 port to not have a false error
     402   00:4058  D3 F2             >     out (PORT_F2),a
     403   00:405A  C9                      ret                             ; And our work is done
     404   00:405B                      NOT_DISABLED_BY_F2:
     405   00:405B  FE F0                   cp  #F0                         ; UNAPI driver has been loaded at least once
     406   00:405D  C2 72 40                jp  nz, F2_IS_NOT_F0            ; Ok, has not been loaded
     407   00:4060                          ; Let's intercept [F1] key
     408   00:4060  3E 06                   ld  a,6
     409   00:4062  CD 41 01                call    SNSMAT
     410   00:4065  CB 6F                   bit 5,a                         ; Test [F1]
     411   00:4067  CA 2D 42                jp  z,ENTERING_ESPSETUP         ; If F1 is pressed, let's execute our setup menu
     412   00:406A                          ; F1 is not pressed, continue
     413   00:406A  CB 77                   bit 6,a                         ; Test [F2]
     414   00:406C  C2 EE 40                jp  nz,INIT_UNAPI               ; If F2 is not pressed, let's proceed to INIT_UNAPI
     415   00:406F                          ; F2 is not pressed, continue
     416   00:406F  C3 9B 41                jp  INIT_NOCLOCKUPDAT2          ; If yes, proceed without affecting the connection or the date and time
     417   00:4072                      F2_IS_NOT_F0:
     418   00:4072  FE F1                   cp  #F1                         ; User requested to go directly to Wi-Fi Setup
     419   00:4074  CA 2D 42                jp  z,ENTERING_ESPSETUP         ; If yes, let's execute our setup menu
     420   00:4077  FE F2                   cp  #F2                         ; User forces to check if ESP is installed
     421   00:4079  CA CB 40                jp  z,F2_IS_PRESSED             ; If yes, let's go check it out
     422   00:407C  FE FE                   cp  #FE                         ; Unexpected error from the previous reboot
     423   00:407E  20 10                   jr  nz,BOOT_FROM_POWER_OFF      ; If no one is confirmed, let's proceed as "boot from power off"
     424   00:4080                          ; Oops! An unexpected error occurred on the last reboot
     425   00:4080  21 1F 70                ld  hl,STR_OOPS                 ; Print Oops! An unexpected error message
     426   00:4083  CD 4C 4C                call    PRINTHL                 ; and let's proceed as "boot from power off"
     427   00:4086  06 78                   ld  b,120                       ; Wait 2 seconds with message on screen
     428   00:4088                      WAIT_2S:
     429   00:4088  76                      halt
     430   00:4089  10 FD                   djnz    WAIT_2S                 ; If not zero, our time out has not elapsed
     431   00:408B  3E 0C                   ld  a,CLS
     432   00:408D  CD A2 00                call    CHPUT
     433   00:4090                      BOOT_FROM_POWER_OFF:
     434   00:4090                          ; Let's intercept [F1] key
     435   00:4090  3E 06                   ld  a,6
     436   00:4092  CD 41 01                call    SNSMAT
     437   00:4095  CB 6F                   bit 5,a                         ; Test [F1]
     438   00:4097  CA 2D 42                jp  z,ENTERING_ESPSETUP         ; If F1 is pressed, let's execute our setup menu
     439   00:409A                          ; F1 is not pressed, continue
     440   00:409A  CD A4 60                call    CHECK_ESP_TYPE          ; Always detect ESP type and SSH support
     441   00:409D                          if  NON_VERBOSE_ROM = 0
     442   00:409D  CD ED 5F                call    GETESPFLAGS
     443   00:40A0  E6 02                   and ESPFLAG_SSH
     444   00:40A2  21 56 63                ld  hl,WELCOME
     445   00:40A5  28 03                   jr  z,NOT32_1
     446   00:40A7  21 A0 63                ld  hl,WELCOME32
     447   00:40AA                      NOT32_1:
     448   00:40AA  CD 4C 4C                call    PRINTHL
     449   00:40AD                          CHECK_QUICK_RECEIVE
     449   00:40AD  DB 07             >     in  a,(IN_STS_PORT)
     449   00:40AF  CB 5F             >     bit 3,a
     450   00:40B1  20 08                   jr  nz,BOOT_FROM_POWER_OFF.1    ; QR Supported
     451   00:40B3  21 0A 64                ld  hl,WELCOME_SF2
     452   00:40B6  CD 4C 4C                call    PRINTHL
     453   00:40B9  18 06                   jr  BOOT_FROM_POWER_OFF.2
     454   00:40BB                      BOOT_FROM_POWER_OFF.1:
     455   00:40BB  21 EE 63                ld  hl,WELCOME_SF
     456   00:40BE  CD 4C 4C                call    PRINTHL
     457   00:40C1                      BOOT_FROM_POWER_OFF.2:
     458   00:40C1                          endif
     459   00:40C1  3E 06                   ld  a,6
     460   00:40C3  CD 41 01                call    SNSMAT
     461   00:40C6  CB 77                   bit 6,a                         ; Test [F2]
     462   00:40C8  C2 EE 40                jp  nz,INIT_UNAPI               ; If F2 is not pressed, let's proceed to INIT_UNAPI
     463   00:40CB                          ; F2 is pressed, continue
     464   00:40CB                      F2_IS_PRESSED:
     465   00:40CB  CD 9E 61                call    RESET_ESP
     466   00:40CE  B7                      or  a
     467   00:40CF  20 06                   jr  nz,ESP_NOT_FOUND
     468   00:40D1  21 1E 6F                ld  hl,OK_S                     ; Properly detected
     469   00:40D4  C3 E1 40                jp  INIT_F_MSG                  ; Well, if reset successful, continue
     470   00:40D7                      ESP_NOT_FOUND:
     471   00:40D7                          ; If here, ESP was not found, so, exit with an error message
     472   00:40D7  78                      ld  a,b
     473   00:40D8  B7                      or  a
     474   00:40D9  21 9A 6F                ld  hl,FAIL_S                   ; If 0, non responsive
     475   00:40DC  28 03                   jr  z,INIT_F_MSG
     476   00:40DE  21 E4 6F                ld  hl,FAIL_F                   ; Otherwise, firmware is old
     477   00:40E1                      INIT_F_MSG:
     478   00:40E1  CD 4C 4C                call    PRINTHL
     479   00:40E4                      INIT_F_WAIT:
     480   00:40E4  06 B4                   ld  b,180                       ; 3s
     481   00:40E6                      INIT_F_LOOP_WAIT:
     482   00:40E6  76                      halt
     483   00:40E7  10 FD                   djnz    INIT_F_LOOP_WAIT
     484   00:40E9                      AND_DONE:
     485   00:40E9  3E EF                   ld  a,#EF                       ; Set #EF, ESP Not Found
     486   00:40EB                          WRITE_F2                        ; on port #F2
     486   00:40EB  D3 F2             >     out (PORT_F2),a
     487   00:40ED  C9                      ret                             ; And done
     488   00:40EE                      INIT_UNAPI:
     489   00:40EE                          CLEAR_UART
     489   00:40EE  3E 14             >     ld  a,20
     489   00:40F0  D3 06             >     out (OUT_CMD_PORT),a
     490   00:40F2  3E 63                   ld  a,CMD_QUERY_ACLK_SETTINGS
     491   00:40F4                          SEND_DATA
     491   00:40F4  D3 07             >     out (OUT_TX_PORT),a
     492   00:40F6  21 3C 00                ld  hl,60                       ; Wait Up To 1s
     493   00:40F9  ED 5B 76 F6             ld  de,(TXTTAB)                 ; We will borrow Basic Program memory area for now...
     494   00:40FD  DD 6B                   ld  ixl,e
     495   00:40FF  DD 62                   ld  ixh,d                       ; Address in IX
     496   00:4101  CD 38 4B                call    WAIT_MENU_CMD_RESPONSE
     497   00:4104  CA 93 41                jp  z,INIT_NOCLOCKUPDATE        ; If error, just skip
     498   00:4107                          ; Response received, IX+0 and IX+1 has Auto Clock and GMT
     499   00:4107  3E 03                   ld  a,3
     500   00:4109  DD BE 00                cp  (ix+0)
     501   00:410C  20 09                   jr  nz,INIT_UNAPI2              ; If not disabled continue on INIT_UNAPI2
     502   00:410E                          ; Disabled, ok, so let's ensure connection is not locked (just in case it was setup as disabled right now)
     503   00:410E                          CLEAR_UART
     503   00:410E  3E 14             >     ld  a,20
     503   00:4110  D3 06             >     out (OUT_CMD_PORT),a
     504   00:4112  3E 68                   ld  a,CMD_WIFIRELEASE_ESP
     505   00:4114                          SEND_DATA                       ; Just send, no need to wait response
     505   00:4114  D3 07             >     out (OUT_TX_PORT),a
     506   00:4116  C9                      ret
     507   00:4117                      INIT_UNAPI2:
     508   00:4117  3A 2D 00                ld  a,(#002D)                   ; Check MSX Version
     509   00:411A  B7                      or  a
     510   00:411B  28 76                   jr  z,INIT_NOCLOCKUPDATE        ; If zero, MSX1, can't set clock
     511   00:411D  AF                      xor a
     512   00:411E  DD B6 00                or  (ix+0)
     513   00:4121  28 70                   jr  z,INIT_NOCLOCKUPDATE        ; if turned off, skip
     514   00:4123                          ; Ok, not zero, so we are going to simply request the time, it might take up to 10s
     515   00:4123  DD 23                   inc ix
     516   00:4125  DD 23                   inc ix                          ; ok, leave IX+0 and IX+1 intact
     517   00:4127                          ; b = number of response check attempts
     518   00:4127  06 05                   ld  b,5                         ; 5 * 2s = 10s
     519   00:4129                          CLEAR_UART
     519   00:4129  3E 14             >     ld  a,20
     519   00:412B  D3 06             >     out (OUT_CMD_PORT),a
     520   00:412D  3E 47                   ld  a,CMD_GET_TIME
     521   00:412F                          SEND_DATA
     521   00:412F  D3 07             >     out (OUT_TX_PORT),a
     522   00:4131                      TRY_AGAIN:
     523   00:4131  C5                      push    bc
     524   00:4132  21 78 00                ld  hl,120                      ; Wait Up To 2s per attempt
     525   00:4135  CD 38 4B                call    WAIT_MENU_CMD_RESPONSE
     526   00:4138  20 1E                   jr  nz,INIT_CLOCKUPDATE         ; if ok, follow up
     527   00:413A  21 FF 6F                ld  hl,STR_WAITING              ; Print Waiting for connection message
     528   00:413D  CD 4C 4C                call    PRINTHL
     529   00:4140  3E FF                   ld  a,#ff
     530   00:4142  B8                      cp  b                           ; Was time-out the failure reason?
     531   00:4143  C1                      pop bc                          ; Restore stack ballance and retry counter
     532   00:4144  20 04                   jr  nz,STOP_TRYING              ; If error return code and not time-out, no more checks needed
     533   00:4146  3E 47                   ld  a,CMD_GET_TIME              ; Needed for retries
     534   00:4148  10 E7                   djnz    TRY_AGAIN
     535   00:414A                      STOP_TRYING:
     536   00:414A                          ; Leave a message that clock has not been updated
     537   00:414A  21 B0 6E                ld  hl,STR_CLKUPDT_FAIL
     538   00:414D  CD 4C 4C                call    PRINTHL
     539   00:4150  3E F0                   ld  a,240                       ; Wait 4 seconds with message on screen
     540   00:4152                      WAIT_4S:
     541   00:4152  76                      halt
     542   00:4153  3D                      dec a
     543   00:4154                          ; If not zero, our time out has not elapsed
     544   00:4154  20 FC                   jr  nz,WAIT_4S
     545   00:4156  18 3B                   jr  INIT_NOCLOCKUPDATE          ; error, just skip to not set garbage in clock
     546   00:4158                      INIT_CLOCKUPDATE:
     547   00:4158  C1                      pop bc
     548   00:4159  DD 2B                   dec ix
     549   00:415B  DD 2B                   dec ix                          ; ix back where it should
     550   00:415D                          ; ix + 0 -> 0 If no need to set clock, 1 if set clock, 2 if set clock and request to turn Wi-Fi Off
     551   00:415D                          ; ix + 1 -> GMT setting, well, not going to use it
     552   00:415D                          ; ix + 2 -> Seconds
     553   00:415D                          ; ix + 3 -> Minutes
     554   00:415D                          ; ix + 4 -> Hours
     555   00:415D                          ; ix + 5 -> Day
     556   00:415D                          ; ix + 6 -> Month
     557   00:415D                          ; ix + 7 -> Year LSB
     558   00:415D                          ; ix + 8 -> Year MSB
     559   00:415D  DD 66 04                ld  h,(ix+4)
     560   00:4160  DD 6E 03                ld  l,(ix+3)
     561   00:4163  DD 56 02                ld  d,(ix+2)
     562   00:4166  CD DC 61                call    SET_TIME
     563   00:4169  20 28                   jr  nz,INIT_NOCLOCKUPDATE       ; if error, just skip
     564   00:416B  DD 66 08                ld  h,(ix+8)
     565   00:416E  DD 6E 07                ld  l,(ix+7)
     566   00:4171  DD 56 06                ld  d,(ix+6)
     567   00:4174  DD 5E 05                ld  e,(ix+5)
     568   00:4177  CD 09 62                call    SET_DATE
     569   00:417A  3E 02                   ld  a,2
     570   00:417C  DD BE 00                cp  (ix+0)
     571   00:417F  20 12                   jr  nz,INIT_NOCLOCKUPDATE
     572   00:4181                          ; First, release any hold to Wi-Fi Connection
     573   00:4181                          CLEAR_UART
     573   00:4181  3E 14             >     ld  a,20
     573   00:4183  D3 06             >     out (OUT_CMD_PORT),a
     574   00:4185  3E 68                   ld  a,CMD_WIFIRELEASE_ESP
     575   00:4187                          SEND_DATA                       ; Just send, no need to wait response
     575   00:4187  D3 07             >     out (OUT_TX_PORT),a
     576   00:4189                          ; And, turn off Wi-Fi Immediatelly
     577   00:4189                          CLEAR_UART
     577   00:4189  3E 14             >     ld  a,20
     577   00:418B  D3 06             >     out (OUT_CMD_PORT),a
     578   00:418D  3E 4F                   ld  a,CMD_WIFI_OFF
     579   00:418F                          SEND_DATA                       ; Just send, no need to wait response
     579   00:418F  D3 07             >     out (OUT_TX_PORT),a
     580   00:4191  18 08                   jr  INIT_NOCLOCKUPDAT2
     581   00:4193                      INIT_NOCLOCKUPDATE:
     582   00:4193                          ; Release any hold to Wi-Fi Connection
     583   00:4193                          CLEAR_UART
     583   00:4193  3E 14             >     ld  a,20
     583   00:4195  D3 06             >     out (OUT_CMD_PORT),a
     584   00:4197  3E 68                   ld  a,CMD_WIFIRELEASE_ESP
     585   00:4199                          SEND_DATA                       ; Just send, no need to wait response
     585   00:4199  D3 07             >     out (OUT_TX_PORT),a
     586   00:419B                      INIT_NOCLOCKUPDAT2:
     587   00:419B                          ; Save existing EXTBIO hook if it exists
     588   00:419B  3A 20 FB                ld  a,(HOKVLD)
     589   00:419E  CB 47                   bit 0,a
     590   00:41A0  20 0B                   jr  nz,SAVE_HOOK2               ; HOKVLD tells us if there is an extended BIOS already or not, if yes, save it
     591   00:41A2                          ; If here, no extended BIOS
     592   00:41A2  CD 4C 5E                call    GETSLT
     593   00:41A5  CD A5 5E                call    GETWRK                  ; Our ROM work area address is at HL (we can use up to 8 bytes)
     594   00:41A8  3E C9                   ld  a,#c9                       ; RET, as we are the first extended BIOS
     595   00:41AA  77                      ld  (hl),a
     596   00:41AB  18 13                   jr  PATCH                       ; And now all we need to do is patch the EXTBIO hook :)
     597   00:41AD                      
     598   00:41AD                      SAVE_HOOK2:
     599   00:41AD                          ; If here, we are not the first to extend bios, so we need to save the previous one
     600   00:41AD  CD 4C 5E                call    GETSLT
     601   00:41B0  CD A5 5E                call    GETWRK                  ; Our ROM work area address is at HL (we can use up to 8 bytes)
     602   00:41B3  EB                      ex  de,hl                       ; It is the destination for....
     603   00:41B4  21 CA FF                ld  hl,EXTBIO                   ; The actual EXTBIO hook
     604   00:41B7  01 05 00                ld  bc,5                        ; That is 5 bytes large
     605   00:41BA  ED B0                   ldir                            ; And move to our work area
     606   00:41BC  AF                      xor a
     607   00:41BD  12                      ld  (de),a                      ; Not initialized (de is at the sixth byte) of our slot work area
     608   00:41BE  13                      inc de
     609   00:41BF  12                      ld  (de),a                      ; Not initialized (de is at the seventh byte) of our slot work area
     610   00:41C0                      
     611   00:41C0                          ; Patch EXTBIO
     612   00:41C0                      PATCH:
     613   00:41C0  3E F7                   ld  a,#F7                       ; RST #30
     614   00:41C2  32 CA FF                ld  (EXTBIO),a                  ; In EXTBIO hook
     615   00:41C5  CD 4C 5E                call    GETSLT                  ; Our Slot in A
     616   00:41C8  32 CB FF                ld  (EXTBIO+1),a                ; Next EXTBIO hook byte
     617   00:41CB  21 A1 4C                ld  hl,DO_EXTBIO                ; Our EXTBIO routine address
     618   00:41CE  22 CC FF                ld  (EXTBIO+2),hl               ; Goes to the following two bytes in the hook
     619   00:41D1                      
     620   00:41D1  21 CF FF                ld  hl,EXTBIO+5                 ; Must patch DISINT and ENAINT as well
     621   00:41D4  06 0A                   ld  b,5*2
     622   00:41D6                      PATCH2:
     623   00:41D6  36 C9                   ld  (hl),#C9
     624   00:41D8  23                      inc hl
     625   00:41D9  10 FB                   djnz    PATCH2                  ; So patch all 10 bytes with return
     626   00:41DB                      
     627   00:41DB  21 20 FB                ld  hl,HOKVLD
     628   00:41DE  CB C6                   set 0,(hl)                      ; And set HOKVLD properly to indicate an EXTBIOS is installed
     629   00:41E0                      INIT_OK:
     630   00:41E0                          if  NON_VERBOSE_ROM = 0
     631   00:41E0  CD 40 61                call    PRINT_INSTALLED_MSG     ; All done and set, nice exit message
     632   00:41E3                          endif
     633   00:41E3  3E F0                   ld  a,#F0                       ; Set #F0, UNAPI driver has been loaded at least once
     634   00:41E5                          WRITE_F2
     634   00:41E5  D3 F2             >     out (PORT_F2),a
     635   00:41E7  C9                      ret
     636   00:41E8                      
     637   00:41E8                      ;==============================
     638   00:41E8                      ;===  TPA Memory Allocation  ==
     639   00:41E8                      ;==============================
     640   00:41E8                      HIMEM_ALLOC:
     641   00:41E8                          ; Now let's reserve memory in the 4th page for our usage
     642   00:41E8  2A 4A FC                ld hl,(HIMEM)                   ; Get HIMEM
     643   00:41EB  B7                      or  a                           ; Clear Carry
     644   00:41EC  11 1E 00                ld  de,HIMEM_RESERVED_SIZE      ; Reserve How much memory we need
     645   00:41EF  ED 52                   sbc hl,de                       ; New HIMEM
     646   00:41F1  22 4A FC                ld  (HIMEM),hl                  ; Save it
     647   00:41F4  23                      inc hl                          ; To be safe
     648   00:41F5  EB                      ex  de,hl                       ; now in DE
     649   00:41F6  CD 4C 5E                call    GETSLT
     650   00:41F9  CD B9 5E                call    GETMEMPOINTERADDR       ; This is where we are going to store our memory area address
     651   00:41FC                          ; GETSLT and GETMEMPOINTER do not change DE, so it still has the our memory area address
     652   00:41FC  73                      ld  (hl),e
     653   00:41FD  23                      inc hl
     654   00:41FE  72                      ld  (hl),d                      ; And save our memory area there
     655   00:41FF                          ; Ok, DE has our memory area, let's save old H_TIMI hook there
     656   00:41FF  21 9F FD                ld  hl,H_TIMI                   ; The actual H_TIMI hook
     657   00:4202  01 05 00                ld  bc,5                        ; That is 5 bytes large
     658   00:4205  ED B0                   ldir                            ; And move to our memory area
     659   00:4207  F3                      di                              ; Turn of interrupts as we are going to patch H_TIMI
     660   00:4208                      PATCH_H_TIMI:
     661   00:4208  3E F7                   ld  a,#F7                       ; RST #30
     662   00:420A  32 9F FD                ld  (H_TIMI),a                  ; In H_TIMI hook
     663   00:420D  CD 4C 5E                call    GETSLT                  ; Our Slot in A
     664   00:4210  32 A0 FD                ld  (H_TIMI+1),a                ; Next H_TIMI hook byte
     665   00:4213  21 8D 4C                ld  hl,DO_HTIMI                 ; Our H_TIMI routine address
     666   00:4216  22 A1 FD                ld  (H_TIMI+2),hl               ; Goes to the following two bytes in the hook
     667   00:4219  FB                      ei                              ; done, so re-enable interrupts
     668   00:421A                      
     669   00:421A                          ; Set DNS_READY to zero
     670   00:421A  AF                      xor a
     671   00:421B  CD 11 60                call    SETDNSREADY
     672   00:421E                          ; Set TIME-OUT counter to zero
     673   00:421E  21 00 00                ld  hl,0
     674   00:4221  CD EC 5E                call    SETCOUNTER
     675   00:4224  C9                      ret
     676   00:4225                      
     677   00:4225                      ;============================
     678   00:4225                      ;===  SETUP Menu Routines  ==
     679   00:4225                      ;===       Main Menu       ==
     680   00:4225                      ;============================
     681   00:4225                      ESPSETUP.EXIT:
     682   00:4225  3E 0C                   ld  a,CLS
     683   00:4227  CD A2 00                call    CHPUT
     684   00:422A  C3 EE 40                jp  INIT_UNAPI                  ; When done, resume initialization
     685   00:422D                      ENTERING_ESPSETUP:
     686   00:422D  21 3A 63                ld  hl,ENTERING_WIFI_SETUP
     687   00:4230  CD 4C 4C                call    PRINTHL
     688   00:4233  CD A3 62                call    PATTERN_SETUP
     689   00:4236  CD E3 49                call    WAIT_250MS_AND_THEN_CONTINUE
     690   00:4239                          ; Hold Wi-Fi Connection On
     691   00:4239                          CLEAR_UART
     691   00:4239  3E 14             >     ld  a,20
     691   00:423B  D3 06             >     out (OUT_CMD_PORT),a
     692   00:423D  3E 48                   ld  a,CMD_WIFIHOLD_ESP
     693   00:423F                          SEND_DATA
     693   00:423F  D3 07             >     out (OUT_TX_PORT),a
     694   00:4241  21 3C 00                ld  hl,60                       ; Up to 1s time-out
     695   00:4244  CD 38 4B                call    WAIT_MENU_CMD_RESPONSE  ; Wait response
     696   00:4247                          ; We do not want to error here, just in case user still need to upgrade ESP firmware
     697   00:4247                      ESPSETUP:
     698   00:4247  CD 9E 61                call    RESET_ESP
     699   00:424A  B7                      or  a
     700   00:424B  C2 D7 40                jp  nz,ESP_NOT_FOUND            ; Not well, ESP was not found
     701   00:424E                          ; Well, if reset successful, continue
     702   00:424E  CD A4 60                call    CHECK_ESP_TYPE          ; Detect ESP type and SSH support
     703   00:4251  CD ED 5F                call    GETESPFLAGS
     704   00:4254  E6 02                   and ESPFLAG_SSH
     705   00:4256  21 56 63                ld  hl,WELCOME
     706   00:4259  28 03                   jr  z,NOT32_2
     707   00:425B  21 A0 63                ld  hl,WELCOME32
     708   00:425E                      NOT32_2:
     709   00:425E  CD 4C 4C                call    PRINTHL
     710   00:4261                          CHECK_QUICK_RECEIVE
     710   00:4261  DB 07             >     in  a,(IN_STS_PORT)
     710   00:4263  CB 5F             >     bit 3,a
     711   00:4265  20 08                   jr  nz,ESPSETUP.2NF             ; If yes, tells Quick Receive support
     712   00:4267  21 0A 64                ld  hl,WELCOME_SF2
     713   00:426A  CD 4C 4C                call    PRINTHL                 ; Print Welcome message no QR
     714   00:426D  18 06                   jr  ESPSETUP.3NF
     715   00:426F                      ESPSETUP.2NF:
     716   00:426F  21 EE 63                ld  hl,WELCOME_SF
     717   00:4272  CD 4C 4C                call    PRINTHL                 ; Print Welcome message QR
     718   00:4275                      ESPSETUP.3NF:
     719   00:4275  21 2A 64                ld  hl,WELCOME_CS
     720   00:4278  CD 4C 4C                call    PRINTHL                 ; Print Wi-Fi is reconnecting to:
     721   00:427B                      ESPSETUP_NEXT:
     722   00:427B  CD 56 01                call    KILBUF                  ; Clear Keyboard Buffer
     723   00:427E  21 54 64                ld  hl,WELCOME_NEXT
     724   00:4281  CD 4C 4C                call    PRINTHL
     725   00:4284  21 5E 64                ld  hl,WELCOME_SF_NEXT
     726   00:4287  CD 4C 4C                call    PRINTHL                 ; Print Empty Welcome message
     727   00:428A  CD 20 43                call    GET_AP_STAT
     728   00:428D  CA C5 42                jp  z,ESPSETUP_NEXT.1G          ; Won't block in case of error
     729   00:4290                          ; Success, so connection state is in IX+0, then, zero terminated string with SSID starting at IX+1
     730   00:4290  DD 7E 00                ld  a,(ix+0)
     731   00:4293  21 61 64                ld  hl,WELCOME_CS0_NEXT
     732   00:4296  FE 00                   cp  0
     733   00:4298  28 1F                   jr  z,ESPSETUP_NEXT.2F
     734   00:429A  21 8B 64                ld  hl,WELCOME_CS1_NEXT
     735   00:429D  FE 01                   cp  1
     736   00:429F  28 18                   jr  z,ESPSETUP_NEXT.2F
     737   00:42A1  21 94 64                ld  hl,WELCOME_CS2_NEXT
     738   00:42A4  FE 02                   cp  2
     739   00:42A6  28 11                   jr  z,ESPSETUP_NEXT.2F
     740   00:42A8  21 BE 64                ld  hl,WELCOME_CS3_NEXT
     741   00:42AB  FE 03                   cp  3
     742   00:42AD  28 0A                   jr  z,ESPSETUP_NEXT.2F
     743   00:42AF  21 E8 64                ld  hl,WELCOME_CS4_NEXT
     744   00:42B2  FE 04                   cp  4
     745   00:42B4  28 03                   jr  z,ESPSETUP_NEXT.2F
     746   00:42B6  21 12 65                ld  hl,WELCOME_CS5_NEXT
     747   00:42B9                      ESPSETUP_NEXT.2F:
     748   00:42B9  FD 67                   ld  iyh,a                       ; Save current conn status in iyh
     749   00:42BB  CD 4C 4C                call    PRINTHL                 ; Print Status
     750   00:42BE  DD E5                   push    ix
     751   00:42C0  E1                      pop hl
     752   00:42C1  23                      inc hl                          ; HL has AP Name
     753   00:42C2  CD 56 4C                call    PRINTHLINE              ; Print AP Name
     754   00:42C5                      ESPSETUP_NEXT.1G:
     755   00:42C5  21 3C 65                ld  hl,MMENU_S_NEXT
     756   00:42C8  CD 4C 4C                call    PRINTHL                 ; Print Main Menu
     757   00:42CB                      MM_CURSOR_BLINK:
     758   00:42CB  CD 0C 43                call    MM_CURSOR_SW            ; Cursor On
     759   00:42CE                      CONN_CHG_LOOP:
     760   00:42CE  CD 9C 00                call    CHSNS
     761   00:42D1  20 13                   jr  nz,MM_WAIT_INPUT            ; If not zero, there is a key in buffer
     762   00:42D3                          ; Ok, there is not, we can check if connection status changed
     763   00:42D3  CD 20 43                call    GET_AP_STAT
     764   00:42D6  CA CE 42                jp  z,CONN_CHG_LOOP             ; Won't block in case of error
     765   00:42D9                          ; Success, so connection state is in IX+0
     766   00:42D9  DD 7E 00                ld  a,(ix+0)
     767   00:42DC  FD BC                   cp  iyh                         ; If same, zero
     768   00:42DE  28 EE                   jr  z,CONN_CHG_LOOP             ; Keep loop
     769   00:42E0  CD 0C 43                call    MM_CURSOR_SW            ; Cursor Off
     770   00:42E3  C3 7B 42                jp  ESPSETUP_NEXT               ; Changed, re-build menu
     771   00:42E6                      MM_WAIT_INPUT:
     772   00:42E6  CD 9F 00                call    CHGET
     773   00:42E9  FE 1B                   cp  #1b                         ; ESC?
     774   00:42EB  CA 25 42                jp  z,ESPSETUP.EXIT             ; When done, resume initialization
     775   00:42EE  FE 31                   cp  '1'                         ; Setup Nagle?
     776   00:42F0  CA D4 48                jp  z,SET_NAGLE
     777   00:42F3  FE 32                   cp  '2'                         ; Setup Wi-Fi On Period?
     778   00:42F5  CA 0E 48                jp  z,SET_WIFI_TIMEOUT
     779   00:42F8  FE 33                   cp  '3'                         ; Scan networks?
     780   00:42FA  CA 65 45                jp  z,START_WIFI_SCAN
     781   00:42FD  FE 34                   cp  '4'                         ; Automatic Setting of Clock?
     782   00:42FF  CA 87 43                jp  z,START_CLK_AUTO
     783   00:4302  CD C0 00                call    BEEP                    ; Wrong Input, beep
     784   00:4305  CD 0C 43                call    MM_CURSOR_SW            ; Cursor Off
     785   00:4308  76                      halt
     786   00:4309  C3 CB 42                jp  MM_CURSOR_BLINK             ; And return, waiting another key
     787   00:430C                      MM_CURSOR_SW:                       ; Cursor workaround for CONN_CHG_LOOP
     788   00:430C  3E 1D                   ld  a,GOLEFT
     789   00:430E  CD A2 00                call    CHPUT
     790   00:4311  3E 01                   ld  a,1
     791   00:4313  32 A9 FC                ld  (CSRSW),a
     792   00:4316  3E 20                   ld  a,' '
     793   00:4318  CD A2 00                call    CHPUT                   ; Switch the cursor display mode
     794   00:431B  AF                      xor a
     795   00:431C  32 A9 FC                ld  (CSRSW),a
     796   00:431F  C9                      ret
     797   00:4320                      GET_AP_STAT:                        ; Use 'call GET_AP_STAT'
     798   00:4320                          CLEAR_UART
     798   00:4320  3E 14             >     ld  a,20
     798   00:4322  D3 06             >     out (OUT_CMD_PORT),a
     799   00:4324  3E 67                   ld  a,CMD_AP_STS
     800   00:4326                          SEND_DATA                       ; Get AP conn status and name
     800   00:4326  D3 07             >     out (OUT_TX_PORT),a
     801   00:4328  21 3C 00                ld  hl,60                       ; Wait Up To 1s
     802   00:432B  ED 5B 76 F6             ld  de,(TXTTAB)                 ; We will borrow Basic Program memory area for now...
     803   00:432F  DD 6B                   ld  ixl,e
     804   00:4331  DD 62                   ld  ixh,d                       ; Address in IX
     805   00:4333  C3 38 4B                jp  WAIT_MENU_CMD_RESPONSE
     806   00:4336                      
     807   00:4336                      ;============================
     808   00:4336                      ;===  SETUP Menu Routines  ==
     809   00:4336                      ;===  Wi-Fi and Clock Menu ==
     810   00:4336                      ;============================
     811   00:4336                      CLK_MSX1_GO:
     812   00:4336  21 2B 67                ld  hl,MMENU_CLOCK_MSX1
     813   00:4339  CD 4C 4C                call    PRINTHL                 ; Print Main Clock MSX1 message
     814   00:433C  CD EA 49                call    ISCLKAUTO
     815   00:433F  DD 7E 00                ld  a,(ix+0)                    ; Auto Clock Current setting
     816   00:4342  FE 03                   cp  3                           ; If 3 adapter disabled
     817   00:4344  28 08                   jr  z,CLK_MSX1_ADAPTERDIS
     818   00:4346  21 BF 67                ld  hl,MMENU_CLOCK_0
     819   00:4349  CD 4C 4C                call    PRINTHL
     820   00:434C  18 06                   jr  CLK_MSX1_OPT
     821   00:434E                      CLK_MSX1_ADAPTERDIS:
     822   00:434E  21 05 68                ld  hl,MMENU_CLOCK_3
     823   00:4351  CD 4C 4C                call    PRINTHL
     824   00:4354                      CLK_MSX1_OPT:
     825   00:4354  21 18 68                ld  hl,MMENU_CLOCK_OPT
     826   00:4357  CD 4C 4C                call    PRINTHL
     827   00:435A                      CLK_MSX1_WAIT_OPT_INPUT:
     828   00:435A  CD 9F 00                call    CHGET
     829   00:435D  FE 1B                   cp  #1b                         ; ESC?
     830   00:435F  CA 47 42                jp  z,ESPSETUP                  ; Back to main menu
     831   00:4362  FE 30                   cp  '0'
     832   00:4364  CA 72 43                jp  z,CLK_MSX1_SEND_CMD
     833   00:4367  FE 33                   cp  '3'
     834   00:4369  CA 2E 44                jp  z,CLK_AUTO_WAIT_GMT
     835   00:436C  CD C0 00                call    BEEP                    ; Wrong Input, beep
     836   00:436F  C3 5A 43                jp  CLK_MSX1_WAIT_OPT_INPUT     ; And return, waiting another key
     837   00:4372                      CLK_MSX1_SEND_CMD:
     838   00:4372  CD A2 00                call    CHPUT                   ; Print option
     839   00:4375  D6 30                   sub '0'                         ; Adjust format
     840   00:4377  DD 77 00                ld  (ix+0),a                    ; Save it
     841   00:437A  3E 0D                   ld  a,#0d
     842   00:437C  CD A2 00                call    CHPUT
     843   00:437F  3E 0A                   ld  a,#0a
     844   00:4381  CD A2 00                call    CHPUT
     845   00:4384  C3 25 45                jp  CLK_AUTO_GMT_CHK_DONE       ; And sending the command will be done there
     846   00:4387                      
     847   00:4387                      START_CLK_AUTO:
     848   00:4387  3E 34                   ld  a,'4'
     849   00:4389  CD A2 00                call    CHPUT
     850   00:438C  CD E3 49                call    WAIT_250MS_AND_THEN_CONTINUE
     851   00:438F  3A 2D 00                ld  a,(#002D)                   ; Check MSX Version
     852   00:4392  B7                      or  a
     853   00:4393  CA 36 43                jp  z,CLK_MSX1_GO               ; If zero, MSX1, so can just enable or disable adapter
     854   00:4396                      CLK_AUTO_GO:
     855   00:4396  21 CB 65                ld  hl,MMENU_CLOCK_MSX2
     856   00:4399  CD 4C 4C                call    PRINTHL                 ; Print Main Clock MSX2 message
     857   00:439C  CD EA 49                call    ISCLKAUTO
     858   00:439F  DD 7E 00                ld  a,(ix+0)                    ; Auto Clock Current setting
     859   00:43A2  B7                      or  a                           ; If zero, off
     860   00:43A3  20 08                   jr  nz,CLK_AUTO_CHK1
     861   00:43A5  21 BF 67                ld  hl,MMENU_CLOCK_0
     862   00:43A8  CD 4C 4C                call    PRINTHL
     863   00:43AB  18 59                   jr  CLK_AUTO_GMT_OPT
     864   00:43AD                      CLK_AUTO_CHK1:
     865   00:43AD  3D                      dec a                           ; If 1, on and keep wifi on
     866   00:43AE  20 08                   jr  nz,CLK_AUTO_CHK2
     867   00:43B0  21 D1 67                ld  hl,MMENU_CLOCK_1
     868   00:43B3  CD 4C 4C                call    PRINTHL
     869   00:43B6  18 13                   jr  CLK_AUTO_GMT
     870   00:43B8                      CLK_AUTO_CHK2:
     871   00:43B8  3D                      dec a                           ; If 2, on and turn wifi off
     872   00:43B9  20 08                   jr  nz,CLK_AUTO_3
     873   00:43BB  21 EB 67                ld  hl,MMENU_CLOCK_2
     874   00:43BE  CD 4C 4C                call    PRINTHL
     875   00:43C1  18 08                   jr  CLK_AUTO_GMT
     876   00:43C3                      CLK_AUTO_3:
     877   00:43C3  21 05 68                ld  hl,MMENU_CLOCK_3
     878   00:43C6  CD 4C 4C                call    PRINTHL
     879   00:43C9  18 3B                   jr  CLK_AUTO_GMT_OPT
     880   00:43CB                      CLK_AUTO_GMT:
     881   00:43CB  DD 66 01                ld  h,(ix+1)                    ; Save it for now
     882   00:43CE  DD 7E 01                ld  a,(ix+1)                    ; GMT current setting
     883   00:43D1  CB 7F                   bit 7,a                         ; If set, is -
     884   00:43D3  28 0B                   jr  z,CLK_AUTO_GMTP
     885   00:43D5  3E 2D                   ld  a,'-'
     886   00:43D7  CD A2 00                call    CHPUT
     887   00:43DA  DD CB 01 BE             res 7,(ix+1)                    ; Clear - indicator
     888   00:43DE  18 05                   jr  CLK_AUTO_GMTM
     889   00:43E0                      CLK_AUTO_GMTP:
     890   00:43E0  3E 2B                   ld  a,'+'
     891   00:43E2  CD A2 00                call    CHPUT
     892   00:43E5                      CLK_AUTO_GMTM:
     893   00:43E5  3E 09                   ld  a,9
     894   00:43E7  DD BE 01                cp  (ix+1)                      ; Greater than 9?
     895   00:43EA  30 0F                   jr  nc,CLK_AUTO_GMTD            ; If not, just print what is in A + '0'
     896   00:43EC  3E 31                   ld  a,'1'                       ; It is 1
     897   00:43EE  CD A2 00                call    CHPUT
     898   00:43F1  DD 7E 01                ld  a,(ix+1)
     899   00:43F4  C6 26                   add '0'-10                      ; Need to subtract 10 and add '0' to print
     900   00:43F6  CD A2 00                call    CHPUT
     901   00:43F9  18 0B                   jr  CLK_AUTO_GMT_OPT
     902   00:43FB                      CLK_AUTO_GMTD:
     903   00:43FB  3E 30                   ld  a,'0'
     904   00:43FD  DD 86 01                add a,(ix+1)                    ; Our value
     905   00:4400  CD A2 00                call    CHPUT
     906   00:4403  DD 74 01                ld  (ix+1),h                    ; Restore original value
     907   00:4406                      CLK_AUTO_GMT_OPT:
     908   00:4406  21 18 68                ld  hl,MMENU_CLOCK_OPT
     909   00:4409  CD 4C 4C                call    PRINTHL
     910   00:440C                      CLK_AUTO_WAIT_OPT_INPUT:
     911   00:440C  CD 9F 00                call    CHGET
     912   00:440F  FE 1B                   cp  #1b                         ; ESC?
     913   00:4411  CA 47 42                jp  z,ESPSETUP                  ; Back to main menu
     914   00:4414  FE 30                   cp  '0'
     915   00:4416  CA 2E 44                jp  z,CLK_AUTO_WAIT_GMT
     916   00:4419  FE 31                   cp  '1'
     917   00:441B  CA 2E 44                jp  z,CLK_AUTO_WAIT_GMT
     918   00:441E  FE 32                   cp  '2'
     919   00:4420  CA 2E 44                jp  z,CLK_AUTO_WAIT_GMT
     920   00:4423  FE 33                   cp  '3'
     921   00:4425  CA 2E 44                jp  z,CLK_AUTO_WAIT_GMT
     922   00:4428  CD C0 00                call    BEEP                    ; Wrong Input, beep
     923   00:442B  C3 0C 44                jp  CLK_AUTO_WAIT_OPT_INPUT     ; And return, waiting another key
     924   00:442E                      CLK_AUTO_WAIT_GMT:
     925   00:442E  CD A2 00                call    CHPUT                   ; Print option
     926   00:4431  D6 30                   sub '0'                         ; Adjust format
     927   00:4433  DD 77 00                ld  (ix+0),a                    ; Save it
     928   00:4436  B7                      or  a
     929   00:4437  CA 25 45                jp  z,CLK_AUTO_GMT_CHK_DONE     ; And send the command if just disabling clock auto set
     930   00:443A  FE 03                   cp  3
     931   00:443C  CA 25 45                jp  z,CLK_AUTO_GMT_CHK_DONE     ; Or send the command if just disabling the adapter
     932   00:443F  21 42 68                ld  hl,MMENU_GMT_OPT
     933   00:4442  CD 4C 4C                call    PRINTHL
     934   00:4445  16 00                   ld  d,0                         ; # of digits entered
     935   00:4447  1E 00                   ld  e,0                         ; # of characters printed
     936   00:4449  DD 36 01 00             ld  (ix+1),0                    ; GMT 0
     937   00:444D                      CLK_AUTO_WAIT_GMT_INPUT:
     938   00:444D  CD 9F 00                call    CHGET
     939   00:4450  FE 1B                   cp  #1b                         ; ESC?
     940   00:4452  CA 47 42                jp  z,ESPSETUP                  ; Back to main menu
     941   00:4455  FE 0D                   cp  #0d                         ; ENTER?
     942   00:4457  CA A0 44                jp  z,CLK_AUTO_GMT_CHK_INPUT    ; Check if ok to send command
     943   00:445A  FE 08                   cp  #08                         ; Backspace?
     944   00:445C  CA 71 44                jp  z,CLK_AUTO_GMT_CHK_BS       ; Check if there is something to erase
     945   00:445F  FE 2D                   cp  '-'                         ; Negative value?
     946   00:4461  CA A0 44                jp  z,CLK_AUTO_GMT_CHK_INPUT
     947   00:4464  FE 30                   cp  '0'                         ; >=0?
     948   00:4466  DA 92 44                jp  c,CLK_AUTO_GMT_BAD_INPUT    ; If not, bad input
     949   00:4469  FE 3A                   cp  '9'+1                       ; <= 9
     950   00:446B  D2 92 44                jp  nc,CLK_AUTO_GMT_BAD_INPUT   ; If not, bad input
     951   00:446E  C3 A0 44                jp  CLK_AUTO_GMT_CHK_INPUT      ; Otherwise, validate digit
     952   00:4471                      CLK_AUTO_GMT_CHK_BS:
     953   00:4471  AF                      xor a
     954   00:4472  BB                      cp  e                           ; Anything on screen?
     955   00:4473  28 1D                   jr  z,CLK_AUTO_GMT_BAD_INPUT    ; Nothing to erase
     956   00:4475  1D                      dec e                           ; One less character on the screen
     957   00:4476  BA                      cp  d                           ; Any digit?
     958   00:4477  28 03                   jr  z,CLK_AUTO_GMT_CHK_BS_MIN   ; If not, just erase - sign
     959   00:4479                          ; There is, so it is one less digit
     960   00:4479  15                      dec d
     961   00:447A  18 04                   jr  CLK_AUTO_GMT_CHK_DIGIT
     962   00:447C                      CLK_AUTO_GMT_CHK_BS_MIN:
     963   00:447C  DD 36 01 00             ld  (ix+1),0                    ; Reset sign
     964   00:4480                      CLK_AUTO_GMT_CHK_DIGIT:
     965   00:4480  3E 08                   ld  a,8                         ; Backspace
     966   00:4482  CD A2 00                call    CHPUT                   ; Print it
     967   00:4485  3E 20                   ld  a,' '                       ; Space
     968   00:4487  CD A2 00                call    CHPUT                   ; Print it
     969   00:448A  3E 08                   ld  a,8                         ; Backspace
     970   00:448C  CD A2 00                call    CHPUT                   ; Print it
     971   00:448F  C3 4D 44                jp  CLK_AUTO_WAIT_GMT_INPUT     ; Return
     972   00:4492                      CLK_AUTO_GMT_BAD_INPUT:
     973   00:4492                          ; Beep might use sub rom, and if so, all registers will be messed up, better save
     974   00:4492  C5                      push    bc
     975   00:4493  D5                      push    de
     976   00:4494  F5                      push    af
     977   00:4495  E5                      push    hl
     978   00:4496  CD C0 00                call    BEEP                    ; Wrong Input, beep
     979   00:4499  E1                      pop hl
     980   00:449A  F1                      pop af
     981   00:449B  D1                      pop de
     982   00:449C  C1                      pop bc
     983   00:449D  C3 4D 44                jp  CLK_AUTO_WAIT_GMT_INPUT     ; And return, waiting another key
     984   00:44A0                      CLK_AUTO_GMT_CHK_INPUT:
     985   00:44A0  4F                      ld  c,a                         ; Save in C for printing if needed
     986   00:44A1  FE 2D                   cp  '-'                         ; - sign?
     987   00:44A3  20 11                   jr  nz,CLK_AUTO_GMT_CHK_CR      ; If not, check if enter
     988   00:44A5                          ; - sign
     989   00:44A5  3E 00                   ld  a,0
     990   00:44A7  BB                      cp  e                           ; If not the first character, can't accept
     991   00:44A8  20 E8                   jr  nz,CLK_AUTO_GMT_BAD_INPUT
     992   00:44AA                          ; It is the first, so let's print it
     993   00:44AA  79                      ld  a,c
     994   00:44AB  CD A2 00                call    CHPUT
     995   00:44AE  DD 36 01 80             ld  (ix+1),0x80                 ; Set the - sign bit, for now rest is zero
     996   00:44B2  1C                      inc e                           ; Increase # of characters printed
     997   00:44B3  C3 4D 44                jp  CLK_AUTO_WAIT_GMT_INPUT     ; Continue waiting input
     998   00:44B6                      CLK_AUTO_GMT_CHK_CR:
     999   00:44B6  FE 0D                   cp  #0d                         ; ENTER?
    1000   00:44B8  20 0F                   jr  nz,CLK_AUTO_GMT_CHK_CD      ; If not, check if digit is valid
    1001   00:44BA                          ; Enter
    1002   00:44BA  3E 00                   ld  a,0
    1003   00:44BC  BA                      cp  d                           ; Ok, at least one digit entered?
    1004   00:44BD  28 D3                   jr  z,CLK_AUTO_GMT_BAD_INPUT    ; No, so, enter is no good now
    1005   00:44BF                          ; It is, if it had a digit entered and did not send, it was 1, so...
    1006   00:44BF  3E 01                   ld  a,1
    1007   00:44C1  DD B6 01                or  a,(ix+1)                    ; Adjust sign, if needed
    1008   00:44C4  DD 77 01                ld  (ix+1),a                    ; Save
    1009   00:44C7  18 5C                   jr  CLK_AUTO_GMT_CHK_DONE       ; Ok, ready to send
    1010   00:44C9                      CLK_AUTO_GMT_CHK_CD:
    1011   00:44C9                          ; Ok, it is a digit
    1012   00:44C9  06 30                   ld  b,'0'
    1013   00:44CB  90                      sub a,b                         ; A has digit value
    1014   00:44CC  47                      ld  b,a                         ; Save in B
    1015   00:44CD  3E 00                   ld  a,0
    1016   00:44CF  BA                      cp  d
    1017   00:44D0  20 1E                   jr  nz,CLK_AUTO_GMT_CHK_CSD     ; If not zero, it is second digit, so almost done
    1018   00:44D2                          ; 1st digit, let's check if it is other than 1, if it is, we are almost done
    1019   00:44D2  3E 01                   ld  a,1
    1020   00:44D4  B8                      cp  b
    1021   00:44D5  28 10                   jr  z,CLK_AUTO_GMT_CHK_CD.1     ; If it is 1, wait next digit or enter
    1022   00:44D7                          ; Not 1, so just adjust ix+1 and go
    1023   00:44D7  79                      ld  a,c
    1024   00:44D8  CD A2 00                call    CHPUT                   ; Print it
    1025   00:44DB  78                      ld  a,b
    1026   00:44DC  B7                      or  a
    1027   00:44DD  28 03                   jr  z,CLK_AUTO_SKIP_SIGN
    1028   00:44DF  DD B6 01                or  a,(ix+1)                    ; Adjust sign, if needed
    1029   00:44E2                      CLK_AUTO_SKIP_SIGN:
    1030   00:44E2  DD 77 01                ld  (ix+1),a                    ; Save
    1031   00:44E5  18 3E                   jr  CLK_AUTO_GMT_CHK_DONE       ; Ok, ready to send
    1032   00:44E7                      CLK_AUTO_GMT_CHK_CD.1:
    1033   00:44E7  79                      ld  a,c
    1034   00:44E8  CD A2 00                call    CHPUT                   ; Print it
    1035   00:44EB  14                      inc d                           ; Digits entered now is 1
    1036   00:44EC  1C                      inc e                           ; Digits printed increased
    1037   00:44ED  C3 4D 44                jp  CLK_AUTO_WAIT_GMT_INPUT     ; Continue waiting input
    1038   00:44F0                      CLK_AUTO_GMT_CHK_CSD:
    1039   00:44F0                          ; Second digit, easy... First was 1, now need to check if it is 0, 1 or 2, otherwise, bad entry
    1040   00:44F0  78                      ld  a,b
    1041   00:44F1  06 03                   ld  b,3
    1042   00:44F3  B8                      cp  b
    1043   00:44F4  D2 92 44                jp  nc,CLK_AUTO_GMT_BAD_INPUT   ; 3 or more, so, not valid
    1044   00:44F7  B7                      or  a                           ; Is it zero?
    1045   00:44F8  20 0E                   jr  nz,CLK_AUTO_GMT_CHK_CSD1    ; If not, check for 1
    1046   00:44FA                          ; It was zero
    1047   00:44FA  3E 0A                   ld  a,10                        ; So, 10
    1048   00:44FC  DD B6 01                or  a,(ix+1)                    ; Adjust sign, if needed
    1049   00:44FF  DD 77 01                ld  (ix+1),a                    ; Save
    1050   00:4502  79                      ld  a,c
    1051   00:4503  CD A2 00                call    CHPUT                   ; Print it
    1052   00:4506  18 1D                   jr  CLK_AUTO_GMT_CHK_DONE       ; Ready to
    1053   00:4508                      CLK_AUTO_GMT_CHK_CSD1:
    1054   00:4508  3D                      dec a                           ; Is it one?
    1055   00:4509  20 0E                   jr  nz,CLK_AUTO_GMT_CHK_CSD2
    1056   00:450B                          ; It was one
    1057   00:450B  3E 0B                   ld  a,11                        ; So, eleven
    1058   00:450D  DD B6 01                or  a,(ix+1)                    ; Adjust sign, if needed
    1059   00:4510  DD 77 01                ld  (ix+1),a                    ; Save
    1060   00:4513  79                      ld  a,c
    1061   00:4514  CD A2 00                call    CHPUT                   ; Print it
    1062   00:4517  18 0C                   jr  CLK_AUTO_GMT_CHK_DONE       ; Ready to send
    1063   00:4519                      CLK_AUTO_GMT_CHK_CSD2:
    1064   00:4519                          ; It was two
    1065   00:4519  3E 0C                   ld  a,12                        ; So, twelve
    1066   00:451B  DD B6 01                or  a,(ix+1)                    ; Adjust sign, if needed
    1067   00:451E  DD 77 01                ld  (ix+1),a                    ; Save
    1068   00:4521  79                      ld  a,c
    1069   00:4522  CD A2 00                call    CHPUT                   ; Print it
    1070   00:4525                          ; And send command
    1071   00:4525                      CLK_AUTO_GMT_CHK_DONE:
    1072   00:4525  3E 0D                   ld  a,#0d
    1073   00:4527  CD A2 00                call    CHPUT
    1074   00:452A  3E 0A                   ld  a,#0a
    1075   00:452C  CD A2 00                call    CHPUT
    1076   00:452F  21 03 6E                ld  hl,STR_SENDING
    1077   00:4532  CD 4C 4C                call    PRINTHL
    1078   00:4535                          CLEAR_UART
    1078   00:4535  3E 14             >     ld  a,20
    1078   00:4537  D3 06             >     out (OUT_CMD_PORT),a
    1079   00:4539  3E 43                   ld  a,CMD_SET_ACLK_SETTINGS
    1080   00:453B                          SEND_DATA
    1080   00:453B  D3 07             >     out (OUT_TX_PORT),a
    1081   00:453D  3E 00                   ld  a,0                         ; Size MSB is 0
    1082   00:453F                          SEND_DATA
    1082   00:453F  D3 07             >     out (OUT_TX_PORT),a
    1083   00:4541  3E 02                   ld  a,2                         ; Size LSB is 2
    1084   00:4543                          SEND_DATA
    1084   00:4543  D3 07             >     out (OUT_TX_PORT),a
    1085   00:4545  DD 7E 00                ld  a,(ix+0)                    ; Option
    1086   00:4548                          SEND_DATA
    1086   00:4548  D3 07             >     out (OUT_TX_PORT),a
    1087   00:454A  DD 7E 01                ld  a,(ix+1)                    ; GMT
    1088   00:454D                          SEND_DATA
    1088   00:454D  D3 07             >     out (OUT_TX_PORT),a
    1089   00:454F  21 3C 00                ld  hl,60                       ; Wait Up To 1s
    1090   00:4552  3E 43                   ld  a,CMD_SET_ACLK_SETTINGS
    1091   00:4554  CD FF 4A                call    WAIT_MENU_QCMD_RESPONSE
    1092   00:4557  21 1E 6E                ld  hl,STR_SENDING_OK
    1093   00:455A  20 03                   jr  nz,CLK_AUTO_GMT_CHK_RESULT
    1094   00:455C  21 9B 6E                ld  hl,STR_SENDING_FAIL
    1095   00:455F                      CLK_AUTO_GMT_CHK_RESULT:
    1096   00:455F  CD 4C 4C                call    PRINTHL
    1097   00:4562  C3 DB 49                jp  WAIT_2S_AND_THEN_MAINMENU
    1098   00:4565                      
    1099   00:4565                      ;============================
    1100   00:4565                      ;===  SETUP Menu Routines  ==
    1101   00:4565                      ;===    Wi-Fi Scan Menu    ==
    1102   00:4565                      ;============================
    1103   00:4565                      START_WIFI_SCAN:
    1104   00:4565  3E 33                   ld  a,'3'
    1105   00:4567  CD A2 00                call    CHPUT
    1106   00:456A  CD E3 49                call    WAIT_250MS_AND_THEN_CONTINUE
    1107   00:456D                      START_WIFI_RESCAN:
    1108   00:456D  21 D7 68                ld  hl,MMENU_SCAN
    1109   00:4570  CD 4C 4C                call    PRINTHL                 ; Print Main Scan message
    1110   00:4573  CD 8C 49                call    STARTWIFISCAN           ; Request Wi-Fi Scan to start
    1111   00:4576  ED 5B 76 F6             ld  de,(TXTTAB)                 ; We will borrow Basic Program memory area for now...
    1112   00:457A  DD 6B                   ld  ixl,e
    1113   00:457C  DD 62                   ld  ixh,d                       ; Address in IX
    1114   00:457E  11 14 00                ld  de,20                       ; At least 10s waiting scan to finish, retry 20 times waiting 0.5s between attempts
    1115   00:4581                      WIFI_SCAN_WAIT_END:
    1116   00:4581                          CLEAR_UART
    1116   00:4581  3E 14             >     ld  a,20
    1116   00:4583  D3 06             >     out (OUT_CMD_PORT),a
    1117   00:4585  3E 73                   ld  a,CMD_SCAN_RESULTS
    1118   00:4587                          SEND_DATA
    1118   00:4587  D3 07             >     out (OUT_TX_PORT),a
    1119   00:4589  21 3C 00                ld  hl,60                       ; Wait Up To 1s
    1120   00:458C  CD BF 4B                call    WAIT_MENU_SCMD_RESPONSE
    1121   00:458F  C2 A7 45                jp  nz,WIFI_SCAN_SHOW_LIST      ; if success show the list
    1122   00:4592  78                      ld  a,b
    1123   00:4593  FE 02                   cp  2                           ; If 2, scan is done and nothing found
    1124   00:4595  CA FC 47                jp  z,WIFI_SCAN_NONETWORKS
    1125   00:4598  2E 1E                   ld  l,30
    1126   00:459A                      WIFI_SCAN_WAITHS:
    1127   00:459A  76                      halt
    1128   00:459B  2D                      dec l
    1129   00:459C  20 FC                   jr  nz,WIFI_SCAN_WAITHS
    1130   00:459E  1B                      dec de
    1131   00:459F  7B                      ld  a,e
    1132   00:45A0  B2                      or  d
    1133   00:45A1  CA 05 48                jp  z,WIFI_SCAN_TIMEOUT
    1134   00:45A4  C3 81 45                jp  WIFI_SCAN_WAIT_END
    1135   00:45A7                      WIFI_SCAN_SHOW_LIST:
    1136   00:45A7  57                      ld  d,a                         ; Save access point counter here
    1137   00:45A8  1E 00                   ld  e,0                         ; And here how many were printed
    1138   00:45AA  21 5C 69                ld  hl,MMENU_SCANS
    1139   00:45AD  CD 4C 4C                call    PRINTHL
    1140   00:45B0  DD E5                   push    ix
    1141   00:45B2  E1                      pop hl                          ; IX in HL
    1142   00:45B3                      WIFI_LIST_LOOP:
    1143   00:45B3  7B                      ld  a,e
    1144   00:45B4  C6 30                   add a,'0'                       ; Convert to number
    1145   00:45B6  CD A2 00                call    CHPUT
    1146   00:45B9  3E 20                   ld  a,' '                       ; Space
    1147   00:45BB  CD A2 00                call    CHPUT
    1148   00:45BE  3E 2D                   ld  a,'-'                       ; Dash
    1149   00:45C0  CD A2 00                call    CHPUT
    1150   00:45C3  3E 20                   ld  a,' '                       ; Space
    1151   00:45C5  CD A2 00                call    CHPUT
    1152   00:45C8  06 18                   ld  b,24                        ; Cuts AP names > 23 chars
    1153   00:45CA                      PRT_APNAMELP:
    1154   00:45CA  7E                      ld  a,(hl)
    1155   00:45CB  B7                      or  a
    1156   00:45CC  CA E6 45                jp  z,PRT_APENC
    1157   00:45CF  CD A2 00                call    CHPUT
    1158   00:45D2  23                      inc hl
    1159   00:45D3  10 F5                   djnz    PRT_APNAMELP
    1160   00:45D5  E5                      push    hl
    1161   00:45D6  21 F3 6A                ld  hl,SCAN_TERMINATOR_CUT
    1162   00:45D9  CD 4C 4C                call    PRINTHL
    1163   00:45DC  E1                      pop hl
    1164   00:45DD                      PRT_APNAMELP_CUT:
    1165   00:45DD  7E                      ld  a,(hl)
    1166   00:45DE  B7                      or  a
    1167   00:45DF  CA E6 45                jp  z,PRT_APENC
    1168   00:45E2  23                      inc hl
    1169   00:45E3  C3 DD 45                jp  PRT_APNAMELP_CUT
    1170   00:45E6                      PRT_APENC:
    1171   00:45E6  23                      inc hl
    1172   00:45E7  7E                      ld  a,(hl)
    1173   00:45E8  B7                      or  a
    1174   00:45E9  CA F7 45                jp  z,PRT_APNOTENC
    1175   00:45EC  E5                      push    hl
    1176   00:45ED  21 01 6B                ld  hl,SCAN_TERMINATOR_ENC
    1177   00:45F0  CD 4C 4C                call    PRINTHL
    1178   00:45F3  E1                      pop hl
    1179   00:45F4  C3 FF 45                jp  PRT_AP_CHKLOOP
    1180   00:45F7                      PRT_APNOTENC:
    1181   00:45F7  E5                      push    hl
    1182   00:45F8  21 FA 6A                ld  hl,SCAN_TERMINATOR_OPEN
    1183   00:45FB  CD 4C 4C                call    PRINTHL
    1184   00:45FE  E1                      pop hl
    1185   00:45FF                      PRT_AP_CHKLOOP:
    1186   00:45FF  23                      inc hl
    1187   00:4600  1C                      inc e
    1188   00:4601  3E 08                   ld  a,SCAN_MAX_PAGE_SIZE
    1189   00:4603  BB                      cp  e
    1190   00:4604  CA 0F 46                jp  z,APLIST_OVERFLOW
    1191   00:4607  15                      dec d
    1192   00:4608  C2 B3 45                jp  nz,WIFI_LIST_LOOP
    1193   00:460B  06 00                   ld  b,0                         ; Signal no more list data
    1194   00:460D  18 10                   jr  APLIST_NO_OVERFLOW
    1195   00:460F                      APLIST_OVERFLOW:
    1196   00:460F  15                      dec d                           ; Update remaining items
    1197   00:4610  AF                      xor a
    1198   00:4611  B2                      or  d                           ; Still has items?
    1199   00:4612  28 0B                   jr  z,APLIST_NO_OVERFLOW        ; No more items
    1200   00:4614  06 01                   ld  b,1                         ; Signal that there still is data pending to list in another page
    1201   00:4616  E5                      push    hl
    1202   00:4617  FD E1                   pop iy                          ; Save in IY the address to continue from
    1203   00:4619  4A                      ld  c,d                         ; And C has the remaining AP count
    1204   00:461A  21 84 6A                ld  hl,MMENU_SCANQM
    1205   00:461D  18 03                   jr  APLIST_NOFLW
    1206   00:461F                      APLIST_NO_OVERFLOW:
    1207   00:461F                          ; If here, current page has been printed
    1208   00:461F                          ; E has the maximum allowable AP number
    1209   00:461F                          ; B will indicate if there are more items for a next page
    1210   00:461F                          ; IY will hold the address of the following items
    1211   00:461F                          ; Let's ask which one to connect
    1212   00:461F  21 19 6A                ld  hl,MMENU_SCANQ
    1213   00:4622                      APLIST_NOFLW:
    1214   00:4622  CD 4C 4C                call    PRINTHL                 ; Show message asking which network to connect
    1215   00:4625  3E 30                   ld  a,'0'
    1216   00:4627  83                      add a,e
    1217   00:4628  5F                      ld  e,a                         ; To make it easy in the selection screen
    1218   00:4629                      WIFI_SELECT_AP:
    1219   00:4629  CD 9F 00                call    CHGET
    1220   00:462C  FE 1B                   cp  #1b                         ; ESC?
    1221   00:462E  CA 47 42                jp  z,ESPSETUP                  ; When done, back to main setup
    1222   00:4631  FE 20                   cp  #20                         ; Spacebar?
    1223   00:4633  CA 47 46                jp  z,WIFI_SELECT_SPACEBAR      ; Check if re-scan or next page
    1224   00:4636  FE 0D                   cp  CR                          ; ENTER?
    1225   00:4638  CA 54 46                jp  z,WIFI_CONNECT_ME_CHOOSEN   ; Request AP Name and Password if needed
    1226   00:463B  FE 30                   cp  '0'                         ; Check if A is less than 0
    1227   00:463D  DA E6 47                jp  c,INPUT_WFSAP_BAD_INPUT     ; If it is, ignore
    1228   00:4640  BB                      cp  e                           ; Check if a is greater than what is in E
    1229   00:4641  D2 E6 47                jp  nc,INPUT_WFSAP_BAD_INPUT    ; If it is, ignore
    1230   00:4644  C3 DE 46                jp  WIFI_CONNECT_SELECTION_OK   ; Selection Ok if here
    1231   00:4647                      
    1232   00:4647                      WIFI_SELECT_SPACEBAR:
    1233   00:4647  AF                      xor a
    1234   00:4648  B2                      or  d                           ; D = AP counter
    1235   00:4649  CA 6D 45                jp  z,START_WIFI_RESCAN         ; Rescan if no more items
    1236   00:464C                          ; Otherwise, more items, start at IY
    1237   00:464C  FD E5                   push    iy
    1238   00:464E  DD E1                   pop ix                          ; Restore the list from where we finished last time
    1239   00:4650  79                      ld  a,c                         ; Restore the remaining APs to list
    1240   00:4651  C3 A7 45                jp  WIFI_SCAN_SHOW_LIST         ; And show
    1241   00:4654                      
    1242   00:4654                      WIFI_CONNECT_ME_CHOOSEN:
    1243   00:4654  21 5B 68                ld  hl,MMENU_MANUALENTRY
    1244   00:4657  CD 4C 4C                call    PRINTHL                 ; Show message asking AP details....
    1245   00:465A                          ; IX has the AP list, we don't care, but that address is ours to use to handle SSID Entry
    1246   00:465A  DD E5                   push    ix
    1247   00:465C  E1                      pop hl                          ; HL has the address
    1248   00:465D  0E 00                   ld  c,0                         ; AP name size
    1249   00:465F                      WIFI_CONNECT_MANUAL_ENTRY:
    1250   00:465F  CD 9F 00                call    CHGET
    1251   00:4662  FE 1B                   cp  #1b                         ; ESC?
    1252   00:4664  CA 47 42                jp  z,ESPSETUP                  ; Back to main setup
    1253   00:4667  FE 08                   cp  #08                         ; Backspace?
    1254   00:4669  28 55                   jr  z,WIFI_CONNECT_ME_BS        ; Check if there is something to erase
    1255   00:466B  FE 0D                   cp  #0d                         ; ENTER?
    1256   00:466D  28 68                   jr  z,WIFI_ME_CHECK_INPUT       ; Check if ok
    1257   00:466F                          ; Otherwise it is a digit
    1258   00:466F  77                      ld  (hl),a
    1259   00:4670  79                      ld  a,c
    1260   00:4671  D6 20                   sub 32                          ; SSID maximum is 32 characters
    1261   00:4673  28 EA                   jr  z,WIFI_CONNECT_MANUAL_ENTRY
    1262   00:4675  7E                      ld  a,(hl)
    1263   00:4676  0C                      inc c
    1264   00:4677  23                      inc hl
    1265   00:4678  FE 20                   cp  32
    1266   00:467A  30 04                   jr  nc,WIFI_CONNECT_ME_CHKPRT2  ; Ok, not below space, but is it delete?
    1267   00:467C  3E 3F                   ld  a,'?'                       ; Prints a question mark
    1268   00:467E  18 06                   jr  WIFI_CONNECT_ME_CHKPRTD
    1269   00:4680                      WIFI_CONNECT_ME_CHKPRT2:
    1270   00:4680  FE 7F                   cp  #7f
    1271   00:4682  20 02                   jr  nz,WIFI_CONNECT_ME_CHKPRTD
    1272   00:4684  3E 3F                   ld  a,'?'                       ; Prints a question mark if it is delete
    1273   00:4686                      WIFI_CONNECT_ME_CHKPRTD:
    1274   00:4686  CD A2 00                call    CHPUT                   ; Print a char
    1275   00:4689  C3 5F 46                jp  WIFI_CONNECT_MANUAL_ENTRY
    1276   00:468C                      WIFI_CONNECT_ME_0_TERM:
    1277   00:468C  AF                      xor a
    1278   00:468D  77                      ld  (hl),a
    1279   00:468E  23                      inc hl
    1280   00:468F  E5                      push    hl                      ; Save it
    1281   00:4690  21 BC 68                ld  hl,MENU_MANUALENTRY_PWD
    1282   00:4693  CD 4C 4C                call    PRINTHL                 ; We are asking if password is needed
    1283   00:4696  E1                      pop hl                          ; Restore it
    1284   00:4697  CD 9F 00                call    CHGET                   ; Get key, if Y or y, needed, otherwise not
    1285   00:469A  CB AF                   res 5,a                         ; Force upper case
    1286   00:469C  FE 59                   cp  'Y'
    1287   00:469E  28 08                   jr  z,WIFI_CONNECT_ME_PWD_Y     ; And tell using encryption
    1288   00:46A0  3E 6E                   ld  a,'n'
    1289   00:46A2  CD A2 00                call    CHPUT                   ; Overwrite what was typed with 'n'
    1290   00:46A5  AF                      xor a                           ; Ok, if here, no pwd, so no encryption
    1291   00:46A6  18 07                   jr  WIFI_CONNECT_ME_PWD
    1292   00:46A8                      WIFI_CONNECT_ME_PWD_Y:
    1293   00:46A8  3E 79                   ld  a,'y'
    1294   00:46AA  CD A2 00                call    CHPUT                   ; Print 'y'
    1295   00:46AD  3E 01                   ld  a,1                         ; Do not change flags, pwd needed
    1296   00:46AF                      WIFI_CONNECT_ME_PWD:
    1297   00:46AF  77                      ld  (hl),a                      ; Save if encryption is expected
    1298   00:46B0  DD E5                   push    ix
    1299   00:46B2  E1                      pop hl                          ; HL containing the beginning of SSID name
    1300   00:46B3  3E 0D                   ld  a,#0d
    1301   00:46B5  CD A2 00                call    CHPUT
    1302   00:46B8  3E 0A                   ld  a,#0a
    1303   00:46BA  CD A2 00                call    CHPUT
    1304   00:46BD  C3 02 47                jp  WIFI_CONNECT_AP_PWDQ        ; And the rest is handled like if menu selected
    1305   00:46C0                      WIFI_CONNECT_ME_BS:
    1306   00:46C0  AF                      xor a
    1307   00:46C1  B9                      cp  c                           ; Has any data to delete?
    1308   00:46C2  28 9B                   jr  z,WIFI_CONNECT_MANUAL_ENTRY ; No
    1309   00:46C4                          ; Yes
    1310   00:46C4  2B                      dec hl                          ; Decrement pointer
    1311   00:46C5  0D                      dec c                           ; Decrement counter
    1312   00:46C6  3E 08                   ld  a,8                         ; Backspace
    1313   00:46C8  CD A2 00                call    CHPUT                   ; Print it
    1314   00:46CB  3E 20                   ld  a,' '                       ; Space
    1315   00:46CD  CD A2 00                call    CHPUT                   ; Print it
    1316   00:46D0  3E 08                   ld  a,8                         ; Backspace
    1317   00:46D2  CD A2 00                call    CHPUT                   ; Print it
    1318   00:46D5  18 88                   jr  WIFI_CONNECT_MANUAL_ENTRY   ; Return
    1319   00:46D7                      WIFI_ME_CHECK_INPUT:
    1320   00:46D7  AF                      xor a
    1321   00:46D8  B9                      cp  c                           ; Has received any data?
    1322   00:46D9  28 84                   jr  z,WIFI_CONNECT_MANUAL_ENTRY ; No
    1323   00:46DB  C3 8C 46                jp  WIFI_CONNECT_ME_0_TERM      ; Yes, so handle SSID input termination
    1324   00:46DE                      
    1325   00:46DE                      WIFI_CONNECT_SELECTION_OK:
    1326   00:46DE  CD A2 00                call    CHPUT                   ; Valid input, print it
    1327   00:46E1  1E 30                   ld  e,'0'
    1328   00:46E3  93                      sub a,e                         ; Get in decimal
    1329   00:46E4  5F                      ld  e,a                         ; Back in E
    1330   00:46E5                          ; IX has the AP list, A which one has been selected, now our routine will do it
    1331   00:46E5  3E 0D                   ld  a,#0d
    1332   00:46E7  CD A2 00                call    CHPUT
    1333   00:46EA  3E 0A                   ld  a,#0a
    1334   00:46EC  CD A2 00                call    CHPUT
    1335   00:46EF  DD E5                   push    ix
    1336   00:46F1  E1                      pop hl                          ; put IX in HL
    1337   00:46F2                      WIFI_CONNECT_AP_SRCH:
    1338   00:46F2  7B                      ld  a,e
    1339   00:46F3  B7                      or  a
    1340   00:46F4                      WIFI_CONNECT_AP_SRCH.1:
    1341   00:46F4  CA 02 47                jp  z,WIFI_CONNECT_AP_PWDQ
    1342   00:46F7  7E                      ld  a,(hl)
    1343   00:46F8  23                      inc hl
    1344   00:46F9  B7                      or  a
    1345   00:46FA  C2 F4 46                jp  nz,WIFI_CONNECT_AP_SRCH.1   ; Find string terminator
    1346   00:46FD                          ; Found, jump encryption byte
    1347   00:46FD  23                      inc hl
    1348   00:46FE  1D                      dec e                           ; Decrement selection, if 0 we are done
    1349   00:46FF  C2 F4 46                jp  nz,WIFI_CONNECT_AP_SRCH.1
    1350   00:4702                      WIFI_CONNECT_AP_PWDQ:
    1351   00:4702                          ; HL has the address of AP name string
    1352   00:4702  54                      ld  d,h
    1353   00:4703  5D                      ld  e,l                         ; Save copy in D
    1354   00:4704  01 00 00                ld  bc,0                        ; BC will have the ap connection data length
    1355   00:4707                      WIFI_CONNECT_APSIZE:
    1356   00:4707  03                      inc bc
    1357   00:4708  1A                      ld  a,(de)
    1358   00:4709  13                      inc de
    1359   00:470A  B7                      or  a
    1360   00:470B  C2 07 47                jp  nz,WIFI_CONNECT_APSIZE      ; Count size, including zero terminator
    1361   00:470E                          ; Check for encryption
    1362   00:470E  1A                      ld  a,(de)
    1363   00:470F  B7                      or  a
    1364   00:4710  CA A1 47                jp  z,WIFI_CONNECT_SENDCMD      ; If no password requested, good to go
    1365   00:4713                          ; Shoot, need to request password, well, let's do it
    1366   00:4713  E5                      push    hl                      ; Save HL
    1367   00:4714  21 D6 69                ld  hl,MMENU_ASKPWD
    1368   00:4717  CD 4C 4C                call    PRINTHL                 ; Inform that user need to input PWD
    1369   00:471A  E1                      pop hl                          ; Restore HL
    1370   00:471B  FD 21 00 00             ld  iy,0                        ; IY will help in backspacing
    1371   00:471F  DD 26 01                ld  ixh,1                       ; Start hidden
    1372   00:4722                      WIFI_CONNECT_RCV_PWD:
    1373   00:4722  CD 9F 00                call    CHGET
    1374   00:4725  FE 1B                   cp  #1b                         ; ESC?
    1375   00:4727  CA 47 42                jp  z,ESPSETUP                  ; When done, back to main setup
    1376   00:472A  FE 08                   cp  #08                         ; Backspace?
    1377   00:472C  CA 7D 47                jp  z,WIFI_CONNECT_RCV_PWD_BS   ; Check if there is something to erase
    1378   00:472F  FE 0D                   cp  #0d                         ; ENTER?
    1379   00:4731  CA 9A 47                jp  z,WIFI_PWD_CHECK_INPUT      ; Check if ok
    1380   00:4734  FE 7F                   cp  #7f                         ; Delete?
    1381   00:4736  CA 69 47                jp  z,WIFI_CONNECT_RCV_PWDH     ; Change password from clear to hidden or vice versa
    1382   00:4739                      WIFI_CONNECT_RCV_PWD_STR:
    1383   00:4739                          ; Ok, so it is a digit and store
    1384   00:4739  12                      ld  (de),a
    1385   00:473A  FD 7D                   ld  a,iyl
    1386   00:473C  D6 3F                   sub 63                          ; 63 chars password limit (WPA2 encryption)
    1387   00:473E  28 E2                   jr  z,WIFI_CONNECT_RCV_PWD
    1388   00:4740  1A                      ld  a,(de)
    1389   00:4741  03                      inc bc
    1390   00:4742  13                      inc de
    1391   00:4743  FD 23                   inc iy                          ; Increment counters and pointer
    1392   00:4745  F5                      push    af                      ; Save A
    1393   00:4746  DD 7C                   ld  a,ixh
    1394   00:4748  B7                      or  a                           ; If zero, print char, otherwise print *
    1395   00:4749  28 09                   jr  z,WIFI_CONNECT_RCV_PWD_CHAR
    1396   00:474B  F1                      pop af
    1397   00:474C  3E 2A                   ld  a,'*'                       ; Print * and keep password hidden
    1398   00:474E  CD A2 00                call    CHPUT
    1399   00:4751  C3 22 47                jp  WIFI_CONNECT_RCV_PWD        ; And back to receiving digits
    1400   00:4754                      WIFI_CONNECT_RCV_PWD_CHAR:
    1401   00:4754  F1                      pop af
    1402   00:4755  FE 20                   cp  32
    1403   00:4757  30 04                   jr  nc,WIFI_CONNECT_RCV_CHKPRT2 ; Ok, not below space, but is it delete?
    1404   00:4759  3E 3F                   ld  a,'?'                       ; Prints a question mark
    1405   00:475B  18 06                   jr  WIFI_CONNECT_RCV_CHKPRTD
    1406   00:475D                      WIFI_CONNECT_RCV_CHKPRT2:
    1407   00:475D  FE 7F                   cp  #7f
    1408   00:475F  20 02                   jr  nz,WIFI_CONNECT_RCV_CHKPRTD
    1409   00:4761  3E 3F                   ld  a,'?'                       ; Prints a question mark if it is delete
    1410   00:4763                      WIFI_CONNECT_RCV_CHKPRTD:
    1411   00:4763  CD A2 00                call    CHPUT                   ; Print a char
    1412   00:4766  C3 22 47                jp  WIFI_CONNECT_RCV_PWD        ; And back to receiving digits
    1413   00:4769                      
    1414   00:4769                      WIFI_CONNECT_RCV_PWDH:
    1415   00:4769  FD 7D                   ld  a,iyl
    1416   00:476B  FD B4                   or  iyh
    1417   00:476D  C2 39 47                jp  nz,WIFI_CONNECT_RCV_PWD_STR ; If digits entered, can't change password behavior, so it is a pass phrase char
    1418   00:4770  AF                      xor a
    1419   00:4771  DD B4                   or  ixh
    1420   00:4773  DD 26 01                ld  ixh,1
    1421   00:4776  28 AA                   jr  z,WIFI_CONNECT_RCV_PWD      ; Return if it was 0
    1422   00:4778  DD 26 00                ld  ixh,0
    1423   00:477B  28 A5                   jr  z,WIFI_CONNECT_RCV_PWD      ; Otherwise set to 0 and return
    1424   00:477D                      
    1425   00:477D                      WIFI_CONNECT_RCV_PWD_BS:
    1426   00:477D  FD 7D                   ld  a,iyl
    1427   00:477F  FD B4                   or  iyh
    1428   00:4781  CA 22 47                jp  z,WIFI_CONNECT_RCV_PWD      ; If no digits entered, nothing to erase
    1429   00:4784  FD 2B                   dec iy                          ; Decrement counter
    1430   00:4786  0B                      dec bc                          ; Decrement counter
    1431   00:4787  1B                      dec de                          ; Decrement pointer
    1432   00:4788  3E 08                   ld  a,8                         ; Backspace
    1433   00:478A  CD A2 00                call    CHPUT                   ; Print it
    1434   00:478D  3E 20                   ld  a,' '                       ; Space
    1435   00:478F  CD A2 00                call    CHPUT                   ; Print it
    1436   00:4792  3E 08                   ld  a,8                         ; Backspace
    1437   00:4794  CD A2 00                call    CHPUT                   ; Print it
    1438   00:4797  C3 22 47                jp  WIFI_CONNECT_RCV_PWD        ; Return
    1439   00:479A                      
    1440   00:479A                      WIFI_PWD_CHECK_INPUT:
    1441   00:479A  FD 7D                   ld  a,iyl
    1442   00:479C  FD B4                   or  iyh
    1443   00:479E  CA 22 47                jp  z,WIFI_CONNECT_RCV_PWD      ; If no digits entered, no password to send
    1444   00:47A1                          ; Otherwise done and ready to send
    1445   00:47A1                      WIFI_CONNECT_SENDCMD:
    1446   00:47A1  CD E3 49                call    WAIT_250MS_AND_THEN_CONTINUE
    1447   00:47A4  E5                      push    hl
    1448   00:47A5  21 92 69                ld  HL,MMENU_CONNECTING
    1449   00:47A8  CD 4C 4C                call    PRINTHL
    1450   00:47AB  E1                      pop hl
    1451   00:47AC                          ; Print AP name
    1452   00:47AC  E5                      push    hl
    1453   00:47AD  CD 56 4C                call    PRINTHLINE              ; Print AP Name
    1454   00:47B0  E1                      pop hl
    1455   00:47B1                          ; HL has the address of our data, BC the data size, so it is just needed to send the command
    1456   00:47B1                          CLEAR_UART
    1456   00:47B1  3E 14             >     ld  a,20
    1456   00:47B3  D3 06             >     out (OUT_CMD_PORT),a
    1457   00:47B5  3E 41                   ld  a,CMD_WIFI_CONNECT
    1458   00:47B7                          SEND_DATA
    1458   00:47B7  D3 07             >     out (OUT_TX_PORT),a
    1459   00:47B9  78                      ld  a,b                         ; Size MSB is in B
    1460   00:47BA                          SEND_DATA
    1460   00:47BA  D3 07             >     out (OUT_TX_PORT),a
    1461   00:47BC  79                      ld  a,c                         ; Size LSB is in c
    1462   00:47BD                          SEND_DATA
    1462   00:47BD  D3 07             >     out (OUT_TX_PORT),a
    1463   00:47BF                      WIFI_CONNECT_SENDCMDLP:
    1464   00:47BF  7E                      ld  a,(hl)
    1465   00:47C0                          SEND_DATA
    1465   00:47C0  D3 07             >     out (OUT_TX_PORT),a
    1466   00:47C2  23                      inc hl
    1467   00:47C3  0B                      dec bc
    1468   00:47C4  78                      ld  a,b
    1469   00:47C5  B1                      or  c
    1470   00:47C6  C2 BF 47                jp  nz,WIFI_CONNECT_SENDCMDLP
    1471   00:47C9  21 58 02                ld  hl,600                      ; Wait Up To 10s
    1472   00:47CC  3E 41                   ld  a,CMD_WIFI_CONNECT          ; Our command
    1473   00:47CE  CD FF 4A                call    WAIT_MENU_QCMD_RESPONSE
    1474   00:47D1  CA DD 47                jp  z,WIFI_CONNECT_FAIL
    1475   00:47D4  21 37 6E                ld  hl,STR_SENDING_OK_JN        ; Success
    1476   00:47D7  CD 4C 4C                call    PRINTHL
    1477   00:47DA  C3 DB 49                jp  WAIT_2S_AND_THEN_MAINMENU
    1478   00:47DD                      WIFI_CONNECT_FAIL:
    1479   00:47DD  21 59 6E                ld  hl,STR_SENDING_NOK_JN       ; Failure
    1480   00:47E0  CD 4C 4C                call    PRINTHL
    1481   00:47E3  C3 D7 49                jp  WAIT_4S_AND_THEN_MAINMENU
    1482   00:47E6                      
    1483   00:47E6                      INPUT_WFSAP_BAD_INPUT:
    1484   00:47E6  C5                      push    bc
    1485   00:47E7  D5                      push    de
    1486   00:47E8  F5                      push    af
    1487   00:47E9  E5                      push    hl
    1488   00:47EA  DD E5                   push    ix
    1489   00:47EC  FD E5                   push    iy
    1490   00:47EE  CD C0 00                call    BEEP                    ; Wrong Input, beep
    1491   00:47F1  FD E1                   pop iy
    1492   00:47F3  DD E1                   pop ix
    1493   00:47F5  E1                      pop hl
    1494   00:47F6  F1                      pop af
    1495   00:47F7  D1                      pop de
    1496   00:47F8  C1                      pop bc
    1497   00:47F9  C3 29 46                jp WIFI_SELECT_AP               ; Return
    1498   00:47FC                      
    1499   00:47FC                      WIFI_SCAN_NONETWORKS:
    1500   00:47FC  21 45 69                ld  hl,MMENU_SCANN
    1501   00:47FF  CD 4C 4C                call    PRINTHL
    1502   00:4802  C3 D7 49                jp  WAIT_4S_AND_THEN_MAINMENU
    1503   00:4805                      
    1504   00:4805                      WIFI_SCAN_TIMEOUT:
    1505   00:4805  21 25 69                ld  hl,MMENU_SCANF
    1506   00:4808  CD 4C 4C                call    PRINTHL
    1507   00:480B  C3 D7 49                jp  WAIT_4S_AND_THEN_MAINMENU
    1508   00:480E                      
    1509   00:480E                      SET_WIFI_TIMEOUT:
    1510   00:480E  3E 32                   ld  a,'2'
    1511   00:4810  CD A2 00                call    CHPUT
    1512   00:4813  CD E3 49                call    WAIT_250MS_AND_THEN_CONTINUE
    1513   00:4816  21 08 6B                ld  hl,MMENU_TIMEOUT
    1514   00:4819  CD 4C 4C                call    PRINTHL                 ; Print Main Timeout message
    1515   00:481C  CD 50 4A                call    CHECKTIMEOUT            ; TimeOut is on or off?
    1516   00:481F  CA 37 48                jp  z,WIFI_SET_ALWAYS_ON        ; If 0, always on
    1517   00:4822                          ; Otherwise there is a timeout
    1518   00:4822  E5                      push    hl
    1519   00:4823  21 3F 6C                ld hl,MMENU_TIMEOUT_NOTALWAYSON1
    1520   00:4826  CD 4C 4C                call    PRINTHL
    1521   00:4829  E1                      pop hl
    1522   00:482A  CD 4C 4C                call    PRINTHL
    1523   00:482D  21 55 6C                ld hl,MMENU_TIMEOUT_NOTALWAYSON2
    1524   00:4830  CD 4C 4C                call    PRINTHL
    1525   00:4833  16 00                   ld  d,0                         ; Count digits
    1526   00:4835  18 10                   jr  INPUT_TIMEOUT
    1527   00:4837                      WIFI_SET_ALWAYS_ON:
    1528   00:4837  21 EA 6B                ld  hl,MMENU_TIMEOUT_ALWAYSON
    1529   00:483A  CD 4C 4C                call    PRINTHL
    1530   00:483D  ED 5B 76 F6             ld  de,(TXTTAB)                 ; We will borrow Basic Program memory area for now...
    1531   00:4841  DD 6B                   ld  ixl,e
    1532   00:4843  DD 62                   ld  ixh,d                       ; Address in IX
    1533   00:4845  16 00                   ld  d,0                         ; Count digits
    1534   00:4847                      INPUT_TIMEOUT:
    1535   00:4847  CD 9F 00                call    CHGET
    1536   00:484A  FE 1B                   cp  #1b                         ; ESC?
    1537   00:484C  CA 47 42                jp  z,ESPSETUP                  ; When done, back to main setup
    1538   00:484F  FE 0D                   cp  #0d                         ; ENTER?
    1539   00:4851  CA 95 48                jp  z,SET_WIFI_CHECK_INPUT      ; Check if ok
    1540   00:4854  FE 08                   cp  #08                         ; Backspace?
    1541   00:4856  CA 7B 48                jp  z,SET_WIFI_BS_INPUT         ; Check if there is something to erase
    1542   00:4859  FE 30                   cp  '0'                         ; Check if A is less than 0
    1543   00:485B  DA 75 48                jp  c,INPUT_TIMEOUT_BAD_INPUT   ; if it is, ignore
    1544   00:485E  FE 3A                   cp  '9'+1                       ; Check if a is greater than  9
    1545   00:4860  D2 75 48                jp  nc,INPUT_TIMEOUT_BAD_INPUT  ; If it is, ignore
    1546   00:4863  DD 77 00                ld  (ix+0),a                    ; Save it
    1547   00:4866  CD A2 00                call    CHPUT                   ; It is valid, so print it
    1548   00:4869  14                      inc d                           ; Increment digit count
    1549   00:486A  DD 23                   inc ix                          ; Increment pointer
    1550   00:486C  3E 03                   ld  a,3
    1551   00:486E  BA                      cp  d
    1552   00:486F  CA 95 48                jp  z,SET_WIFI_CHECK_INPUT      ; All we can do is accept up to 3 digits, check if ok
    1553   00:4872  C3 47 48                jp  INPUT_TIMEOUT               ; Not done yet, so continue
    1554   00:4875                      
    1555   00:4875                      INPUT_TIMEOUT_BAD_INPUT:
    1556   00:4875  CD C0 00                call    BEEP                    ; Wrong Input, beep
    1557   00:4878  C3 47 48                jp INPUT_TIMEOUT                ; Return
    1558   00:487B                      
    1559   00:487B                      SET_WIFI_BS_INPUT:
    1560   00:487B  AF                      xor a
    1561   00:487C  B2                      or  d                           ; Counter has any digit?
    1562   00:487D  CA 47 48                jp  z,INPUT_TIMEOUT             ; Nope, so just continue
    1563   00:4880  15                      dec d                           ; Decrement counter
    1564   00:4881  DD 2B                   dec ix                          ; Decrement pointer
    1565   00:4883  3E 08                   ld  a,8                         ; Backspace
    1566   00:4885  CD A2 00                call    CHPUT                   ; Print it
    1567   00:4888  3E 20                   ld  a,' '                       ; Space
    1568   00:488A  CD A2 00                call    CHPUT                   ; Print it
    1569   00:488D  3E 08                   ld  a,8                         ; Backspace
    1570   00:488F  CD A2 00                call    CHPUT                   ; Print it
    1571   00:4892  C3 47 48                jp  INPUT_TIMEOUT               ; Return
    1572   00:4895                      
    1573   00:4895                      SET_WIFI_CHECK_INPUT:
    1574   00:4895  AF                      xor a
    1575   00:4896  B2                      or  d                           ; Counter has any digits
    1576   00:4897  CA 47 48                jp  z,INPUT_TIMEOUT             ; Nope, so just continue
    1577   00:489A                          ; IX is pointing one position after last digit, so revert
    1578   00:489A  DD 2B                   dec ix
    1579   00:489C  DD 7E 00                ld  a,(ix+0)                    ; Digit in A
    1580   00:489F  D6 30                   sub '0'                         ; Convert it to decimal
    1581   00:48A1  26 00                   ld  h,0                         ; First digit, so H is 0
    1582   00:48A3  6F                      ld  l,a                         ; And L has the digit
    1583   00:48A4  15                      dec d                           ; If digits finished, just set
    1584   00:48A5  CA D1 48                jp  z,SET_WIFI_EXECUTE_SET_COMMAND
    1585   00:48A8  DD 2B                   dec ix
    1586   00:48AA  DD 7E 00                ld  a,(ix+0)                    ; Digit in A
    1587   00:48AD  D6 30                   sub '0'                         ; Convert it to decimal
    1588   00:48AF  87                      add a,a                         ; A*2
    1589   00:48B0  4F                      ld  c,a                         ; A*2 in C
    1590   00:48B1  87                      add a,a                         ; A*4
    1591   00:48B2  87                      add a,a                         ; A*8
    1592   00:48B3  81                      add a,c                         ; A*10
    1593   00:48B4                          ; Up to here, we can get 90 + 9, 99, won't go to H anyway, just add to L
    1594   00:48B4  85                      add a,l                         ; L has the first digit
    1595   00:48B5  6F                      ld  l,a                         ; And now L has the two digits
    1596   00:48B6  15                      dec d                           ; If digits finished, just set
    1597   00:48B7  CA D1 48                jp  z,SET_WIFI_EXECUTE_SET_COMMAND
    1598   00:48BA  DD 2B                   dec ix
    1599   00:48BC  DD 7E 00                ld  a,(ix+0)                    ; Digit in A
    1600   00:48BF  D6 30                   sub '0'                         ; Convert it to decimal
    1601   00:48C1  87                      add a,a                         ; A*2
    1602   00:48C2  4F                      ld  c,a                         ; A*2 in C
    1603   00:48C3  87                      add a,a                         ; A*4
    1604   00:48C4  87                      add a,a                         ; A*8
    1605   00:48C5  81                      add a,c                         ; A*10
    1606   00:48C6  EB                      ex  de,hl                       ; Get the two digits results in de
    1607   00:48C7  6F                      ld  l,a
    1608   00:48C8  26 00                   ld  h,0                         ; HL = A*10
    1609   00:48CA  29                      add hl,hl                       ; HL = A*20
    1610   00:48CB  4D                      ld  c,l
    1611   00:48CC  44                      ld  b,h                         ; BC = A*20
    1612   00:48CD  29                      add hl,hl                       ; HL = A*40
    1613   00:48CE  29                      add hl,hl                       ; HL = A*80
    1614   00:48CF  09                      add hl,bc                       ; HL = A*100
    1615   00:48D0  19                      add hl,de                       ; HL = three digits result
    1616   00:48D1                          ; This was the last digit, up to three
    1617   00:48D1                      SET_WIFI_EXECUTE_SET_COMMAND:
    1618   00:48D1  C3 23 49                jp  SET_ESP_WIFI_TIMEOUT        ; And set and done
    1619   00:48D4                      
    1620   00:48D4                      ;============================
    1621   00:48D4                      ;===  SETUP Menu Routines  ==
    1622   00:48D4                      ;===      NAGLE Menu       ==
    1623   00:48D4                      ;============================
    1624   00:48D4                      SET_NAGLE:
    1625   00:48D4  3E 31                   ld  a,'1'
    1626   00:48D6  CD A2 00                call    CHPUT
    1627   00:48D9  CD E3 49                call    WAIT_250MS_AND_THEN_CONTINUE
    1628   00:48DC  21 8D 6C                ld  hl,MMENU_NAGLE
    1629   00:48DF  CD 4C 4C                call    PRINTHL                 ; Print Main Nagle message
    1630   00:48E2  CD 04 4A                call    CHECKNAGLE              ; Nagle is on or off?
    1631   00:48E5  20 1E                   jr  nz,NAGLE_IS_ON              ;
    1632   00:48E7  21 C2 6D                ld  hl,MMENU_NAGLE_OFF          ; Show the menu telling nagle is off
    1633   00:48EA  CD 4C 4C                call    PRINTHL                 ; Print options
    1634   00:48ED                      SET_NAGLE_WI_ON:
    1635   00:48ED  CD 9F 00                call    CHGET
    1636   00:48F0  FE 1B                   cp  #1b                         ; ESC?
    1637   00:48F2  CA 47 42                jp  z,ESPSETUP                  ; When done, back to main setup
    1638   00:48F5  FE 4F                   cp  'O'                         ; Toggle Nagle On
    1639   00:48F7  CA A8 49                jp  z,SET_NAGLE_ON              ;
    1640   00:48FA  FE 6F                   cp  'o'                         ; Toggle Nagle On
    1641   00:48FC  CA A8 49                jp  z,SET_NAGLE_ON              ;
    1642   00:48FF  CD C0 00                call    BEEP                    ; Wrong Input, beep
    1643   00:4902  C3 ED 48                jp  SET_NAGLE_WI_ON             ; And return waiting key
    1644   00:4905                      
    1645   00:4905                      NAGLE_IS_ON:
    1646   00:4905  21 82 6D                ld  hl,MMENU_NAGLE_ON           ; Show the menu telling nagle is on
    1647   00:4908  CD 4C 4C                call    PRINTHL                 ; Print options
    1648   00:490B                      SET_NAGLE_WI_OFF:
    1649   00:490B  CD 9F 00                call    CHGET
    1650   00:490E  FE 1B                   cp  #1b                         ; ESC?
    1651   00:4910  CA 47 42                jp  z,ESPSETUP                  ; When done, back to main setup
    1652   00:4913  FE 4F                   cp  'O'                         ; Toggle Nagle Off
    1653   00:4915  CA 5D 49                jp  z,SET_NAGLE_OFF             ;
    1654   00:4918  FE 6F                   cp  'o'                         ; Toggle Nagle Off
    1655   00:491A  CA 5D 49                jp  z,SET_NAGLE_OFF             ;
    1656   00:491D  CD C0 00                call    BEEP                    ; Wrong Input, beep
    1657   00:4920  C3 0B 49                jp  SET_NAGLE_WI_OFF            ; And return waiting key
    1658   00:4923                      
    1659   00:4923                      ;============================
    1660   00:4923                      ;===  SETUP Menu Routines  ==
    1661   00:4923                      ;===  Auxiliary Functions  ==
    1662   00:4923                      ;============================
    1663   00:4923                      SET_ESP_WIFI_TIMEOUT:
    1664   00:4923  EB                      ex  de,hl
    1665   00:4924  3E 0D                   ld  a,#0d
    1666   00:4926  CD A2 00                call    CHPUT
    1667   00:4929  3E 0A                   ld  a,#0a
    1668   00:492B  CD A2 00                call    CHPUT
    1669   00:492E  21 03 6E                ld  hl,STR_SENDING              ; Indicate it is sending a command
    1670   00:4931  CD 4C 4C                call    PRINTHL
    1671   00:4934                          CLEAR_UART
    1671   00:4934  3E 14             >     ld  a,20
    1671   00:4936  D3 06             >     out (OUT_CMD_PORT),a
    1672   00:4938  3E 54                   ld  a,CMD_TIMER_SET
    1673   00:493A                          SEND_DATA
    1673   00:493A  D3 07             >     out (OUT_TX_PORT),a
    1674   00:493C  AF                      xor a                           ; Size MSB is 0
    1675   00:493D                          SEND_DATA
    1675   00:493D  D3 07             >     out (OUT_TX_PORT),a
    1676   00:493F  3E 02                   ld  a,2                         ; Size LSB is 2
    1677   00:4941                          SEND_DATA
    1677   00:4941  D3 07             >     out (OUT_TX_PORT),a
    1678   00:4943  7A                      ld  a,d                         ; Timeout MSB
    1679   00:4944                          SEND_DATA
    1679   00:4944  D3 07             >     out (OUT_TX_PORT),a
    1680   00:4946  7B                      ld  a,e                         ; Timeout LSB
    1681   00:4947                          SEND_DATA
    1681   00:4947  D3 07             >     out (OUT_TX_PORT),a
    1682   00:4949  21 3C 00                ld  hl,60                       ; Wait Up To 1s
    1683   00:494C  3E 54                   ld  a,CMD_TIMER_SET             ; Our command
    1684   00:494E  CD FF 4A                call    WAIT_MENU_QCMD_RESPONSE
    1685   00:4951  CA F6 4A                jp  z,MENU_BAD_END
    1686   00:4954  21 1E 6E                ld  hl,STR_SENDING_OK           ; Success
    1687   00:4957  CD 4C 4C                call    PRINTHL
    1688   00:495A  C3 DB 49                jp  WAIT_2S_AND_THEN_MAINMENU
    1689   00:495D                      
    1690   00:495D                      SET_NAGLE_OFF:
    1691   00:495D  3E 4F                   ld  a,'O'
    1692   00:495F  CD A2 00                call    CHPUT
    1693   00:4962  3E 0D                   ld  a,#0d
    1694   00:4964  CD A2 00                call    CHPUT
    1695   00:4967  3E 0A                   ld  a,#0a
    1696   00:4969  CD A2 00                call    CHPUT
    1697   00:496C  21 03 6E                ld  hl,STR_SENDING              ; Indicate it is sending a command
    1698   00:496F  CD 4C 4C                call    PRINTHL
    1699   00:4972                          CLEAR_UART
    1699   00:4972  3E 14             >     ld  a,20
    1699   00:4974  D3 06             >     out (OUT_CMD_PORT),a
    1700   00:4976  3E 4E                   ld  a,CMD_NAGLE_OFF
    1701   00:4978                          SEND_DATA
    1701   00:4978  D3 07             >     out (OUT_TX_PORT),a
    1702   00:497A  21 3C 00                ld  hl,60                       ; Wait Up To 1s
    1703   00:497D  CD FF 4A                call    WAIT_MENU_QCMD_RESPONSE
    1704   00:4980  CA F6 4A                jp  z,MENU_BAD_END
    1705   00:4983  21 1E 6E                ld  hl,STR_SENDING_OK           ; Success
    1706   00:4986  CD 4C 4C                call    PRINTHL
    1707   00:4989  C3 DB 49                jp  WAIT_2S_AND_THEN_MAINMENU
    1708   00:498C                      
    1709   00:498C                      STARTWIFISCAN:
    1710   00:498C                          CLEAR_UART
    1710   00:498C  3E 14             >     ld  a,20
    1710   00:498E  D3 06             >     out (OUT_CMD_PORT),a
    1711   00:4990  3E 53                   ld  a,CMD_SCAN_START
    1712   00:4992                          SEND_DATA
    1712   00:4992  D3 07             >     out (OUT_TX_PORT),a
    1713   00:4994  21 3C 00                ld  hl,60                       ; Wait Up To 1s
    1714   00:4997  CD FF 4A                call    WAIT_MENU_QCMD_RESPONSE
    1715   00:499A  C0                      ret nz                          ; If success return
    1716   00:499B  3E 0D                   ld  a,CR
    1717   00:499D  CD A2 00                call    CHPUT
    1718   00:49A0  3E 0A                   ld  a,LF
    1719   00:49A2  CD A2 00                call    CHPUT
    1720   00:49A5  C3 F5 4A                jp  MENU_SUB_BAD_END            ; If error, nothing much to do, main menu
    1721   00:49A8                      
    1722   00:49A8                      SET_NAGLE_ON:
    1723   00:49A8  3E 4F                   ld  a,'O'
    1724   00:49AA  CD A2 00                call    CHPUT
    1725   00:49AD  3E 0D                   ld  a,#0d
    1726   00:49AF  CD A2 00                call    CHPUT
    1727   00:49B2  3E 0A                   ld  a,#0a
    1728   00:49B4  CD A2 00                call    CHPUT
    1729   00:49B7  21 03 6E                ld  hl,STR_SENDING              ; Indicate it is sending a command
    1730   00:49BA  CD 4C 4C                call    PRINTHL
    1731   00:49BD                          CLEAR_UART
    1731   00:49BD  3E 14             >     ld  a,20
    1731   00:49BF  D3 06             >     out (OUT_CMD_PORT),a
    1732   00:49C1  3E 44                   ld  a,CMD_NAGLE_ON
    1733   00:49C3                          SEND_DATA
    1733   00:49C3  D3 07             >     out (OUT_TX_PORT),a
    1734   00:49C5  21 3C 00                ld  hl,60                       ; Wait Up To 1s
    1735   00:49C8  CD FF 4A                call    WAIT_MENU_QCMD_RESPONSE
    1736   00:49CB  CA F6 4A                jp  z,MENU_BAD_END
    1737   00:49CE  21 1E 6E                ld  hl,STR_SENDING_OK           ; Success
    1738   00:49D1  CD 4C 4C                call    PRINTHL
    1739   00:49D4  C3 DB 49                jp  WAIT_2S_AND_THEN_MAINMENU
    1740   00:49D7                      
    1741   00:49D7                      WAIT_4S_AND_THEN_MAINMENU:
    1742   00:49D7  3E F0                   ld  a,240                       ; Wait 4 seconds with message on screen
    1743   00:49D9  18 02                   jr  WAIT_AND_THEN_MAINMENU
    1744   00:49DB                      WAIT_2S_AND_THEN_MAINMENU:
    1745   00:49DB  3E 78                   ld  a,120                       ; Wait 2 seconds with message on screen
    1746   00:49DD                      WAIT_AND_THEN_MAINMENU:
    1747   00:49DD  CD E5 49                call    WAIT_BEFORE_CONTINUING
    1748   00:49E0  C3 47 42                jp  ESPSETUP                    ; When done, back to main setup
    1749   00:49E3                      WAIT_250MS_AND_THEN_CONTINUE:
    1750   00:49E3  3E 0F                   ld  a,15                        ; Wait 250 ms then continue
    1751   00:49E5                      WAIT_BEFORE_CONTINUING:
    1752   00:49E5  76                      halt
    1753   00:49E6  3D                      dec a
    1754   00:49E7                          ; If not zero, our time out has not elapsed
    1755   00:49E7  20 FC                   jr  nz,WAIT_BEFORE_CONTINUING
    1756   00:49E9  C9                      ret                             ; Time out and continue
    1757   00:49EA                      
    1758   00:49EA                      ; Check Auto Clock
    1759   00:49EA                      ISCLKAUTO:
    1760   00:49EA                          CLEAR_UART
    1760   00:49EA  3E 14             >     ld  a,20
    1760   00:49EC  D3 06             >     out (OUT_CMD_PORT),a
    1761   00:49EE  3E 63                   ld  a,CMD_QUERY_ACLK_SETTINGS
    1762   00:49F0                          SEND_DATA
    1762   00:49F0  D3 07             >     out (OUT_TX_PORT),a
    1763   00:49F2  21 3C 00                ld  hl,60                       ; Wait Up To 1s
    1764   00:49F5  ED 5B 76 F6             ld  de,(TXTTAB)                 ; We will borrow Basic Program memory area for now...
    1765   00:49F9  DD 6B                   ld  ixl,e
    1766   00:49FB  DD 62                   ld  ixh,d                       ; address in IX
    1767   00:49FD  CD 38 4B                call    WAIT_MENU_CMD_RESPONSE
    1768   00:4A00  CA F5 4A                jp  z,MENU_SUB_BAD_END
    1769   00:4A03                          ; Response received, IX+0 and IX+1 has Auto Clock and GMT, A
    1770   00:4A03  C9                      ret
    1771   00:4A04                      
    1772   00:4A04                      ; Check what is the current NAGLE setting
    1773   00:4A04                      CHECKNAGLE:
    1774   00:4A04                          CLEAR_UART
    1774   00:4A04  3E 14             >     ld  a,20
    1774   00:4A06  D3 06             >     out (OUT_CMD_PORT),a
    1775   00:4A08  3E 51                   ld  a,CMD_QUERY_ESP_SETTINGS
    1776   00:4A0A                          SEND_DATA
    1776   00:4A0A  D3 07             >     out (OUT_TX_PORT),a
    1777   00:4A0C  21 3C 00                ld  hl,60                       ; Wait Up To 1s
    1778   00:4A0F  ED 5B 76 F6             ld  de,(TXTTAB)                 ; We will borrow Basic Program memory area for now...
    1779   00:4A13  DD 6B                   ld  ixl,e
    1780   00:4A15  DD 62                   ld  ixh,d                       ; Address in IX
    1781   00:4A17  CD 38 4B                call    WAIT_MENU_CMD_RESPONSE
    1782   00:4A1A  CA F5 4A                jp  z,MENU_SUB_BAD_END
    1783   00:4A1D                          ; Response received, nagle is the first one, ON: or OFF:
    1784   00:4A1D  3E 4F                   ld  a,'O'
    1785   00:4A1F  DD BE 00                cp  (ix+0)
    1786   00:4A22  C2 F5 4A                jp  nz,MENU_SUB_BAD_END
    1787   00:4A25  3E 4E                   ld  a,'N'
    1788   00:4A27  DD BE 01                cp  (ix+1)
    1789   00:4A2A  C2 37 4A                jp  nz,CHECK_NAGLE_OFF
    1790   00:4A2D  3E 3A                   ld  a,':'
    1791   00:4A2F  DD BE 02                cp  (ix+2)
    1792   00:4A32  C2 F5 4A                jp  nz,MENU_SUB_BAD_END
    1793   00:4A35  B7                      or  a                           ; It will make it NZ
    1794   00:4A36  C9                      ret
    1795   00:4A37                      CHECK_NAGLE_OFF:
    1796   00:4A37  3E 46                   ld  a,'F'
    1797   00:4A39  DD BE 01                cp  (ix+1)
    1798   00:4A3C  C2 F5 4A                jp  nz,MENU_SUB_BAD_END
    1799   00:4A3F  3E 46                   ld  a,'F'
    1800   00:4A41  DD BE 02                cp  (ix+2)
    1801   00:4A44  C2 F5 4A                jp  nz,MENU_SUB_BAD_END
    1802   00:4A47  3E 3A                   ld  a,':'
    1803   00:4A49  DD BE 03                cp  (ix+3)
    1804   00:4A4C  C2 F5 4A                jp  nz,MENU_SUB_BAD_END
    1805   00:4A4F                          ; Already has zero, so just ret
    1806   00:4A4F  C9                      ret
    1807   00:4A50                      
    1808   00:4A50                      ; Check what is the current TIMEOUT setting, return 0 if always on, otherwise there is a timeout
    1809   00:4A50                      ; Will return a zero terminated string @ HL that can be printed
    1810   00:4A50                      ; Will return the value in DE
    1811   00:4A50                      CHECKTIMEOUT:
    1812   00:4A50                          CLEAR_UART
    1812   00:4A50  3E 14             >     ld  a,20
    1812   00:4A52  D3 06             >     out (OUT_CMD_PORT),a
    1813   00:4A54  3E 51                   ld  a,CMD_QUERY_ESP_SETTINGS
    1814   00:4A56                          SEND_DATA
    1814   00:4A56  D3 07             >     out (OUT_TX_PORT),a
    1815   00:4A58  21 3C 00                ld  hl,60                       ; Wait Up To 1s
    1816   00:4A5B  ED 5B 76 F6             ld  de,(TXTTAB)                 ; We will borrow Basic Program memory area for now...
    1817   00:4A5F  DD 6B                   ld  ixl,e
    1818   00:4A61  DD 62                   ld  ixh,d                       ; Address in IX
    1819   00:4A63  CD 38 4B                call    WAIT_MENU_CMD_RESPONSE
    1820   00:4A66  CA F5 4A                jp  z,MENU_SUB_BAD_END
    1821   00:4A69                          ; Response received, nagle is the first one, ON: or OFF:
    1822   00:4A69  3E 3A                   ld  a,':'
    1823   00:4A6B  DD 23                   inc ix
    1824   00:4A6D  DD 23                   inc ix                          ; Nagle response is two or three bytes long, let's check
    1825   00:4A6F  0B                      dec bc
    1826   00:4A70  0B                      dec bc                          ; Remaining bytes
    1827   00:4A71  DD BE 00                cp  (ix+0)
    1828   00:4A74  CA 80 4A                jp  z,CHECKTIMEOUT.1
    1829   00:4A77  DD 23                   inc ix
    1830   00:4A79  0B                      dec bc                          ; Remaining bytes
    1831   00:4A7A  DD BE 00                cp  (ix+0)
    1832   00:4A7D  C2 F5 4A                jp  nz,MENU_SUB_BAD_END         ; If not here, sorry to say it is an error
    1833   00:4A80                      CHECKTIMEOUT.1:
    1834   00:4A80  78                      ld  a,b
    1835   00:4A81  B1                      or  c                           ; All data read?
    1836   00:4A82  CA F5 4A                jp  z,MENU_SUB_BAD_END          ; If so, sorry to say it is an error
    1837   00:4A85  DD 23                   inc ix                          ; At the first digit
    1838   00:4A87  0B                      dec bc                          ; Remaining bytes
    1839   00:4A88  78                      ld  a,b
    1840   00:4A89  B1                      or  c                           ; All data read?
    1841   00:4A8A  CA F5 4A                jp  z,MENU_SUB_BAD_END          ; If so, sorry to say it is an error
    1842   00:4A8D  DD E5                   push    ix                      ; This is the start of the string, save it
    1843   00:4A8F  26 00                   ld  h,0                         ; No digit so far
    1844   00:4A91                          ; It can have up to three digits
    1845   00:4A91                      CHECKTIMEOUT.2:
    1846   00:4A91  3E 3A                   ld  a,':'
    1847   00:4A93  DD BE 00                cp  (ix+0)                      ; Check if it is the separator
    1848   00:4A96  CA B7 4A                jp  z,CHECKTIMEOUT.3            ; If it is routine will follow through
    1849   00:4A99  DD 7E 00                ld  a,(ix+0)                    ; Get the supposed digit in A
    1850   00:4A9C  2E 3A                   ld  l,'9'+1
    1851   00:4A9E  BD                      cp  l
    1852   00:4A9F  D2 F4 4A                jp  nc,MENU_SUB_BAD_END_1S      ; If more than '9', sorry to say it is an error
    1853   00:4AA2  2E 30                   ld  l,'0'
    1854   00:4AA4  BD                      cp  l
    1855   00:4AA5  DA F4 4A                jp  c,MENU_SUB_BAD_END_1S       ; If less than '0', sorry to say it is an error
    1856   00:4AA8  24                      inc h                           ; It is not, so it is a digit
    1857   00:4AA9  3E 03                   ld  a,3
    1858   00:4AAB  BC                      cp  h
    1859   00:4AAC  DA F4 4A                jp  c,MENU_SUB_BAD_END_1S       ; If more than three digits, sorry to say it is an error
    1860   00:4AAF  DD 23                   inc ix                          ; Increase pointer
    1861   00:4AB1  0B                      dec bc                          ; Decrease remaining
    1862   00:4AB2  78                      ld  a,b
    1863   00:4AB3  B1                      or  c                           ; All data read?
    1864   00:4AB4  C2 91 4A                jp  nz,CHECKTIMEOUT.2           ; Not, so rinse and repeat
    1865   00:4AB7                      CHECKTIMEOUT.3:
    1866   00:4AB7  DD 36 00 00             ld  (ix+0),0                    ; Null terminate string value
    1867   00:4ABB  DD 2B                   dec ix
    1868   00:4ABD  DD 7E 00                ld  a,(ix+0)                    ; 1st Digit in A
    1869   00:4AC0  D6 30                   sub '0'                         ; Convert it to decimal value
    1870   00:4AC2  5F                      ld  e,a
    1871   00:4AC3  16 00                   ld  d,0                         ; DE has first digit
    1872   00:4AC5  25                      dec h                           ; Decrement digit counter
    1873   00:4AC6  28 28                   jr  z,CHECKTIMEOUT.END          ; If all digits, done
    1874   00:4AC8                          ; Now second digit, multiply it by 10 and add to E, even if 90 + 9, still fits E
    1875   00:4AC8  DD 2B                   dec ix
    1876   00:4ACA  DD 7E 00                ld  a,(ix+0)                    ; 2nd Digit
    1877   00:4ACD  D6 30                   sub '0'                         ; Convert it to decimal value
    1878   00:4ACF  87                      add a,a                         ; A has *2
    1879   00:4AD0  4F                      ld  c,a                         ; C has *2
    1880   00:4AD1  87                      add a,a                         ; A has *4
    1881   00:4AD2  87                      add a,a                         ; A has *8
    1882   00:4AD3  81                      add a,c                         ; A has *10
    1883   00:4AD4  83                      add a,e                         ; A has two digits result
    1884   00:4AD5  5F                      ld  e,a                         ; Back to E, DE has two digits results
    1885   00:4AD6  25                      dec h                           ; Decrement digit counter
    1886   00:4AD7  28 17                   jr  z,CHECKTIMEOUT.END          ; If all digits, done
    1887   00:4AD9                          ; Now Third digit, multiply it by 100 and add to DE
    1888   00:4AD9  DD 2B                   dec ix
    1889   00:4ADB  DD 7E 00                ld  a,(ix+0)                    ; 3rd Digit
    1890   00:4ADE  D6 30                   sub '0'                         ; Convert it to decimal value
    1891   00:4AE0  87                      add a,a                         ; A has *2
    1892   00:4AE1  4F                      ld  c,a                         ; C has *2
    1893   00:4AE2  87                      add a,a                         ; A has *4
    1894   00:4AE3  87                      add a,a                         ; A has *8
    1895   00:4AE4  81                      add a,c                         ; A has *10
    1896   00:4AE5  26 00                   ld  h,0
    1897   00:4AE7  6F                      ld  l,a                         ; HL has *10
    1898   00:4AE8  29                      add hl,hl                       ; HL has *20
    1899   00:4AE9  44                      ld  b,h
    1900   00:4AEA  4D                      ld  c,l                         ; BC has *20
    1901   00:4AEB  29                      add hl,hl                       ; HL has *40
    1902   00:4AEC  29                      add hl,hl                       ; HL has *80
    1903   00:4AED  09                      add hl,bc                       ; HL has *100
    1904   00:4AEE  19                      add hl,de                       ; HL has three digit value
    1905   00:4AEF  EB                      ex  de,hl                       ; now in DE
    1906   00:4AF0                      CHECKTIMEOUT.END:
    1907   00:4AF0  E1                      pop hl                          ; Restore address of string version of time count
    1908   00:4AF1  7A                      ld  a,d
    1909   00:4AF2  B3                      or  e                           ; Set zero flag according to the time out set
    1910   00:4AF3  C9                      ret
    1911   00:4AF4                      
    1912   00:4AF4                      MENU_SUB_BAD_END_1S:
    1913   00:4AF4  F1                      pop af                          ; 1 register was stacked, pop it
    1914   00:4AF5                      MENU_SUB_BAD_END:
    1915   00:4AF5  F1                      pop af                          ; It was a sub, so clear stack
    1916   00:4AF6                      MENU_BAD_END:
    1917   00:4AF6  21 9B 6E                ld  hl,STR_SENDING_FAIL         ; error message
    1918   00:4AF9  CD 4C 4C                call    PRINTHL
    1919   00:4AFC  C3 DB 49                jp  WAIT_2S_AND_THEN_MAINMENU
    1920   00:4AFF                      
    1921   00:4AFF                      ; WAIT an ESP quick command Response
    1922   00:4AFF                      ; Inputs:
    1923   00:4AFF                      ; A -> Command Code
    1924   00:4AFF                      ; HL -> Timeout
    1925   00:4AFF                      ;
    1926   00:4AFF                      ; Returns:
    1927   00:4AFF                      ; Flag Z is zero if failure, non zero if success
    1928   00:4AFF                      ;
    1929   00:4AFF                      ; Affect:
    1930   00:4AFF                      ; AF and HL
    1931   00:4AFF                      ;
    1932   00:4AFF                      WAIT_MENU_QCMD_RESPONSE:
    1933   00:4AFF  D5                      push    de
    1934   00:4B00  57                      ld  d,a                         ; Command to wait in D
    1935   00:4B01                      WAIT_MENU_QCMD_RESPONSE_ST1:
    1936   00:4B01                          LOAD_STS_PORT_IN_A
    1936   00:4B01  DB 07             >     in  a,(IN_STS_PORT)
    1937   00:4B03  CB 6F                   bit 5,a                         ; If nz Port #07 is not available
    1938   00:4B05  C2 32 4B                jp  nz,WAIT_MENU_QCMD_RESPONSE_END_NOK
    1939   00:4B08  CB 47                   bit 0,a                         ; If nz has data
    1940   00:4B0A  20 08                   jr  nz,WAIT_MENU_QCMD_RESPONSE_ST1.1
    1941   00:4B0C  CD 46 4C                call    HLTIMEOUT
    1942   00:4B0F  20 F0                   jr  nz,WAIT_MENU_QCMD_RESPONSE_ST1
    1943   00:4B11  C3 30 4B                jp  WAIT_MENU_QCMD_RESPONSE_END ; If time out waiting, return
    1944   00:4B14                      WAIT_MENU_QCMD_RESPONSE_ST1.1:
    1945   00:4B14                          ; nz, check the data
    1946   00:4B14                          RECEIVE_DATA
    1946   00:4B14  DB 06             >     in a,(IN_DATA_PORT)
    1947   00:4B16  BA                      cp  d                           ; Is response of our command?
    1948   00:4B17  20 E8                   jr  nz,WAIT_MENU_QCMD_RESPONSE_ST1
    1949   00:4B19                          ; Now get return code, if return code other than 0, it is failure, otherwise success
    1950   00:4B19                      WAIT_MENU_QCMD_RESPONSE_RC:
    1951   00:4B19                          CHECK_DATA
    1951   00:4B19  DB 07             >     in  a,(IN_STS_PORT)
    1951   00:4B1B  CB 47             >     bit 0,a
    1952   00:4B1D  20 08                   jr  nz,WAIT_MENU_QCMD_RESPONSE_RC.1
    1953   00:4B1F  CD 46 4C                call    HLTIMEOUT
    1954   00:4B22  20 F5                   jr  nz,WAIT_MENU_QCMD_RESPONSE_RC
    1955   00:4B24  C3 30 4B                jp  WAIT_MENU_QCMD_RESPONSE_END ; If time-out waiting, return
    1956   00:4B27                      WAIT_MENU_QCMD_RESPONSE_RC.1:
    1957   00:4B27                          RECEIVE_DATA
    1957   00:4B27  DB 06             >     in a,(IN_DATA_PORT)
    1958   00:4B29  B7                      or  a                           ; 0?
    1959   00:4B2A                          ; If not, done
    1960   00:4B2A  C2 32 4B                jp  nz,WAIT_MENU_QCMD_RESPONSE_END_NOK
    1961   00:4B2D                      WAIT_MENU_QCMD_RESPONSE_END_OK:
    1962   00:4B2D  3E 01                   ld  a,1
    1963   00:4B2F  B7                      or  a                           ; NZ to indicate success
    1964   00:4B30                      WAIT_MENU_QCMD_RESPONSE_END:
    1965   00:4B30  D1                      pop de
    1966   00:4B31  C9                      ret
    1967   00:4B32                      WAIT_MENU_QCMD_RESPONSE_END_NOK:
    1968   00:4B32  21 00 00                ld  hl,0
    1969   00:4B35  AF                      xor a
    1970   00:4B36  D1                      pop de
    1971   00:4B37  C9                      ret
    1972   00:4B38                      
    1973   00:4B38                      ; WAIT an ESP regular command Response
    1974   00:4B38                      ; Inputs:
    1975   00:4B38                      ; A -> Command Code
    1976   00:4B38                      ; HL -> Timeout
    1977   00:4B38                      ; IX -> Where to store response
    1978   00:4B38                      ;
    1979   00:4B38                      ; Returns:
    1980   00:4B38                      ; Flag Z is zero if failure, non zero if success
    1981   00:4B38                      ; BC is the response size
    1982   00:4B38                      ;
    1983   00:4B38                      ; Affect:
    1984   00:4B38                      ; AF , BC and HL
    1985   00:4B38                      WAIT_MENU_CMD_RESPONSE:
    1986   00:4B38  D5                      push    de
    1987   00:4B39  DD E5                   push    ix
    1988   00:4B3B  57                      ld  d,a                         ; Command to wait in D
    1989   00:4B3C                      WAIT_MENU_CMD_RESPONSE_ST1:
    1990   00:4B3C                          LOAD_STS_PORT_IN_A
    1990   00:4B3C  DB 07             >     in  a,(IN_STS_PORT)
    1991   00:4B3E  CB 6F                   bit 5,a                         ; If nz Port #07 is not available
    1992   00:4B40  C2 B6 4B                jp  nz,WAIT_MENU_CMD_RESPONSE_END_NOK
    1993   00:4B43  CB 47                   bit 0,a                         ; If nz has data
    1994   00:4B45  20 08                   jr  nz,WAIT_MENU_CMD_RESPONSE_ST1.1
    1995   00:4B47  CD 46 4C                call    HLTIMEOUT
    1996   00:4B4A  20 F0                   jr  nz,WAIT_MENU_CMD_RESPONSE_ST1
    1997   00:4B4C  C3 B0 4B                jp  WAIT_MENU_CMD_RESPONSE_END  ; If time out waiting, return
    1998   00:4B4F                      WAIT_MENU_CMD_RESPONSE_ST1.1:
    1999   00:4B4F                          ; nz, check the data
    2000   00:4B4F                          RECEIVE_DATA
    2000   00:4B4F  DB 06             >     in a,(IN_DATA_PORT)
    2001   00:4B51  BA                      cp  d                           ; Is response of our command?
    2002   00:4B52  20 E8                   jr  nz,WAIT_MENU_CMD_RESPONSE_ST1
    2003   00:4B54                          ; Now get return code, if return code other than 0, it is finished
    2004   00:4B54                      WAIT_MENU_CMD_RESPONSE_RC:
    2005   00:4B54                          CHECK_DATA
    2005   00:4B54  DB 07             >     in  a,(IN_STS_PORT)
    2005   00:4B56  CB 47             >     bit 0,a
    2006   00:4B58  20 08                   jr  nz,WAIT_MENU_CMD_RESPONSE_RC.1
    2007   00:4B5A  CD 46 4C                call    HLTIMEOUT
    2008   00:4B5D  20 F5                   jr  nz,WAIT_MENU_CMD_RESPONSE_RC
    2009   00:4B5F  C3 B0 4B                jp  WAIT_MENU_CMD_RESPONSE_END  ; If time out waiting, return
    2010   00:4B62                      WAIT_MENU_CMD_RESPONSE_RC.1:
    2011   00:4B62                          RECEIVE_DATA
    2011   00:4B62  DB 06             >     in a,(IN_DATA_PORT)
    2012   00:4B64  B7                      or  a                           ; 0?
    2013   00:4B65                          ; If not, done
    2014   00:4B65  C2 B6 4B                jp  nz,WAIT_MENU_CMD_RESPONSE_END_NOK
    2015   00:4B68                          ; Next two bytes are size bytes, save it to BC
    2016   00:4B68                      WAIT_MENU_CMD_RESPONSE_ST2A:
    2017   00:4B68                          CHECK_DATA
    2017   00:4B68  DB 07             >     in  a,(IN_STS_PORT)
    2017   00:4B6A  CB 47             >     bit 0,a
    2018   00:4B6C  20 08                   jr  nz,WAIT_MENU_CMD_RESPONSE_ST2A.1
    2019   00:4B6E  CD 46 4C                call    HLTIMEOUT
    2020   00:4B71  20 F5                   jr  nz,WAIT_MENU_CMD_RESPONSE_ST2A
    2021   00:4B73  C3 B0 4B                jp  WAIT_MENU_CMD_RESPONSE_END  ; If time out waiting, return
    2022   00:4B76                      WAIT_MENU_CMD_RESPONSE_ST2A.1:
    2023   00:4B76                          RECEIVE_DATA
    2023   00:4B76  DB 06             >     in a,(IN_DATA_PORT)
    2024   00:4B78  47                      ld  b,a
    2025   00:4B79                      WAIT_MENU_CMD_RESPONSE_ST2B:
    2026   00:4B79                          CHECK_DATA
    2026   00:4B79  DB 07             >     in  a,(IN_STS_PORT)
    2026   00:4B7B  CB 47             >     bit 0,a
    2027   00:4B7D  20 08                   jr  nz,WAIT_MENU_CMD_RESPONSE_ST2B.1
    2028   00:4B7F  CD 46 4C                call    HLTIMEOUT
    2029   00:4B82  20 F5                   jr  nz,WAIT_MENU_CMD_RESPONSE_ST2B
    2030   00:4B84  C3 B0 4B                jp  WAIT_MENU_CMD_RESPONSE_END  ; If time out waiting, return
    2031   00:4B87                      WAIT_MENU_CMD_RESPONSE_ST2B.1:
    2032   00:4B87                          RECEIVE_DATA
    2032   00:4B87  DB 06             >     in a,(IN_DATA_PORT)
    2033   00:4B89  4F                      ld  c,a
    2034   00:4B8A  B0                      or  b                           ; Zero size in response?
    2035   00:4B8B  28 1C                   jr  z,WAIT_MENU_CMD_RESPONSE_END_OK
    2036   00:4B8D  50                      ld  d,b
    2037   00:4B8E  59                      ld  e,c                         ; Copy to DE
    2038   00:4B8F                          ; Now loop getting the data until received everything or time-out
    2039   00:4B8F                      WAIT_MENU_CMD_RESPONSE_GET_DATA:
    2040   00:4B8F                          CHECK_DATA
    2040   00:4B8F  DB 07             >     in  a,(IN_STS_PORT)
    2040   00:4B91  CB 47             >     bit 0,a
    2041   00:4B93  20 08                   jr  nz,WAIT_MENU_CMD_RESPONSE_GET_DATA.1
    2042   00:4B95  CD 46 4C                call    HLTIMEOUT
    2043   00:4B98  20 F5                   jr  nz,WAIT_MENU_CMD_RESPONSE_GET_DATA
    2044   00:4B9A  C3 B0 4B                jp  WAIT_MENU_CMD_RESPONSE_END  ; If time out waiting, return
    2045   00:4B9D                      WAIT_MENU_CMD_RESPONSE_GET_DATA.1:
    2046   00:4B9D                          RECEIVE_DATA            ; Get data
    2046   00:4B9D  DB 06             >     in a,(IN_DATA_PORT)
    2047   00:4B9F  DD 77 00                ld  (ix+0),a                    ; Put it in the buffer
    2048   00:4BA2  DD 23                   inc ix                          ; Increment pointer
    2049   00:4BA4  1B                      dec de                          ; Decrement counter
    2050   00:4BA5  7A                      ld  a,d
    2051   00:4BA6  B3                      or  e                           ; Is counter 0?
    2052   00:4BA7  20 E6                   jr  nz,WAIT_MENU_CMD_RESPONSE_GET_DATA
    2053   00:4BA9                      WAIT_MENU_CMD_RESPONSE_END_OK:
    2054   00:4BA9  3E 01                   ld  a,1
    2055   00:4BAB  B7                      or  a                           ; NZ to indicate success
    2056   00:4BAC  DD E1                   pop ix
    2057   00:4BAE  D1                      pop de
    2058   00:4BAF  C9                      ret
    2059   00:4BB0                      WAIT_MENU_CMD_RESPONSE_END:
    2060   00:4BB0  06 FF                   ld  b,#FF
    2061   00:4BB2  DD E1                   pop ix
    2062   00:4BB4  D1                      pop de
    2063   00:4BB5  C9                      ret
    2064   00:4BB6                      WAIT_MENU_CMD_RESPONSE_END_NOK:
    2065   00:4BB6  21 00 00                ld  hl,0
    2066   00:4BB9  47                      ld  b,a                         ; Get result in B, 0xFF for time-out, otherwise was an error return code
    2067   00:4BBA  AF                      xor a
    2068   00:4BBB  DD E1                   pop ix
    2069   00:4BBD  D1                      pop de
    2070   00:4BBE  C9                      ret
    2071   00:4BBF                      
    2072   00:4BBF                      ; WAIT an ESP Wi-Fi Scan command Response
    2073   00:4BBF                      ; Inputs:
    2074   00:4BBF                      ; A -> Command Code
    2075   00:4BBF                      ; HL -> Timeout
    2076   00:4BBF                      ; IX -> Where to store response
    2077   00:4BBF                      ;
    2078   00:4BBF                      ; Returns:
    2079   00:4BBF                      ; Flag Z is zero if failure, non zero if success
    2080   00:4BBF                      ; A is the number of access points scanned
    2081   00:4BBF                      ;
    2082   00:4BBF                      ; Response is stored as:
    2083   00:4BBF                      ; Access Point SSID zero terminated and after first 0
    2084   00:4BBF                      ; 0 if Open otherwise requires a password to join
    2085   00:4BBF                      ; And this repeats...
    2086   00:4BBF                      ;
    2087   00:4BBF                      ; Affect:
    2088   00:4BBF                      ; AF , BC and HL
    2089   00:4BBF                      ;
    2090   00:4BBF                      WAIT_MENU_SCMD_RESPONSE:
    2091   00:4BBF  D5                      push    de
    2092   00:4BC0  DD E5                   push    ix
    2093   00:4BC2  57                      ld  d,a                         ; Command to wait in D
    2094   00:4BC3                      WAIT_MENU_SCMD_RESPONSE_ST1:
    2095   00:4BC3                          LOAD_STS_PORT_IN_A
    2095   00:4BC3  DB 07             >     in  a,(IN_STS_PORT)
    2096   00:4BC5  CB 6F                   bit 5,a                         ; If nz Port #07 is not available
    2097   00:4BC7  C2 3D 4C                jp  nz,WAIT_MENU_SCMD_RESPONSE_END_NOK
    2098   00:4BCA  CB 47                   bit 0,a                         ; If nz has data
    2099   00:4BCC  20 08                   jr  nz,WAIT_MENU_SCMD_RESPONSE_ST1.1
    2100   00:4BCE  CD 46 4C                call    HLTIMEOUT
    2101   00:4BD1  20 F0                   jr  nz,WAIT_MENU_SCMD_RESPONSE_ST1
    2102   00:4BD3  C3 39 4C                jp  WAIT_MENU_SCMD_RESPONSE_END ; If time out waiting, return
    2103   00:4BD6                      WAIT_MENU_SCMD_RESPONSE_ST1.1:
    2104   00:4BD6                          ; nz, check the data
    2105   00:4BD6                          RECEIVE_DATA
    2105   00:4BD6  DB 06             >     in a,(IN_DATA_PORT)
    2106   00:4BD8  BA                      cp  d                           ; Is response of our command?
    2107   00:4BD9  20 E8                   jr  nz,WAIT_MENU_SCMD_RESPONSE_ST1
    2108   00:4BDB                          ; Now get return code, if return code other than 0, it is finished
    2109   00:4BDB                      WAIT_MENU_SCMD_RESPONSE_RC:
    2110   00:4BDB                          CHECK_DATA
    2110   00:4BDB  DB 07             >     in  a,(IN_STS_PORT)
    2110   00:4BDD  CB 47             >     bit 0,a
    2111   00:4BDF  20 08                   jr  nz,WAIT_MENU_SCMD_RESPONSE_RC.1
    2112   00:4BE1  CD 46 4C                call    HLTIMEOUT
    2113   00:4BE4  20 F5                   jr  nz,WAIT_MENU_SCMD_RESPONSE_RC
    2114   00:4BE6  C3 39 4C                jp  WAIT_MENU_SCMD_RESPONSE_END ; If time out waiting, return
    2115   00:4BE9                      WAIT_MENU_SCMD_RESPONSE_RC.1:
    2116   00:4BE9                          RECEIVE_DATA
    2116   00:4BE9  DB 06             >     in a,(IN_DATA_PORT)
    2117   00:4BEB  B7                      or  a                           ; 0?
    2118   00:4BEC                          ; If not, done
    2119   00:4BEC  C2 3D 4C                jp  nz,WAIT_MENU_SCMD_RESPONSE_END_NOK
    2120   00:4BEF                          ; Next byte is how many access points are available
    2121   00:4BEF                      WAIT_MENU_SCMD_RESPONSE_ST2A:
    2122   00:4BEF                          CHECK_DATA
    2122   00:4BEF  DB 07             >     in  a,(IN_STS_PORT)
    2122   00:4BF1  CB 47             >     bit 0,a
    2123   00:4BF3  20 08                   jr  nz,WAIT_MENU_SCMD_RESPONSE_ST2A.1
    2124   00:4BF5  CD 46 4C                call    HLTIMEOUT
    2125   00:4BF8  20 F5                   jr  nz,WAIT_MENU_SCMD_RESPONSE_ST2A
    2126   00:4BFA  C3 39 4C                jp  WAIT_MENU_SCMD_RESPONSE_END ; If time out waiting, return
    2127   00:4BFD                      WAIT_MENU_SCMD_RESPONSE_ST2A.1:
    2128   00:4BFD                          RECEIVE_DATA
    2128   00:4BFD  DB 06             >     in a,(IN_DATA_PORT)
    2129   00:4BFF  47                      ld  b,a                         ; Save in B
    2130   00:4C00  4F                      ld  c,a                         ; And C as well
    2131   00:4C01                          ; Now should loop this until c is 0, c will control access point received count
    2132   00:4C01                      WAIT_MENU_SCMD_RESPONSE_ST2B:
    2133   00:4C01                          CHECK_DATA
    2133   00:4C01  DB 07             >     in  a,(IN_STS_PORT)
    2133   00:4C03  CB 47             >     bit 0,a
    2134   00:4C05  20 08                   jr  nz,WAIT_MENU_SCMD_RESPONSE_ST2B.1
    2135   00:4C07  CD 46 4C                call    HLTIMEOUT
    2136   00:4C0A  20 F5                   jr  nz,WAIT_MENU_SCMD_RESPONSE_ST2B
    2137   00:4C0C  C3 39 4C                jp  WAIT_MENU_SCMD_RESPONSE_END ; If time out waiting, return
    2138   00:4C0F                      WAIT_MENU_SCMD_RESPONSE_ST2B.1:
    2139   00:4C0F                          RECEIVE_DATA
    2139   00:4C0F  DB 06             >     in a,(IN_DATA_PORT)
    2140   00:4C11  DD 77 00                ld  (ix+0),a
    2141   00:4C14  DD 23                   inc ix                          ; Increment pointer
    2142   00:4C16  B7                      or  a                           ; Terminator of AP Name?
    2143   00:4C17  20 E8                   jr  nz,WAIT_MENU_SCMD_RESPONSE_ST2B
    2144   00:4C19                          ; Get encryption
    2145   00:4C19                      WAIT_MENU_SCMD_RESPONSE_GET_ENC:
    2146   00:4C19                          CHECK_DATA
    2146   00:4C19  DB 07             >     in  a,(IN_STS_PORT)
    2146   00:4C1B  CB 47             >     bit 0,a
    2147   00:4C1D  20 08                   jr  nz,WAIT_MENU_SCMD_RESPONSE_GET_ENC.1
    2148   00:4C1F  CD 46 4C                call    HLTIMEOUT
    2149   00:4C22  20 F5                   jr  nz,WAIT_MENU_SCMD_RESPONSE_GET_ENC
    2150   00:4C24  C3 39 4C                jp  WAIT_MENU_SCMD_RESPONSE_END  ; If time out waiting, return
    2151   00:4C27                      WAIT_MENU_SCMD_RESPONSE_GET_ENC.1:
    2152   00:4C27                          RECEIVE_DATA            ; Get data
    2152   00:4C27  DB 06             >     in a,(IN_DATA_PORT)
    2153   00:4C29  D6 4F                   sub 'O'                         ; If O, open, will be 0, otherwise, will be notzero
    2154   00:4C2B  DD 77 00                ld  (ix+0),a                    ; Put it in the buffer
    2155   00:4C2E  DD 23                   inc ix                          ; Increment pointer
    2156   00:4C30  0D                      dec c                           ; Decrement counter
    2157   00:4C31  AF                      xor a
    2158   00:4C32  B1                      or  c                           ; Is counter 0?
    2159   00:4C33                          ; If not continue getting more SSIDs
    2160   00:4C33  20 CC                   jr  nz,WAIT_MENU_SCMD_RESPONSE_ST2B
    2161   00:4C35                          ; It is zero, so, done
    2162   00:4C35                      WAIT_MENU_SCMD_RESPONSE_END_OK:
    2163   00:4C35  3E 01                   ld  a,1
    2164   00:4C37  B7                      or  a                           ; NZ to indicate success
    2165   00:4C38  78                      ld  a,b                         ; Number of APs in A
    2166   00:4C39                      WAIT_MENU_SCMD_RESPONSE_END:
    2167   00:4C39  DD E1                   pop ix
    2168   00:4C3B  D1                      pop de
    2169   00:4C3C  C9                      ret
    2170   00:4C3D                      WAIT_MENU_SCMD_RESPONSE_END_NOK:
    2171   00:4C3D  21 00 00                ld  hl,0
    2172   00:4C40  47                      ld  b,a                         ; Return code in B
    2173   00:4C41  AF                      xor a
    2174   00:4C42  DD E1                   pop ix
    2175   00:4C44  D1                      pop de
    2176   00:4C45  C9                      ret
    2177   00:4C46                      
    2178   00:4C46                      ; This routine will check if HL is 0, if it is, will return immediatelly
    2179   00:4C46                      ; If it is not, will decrease HL value and halt (wait one interrupt)
    2180   00:4C46                      HLTIMEOUT:
    2181   00:4C46  7C                      ld  a,h
    2182   00:4C47  B5                      or  l
    2183   00:4C48  C8                      ret z
    2184   00:4C49  2B                      dec hl
    2185   00:4C4A  76                      halt
    2186   00:4C4B  C9                      ret
    2187   00:4C4C                      
    2188   00:4C4C                      ; Routine to print the string addressed by HL
    2189   00:4C4C                      PRINTHL:
    2190   00:4C4C  7E                      ld  a,(hl)
    2191   00:4C4D  B7                      or  a
    2192   00:4C4E  C8                      ret z                           ; When string is finished, done!
    2193   00:4C4F  CD A2 00                call    CHPUT
    2194   00:4C52  23                      inc hl
    2195   00:4C53  C3 4C 4C                jp  PRINTHL
    2196   00:4C56                      
    2197   00:4C56                      ; Routine to print the string addressed by HL on a line, if exceeding it, ends with ..
    2198   00:4C56                      PRINTHLINE:
    2199   00:4C56  C5                      push    bc
    2200   00:4C57  06 18                   ld  b,24
    2201   00:4C59                      PHLINEL:
    2202   00:4C59  7E                      ld  a,(hl)
    2203   00:4C5A  B7                      or  a
    2204   00:4C5B  28 1F                   jr  z,PHLINESPC                 ; When string is finished, done!
    2205   00:4C5D  CD A2 00                call    CHPUT
    2206   00:4C60  23                      inc hl
    2207   00:4C61  10 F6                   djnz    PHLINEL
    2208   00:4C63  3E 1D                   ld  a,GOLEFT
    2209   00:4C65  CD A2 00                call    CHPUT
    2210   00:4C68  CD A2 00                call    CHPUT
    2211   00:4C6B  3E 01                   ld  a,1
    2212   00:4C6D  CD A2 00                call    CHPUT
    2213   00:4C70  3E 5B                   ld  a,91
    2214   00:4C72  CD A2 00                call    CHPUT
    2215   00:4C75  3E 20                   ld  a,' '
    2216   00:4C77  CD A2 00                call    CHPUT
    2217   00:4C7A  18 07                   jr  PHLINELR
    2218   00:4C7C                      PHLINESPC:
    2219   00:4C7C  3E 20                   ld  a,' '
    2220   00:4C7E  CD A2 00                call    CHPUT
    2221   00:4C81  10 F9                   djnz    PHLINESPC
    2222   00:4C83                      PHLINELR:
    2223   00:4C83  3E 1D                   ld  a,GOLEFT
    2224   00:4C85  CD A2 00                call    CHPUT
    2225   00:4C88  CD A2 00                call    CHPUT
    2226   00:4C8B  C1                      pop bc
    2227   00:4C8C  C9                      ret
    2228   00:4C8D                      
    2229   00:4C8D                      ;===============================
    2230   00:4C8D                      ;===  HTIM_I hook execution  ===
    2231   00:4C8D                      ;===============================
    2232   00:4C8D                      DO_HTIMI:
    2233   00:4C8D  F5                      push    af                      ; HTIM hook -> need to keep A value
    2234   00:4C8E  CD DD 5E                call    GETCOUNTER              ; Counter in hl
    2235   00:4C91  7D                      ld  a,l
    2236   00:4C92  B4                      or  h                           ; In this operation, check if HL is 0
    2237   00:4C93  28 04                   jr  z,DO_HTIMI_END              ; If it is, nothing to do
    2238   00:4C95  2B                      dec hl                          ; Otherwise decrement it
    2239   00:4C96  CD EC 5E                call    SETCOUNTER              ; And save it
    2240   00:4C99                      DO_HTIMI_END:
    2241   00:4C99  CD 4C 5E                call    GETSLT
    2242   00:4C9C                          ; Slot in A, now get the address of our counter
    2243   00:4C9C  CD D5 5E                call    GETMEMPOINTER
    2244   00:4C9F                          ; HL has the address of our memory area, and there is where we should jump
    2245   00:4C9F  F1                      pop af                          ; Restore original A value
    2246   00:4CA0  E9                      jp  (hl)
    2247   00:4CA1                      
    2248   00:4CA1                      ;===============================
    2249   00:4CA1                      ;===  EXTBIO hook execution  ===
    2250   00:4CA1                      ;===============================
    2251   00:4CA1                      DO_EXTBIO:
    2252   00:4CA1  E5                      push    hl
    2253   00:4CA2  C5                      push    bc
    2254   00:4CA3  F5                      push    af
    2255   00:4CA4  7A                      ld  a,d
    2256   00:4CA5  FE 22                   cp  #22
    2257   00:4CA7  C2 32 4D                jp  nz,JUMP_OLD
    2258   00:4CAA  BB                      cp  e
    2259   00:4CAB  C2 32 4D                jp  nz,JUMP_OLD
    2260   00:4CAE                      
    2261   00:4CAE                          ; Check API ID TCP/IP
    2262   00:4CAE  21 5A 70                ld  hl,UNAPI_ID
    2263   00:4CB1  11 47 F8                ld  de,ARG
    2264   00:4CB4                      LOOP:
    2265   00:4CB4  1A                      ld  a,(de)
    2266   00:4CB5  CD 55 60                call    TOUPPER
    2267   00:4CB8  BE                      cp  (hl)
    2268   00:4CB9  20 30                   jr  nz,SSH_CHECK
    2269   00:4CBB  23                      inc hl
    2270   00:4CBC  13                      inc de
    2271   00:4CBD  B7                      or  a
    2272   00:4CBE  20 F4                   jr  nz,LOOP
    2273   00:4CC0                      
    2274   00:4CC0                          ; A=255: Jump to old hook
    2275   00:4CC0                      
    2276   00:4CC0  F1                      pop af
    2277   00:4CC1  F5                      push    af
    2278   00:4CC2  3C                      inc a
    2279   00:4CC3  28 26                   jr  z,SSH_CHECK
    2280   00:4CC5                      
    2281   00:4CC5                          ; A=0: B=B+1 and jump to old hook
    2282   00:4CC5                      
    2283   00:4CC5  CD 4C 5E                call    GETSLT
    2284   00:4CC8  CD A5 5E                call    GETWRK
    2285   00:4CCB  F1                      pop af
    2286   00:4CCC  C1                      pop bc
    2287   00:4CCD  B7                      or  a
    2288   00:4CCE  20 06                   jr  nz,DO_EXTBIO2
    2289   00:4CD0  04                      inc b
    2290   00:4CD1  E3                      ex  (sp),hl
    2291   00:4CD2  11 22 22                ld  de,#2222
    2292   00:4CD5  C9                      ret
    2293   00:4CD6                      
    2294   00:4CD6                      DO_EXTBIO2:
    2295   00:4CD6                          ; A=1: Return A=Slot, B=Segment, HL=UNAPI entry address
    2296   00:4CD6                      
    2297   00:4CD6  3D                      dec a
    2298   00:4CD7  20 0D                   jr  nz,DO_EXTBIO3
    2299   00:4CD9  E1                      pop hl
    2300   00:4CDA  CD 6C 5E                call    GETSLTT                 ; GETSLTT is GETSLT that checks if our memory area @ HIMEM has been allocated, if not, allocate it
    2301   00:4CDD  06 FF                   ld  b,#FF
    2302   00:4CDF  21 3E 4D                ld  hl,UNAPI_ENTRY
    2303   00:4CE2  11 22 22                ld  de,#2222
    2304   00:4CE5  C9                      ret
    2305   00:4CE6                      
    2306   00:4CE6                          ; A>1: A=A-1, and jump to old hook
    2307   00:4CE6                      
    2308   00:4CE6                      DO_EXTBIO3:                         ; A=A-1 already done
    2309   00:4CE6  E3                      ex  (sp),hl
    2310   00:4CE7  11 22 22                ld   de,#2222
    2311   00:4CEA  C9                      ret
    2312   00:4CEB                      
    2313   00:4CEB                      SSH_CHECK:
    2314   00:4CEB                          ; Check API ID SSH
    2315   00:4CEB  21 61 70                ld  hl,UNAPI_ID2
    2316   00:4CEE  11 47 F8                ld  de,ARG
    2317   00:4CF1                      LOOPSSH:
    2318   00:4CF1  1A                      ld  a,(de)
    2319   00:4CF2  CD 55 60                call    TOUPPER
    2320   00:4CF5  BE                      cp  (hl)
    2321   00:4CF6  20 37                   jr  nz,JUMP_OLD2
    2322   00:4CF8  23                      inc hl
    2323   00:4CF9  13                      inc de
    2324   00:4CFA  B7                      or  a
    2325   00:4CFB  20 F4                   jr  nz,LOOPSSH
    2326   00:4CFD                      
    2327   00:4CFD                          ; API ID matched, offer only if SSH support was determined at boot
    2328   00:4CFD  CD ED 5F                call    GETESPFLAGS
    2329   00:4D00  E6 02                   and ESPFLAG_SSH
    2330   00:4D02  28 2B                   jr  z,JUMP_OLD2
    2331   00:4D04                      
    2332   00:4D04                          ; A=255: Jump to old hook
    2333   00:4D04                      
    2334   00:4D04  F1                      pop af
    2335   00:4D05  F5                      push    af
    2336   00:4D06  3C                      inc a
    2337   00:4D07  28 26                   jr  z,JUMP_OLD2
    2338   00:4D09                      
    2339   00:4D09                          ; A=0: B=B+1 and jump to old hook
    2340   00:4D09                      
    2341   00:4D09  CD 4C 5E                call    GETSLT
    2342   00:4D0C  CD A5 5E                call    GETWRK
    2343   00:4D0F  F1                      pop af
    2344   00:4D10  C1                      pop bc
    2345   00:4D11  B7                      or  a
    2346   00:4D12  20 06                   jr  nz,DO_EXTBIO2SSH
    2347   00:4D14  04                      inc b
    2348   00:4D15  E3                      ex  (sp),hl
    2349   00:4D16  11 22 22                ld  de,#2222
    2350   00:4D19  C9                      ret
    2351   00:4D1A                      
    2352   00:4D1A                      DO_EXTBIO2SSH:
    2353   00:4D1A                          ; A=1: Return A=Slot, B=Segment, HL=UNAPI entry address
    2354   00:4D1A                      
    2355   00:4D1A  3D                      dec a
    2356   00:4D1B  20 0D                   jr  nz,DO_EXTBIO3SSH
    2357   00:4D1D  E1                      pop hl
    2358   00:4D1E  CD 6C 5E                call    GETSLTT                 ; GETSLTT is GETSLT that checks if our memory area @ HIMEM has been allocated, if not, allocate it
    2359   00:4D21  06 FF                   ld  b,#FF
    2360   00:4D23  21 9B 4D                ld  hl,UNAPI2_ENTRY
    2361   00:4D26  11 22 22                ld  de,#2222
    2362   00:4D29  C9                      ret
    2363   00:4D2A                      
    2364   00:4D2A                          ; A>1: A=A-1, and jump to old hook
    2365   00:4D2A                      
    2366   00:4D2A                      DO_EXTBIO3SSH:                         ; A=A-1 already done
    2367   00:4D2A  E3                      ex  (sp),hl
    2368   00:4D2B  11 22 22                ld  de,#2222
    2369   00:4D2E  C9                      ret
    2370   00:4D2F                      
    2371   00:4D2F                      ; Jump here to execute old EXTBIO code
    2372   00:4D2F                      JUMP_OLD2:
    2373   00:4D2F  11 22 22                ld  de,#2222
    2374   00:4D32                      JUMP_OLD:                           ; Assumes "push hl,bc,af" done
    2375   00:4D32  D5                      push    de
    2376   00:4D33  CD 4C 5E                call    GETSLT
    2377   00:4D36  CD A5 5E                call    GETWRK
    2378   00:4D39  D1                      pop de
    2379   00:4D3A  F1                      pop af
    2380   00:4D3B  C1                      pop bc
    2381   00:4D3C  E3                      ex  (sp),hl
    2382   00:4D3D  C9                      ret
    2383   00:4D3E                      
    2384   00:4D3E                      ;====================================
    2385   00:4D3E                      ;===  Functions entry point code  ===
    2386   00:4D3E                      ;===            TCP/IP            ===
    2387   00:4D3E                      ;====================================
    2388   00:4D3E                      UNAPI_ENTRY:
    2389   00:4D3E  FB                      ei
    2390   00:4D3F  E5                      push    hl
    2391   00:4D40  F5                      push    af
    2392   00:4D41  21 5F 4D                ld  hl,FN_TABLE
    2393   00:4D44  CB 7F                   bit 7,a
    2394   00:4D46  20 14                   jr  nz,UNDEFINED
    2395   00:4D48                      
    2396   00:4D48  FE 1D                   cp  MAX_FN
    2397   00:4D4A  28 02                   jr  z,OK_FNUM
    2398   00:4D4C  30 0E                   jr  nc,UNDEFINED
    2399   00:4D4E                      
    2400   00:4D4E                      OK_FNUM:
    2401   00:4D4E  87                      add a,a
    2402   00:4D4F  D5                      push    de
    2403   00:4D50  5F                      ld  e,a
    2404   00:4D51  16 00                   ld  d,0
    2405   00:4D53  19                      add hl,de
    2406   00:4D54  D1                      pop de
    2407   00:4D55                      
    2408   00:4D55  7E                      ld  a,(hl)
    2409   00:4D56  23                      inc hl
    2410   00:4D57  66                      ld  h,(hl)
    2411   00:4D58  6F                      ld  l,a
    2412   00:4D59                      
    2413   00:4D59  F1                      pop af
    2414   00:4D5A  E3                      ex  (sp),hl
    2415   00:4D5B  C9                      ret
    2416   00:4D5C                      
    2417   00:4D5C                      ; Undefined function: return with registers unmodified
    2418   00:4D5C                      UNDEFINED:
    2419   00:4D5C  F1                      pop af
    2420   00:4D5D  E1                      pop hl
    2421   00:4D5E  C9                      ret
    2422   00:4D5F                      
    2423   00:4D5F                      ;===================================
    2424   00:4D5F                      ;===  Functions addresses table  ===
    2425   00:4D5F                      ;===            TCP/IP           ===
    2426   00:4D5F                      ;===================================
    2427   00:4D5F                      ;--- Implementation-specific routines addresses table
    2428   00:4D5F                      FN_TABLE:
    2429   00:4D5F  E6 4D               FN_0:                   dw  UNAPI_GET_INFO
    2430   00:4D61  97 4E               FN_1:                   dw  TCPIP_GET_CAPAB
    2431   00:4D63  C7 4F               FN_2:                   dw  TCPIP_GET_IPINFO
    2432   00:4D65  44 50               FN_3:                   dw  TCPIP_NET_STATE
    2433   00:4D67                      ; TCPIP_SEND_ECHO not going to be implemented, ESP do not support ping like UNAPI specify
    2434   00:4D67  D1 4D               FN_4:                   dw  FN_NOT_IMP
    2435   00:4D69                      ; TCPIP_RCV_ECHO not going to be implemented as SEND_ECHO is not implemented
    2436   00:4D69  D1 4D               FN_5:                   dw  FN_NOT_IMP
    2437   00:4D6B  93 50               FN_6:                   dw  TCPIP_DNS_Q
    2438   00:4D6D  42 51               FN_7:                   dw  TCPIP_DNS_S
    2439   00:4D6F  6F 51               FN_8:                   dw  TCPIP_UDP_OPEN
    2440   00:4D71  C9 51               FN_9:                   dw  TCPIP_UDP_CLOSE
    2441   00:4D73  0F 52               FN_10:                  dw  TCPIP_UDP_STATE
    2442   00:4D75  9A 52               FN_11:                  dw  TCPIP_UDP_SEND
    2443   00:4D77  39 53               FN_12:                  dw  TCPIP_UDP_RCV
    2444   00:4D79  62 54               FN_13:                  dw  TCPIP_TCP_OPEN
    2445   00:4D7B  36 55               FN_14:                  dw  TCPIP_TCP_CLOSE
    2446   00:4D7D  37 58               FN_15:                  dw  TCPIP_TCP_ABORT
    2447   00:4D7F  A0 58               FN_16:                  dw  TCPIP_TCP_STATE
    2448   00:4D81  A5 59               FN_17:                  dw  TCPIP_TCP_SEND
    2449   00:4D83  E9 5A               FN_18:                  dw  TCPIP_TCP_RCV
    2450   00:4D85                      ; TCPIP_TCP_FLUSH makes no sense as we do not use buffers to send, any buffer is internal to ESP and we can't delete
    2451   00:4D85  D1 4D               FN_19:                  dw  FN_NOT_IMP
    2452   00:4D87                      ; TCPIP_RAW_OPEN not going to be implemented, ESP do not support RAW connections
    2453   00:4D87  D1 4D               FN_20:                  dw  FN_NOT_IMP
    2454   00:4D89                      ; TCPIP_RAW_CLOSE not going to be implemented, ESP do not support RAW connections
    2455   00:4D89  D1 4D               FN_21:                  dw  FN_NOT_IMP
    2456   00:4D8B                      ; TCPIP_RAW_STATE not going to be implemented, ESP do not support RAW connections
    2457   00:4D8B  D1 4D               FN_22:                  dw  FN_NOT_IMP
    2458   00:4D8D                      ; TCPIP_RAW_SEND not going to be implemented, ESP do not support RAW connections
    2459   00:4D8D  D1 4D               FN_23:                  dw  FN_NOT_IMP
    2460   00:4D8F                      ; TCPIP_RAW_RCV not going to be implemented, ESP do not support RAW connections
    2461   00:4D8F  D1 4D               FN_24:                  dw  FN_NOT_IMP
    2462   00:4D91  96 5D               FN_25:                  dw  TCPIP_CONFIG_AUTOIP
    2463   00:4D93  ED 5D               FN_26:                  dw  TCPIP_CONFIG_IP
    2464   00:4D95  2A 5E               FN_27:                  dw  TCPIP_CONFIG_TTL
    2465   00:4D97  3C 5E               FN_28:                  dw  TCPIP_CONFIG_PING
    2466   00:4D99                      ; TCPIP_WAIT not needed for our implementation
    2467   00:4D99  D4 4D               FN_29:                  dw  END_OK
    2468   00:4D9B                      
    2469   00:4D9B                      ;====================================
    2470   00:4D9B                      ;===  Functions entry point code  ===
    2471   00:4D9B                      ;===             SSH              ===
    2472   00:4D9B                      ;====================================
    2473   00:4D9B                      UNAPI2_ENTRY:
    2474   00:4D9B  FB                      ei
    2475   00:4D9C  E5                      push    hl
    2476   00:4D9D  F5                      push    af
    2477   00:4D9E  21 B9 4D                ld  hl,FN_TABLE_S
    2478   00:4DA1  CB 7F                   bit 7,a
    2479   00:4DA3  20 B7                   jr  nz,UNDEFINED
    2480   00:4DA5                      
    2481   00:4DA5  FE 0B                   cp  MAX_FN_S
    2482   00:4DA7  28 02                   jr  z,OK_FNUM_S
    2483   00:4DA9  30 B1                   jr  nc,UNDEFINED
    2484   00:4DAB                      
    2485   00:4DAB                      OK_FNUM_S:
    2486   00:4DAB  87                      add a,a
    2487   00:4DAC  D5                      push    de
    2488   00:4DAD  5F                      ld  e,a
    2489   00:4DAE  16 00                   ld  d,0
    2490   00:4DB0  19                      add hl,de
    2491   00:4DB1  D1                      pop de
    2492   00:4DB2                      
    2493   00:4DB2  7E                      ld  a,(hl)
    2494   00:4DB3  23                      inc hl
    2495   00:4DB4  66                      ld  h,(hl)
    2496   00:4DB5  6F                      ld  l,a
    2497   00:4DB6                      
    2498   00:4DB6  F1                      pop af
    2499   00:4DB7  E3                      ex  (sp),hl
    2500   00:4DB8  C9                      ret
    2501   00:4DB9                      
    2502   00:4DB9                      ;===================================
    2503   00:4DB9                      ;===  Functions addresses table  ===
    2504   00:4DB9                      ;===             SSH             ===
    2505   00:4DB9                      ;===================================
    2506   00:4DB9                      ;--- Implementation-specific routines addresses table
    2507   00:4DB9                      
    2508   00:4DB9                      FN_TABLE_S:
    2509   00:4DB9  F1 4D               FN_0_S:                 dw  UNAPI_GET_INFO_SSH
    2510   00:4DBB  FC 4D               FN_1_S:                 dw  SSH_GET_CAPAB
    2511   00:4DBD  7C 55               FN_2_S:                 dw  SSH_OPEN
    2512   00:4DBF  90 56               FN_3_S:                 dw  SSH_CLOSE
    2513   00:4DC1  D8 56               FN_4_S:                 dw  SSH_STATE
    2514   00:4DC3  01 5A               FN_5_S:                 dw  SSH_SEND
    2515   00:4DC5  CA 5B               FN_6_S:                 dw  SSH_RCV
    2516   00:4DC7  4A 57               FN_7_S:                 dw  SSH_TERM_TYPE
    2517   00:4DC9  B8 57               FN_8_S:                 dw  SSH_WIN_SIZE
    2518   00:4DCB  91 5C               FN_9_S:                 dw  SSH_AUTH_GET_CHALLENGE
    2519   00:4DCD  57 5A               FN_10_S:                dw  SSH_AUTH_RESPOND
    2520   00:4DCF  48 56               FN_11_S:                dw  SSH_ADD_KNOWN_HOST
    2521   00:4DD1                      
    2522   00:4DD1                      ;========================
    2523   00:4DD1                      ;===  Functions code  ===
    2524   00:4DD1                      ;========================
    2525   00:4DD1                      FN_NOT_IMP:
    2526   00:4DD1  3E 01                   ld  a,ERR_NOT_IMP
    2527   00:4DD3  C9                      ret
    2528   00:4DD4                      
    2529   00:4DD4                      END_OK:
    2530   00:4DD4  AF                      xor a
    2531   00:4DD5  C9                      ret
    2532   00:4DD6                      
    2533   00:4DD6                      ; Most functions do not have special handling on time out and can use this.
    2534   00:4DD6                      ; If there is a need to retry sending or receiving on time-out, then a custom
    2535   00:4DD6                      ; time-out function must be done, check the examples of UDP and TCP receive
    2536   00:4DD6                      TCPIP_GENERIC_CHECK_TIME_OUT:
    2537   00:4DD6                          ; Save registers other than AF
    2538   00:4DD6  C5                      push bc
    2539   00:4DD7  D5                      push de
    2540   00:4DD8  E5                      push hl
    2541   00:4DD9  CD DD 5E                call    GETCOUNTER
    2542   00:4DDC  7D                      ld  a,l
    2543   00:4DDD  B4                      or  h
    2544   00:4DDE                          ; Restore registers, we are returning
    2545   00:4DDE  E1                      pop hl
    2546   00:4DDF  D1                      pop de
    2547   00:4DE0  C1                      pop bc
    2548   00:4DE1  C0                      ret nz
    2549   00:4DE2                          ; Ok, timeout...
    2550   00:4DE2  F1                      pop af                          ; Get return address of who called this out of the stack
    2551   00:4DE3  3E 0F                   ld  a,ERR_INV_OPER
    2552   00:4DE5  C9                      ret                             ; and return the function itself
    2553   00:4DE6                      
    2554   00:4DE6                      ;========================
    2555   00:4DE6                      ;===  UNAPI_GET_INFO  ===
    2556   00:4DE6                      ;========================
    2557   00:4DE6                      ; Obtain the implementation name and version for TCP/IP.
    2558   00:4DE6                      ;
    2559   00:4DE6                      ;    Input:  A  = 0
    2560   00:4DE6                      ;    Output: HL = Descriptive string for this implementation, on this slot, zero terminated
    2561   00:4DE6                      ;            DE = API version supported, D.E
    2562   00:4DE6                      ;            BC = This implementation version, B.C.
    2563   00:4DE6                      ;            A  = 0 and Cy = 0
    2564   00:4DE6                      UNAPI_GET_INFO:
    2565   00:4DE6  01 03 01                ld  bc,256*ROM_V_P+ROM_V_S
    2566   00:4DE9  11 02 01                ld  de,256*API_V_P+API_V_S
    2567   00:4DEC  21 65 70                ld  hl,APIINFO
    2568   00:4DEF  AF                      xor a
    2569   00:4DF0  C9                      ret
    2570   00:4DF1                      
    2571   00:4DF1                      ;========================
    2572   00:4DF1                      ;===  UNAPI_GET_INFO  ===
    2573   00:4DF1                      ;========================
    2574   00:4DF1                      ; Obtain the implementation name and version for SSH.
    2575   00:4DF1                      ;
    2576   00:4DF1                      ;    Input:  A  = 0
    2577   00:4DF1                      ;    Output: HL = Descriptive string for this implementation, on this slot, zero terminated
    2578   00:4DF1                      ;            DE = API version supported, D.E
    2579   00:4DF1                      ;            BC = This implementation version, B.C.
    2580   00:4DF1                      ;            A  = 0 and Cy = 0
    2581   00:4DF1                      UNAPI_GET_INFO_SSH:
    2582   00:4DF1  01 03 01                ld  bc,256*ROM_V_P+ROM_V_S
    2583   00:4DF4  11 02 01                ld  de,256*API_V_P+API_V_S
    2584   00:4DF7  21 76 70                ld  hl,APIINFO_SSH
    2585   00:4DFA  AF                      xor a
    2586   00:4DFB  C9                      ret
    2587   00:4DFC                      
    2588   00:4DFC                      ;=========================
    2589   00:4DFC                      ;===   SSH_GET_CAPAB   ===
    2590   00:4DFC                      ;=========================
    2591   00:4DFC                      ; Get information about the SSH capabilities and features.
    2592   00:4DFC                      ;
    2593   00:4DFC                      ;    Input:  A = 1
    2594   00:4DFC                      ;            B = Index of information block to retrieve:
    2595   00:4DFC                      ;                1: Block 1 (only block supported, other blocks reserved for expansion)
    2596   00:4DFC                      ;    Output: A = Error code
    2597   00:4DFC                      ;        When information block 1 requested:
    2598   00:4DFC                      ;            HL = Capabilities flags
    2599   00:4DFC                      ;            B  = Maximum simultaneous SSH connections supported
    2600   00:4DFC                      ;            C  = Free SSH connections currently available
    2601   00:4DFC                      ;            DE = Maximum data per command
    2602   00:4DFC                      SSH_GET_CAPAB:
    2603   00:4DFC                          ; SSH functions start at 127 on ESP
    2604   00:4DFC  CB FF                   set 7,a
    2605   00:4DFE                          SEND_DATA                       ; Send the command
    2605   00:4DFE  D3 07             >     out (OUT_TX_PORT),a
    2606   00:4E00  AF                      xor a
    2607   00:4E01                          SEND_DATA                       ; Send the command size msb
    2607   00:4E01  D3 07             >     out (OUT_TX_PORT),a
    2608   00:4E03  3C                      inc a
    2609   00:4E04                          SEND_DATA                       ; Send the command size lsb
    2609   00:4E04  D3 07             >     out (OUT_TX_PORT),a
    2610   00:4E06  78                      ld  a,b
    2611   00:4E07                          SEND_DATA                       ; Send the parameter
    2611   00:4E07  D3 07             >     out (OUT_TX_PORT),a
    2612   00:4E09                      
    2613   00:4E09                          ; Now wait up to 120 ticks to get response
    2614   00:4E09  21 78 00                ld  hl,120
    2615   00:4E0C  CD EC 5E                call    SETCOUNTER
    2616   00:4E0F                      SSH_GET_CAPAB_ST1:
    2617   00:4E0F                          CHECK_DATA
    2617   00:4E0F  DB 07             >     in  a,(IN_STS_PORT)
    2617   00:4E11  CB 47             >     bit 0,a
    2618   00:4E13  20 05                   jr  nz,SSH_GET_CAPAB_ST1.1
    2619   00:4E15  CD D6 4D                call    TCPIP_GENERIC_CHECK_TIME_OUT
    2620   00:4E18  18 F5                   jr  SSH_GET_CAPAB_ST1
    2621   00:4E1A                      SSH_GET_CAPAB_ST1.1:
    2622   00:4E1A                          ; nz, check the data
    2623   00:4E1A                          RECEIVE_DATA
    2623   00:4E1A  DB 06             >     in a,(IN_DATA_PORT)
    2624   00:4E1C  FE 81                   cp  #81                         ; Is response of our command?
    2625   00:4E1E  20 EF                   jr  nz,SSH_GET_CAPAB_ST1
    2626   00:4E20                          ; Now get return code, if return code other than 0, it is finished
    2627   00:4E20                      SSH_GET_CAPAB_RC:
    2628   00:4E20                          CHECK_DATA
    2628   00:4E20  DB 07             >     in  a,(IN_STS_PORT)
    2628   00:4E22  CB 47             >     bit 0,a
    2629   00:4E24  20 05                   jr  nz,SSH_GET_CAPAB_RC.1
    2630   00:4E26  CD D6 4D                call    TCPIP_GENERIC_CHECK_TIME_OUT
    2631   00:4E29  18 F5                   jr  SSH_GET_CAPAB_RC
    2632   00:4E2B                      SSH_GET_CAPAB_RC.1:
    2633   00:4E2B                          ; nz, discard
    2634   00:4E2B                          RECEIVE_DATA
    2634   00:4E2B  DB 06             >     in a,(IN_DATA_PORT)
    2635   00:4E2D  B7                      or  a                           ; 0?
    2636   00:4E2E  C0                      ret nz                          ; If not, done
    2637   00:4E2F                      
    2638   00:4E2F                          ; Next two bytes are size bytes, don't care
    2639   00:4E2F  06 02                   ld  b,2
    2640   00:4E31                      SSH_GET_CAPAB_ST2:
    2641   00:4E31                          CHECK_DATA
    2641   00:4E31  DB 07             >     in  a,(IN_STS_PORT)
    2641   00:4E33  CB 47             >     bit 0,a
    2642   00:4E35  20 05                   jr  nz,SSH_GET_CAPAB_ST2.1
    2643   00:4E37  CD D6 4D                call    TCPIP_GENERIC_CHECK_TIME_OUT
    2644   00:4E3A  18 F5                   jr  SSH_GET_CAPAB_ST2
    2645   00:4E3C                      SSH_GET_CAPAB_ST2.1:
    2646   00:4E3C                          ; Nz, discard
    2647   00:4E3C                          RECEIVE_DATA
    2647   00:4E3C  DB 06             >     in a,(IN_DATA_PORT)
    2648   00:4E3E  05                      dec b
    2649   00:4E3F  20 F0                   jr  nz,SSH_GET_CAPAB_ST2
    2650   00:4E41                      
    2651   00:4E41                      SSH_GET_CAPAB_BLK1_ST1:
    2652   00:4E41                          CHECK_DATA
    2652   00:4E41  DB 07             >     in  a,(IN_STS_PORT)
    2652   00:4E43  CB 47             >     bit 0,a
    2653   00:4E45  20 05                   jr  nz,SSH_GET_CAPAB_BLK1_ST1.1
    2654   00:4E47  CD D6 4D                call    TCPIP_GENERIC_CHECK_TIME_OUT
    2655   00:4E4A  18 F5                   jr  SSH_GET_CAPAB_BLK1_ST1
    2656   00:4E4C                      SSH_GET_CAPAB_BLK1_ST1.1:
    2657   00:4E4C                          ; nz, get it
    2658   00:4E4C                          RECEIVE_DATA
    2658   00:4E4C  DB 06             >     in a,(IN_DATA_PORT)
    2659   00:4E4E  6F                      ld  l,a
    2660   00:4E4F                      SSH_GET_CAPAB_BLK1_ST2:
    2661   00:4E4F                          CHECK_DATA
    2661   00:4E4F  DB 07             >     in  a,(IN_STS_PORT)
    2661   00:4E51  CB 47             >     bit 0,a
    2662   00:4E53  20 05                   jr  nz,SSH_GET_CAPAB_BLK1_ST2.1
    2663   00:4E55  CD D6 4D                call    TCPIP_GENERIC_CHECK_TIME_OUT
    2664   00:4E58  18 F5                   jr  SSH_GET_CAPAB_BLK1_ST2
    2665   00:4E5A                      SSH_GET_CAPAB_BLK1_ST2.1:
    2666   00:4E5A                          ; nz, get it
    2667   00:4E5A                          RECEIVE_DATA
    2667   00:4E5A  DB 06             >     in a,(IN_DATA_PORT)
    2668   00:4E5C  67                      ld  h,a
    2669   00:4E5D                      SSH_GET_CAPAB_BLK1_ST3:
    2670   00:4E5D                          CHECK_DATA
    2670   00:4E5D  DB 07             >     in  a,(IN_STS_PORT)
    2670   00:4E5F  CB 47             >     bit 0,a
    2671   00:4E61  20 05                   jr  nz,SSH_GET_CAPAB_BLK1_ST3.1
    2672   00:4E63  CD D6 4D                call    TCPIP_GENERIC_CHECK_TIME_OUT
    2673   00:4E66  18 F5                   jr  SSH_GET_CAPAB_BLK1_ST3
    2674   00:4E68                      SSH_GET_CAPAB_BLK1_ST3.1:
    2675   00:4E68                          ; nz, get it
    2676   00:4E68                          RECEIVE_DATA
    2676   00:4E68  DB 06             >     in a,(IN_DATA_PORT)
    2677   00:4E6A  4F                      ld  c,a
    2678   00:4E6B                      SSH_GET_CAPAB_BLK1_ST4:
    2679   00:4E6B                          CHECK_DATA
    2679   00:4E6B  DB 07             >     in  a,(IN_STS_PORT)
    2679   00:4E6D  CB 47             >     bit 0,a
    2680   00:4E6F  20 05                   jr  nz,SSH_GET_CAPAB_BLK1_ST4.1
    2681   00:4E71  CD D6 4D                call    TCPIP_GENERIC_CHECK_TIME_OUT
    2682   00:4E74  18 F5                   jr  SSH_GET_CAPAB_BLK1_ST4
    2683   00:4E76                      SSH_GET_CAPAB_BLK1_ST4.1:
    2684   00:4E76                          ; nz, get it
    2685   00:4E76                          RECEIVE_DATA
    2685   00:4E76  DB 06             >     in a,(IN_DATA_PORT)
    2686   00:4E78  47                      ld  b,a
    2687   00:4E79                      SSH_GET_CAPAB_BLK1_ST5:
    2688   00:4E79                          CHECK_DATA
    2688   00:4E79  DB 07             >     in  a,(IN_STS_PORT)
    2688   00:4E7B  CB 47             >     bit 0,a
    2689   00:4E7D  20 05                   jr  nz,SSH_GET_CAPAB_BLK1_ST5.1
    2690   00:4E7F  CD D6 4D                call    TCPIP_GENERIC_CHECK_TIME_OUT
    2691   00:4E82  18 F5                   jr  SSH_GET_CAPAB_BLK1_ST5
    2692   00:4E84                      SSH_GET_CAPAB_BLK1_ST5.1:
    2693   00:4E84                          ; nz, get it
    2694   00:4E84                          RECEIVE_DATA
    2694   00:4E84  DB 06             >     in a,(IN_DATA_PORT)
    2695   00:4E86  5F                      ld  e,a
    2696   00:4E87                      SSH_GET_CAPAB_BLK1_ST6:
    2697   00:4E87                          CHECK_DATA
    2697   00:4E87  DB 07             >     in  a,(IN_STS_PORT)
    2697   00:4E89  CB 47             >     bit 0,a
    2698   00:4E8B  20 05                   jr  nz,SSH_GET_CAPAB_BLK1_ST6.1
    2699   00:4E8D  CD D6 4D                call    TCPIP_GENERIC_CHECK_TIME_OUT
    2700   00:4E90  18 F5                   jr  SSH_GET_CAPAB_BLK1_ST6
    2701   00:4E92                      SSH_GET_CAPAB_BLK1_ST6.1:
    2702   00:4E92                          ; nz, get it
    2703   00:4E92                          RECEIVE_DATA
    2703   00:4E92  DB 06             >     in a,(IN_DATA_PORT)
    2704   00:4E94  57                      ld  d,a
    2705   00:4E95                          ; Done
    2706   00:4E95  AF                      xor a
    2707   00:4E96  C9                      ret
    2708   00:4E97                      
    2709   00:4E97                      
    2710   00:4E97                      ;=========================
    2711   00:4E97                      ;===  TCPIP_GET_CAPAB  ===
    2712   00:4E97                      ;=========================
    2713   00:4E97                      ; Get information about the TCP/IP capabilities and features.
    2714   00:4E97                      ;
    2715   00:4E97                      ;    Input:  A = 1
    2716   00:4E97                      ;            B = Index of information block to retrieve:
    2717   00:4E97                      ;                1: Capabilities and features flags, link level protocol
    2718   00:4E97                      ;                2: Connection pool size and status
    2719   00:4E97                      ;                3: Maximum datagram size allowed
    2720   00:4E97                      ;                4: Second set of capabilities and features flags
    2721   00:4E97                      ;    Output: A = Error code
    2722   00:4E97                      ;        When information block 1 requested:
    2723   00:4E97                      ;            HL = Capabilities flags
    2724   00:4E97                      ;            DE = Features flags
    2725   00:4E97                      ;            B  = Link level protocol used
    2726   00:4E97                      ;        When information block 2 requested:
    2727   00:4E97                      ;            B = Maximum simultaneous TCP connections supported
    2728   00:4E97                      ;            C = Maximum simultaneous UDP connections supported
    2729   00:4E97                      ;            D = Free TCP connections currently available
    2730   00:4E97                      ;            E = Free UDP connections currently available
    2731   00:4E97                      ;            H = Maximum simultaneous raw IP connections supported
    2732   00:4E97                      ;            L = Free raw IP connections currently available
    2733   00:4E97                      ;        When information block 3 requested:
    2734   00:4E97                      ;            HL = Maximum incoming datagram size supported
    2735   00:4E97                      ;            DE = Maximum outgoing datagram size supported
    2736   00:4E97                      ;        When information block 4 requested:
    2737   00:4E97                      ;            HL = Second set of capabilities flags
    2738   00:4E97                      ;            DE = Second set of features flags (currently unused, always zero)
    2739   00:4E97                      TCPIP_GET_CAPAB:
    2740   00:4E97                          SEND_DATA                       ; Send the command
    2740   00:4E97  D3 07             >     out (OUT_TX_PORT),a
    2741   00:4E99  AF                      xor a
    2742   00:4E9A                          SEND_DATA                       ; Send the command size msb
    2742   00:4E9A  D3 07             >     out (OUT_TX_PORT),a
    2743   00:4E9C  3C                      inc a
    2744   00:4E9D                          SEND_DATA                       ; Send the command size lsb
    2744   00:4E9D  D3 07             >     out (OUT_TX_PORT),a
    2745   00:4E9F  78                      ld  a,b
    2746   00:4EA0  CD 0E 5F                call    SETBYTE                 ; Save it, we are going to need it later
    2747   00:4EA3                          SEND_DATA                       ; Send the parameter
    2747   00:4EA3  D3 07             >     out (OUT_TX_PORT),a
    2748   00:4EA5                      
    2749   00:4EA5                          ; Now wait up to 120 ticks to get response
    2750   00:4EA5  21 78 00                ld  hl,120
    2751   00:4EA8  CD EC 5E                call    SETCOUNTER
    2752   00:4EAB                      TCPIP_GET_CAPAB_ST1:
    2753   00:4EAB                          CHECK_DATA
    2753   00:4EAB  DB 07             >     in  a,(IN_STS_PORT)
    2753   00:4EAD  CB 47             >     bit 0,a
    2754   00:4EAF  20 05                   jr  nz,TCPIP_GET_CAPAB_ST1.1
    2755   00:4EB1  CD D6 4D                call    TCPIP_GENERIC_CHECK_TIME_OUT
    2756   00:4EB4  18 F5                   jr  TCPIP_GET_CAPAB_ST1
    2757   00:4EB6                      TCPIP_GET_CAPAB_ST1.1:
    2758   00:4EB6                          ; nz, check the data
    2759   00:4EB6                          RECEIVE_DATA
    2759   00:4EB6  DB 06             >     in a,(IN_DATA_PORT)
    2760   00:4EB8  FE 01                   cp  1                           ; Is response of our command?
    2761   00:4EBA  20 EF                   jr  nz,TCPIP_GET_CAPAB_ST1
    2762   00:4EBC                          ; Now get return code, if return code other than 0, it is finished
    2763   00:4EBC                      TCPIP_GET_CAPAB_RC:
    2764   00:4EBC                          CHECK_DATA
    2764   00:4EBC  DB 07             >     in  a,(IN_STS_PORT)
    2764   00:4EBE  CB 47             >     bit 0,a
    2765   00:4EC0  20 05                   jr  nz,TCPIP_GET_CAPAB_RC.1
    2766   00:4EC2  CD D6 4D                call    TCPIP_GENERIC_CHECK_TIME_OUT
    2767   00:4EC5  18 F5                   jr  TCPIP_GET_CAPAB_RC
    2768   00:4EC7                      TCPIP_GET_CAPAB_RC.1:
    2769   00:4EC7                          ; nz, discard
    2770   00:4EC7                          RECEIVE_DATA
    2770   00:4EC7  DB 06             >     in a,(IN_DATA_PORT)
    2771   00:4EC9  B7                      or  a                           ; 0?
    2772   00:4ECA  C0                      ret nz                          ; If not, done
    2773   00:4ECB                      
    2774   00:4ECB                          ; Next two bytes are return code and size bytes, don't care
    2775   00:4ECB  06 02                   ld  b,2
    2776   00:4ECD                      TCPIP_GET_CAPAB_ST2:
    2777   00:4ECD                          CHECK_DATA
    2777   00:4ECD  DB 07             >     in  a,(IN_STS_PORT)
    2777   00:4ECF  CB 47             >     bit 0,a
    2778   00:4ED1  20 05                   jr  nz,TCPIP_GET_CAPAB_ST2.1
    2779   00:4ED3  CD D6 4D                call    TCPIP_GENERIC_CHECK_TIME_OUT
    2780   00:4ED6  18 F5                   jr  TCPIP_GET_CAPAB_ST2
    2781   00:4ED8                      TCPIP_GET_CAPAB_ST2.1:
    2782   00:4ED8                          ; Nz, discard
    2783   00:4ED8                          RECEIVE_DATA
    2783   00:4ED8  DB 06             >     in a,(IN_DATA_PORT)
    2784   00:4EDA  05                      dec b
    2785   00:4EDB  20 F0                   jr  nz,TCPIP_GET_CAPAB_ST2
    2786   00:4EDD                      
    2787   00:4EDD                          ; Now check if block 1, 2 or 3
    2788   00:4EDD  CD FC 5E                call    GETBYTE                 ; Get the parameter we saved at the start
    2789   00:4EE0  3D                      dec a
    2790   00:4EE1  CA 7F 4F                jp  z,TCPIP_GET_CAPAB_BLK1      ; 1
    2791   00:4EE4  3D                      dec a
    2792   00:4EE5  CA 29 4F                jp  z,TCPIP_GET_CAPAB_BLK2      ; 2
    2793   00:4EE8  3D                      dec a
    2794   00:4EE9  CA EF 4E                jp  z,TCPIP_GET_CAPAB_BLK3      ; 3
    2795   00:4EEC                          ; Else, only block four, same as block 1
    2796   00:4EEC  C3 7F 4F                jp  TCPIP_GET_CAPAB_BLK1        ; 1
    2797   00:4EEF                          ; Block 3 Handling, we will receive L, H, E and D
    2798   00:4EEF                      TCPIP_GET_CAPAB_BLK3:
    2799   00:4EEF                      TCPIP_GET_CAPAB_BLK3_ST1:
    2800   00:4EEF                          CHECK_DATA
    2800   00:4EEF  DB 07             >     in  a,(IN_STS_PORT)
    2800   00:4EF1  CB 47             >     bit 0,a
    2801   00:4EF3  20 05                   jr  nz,TCPIP_GET_CAPAB_BLK3_ST1.1
    2802   00:4EF5  CD D6 4D                call    TCPIP_GENERIC_CHECK_TIME_OUT
    2803   00:4EF8  18 F5                   jr  TCPIP_GET_CAPAB_BLK3_ST1
    2804   00:4EFA                      TCPIP_GET_CAPAB_BLK3_ST1.1:
    2805   00:4EFA                          ; nz, get it
    2806   00:4EFA                          RECEIVE_DATA
    2806   00:4EFA  DB 06             >     in a,(IN_DATA_PORT)
    2807   00:4EFC  6F                      ld  l,a
    2808   00:4EFD                      TCPIP_GET_CAPAB_BLK3_ST2:
    2809   00:4EFD                          CHECK_DATA
    2809   00:4EFD  DB 07             >     in  a,(IN_STS_PORT)
    2809   00:4EFF  CB 47             >     bit 0,a
    2810   00:4F01  20 05                   jr  nz,TCPIP_GET_CAPAB_BLK3_ST2.1
    2811   00:4F03  CD D6 4D                call    TCPIP_GENERIC_CHECK_TIME_OUT
    2812   00:4F06  18 F5                   jr  TCPIP_GET_CAPAB_BLK3_ST2
    2813   00:4F08                      TCPIP_GET_CAPAB_BLK3_ST2.1:
    2814   00:4F08                          ; nz, get it
    2815   00:4F08                          RECEIVE_DATA
    2815   00:4F08  DB 06             >     in a,(IN_DATA_PORT)
    2816   00:4F0A  67                      ld  h,a
    2817   00:4F0B                      TCPIP_GET_CAPAB_BLK3_ST3:
    2818   00:4F0B                          CHECK_DATA
    2818   00:4F0B  DB 07             >     in  a,(IN_STS_PORT)
    2818   00:4F0D  CB 47             >     bit 0,a
    2819   00:4F0F  20 05                   jr  nz,TCPIP_GET_CAPAB_BLK3_ST3.1
    2820   00:4F11  CD D6 4D                call    TCPIP_GENERIC_CHECK_TIME_OUT
    2821   00:4F14  18 F5                   jr  TCPIP_GET_CAPAB_BLK3_ST3
    2822   00:4F16                      TCPIP_GET_CAPAB_BLK3_ST3.1:
    2823   00:4F16                          ; nz, get it
    2824   00:4F16                          RECEIVE_DATA
    2824   00:4F16  DB 06             >     in a,(IN_DATA_PORT)
    2825   00:4F18  5F                      ld  e,a
    2826   00:4F19                      TCPIP_GET_CAPAB_BLK3_ST4:
    2827   00:4F19                          CHECK_DATA
    2827   00:4F19  DB 07             >     in  a,(IN_STS_PORT)
    2827   00:4F1B  CB 47             >     bit 0,a
    2828   00:4F1D  20 05                   jr  nz,TCPIP_GET_CAPAB_BLK3_ST4.1
    2829   00:4F1F  CD D6 4D                call    TCPIP_GENERIC_CHECK_TIME_OUT
    2830   00:4F22  18 F5                   jr  TCPIP_GET_CAPAB_BLK3_ST4
    2831   00:4F24                      TCPIP_GET_CAPAB_BLK3_ST4.1:
    2832   00:4F24                          ; nz, get it
    2833   00:4F24                          RECEIVE_DATA
    2833   00:4F24  DB 06             >     in a,(IN_DATA_PORT)
    2834   00:4F26  57                      ld  d,a
    2835   00:4F27                          ; Done
    2836   00:4F27  AF                      xor a
    2837   00:4F28  C9                      ret
    2838   00:4F29                      
    2839   00:4F29                      TCPIP_GET_CAPAB_BLK2:
    2840   00:4F29                          ; Block 2 Handling, we will receive B, C, D, E, H, L
    2841   00:4F29                      TCPIP_GET_CAPAB_BLK2_ST1:
    2842   00:4F29                          CHECK_DATA
    2842   00:4F29  DB 07             >     in  a,(IN_STS_PORT)
    2842   00:4F2B  CB 47             >     bit 0,a
    2843   00:4F2D  20 05                   jr  nz,TCPIP_GET_CAPAB_BLK2_ST1.1
    2844   00:4F2F  CD D6 4D                call    TCPIP_GENERIC_CHECK_TIME_OUT
    2845   00:4F32  18 F5                   jr  TCPIP_GET_CAPAB_BLK2_ST1
    2846   00:4F34                      TCPIP_GET_CAPAB_BLK2_ST1.1:
    2847   00:4F34                          ; nz, get it
    2848   00:4F34                          RECEIVE_DATA
    2848   00:4F34  DB 06             >     in a,(IN_DATA_PORT)
    2849   00:4F36  47                      ld  b,a
    2850   00:4F37                      TCPIP_GET_CAPAB_BLK2_ST2:
    2851   00:4F37                          CHECK_DATA
    2851   00:4F37  DB 07             >     in  a,(IN_STS_PORT)
    2851   00:4F39  CB 47             >     bit 0,a
    2852   00:4F3B  20 05                   jr  nz,TCPIP_GET_CAPAB_BLK2_ST2.1
    2853   00:4F3D  CD D6 4D                call    TCPIP_GENERIC_CHECK_TIME_OUT
    2854   00:4F40  18 F5                   jr  TCPIP_GET_CAPAB_BLK2_ST2
    2855   00:4F42                      TCPIP_GET_CAPAB_BLK2_ST2.1:
    2856   00:4F42                          ; nz, get it
    2857   00:4F42                          RECEIVE_DATA
    2857   00:4F42  DB 06             >     in a,(IN_DATA_PORT)
    2858   00:4F44  4F                      ld  c,a
    2859   00:4F45                      TCPIP_GET_CAPAB_BLK2_ST3:
    2860   00:4F45                          CHECK_DATA
    2860   00:4F45  DB 07             >     in  a,(IN_STS_PORT)
    2860   00:4F47  CB 47             >     bit 0,a
    2861   00:4F49  20 05                   jr  nz,TCPIP_GET_CAPAB_BLK2_ST3.1
    2862   00:4F4B  CD D6 4D                call    TCPIP_GENERIC_CHECK_TIME_OUT
    2863   00:4F4E  18 F5                   jr  TCPIP_GET_CAPAB_BLK2_ST3
    2864   00:4F50                      TCPIP_GET_CAPAB_BLK2_ST3.1:
    2865   00:4F50                          ; nz, get it
    2866   00:4F50                          RECEIVE_DATA
    2866   00:4F50  DB 06             >     in a,(IN_DATA_PORT)
    2867   00:4F52  57                      ld  d,a
    2868   00:4F53                      TCPIP_GET_CAPAB_BLK2_ST4:
    2869   00:4F53                          CHECK_DATA
    2869   00:4F53  DB 07             >     in  a,(IN_STS_PORT)
    2869   00:4F55  CB 47             >     bit 0,a
    2870   00:4F57  20 05                   jr  nz,TCPIP_GET_CAPAB_BLK2_ST4.1
    2871   00:4F59  CD D6 4D                call    TCPIP_GENERIC_CHECK_TIME_OUT
    2872   00:4F5C  18 F5                   jr  TCPIP_GET_CAPAB_BLK2_ST4
    2873   00:4F5E                      TCPIP_GET_CAPAB_BLK2_ST4.1:
    2874   00:4F5E                          ; nz, get it
    2875   00:4F5E                          RECEIVE_DATA
    2875   00:4F5E  DB 06             >     in a,(IN_DATA_PORT)
    2876   00:4F60  5F                      ld  e,a
    2877   00:4F61                      TCPIP_GET_CAPAB_BLK2_ST5:
    2878   00:4F61                          CHECK_DATA
    2878   00:4F61  DB 07             >     in  a,(IN_STS_PORT)
    2878   00:4F63  CB 47             >     bit 0,a
    2879   00:4F65  20 05                   jr  nz,TCPIP_GET_CAPAB_BLK2_ST5.1
    2880   00:4F67  CD D6 4D                call    TCPIP_GENERIC_CHECK_TIME_OUT
    2881   00:4F6A  18 F5                   jr  TCPIP_GET_CAPAB_BLK2_ST5
    2882   00:4F6C                      TCPIP_GET_CAPAB_BLK2_ST5.1:
    2883   00:4F6C                          ; nz, get it
    2884   00:4F6C                          RECEIVE_DATA
    2884   00:4F6C  DB 06             >     in a,(IN_DATA_PORT)
    2885   00:4F6E  67                      ld  h,a
    2886   00:4F6F                      TCPIP_GET_CAPAB_BLK2_ST6:
    2887   00:4F6F                          CHECK_DATA
    2887   00:4F6F  DB 07             >     in  a,(IN_STS_PORT)
    2887   00:4F71  CB 47             >     bit 0,a
    2888   00:4F73  20 05                   jr  nz,TCPIP_GET_CAPAB_BLK2_ST6.1
    2889   00:4F75  CD D6 4D                call    TCPIP_GENERIC_CHECK_TIME_OUT
    2890   00:4F78  18 F5                   jr  TCPIP_GET_CAPAB_BLK2_ST6
    2891   00:4F7A                      TCPIP_GET_CAPAB_BLK2_ST6.1:
    2892   00:4F7A                          ; nz, get it
    2893   00:4F7A                          RECEIVE_DATA
    2893   00:4F7A  DB 06             >     in a,(IN_DATA_PORT)
    2894   00:4F7C  6F                      ld  l,a
    2895   00:4F7D                          ; Done
    2896   00:4F7D  AF                      xor a
    2897   00:4F7E  C9                      ret
    2898   00:4F7F                      
    2899   00:4F7F                      TCPIP_GET_CAPAB_BLK1:
    2900   00:4F7F                          ; Block 1 Handling, we will receive L, H, E, D and B
    2901   00:4F7F                      TCPIP_GET_CAPAB_BLK1_ST1:
    2902   00:4F7F                          CHECK_DATA
    2902   00:4F7F  DB 07             >     in  a,(IN_STS_PORT)
    2902   00:4F81  CB 47             >     bit 0,a
    2903   00:4F83  20 05                   jr  nz,TCPIP_GET_CAPAB_BLK1_ST1.1
    2904   00:4F85  CD D6 4D                call    TCPIP_GENERIC_CHECK_TIME_OUT
    2905   00:4F88  18 F5                   jr  TCPIP_GET_CAPAB_BLK1_ST1
    2906   00:4F8A                      TCPIP_GET_CAPAB_BLK1_ST1.1:
    2907   00:4F8A                          ; nz, get it
    2908   00:4F8A                          RECEIVE_DATA
    2908   00:4F8A  DB 06             >     in a,(IN_DATA_PORT)
    2909   00:4F8C  6F                      ld  l,a
    2910   00:4F8D                      TCPIP_GET_CAPAB_BLK1_ST2:
    2911   00:4F8D                          CHECK_DATA
    2911   00:4F8D  DB 07             >     in  a,(IN_STS_PORT)
    2911   00:4F8F  CB 47             >     bit 0,a
    2912   00:4F91  20 05                   jr  nz,TCPIP_GET_CAPAB_BLK1_ST2.1
    2913   00:4F93  CD D6 4D                call    TCPIP_GENERIC_CHECK_TIME_OUT
    2914   00:4F96  18 F5                   jr  TCPIP_GET_CAPAB_BLK1_ST2
    2915   00:4F98                      TCPIP_GET_CAPAB_BLK1_ST2.1:
    2916   00:4F98                          ; nz, get it
    2917   00:4F98                          RECEIVE_DATA
    2917   00:4F98  DB 06             >     in a,(IN_DATA_PORT)
    2918   00:4F9A  67                      ld  h,a
    2919   00:4F9B                      TCPIP_GET_CAPAB_BLK1_ST3:
    2920   00:4F9B                          CHECK_DATA
    2920   00:4F9B  DB 07             >     in  a,(IN_STS_PORT)
    2920   00:4F9D  CB 47             >     bit 0,a
    2921   00:4F9F  20 05                   jr  nz,TCPIP_GET_CAPAB_BLK1_ST3.1
    2922   00:4FA1  CD D6 4D                call    TCPIP_GENERIC_CHECK_TIME_OUT
    2923   00:4FA4  18 F5                   jr  TCPIP_GET_CAPAB_BLK1_ST3
    2924   00:4FA6                      TCPIP_GET_CAPAB_BLK1_ST3.1:
    2925   00:4FA6                          ; nz, get it
    2926   00:4FA6                          RECEIVE_DATA
    2926   00:4FA6  DB 06             >     in a,(IN_DATA_PORT)
    2927   00:4FA8  5F                      ld  e,a
    2928   00:4FA9                      TCPIP_GET_CAPAB_BLK1_ST4:
    2929   00:4FA9                          CHECK_DATA
    2929   00:4FA9  DB 07             >     in  a,(IN_STS_PORT)
    2929   00:4FAB  CB 47             >     bit 0,a
    2930   00:4FAD  20 05                   jr  nz,TCPIP_GET_CAPAB_BLK1_ST4.1
    2931   00:4FAF  CD D6 4D                call    TCPIP_GENERIC_CHECK_TIME_OUT
    2932   00:4FB2  18 F5                   jr  TCPIP_GET_CAPAB_BLK1_ST4
    2933   00:4FB4                      TCPIP_GET_CAPAB_BLK1_ST4.1:
    2934   00:4FB4                          ; nz, get it
    2935   00:4FB4                          RECEIVE_DATA
    2935   00:4FB4  DB 06             >     in a,(IN_DATA_PORT)
    2936   00:4FB6  57                      ld  d,a
    2937   00:4FB7                      TCPIP_GET_CAPAB_BLK1_ST5:
    2938   00:4FB7                          CHECK_DATA
    2938   00:4FB7  DB 07             >     in  a,(IN_STS_PORT)
    2938   00:4FB9  CB 47             >     bit 0,a
    2939   00:4FBB  20 05                   jr  nz,TCPIP_GET_CAPAB_BLK1_ST5.1
    2940   00:4FBD  CD D6 4D                call    TCPIP_GENERIC_CHECK_TIME_OUT
    2941   00:4FC0  18 F5                   jr  TCPIP_GET_CAPAB_BLK1_ST5
    2942   00:4FC2                      TCPIP_GET_CAPAB_BLK1_ST5.1:
    2943   00:4FC2                          ; nz, get it
    2944   00:4FC2                          RECEIVE_DATA
    2944   00:4FC2  DB 06             >     in a,(IN_DATA_PORT)
    2945   00:4FC4  47                      ld  b,a
    2946   00:4FC5                          ; Done
    2947   00:4FC5  AF                      xor a
    2948   00:4FC6  C9                      ret
    2949   00:4FC7                      
    2950   00:4FC7                      ;==========================
    2951   00:4FC7                      ;===  TCPIP_GET_IPINFO  ===
    2952   00:4FC7                      ;==========================
    2953   00:4FC7                      ;Get IP address.
    2954   00:4FC7                      ;
    2955   00:4FC7                      ;Input:  A = 2
    2956   00:4FC7                      ;        B = Index of address to obtain:
    2957   00:4FC7                      ;            1: Local IP address
    2958   00:4FC7                      ;            2: Peer IP address
    2959   00:4FC7                      ;            3: Subnet mask
    2960   00:4FC7                      ;            4: Default gateway
    2961   00:4FC7                      ;            5: Primary DNS server IP address
    2962   00:4FC7                      ;            6: Secondary DNS server IP address
    2963   00:4FC7                      ;Output: A = Error code
    2964   00:4FC7                      ;        L.H.E.D = Requested address
    2965   00:4FC7                      TCPIP_GET_IPINFO:
    2966   00:4FC7                          SEND_DATA                       ; Send the command
    2966   00:4FC7  D3 07             >     out (OUT_TX_PORT),a
    2967   00:4FC9  AF                      xor a
    2968   00:4FCA                          SEND_DATA                       ; Send the command size msb
    2968   00:4FCA  D3 07             >     out (OUT_TX_PORT),a
    2969   00:4FCC  3C                      inc a
    2970   00:4FCD                          SEND_DATA                       ; Send the command size lsb
    2970   00:4FCD  D3 07             >     out (OUT_TX_PORT),a
    2971   00:4FCF  78                      ld  a,b
    2972   00:4FD0                          SEND_DATA
    2972   00:4FD0  D3 07             >     out (OUT_TX_PORT),a
    2973   00:4FD2                      
    2974   00:4FD2                          ; Now wait up to 600 ticks to get response
    2975   00:4FD2  21 58 02                ld  hl,600
    2976   00:4FD5  CD EC 5E                call    SETCOUNTER
    2977   00:4FD8                      TCPIP_GET_IPINFO_ST1:
    2978   00:4FD8                          CHECK_DATA
    2978   00:4FD8  DB 07             >     in  a,(IN_STS_PORT)
    2978   00:4FDA  CB 47             >     bit 0,a
    2979   00:4FDC  20 05                   jr  nz,TCPIP_GET_IPINFO_ST1.1
    2980   00:4FDE  CD D6 4D                call    TCPIP_GENERIC_CHECK_TIME_OUT
    2981   00:4FE1  18 F5                   jr  TCPIP_GET_IPINFO_ST1
    2982   00:4FE3                      TCPIP_GET_IPINFO_ST1.1:
    2983   00:4FE3                          ; nz, check the data
    2984   00:4FE3                          RECEIVE_DATA
    2984   00:4FE3  DB 06             >     in a,(IN_DATA_PORT)
    2985   00:4FE5  FE 02                   cp  2                           ; Is response of our command?
    2986   00:4FE7  20 EF                   jr  nz,TCPIP_GET_IPINFO_ST1
    2987   00:4FE9                          ; now get return code, if return code other than 0, it is finished
    2988   00:4FE9                      TCPIP_GET_IPINFO_RC:
    2989   00:4FE9                          CHECK_DATA
    2989   00:4FE9  DB 07             >     in  a,(IN_STS_PORT)
    2989   00:4FEB  CB 47             >     bit 0,a
    2990   00:4FED  20 05                   jr  nz,TCPIP_GET_IPINFO_RC.1
    2991   00:4FEF  CD D6 4D                call    TCPIP_GENERIC_CHECK_TIME_OUT
    2992   00:4FF2  18 F5                   jr  TCPIP_GET_IPINFO_RC
    2993   00:4FF4                      TCPIP_GET_IPINFO_RC.1:
    2994   00:4FF4                          ; nz, discard
    2995   00:4FF4                          RECEIVE_DATA
    2995   00:4FF4  DB 06             >     in a,(IN_DATA_PORT)
    2996   00:4FF6  B7                      or  a                           ; 0?
    2997   00:4FF7  C0                      ret nz                          ; if not, done
    2998   00:4FF8                      
    2999   00:4FF8                          ; next two bytes are return code and size bytes, don't care, it is 4
    3000   00:4FF8  06 02                   ld  b,2
    3001   00:4FFA                      TCPIP_GET_IPINFO_ST2:
    3002   00:4FFA                          CHECK_DATA
    3002   00:4FFA  DB 07             >     in  a,(IN_STS_PORT)
    3002   00:4FFC  CB 47             >     bit 0,a
    3003   00:4FFE  20 05                   jr  nz,TCPIP_GET_IPINFO_ST2.1
    3004   00:5000  CD D6 4D                call    TCPIP_GENERIC_CHECK_TIME_OUT
    3005   00:5003  18 F5                   jr  TCPIP_GET_IPINFO_ST2
    3006   00:5005                      TCPIP_GET_IPINFO_ST2.1:
    3007   00:5005                          ; nz, discard
    3008   00:5005                          RECEIVE_DATA
    3008   00:5005  DB 06             >     in a,(IN_DATA_PORT)
    3009   00:5007  05                      dec b
    3010   00:5008  20 F0                   jr  nz,TCPIP_GET_IPINFO_ST2
    3011   00:500A                      
    3012   00:500A                          ; now just get the 4 bytes IP and order it in L, H, E and D
    3013   00:500A                      TCPIP_GET_IPINFO_IP_ST1:
    3014   00:500A                          CHECK_DATA
    3014   00:500A  DB 07             >     in  a,(IN_STS_PORT)
    3014   00:500C  CB 47             >     bit 0,a
    3015   00:500E  20 05                   jr  nz,TCPIP_GET_IPINFO_IP_ST1.1
    3016   00:5010  CD D6 4D                call    TCPIP_GENERIC_CHECK_TIME_OUT
    3017   00:5013  18 F5                   jr  TCPIP_GET_IPINFO_IP_ST1
    3018   00:5015                      TCPIP_GET_IPINFO_IP_ST1.1:
    3019   00:5015                          ; nz, get it
    3020   00:5015                          RECEIVE_DATA
    3020   00:5015  DB 06             >     in a,(IN_DATA_PORT)
    3021   00:5017  6F                      ld  l,a
    3022   00:5018                      TCPIP_GET_IPINFO_IP_ST2:
    3023   00:5018                          CHECK_DATA
    3023   00:5018  DB 07             >     in  a,(IN_STS_PORT)
    3023   00:501A  CB 47             >     bit 0,a
    3024   00:501C  20 05                   jr  nz,TCPIP_GET_IPINFO_IP_ST2.1
    3025   00:501E  CD D6 4D                call    TCPIP_GENERIC_CHECK_TIME_OUT
    3026   00:5021  18 F5                   jr  TCPIP_GET_IPINFO_IP_ST2
    3027   00:5023                      TCPIP_GET_IPINFO_IP_ST2.1:
    3028   00:5023                          ; nz, get it
    3029   00:5023                          RECEIVE_DATA
    3029   00:5023  DB 06             >     in a,(IN_DATA_PORT)
    3030   00:5025  67                      ld  h,a
    3031   00:5026                      TCPIP_GET_IPINFO_IP_ST3:
    3032   00:5026                          CHECK_DATA
    3032   00:5026  DB 07             >     in  a,(IN_STS_PORT)
    3032   00:5028  CB 47             >     bit 0,a
    3033   00:502A  20 05                   jr  nz,TCPIP_GET_IPINFO_IP_ST3.1
    3034   00:502C  CD D6 4D                call    TCPIP_GENERIC_CHECK_TIME_OUT
    3035   00:502F  18 F5                   jr  TCPIP_GET_IPINFO_IP_ST3
    3036   00:5031                      TCPIP_GET_IPINFO_IP_ST3.1:
    3037   00:5031                          ; nz, get it
    3038   00:5031                          RECEIVE_DATA
    3038   00:5031  DB 06             >     in a,(IN_DATA_PORT)
    3039   00:5033  5F                      ld  e,a
    3040   00:5034                      TCPIP_GET_IPINFO_IP_ST4:
    3041   00:5034                          CHECK_DATA
    3041   00:5034  DB 07             >     in  a,(IN_STS_PORT)
    3041   00:5036  CB 47             >     bit 0,a
    3042   00:5038  20 05                   jr  nz,TCPIP_GET_IPINFO_IP_ST4.1
    3043   00:503A  CD D6 4D                call    TCPIP_GENERIC_CHECK_TIME_OUT
    3044   00:503D  18 F5                   jr  TCPIP_GET_IPINFO_IP_ST4
    3045   00:503F                      TCPIP_GET_IPINFO_IP_ST4.1:
    3046   00:503F                          ; nz, get it
    3047   00:503F                          RECEIVE_DATA
    3047   00:503F  DB 06             >     in a,(IN_DATA_PORT)
    3048   00:5041  57                      ld  d,a
    3049   00:5042                          ; done
    3050   00:5042  AF                      xor a
    3051   00:5043  C9                      ret
    3052   00:5044                      
    3053   00:5044                      ;=========================
    3054   00:5044                      ;===  TCPIP_NET_STATE  ===
    3055   00:5044                      ;=========================
    3056   00:5044                      ;Get network state.
    3057   00:5044                      ;
    3058   00:5044                      ;Input:  A = 3
    3059   00:5044                      ;Output: A = Error code
    3060   00:5044                      ;        B = Current network state:
    3061   00:5044                      ;            0: Closed
    3062   00:5044                      ;            1: Opening
    3063   00:5044                      ;            2: Open
    3064   00:5044                      ;            3: Closing
    3065   00:5044                      ;            255: Unknown
    3066   00:5044                      TCPIP_NET_STATE:
    3067   00:5044                          SEND_DATA                       ; Send the command
    3067   00:5044  D3 07             >     out (OUT_TX_PORT),a
    3068   00:5046  AF                      xor a
    3069   00:5047                          SEND_DATA                       ; Send the command size msb
    3069   00:5047  D3 07             >     out (OUT_TX_PORT),a
    3070   00:5049                          SEND_DATA                       ; Send the command size lsb
    3070   00:5049  D3 07             >     out (OUT_TX_PORT),a
    3071   00:504B                      
    3072   00:504B                          ; Now wait up to 720 ticks to get response
    3073   00:504B  21 D0 02                ld  hl,720
    3074   00:504E  CD EC 5E                call    SETCOUNTER
    3075   00:5051                      TCPIP_NET_STATE_ST1:
    3076   00:5051                          CHECK_DATA
    3076   00:5051  DB 07             >     in  a,(IN_STS_PORT)
    3076   00:5053  CB 47             >     bit 0,a
    3077   00:5055  20 05                   jr  nz,TCPIP_NET_STATE_ST1.1
    3078   00:5057  CD D6 4D                call    TCPIP_GENERIC_CHECK_TIME_OUT
    3079   00:505A  18 F5                   jr  TCPIP_NET_STATE_ST1
    3080   00:505C                      TCPIP_NET_STATE_ST1.1:
    3081   00:505C                          ; nz, check the data
    3082   00:505C                          RECEIVE_DATA
    3082   00:505C  DB 06             >     in a,(IN_DATA_PORT)
    3083   00:505E  FE 03                   cp  3                           ; Is response of our command?
    3084   00:5060  20 EF                   jr  nz,TCPIP_NET_STATE_ST1
    3085   00:5062                          ; now get return code, if return code other than 0, it is finished
    3086   00:5062                      TCPIP_NET_STATE_RC:
    3087   00:5062                          CHECK_DATA
    3087   00:5062  DB 07             >     in  a,(IN_STS_PORT)
    3087   00:5064  CB 47             >     bit 0,a
    3088   00:5066  20 05                   jr  nz,TCPIP_NET_STATE_RC.1
    3089   00:5068  CD D6 4D                call    TCPIP_GENERIC_CHECK_TIME_OUT
    3090   00:506B  18 F5                   jr  TCPIP_NET_STATE_RC
    3091   00:506D                      TCPIP_NET_STATE_RC.1:
    3092   00:506D                          ; nz, get it
    3093   00:506D                          RECEIVE_DATA
    3093   00:506D  DB 06             >     in a,(IN_DATA_PORT)
    3094   00:506F  B7                      or  a                           ; 0?
    3095   00:5070  C0                      ret nz                          ; if not, done
    3096   00:5071                      
    3097   00:5071                          ; next two bytes are return code and size bytes, don't care, it is 1
    3098   00:5071  06 02                   ld  b,2
    3099   00:5073                      TCPIP_NET_STATE_ST2:
    3100   00:5073                          CHECK_DATA
    3100   00:5073  DB 07             >     in  a,(IN_STS_PORT)
    3100   00:5075  CB 47             >     bit 0,a
    3101   00:5077  20 05                   jr  nz,TCPIP_NET_STATE_ST2.1
    3102   00:5079  CD D6 4D                call    TCPIP_GENERIC_CHECK_TIME_OUT
    3103   00:507C  18 F5                   jr  TCPIP_NET_STATE_ST2
    3104   00:507E                      TCPIP_NET_STATE_ST2.1:
    3105   00:507E                          ; nz, discard
    3106   00:507E                          RECEIVE_DATA
    3106   00:507E  DB 06             >     in a,(IN_DATA_PORT)
    3107   00:5080  05                      dec b
    3108   00:5081  20 F0                   jr  nz,TCPIP_NET_STATE_ST2
    3109   00:5083                      
    3110   00:5083                          ; now just get the 1 byte (NET STATE) IP and place it in B
    3111   00:5083                      TCPIP_NET_STATE_NS_ST1:
    3112   00:5083                          CHECK_DATA
    3112   00:5083  DB 07             >     in  a,(IN_STS_PORT)
    3112   00:5085  CB 47             >     bit 0,a
    3113   00:5087  20 05                   jr  nz,TCPIP_NET_STATE_NS_ST1.1
    3114   00:5089  CD D6 4D                call    TCPIP_GENERIC_CHECK_TIME_OUT
    3115   00:508C  18 F5                   jr  TCPIP_NET_STATE_NS_ST1
    3116   00:508E                      TCPIP_NET_STATE_NS_ST1.1:
    3117   00:508E                          ; nz, get it
    3118   00:508E                          RECEIVE_DATA
    3118   00:508E  DB 06             >     in a,(IN_DATA_PORT)
    3119   00:5090  47                      ld  b,a
    3120   00:5091                          ; done
    3121   00:5091  AF                      xor a
    3122   00:5092  C9                      ret
    3123   00:5093                      
    3124   00:5093                      ;=====================
    3125   00:5093                      ;===  TCPIP_DNS_Q  ===
    3126   00:5093                      ;=====================
    3127   00:5093                      ;Start a host name resolution query.
    3128   00:5093                      ;
    3129   00:5093                      ;Input:  A  = 6
    3130   00:5093                      ;        HL = Address of the host name to be resolved, zero terminated
    3131   00:5093                      ;        B  = Flags, when set to 1 they instruct the resolver to:
    3132   00:5093                      ;             bit 0: Only abort the query currently in progress, if there is any
    3133   00:5093                      ;                    (other flags and registers are then ignored)
    3134   00:5093                      ;             bit 1: Assume that the passed name is an IP address,
    3135   00:5093                      ;                    and return an error if this is not true
    3136   00:5093                      ;             bit 2: If there is a query in progress already,
    3137   00:5093                      ;                    do NOT abort it and return an error instead
    3138   00:5093                      ;Output:  A = Error code
    3139   00:5093                      ;         B = 0 if a query to a DNS server is in progress
    3140   00:5093                      ;             1 if the name represented an IP address
    3141   00:5093                      ;             2 if the name could be resolved locally
    3142   00:5093                      ;         L.H.E.D = Resolved IP address
    3143   00:5093                      ;                   (only if no error occurred and B=1 or 2 is returned)
    3144   00:5093                      ;RAM Buffer to store names to be resolved (and used also to translate IPs from ASCII to 32bits number)
    3145   00:5093                      ;Will store the result of the last DNS query
    3146   00:5093                      TCPIP_DNS_Q:
    3147   00:5093  E5                      push    hl                      ; Save HL
    3148   00:5094  AF                      xor a
    3149   00:5095  5F                      ld  e,a
    3150   00:5096  57                      ld  d,a                         ; Zero DE
    3151   00:5097                      TCPIP_DNS_Q_SIZE_LOOP:
    3152   00:5097  7E                      ld  a,(hl)                      ; so let's check the size of dns data
    3153   00:5098  B7                      or  a                           ; it is zero terminated
    3154   00:5099  28 05                   jr  z,TCPIP_DNS_Q_SEND          ; if zero, end of string
    3155   00:509B  13                      inc de                          ; ok, not zero, one more char
    3156   00:509C  23                      inc hl                          ; next
    3157   00:509D  C3 97 50                jp  TCPIP_DNS_Q_SIZE_LOOP       ; jp is a tad bit faster and we are not worried about code size
    3158   00:50A0                      TCPIP_DNS_Q_SEND:
    3159   00:50A0                          ; Here we send the query and wait the result
    3160   00:50A0  13                      inc de                          ; add 1, we will send flag first
    3161   00:50A1  3E CE                   ld  a,206                       ; DNS_Q_NEW
    3162   00:50A3                          SEND_DATA                       ; Send the command
    3162   00:50A3  D3 07             >     out (OUT_TX_PORT),a
    3163   00:50A5  7A                      ld  a,d
    3164   00:50A6                          SEND_DATA                       ; Send the command size msb
    3164   00:50A6  D3 07             >     out (OUT_TX_PORT),a
    3165   00:50A8  7B                      ld  a,e
    3166   00:50A9                          SEND_DATA                       ; Send the command size lsb
    3166   00:50A9  D3 07             >     out (OUT_TX_PORT),a
    3167   00:50AB  78                      ld  a,b
    3168   00:50AC                          SEND_DATA                       ; Send the flag byte
    3168   00:50AC  D3 07             >     out (OUT_TX_PORT),a
    3169   00:50AE                      
    3170   00:50AE                          if USE_MEM_IO = 0
    3171   00:50AE                          ; now otir of DNS/DNS BUFFER DATA SIZE
    3172   00:50AE  0E 07                   ld  c,OUT_TX_PORT               ; our data TX port
    3173   00:50B0                          endif
    3174   00:50B0  E1                      pop hl                          ; string to try to resolve
    3175   00:50B1  1B                      dec de                          ; we are sending just data addressed by HL, so revert count
    3176   00:50B2  7A                      ld  a,d
    3177   00:50B3  B3                      or  e                           ; if de zero, no string, wrong parameters, but let the ESP answer
    3178   00:50B4  CA C4 50                jp  z,TCPIP_DNS_Q_WAIT_RSP
    3179   00:50B7  AF                      xor a
    3180   00:50B8                          ; Fast 16 bit variable size loop by GRAUW
    3181   00:50B8  43                      ld  b,e
    3182   00:50B9  1B                      dec de
    3183   00:50BA  14                      inc d
    3184   00:50BB                      TCPIP_DNS_Q_SENDLP:
    3185   00:50BB                          ; send it
    3186   00:50BB                          if USE_MEM_IO = 0
    3187   00:50BB  ED A3                   outi
    3188   00:50BD  C2 BB 50                jp  nz,TCPIP_DNS_Q_SENDLP
    3189   00:50C0                          else
    3190   00:50C0                    ~     ld  a,(hl)
    3191   00:50C0                    ~     ld  (MEM_OUT_TX_PORT),a
    3192   00:50C0                    ~     inc hl
    3193   00:50C0                    ~     djnz TCPIP_DNS_Q_SENDLP
    3194   00:50C0                    ~     endif
    3195   00:50C0  15                      dec d
    3196   00:50C1  C2 BB 50                jp  nz,TCPIP_DNS_Q_SENDLP
    3197   00:50C4                      TCPIP_DNS_Q_WAIT_RSP:
    3198   00:50C4                          ; Now wait up to 900 ticks (15s@60Hz) to get response
    3199   00:50C4  21 84 03                ld  hl,900
    3200   00:50C7  CD EC 5E                call    SETCOUNTER
    3201   00:50CA                      TCPIP_DNSQ_SEND_ST1:
    3202   00:50CA                          CHECK_DATA
    3202   00:50CA  DB 07             >     in  a,(IN_STS_PORT)
    3202   00:50CC  CB 47             >     bit 0,a
    3203   00:50CE  20 05                   jr  nz,TCPIP_DNSQ_SEND_ST1.1
    3204   00:50D0  CD D6 4D                call    TCPIP_GENERIC_CHECK_TIME_OUT
    3205   00:50D3  18 F5                   jr  TCPIP_DNSQ_SEND_ST1
    3206   00:50D5                      TCPIP_DNSQ_SEND_ST1.1:
    3207   00:50D5                          ; nz, check the data
    3208   00:50D5                          RECEIVE_DATA
    3208   00:50D5  DB 06             >     in a,(IN_DATA_PORT)
    3209   00:50D7  FE CE                   cp  206                         ; Is response of our command?
    3210   00:50D9  20 EF                   jr  nz,TCPIP_DNSQ_SEND_ST1
    3211   00:50DB                          ; now get return code, if return code other than 0, it is finished
    3212   00:50DB                      TCPIP_DNSQ_SEND_RC:
    3213   00:50DB                          CHECK_DATA
    3213   00:50DB  DB 07             >     in  a,(IN_STS_PORT)
    3213   00:50DD  CB 47             >     bit 0,a
    3214   00:50DF  20 05                   jr  nz,TCPIP_DNSQ_SEND_RC.1
    3215   00:50E1  CD D6 4D                call    TCPIP_GENERIC_CHECK_TIME_OUT
    3216   00:50E4  18 F5                   jr  TCPIP_DNSQ_SEND_RC
    3217   00:50E6                      TCPIP_DNSQ_SEND_RC.1:
    3218   00:50E6                          ; nz, discard
    3219   00:50E6                          RECEIVE_DATA
    3219   00:50E6  DB 06             >     in a,(IN_DATA_PORT)
    3220   00:50E8  B7                      or  a                           ; 0?
    3221   00:50E9  06 00                   ld  b,0                         ; say in progress as there is no failure status
    3222   00:50EB  C0                      ret nz                          ; if not, done, ERROR won't return data
    3223   00:50EC                      
    3224   00:50EC                          ; next two bytes are return code and size bytes, don't care, it is 4, resolved IP
    3225   00:50EC  06 02                   ld  b,2
    3226   00:50EE                      TCPIP_DNSQ_SEND_RC_ST2:
    3227   00:50EE                          CHECK_DATA
    3227   00:50EE  DB 07             >     in  a,(IN_STS_PORT)
    3227   00:50F0  CB 47             >     bit 0,a
    3228   00:50F2  20 05                   jr  nz,TCPIP_DNSQ_SEND_RC_ST2.1
    3229   00:50F4  CD D6 4D                call    TCPIP_GENERIC_CHECK_TIME_OUT
    3230   00:50F7  18 F5                   jr  TCPIP_DNSQ_SEND_RC_ST2
    3231   00:50F9                      TCPIP_DNSQ_SEND_RC_ST2.1:
    3232   00:50F9                          ; nz, discard
    3233   00:50F9                          RECEIVE_DATA
    3233   00:50F9  DB 06             >     in a,(IN_DATA_PORT)
    3234   00:50FB  05                      dec b
    3235   00:50FC  20 F0                   jr  nz,TCPIP_DNSQ_SEND_RC_ST2
    3236   00:50FE                      
    3237   00:50FE                          ; now just get the 4 bytes IP and place it in L H E D
    3238   00:50FE                      TCPIP_DNSQ_IP_ST1:
    3239   00:50FE                          CHECK_DATA
    3239   00:50FE  DB 07             >     in  a,(IN_STS_PORT)
    3239   00:5100  CB 47             >     bit 0,a
    3240   00:5102  20 05                   jr  nz,TCPIP_DNSQ_IP_ST1.1
    3241   00:5104  CD D6 4D                call    TCPIP_GENERIC_CHECK_TIME_OUT
    3242   00:5107  18 F5                   jr  TCPIP_DNSQ_IP_ST1
    3243   00:5109                      TCPIP_DNSQ_IP_ST1.1:
    3244   00:5109                          ; nz, get it
    3245   00:5109                          RECEIVE_DATA
    3245   00:5109  DB 06             >     in a,(IN_DATA_PORT)
    3246   00:510B  6F                      ld  l,a
    3247   00:510C                      TCPIP_DNSQ_IP_ST2:
    3248   00:510C                          CHECK_DATA
    3248   00:510C  DB 07             >     in  a,(IN_STS_PORT)
    3248   00:510E  CB 47             >     bit 0,a
    3249   00:5110  20 05                   jr  nz,TCPIP_DNSQ_IP_ST2.1
    3250   00:5112  CD D6 4D                call    TCPIP_GENERIC_CHECK_TIME_OUT
    3251   00:5115  18 F5                   jr  TCPIP_DNSQ_IP_ST2
    3252   00:5117                      TCPIP_DNSQ_IP_ST2.1:
    3253   00:5117                          ; nz, get it
    3254   00:5117                          RECEIVE_DATA
    3254   00:5117  DB 06             >     in a,(IN_DATA_PORT)
    3255   00:5119  67                      ld  h,a
    3256   00:511A                      TCPIP_DNSQ_IP_ST3:
    3257   00:511A                          CHECK_DATA
    3257   00:511A  DB 07             >     in  a,(IN_STS_PORT)
    3257   00:511C  CB 47             >     bit 0,a
    3258   00:511E  20 05                   jr  nz,TCPIP_DNSQ_IP_ST3.1
    3259   00:5120  CD D6 4D                call    TCPIP_GENERIC_CHECK_TIME_OUT
    3260   00:5123  18 F5                   jr  TCPIP_DNSQ_IP_ST3
    3261   00:5125                      TCPIP_DNSQ_IP_ST3.1:
    3262   00:5125                          ; nz, get it
    3263   00:5125                          RECEIVE_DATA
    3263   00:5125  DB 06             >     in a,(IN_DATA_PORT)
    3264   00:5127  5F                      ld  e,a
    3265   00:5128                      TCPIP_DNSQ_IP_ST4:
    3266   00:5128                          CHECK_DATA
    3266   00:5128  DB 07             >     in  a,(IN_STS_PORT)
    3266   00:512A  CB 47             >     bit 0,a
    3267   00:512C  20 05                   jr  nz,TCPIP_DNSQ_IP_ST4.1
    3268   00:512E  CD D6 4D                call    TCPIP_GENERIC_CHECK_TIME_OUT
    3269   00:5131  18 F5                   jr  TCPIP_DNSQ_IP_ST4
    3270   00:5133                      TCPIP_DNSQ_IP_ST4.1:
    3271   00:5133                          ; nz, get it
    3272   00:5133                          RECEIVE_DATA
    3272   00:5133  DB 06             >     in a,(IN_DATA_PORT)
    3273   00:5135  57                      ld  d,a
    3274   00:5136                          ; done
    3275   00:5136  3E 01                   ld  a,1
    3276   00:5138  CD 11 60                call    SETDNSREADY             ; DNS done
    3277   00:513B  CD 3B 60                call    SETDNSRESULT            ; DNS RESULT
    3278   00:513E  06 02                   ld  b,2
    3279   00:5140  AF                      xor a
    3280   00:5141  C9                      ret
    3281   00:5142                      
    3282   00:5142                      ;=====================
    3283   00:5142                      ;===  TCPIP_DNS_S  ===
    3284   00:5142                      ;=====================
    3285   00:5142                      ;Obtains the host name resolution process state and result.
    3286   00:5142                      ;
    3287   00:5142                      ;Input:  A = 7
    3288   00:5142                      ;        B = Flags, when set to 1 they instruct the resolver to:
    3289   00:5142                      ;            bit 0: Clear any existing result or error condition after the execution
    3290   00:5142                      ;                   (except if there is a query in progress)
    3291   00:5142                      ;Output: A = Error code
    3292   00:5142                      ;        B = DNS error code (when error is ERR_DNS)
    3293   00:5142                      ;        B = Current query status (when error is ERR_OK):
    3294   00:5142                      ;            0: There is no query in progress, nor any result nor error code available
    3295   00:5142                      ;            1: There is a query in progress
    3296   00:5142                      ;            2: Query is complete
    3297   00:5142                      ;        C = Current query sub status (when error is ERR_OK and B=1):
    3298   00:5142                      ;            0: Unknown
    3299   00:5142                      ;            1: Querying the primary DNS server
    3300   00:5142                      ;            2: Querying the secondary DNS server
    3301   00:5142                      ;            3: Querying another DNS server
    3302   00:5142                      ;        C = Resolution process type (when error is ERR_OK and B=2):
    3303   00:5142                      ;            0: The name was obtained by querying a DNS server
    3304   00:5142                      ;            1: The name was a direct representation of an IP address
    3305   00:5142                      ;            2: The name was resolved locally
    3306   00:5142                      ;       L.H.E.D = Resolved IP address (when error is ERR_OK and B=2)
    3307   00:5142                      TCPIP_DNS_S:
    3308   00:5142                          ;--- Is there a result?
    3309   00:5142  CD FF 5F                call    GETDNSREADY             ; DNS done?
    3310   00:5145  B7                      or  a
    3311   00:5146  28 23                   jr  z,TCPIP_DNS_S_NORESULT      ; No DNS result
    3312   00:5148                          ;--- Ok, we have a result, is it success?
    3313   00:5148  3D                      dec a
    3314   00:5149  28 12                   jr  z,TCPIP_DNS_S_HASRESULT     ; If it is 1, it was not an error
    3315   00:514B                          ;--- Shoot, there is an error...
    3316   00:514B                          ;--- And sure thing, ESP do not tell us details, it is always failure :-P
    3317   00:514B  CB 40                   bit 0,b                         ;--- clear error after this?
    3318   00:514D  28 09                   jr  z,TCP_IP_DNS_S_NOCLR
    3319   00:514F                          ;--- Clear
    3320   00:514F  06 00                   ld b,0                          ;--- Like I've said, no details
    3321   00:5151  AF                      xor a
    3322   00:5152  CD 11 60                call    SETDNSREADY             ; DNS not done
    3323   00:5155  3E 08                   ld  a,ERR_DNS;
    3324   00:5157  C9                      ret
    3325   00:5158                      TCP_IP_DNS_S_NOCLR:
    3326   00:5158                          ;--- Don't clear
    3327   00:5158  3E 08                   ld  a,ERR_DNS
    3328   00:515A  06 00                   ld  b,0                         ;--- Like I've said, no details
    3329   00:515C  C9                      ret
    3330   00:515D                          ;--- There is a result available...
    3331   00:515D                      TCPIP_DNS_S_HASRESULT:
    3332   00:515D                          ;--- Copy the result
    3333   00:515D  CD 25 60                call    GETDNSRESULT
    3334   00:5160  AF                      xor a
    3335   00:5161  CB 40                   bit 0,b                         ;--- clear result after this?
    3336   00:5163  28 03                   jr  z,TCP_IP_DNS_S_RES_NOCLR    ;--- no, just return
    3337   00:5165                          ;--- Yes, clear
    3338   00:5165  CD 11 60                call    SETDNSREADY             ; DNS not done
    3339   00:5168                      TCP_IP_DNS_S_RES_NOCLR:
    3340   00:5168  06 02                   ld  b,2
    3341   00:516A  C9                      ret
    3342   00:516B                      
    3343   00:516B                      TCPIP_DNS_S_NORESULT:
    3344   00:516B  AF                      xor a                           ;--- OK no query in progress, no result, means nothing in progress
    3345   00:516C  06 00                   ld  b,0                         ;--- No query in progress
    3346   00:516E  C9                      ret
    3347   00:516F                      
    3348   00:516F                      ;========================
    3349   00:516F                      ;===  TCPIP_UDP_OPEN  ===
    3350   00:516F                      ;========================
    3351   00:516F                      ;Open an UDP connection.
    3352   00:516F                      ;
    3353   00:516F                      ;Input:  A  = 8
    3354   00:516F                      ;        HL = Local port number (#FFFF=random)
    3355   00:516F                      ;        B  = Intended connection lifetime:
    3356   00:516F                      ;             0: Transient
    3357   00:516F                      ;             1: Resident
    3358   00:516F                      ;Output: A = Error code
    3359   00:516F                      ;        B = Connection number
    3360   00:516F                      TCPIP_UDP_OPEN:
    3361   00:516F                          SEND_DATA                       ; Send the command
    3361   00:516F  D3 07             >     out (OUT_TX_PORT),a
    3362   00:5171  AF                      xor a
    3363   00:5172                          SEND_DATA                       ; Send the command size msb
    3363   00:5172  D3 07             >     out (OUT_TX_PORT),a
    3364   00:5174  3E 03                   ld  a,3
    3365   00:5176                          SEND_DATA                       ; Send the command size lsb
    3365   00:5176  D3 07             >     out (OUT_TX_PORT),a
    3366   00:5178  7D                      ld  a,l
    3367   00:5179                          SEND_DATA                       ; Send the port LSB
    3367   00:5179  D3 07             >     out (OUT_TX_PORT),a
    3368   00:517B  7C                      ld  a,h
    3369   00:517C                          SEND_DATA                       ; Send the port MSB
    3369   00:517C  D3 07             >     out (OUT_TX_PORT),a
    3370   00:517E  78                      ld  a,b
    3371   00:517F                          SEND_DATA                       ; Send the connection transient/resident
    3371   00:517F  D3 07             >     out (OUT_TX_PORT),a
    3372   00:5181                      
    3373   00:5181                          ; Now wait up to 180 ticks to get response
    3374   00:5181  21 B4 00                ld  hl,180
    3375   00:5184  CD EC 5E                call    SETCOUNTER
    3376   00:5187                      TCPIP_UDP_OPEN_ST1:
    3377   00:5187                          CHECK_DATA
    3377   00:5187  DB 07             >     in  a,(IN_STS_PORT)
    3377   00:5189  CB 47             >     bit 0,a
    3378   00:518B  20 05                   jr  nz,TCPIP_UDP_OPEN_ST1.1
    3379   00:518D  CD D6 4D                call    TCPIP_GENERIC_CHECK_TIME_OUT
    3380   00:5190  18 F5                   jr  TCPIP_UDP_OPEN_ST1
    3381   00:5192                      TCPIP_UDP_OPEN_ST1.1:
    3382   00:5192                          ; nz, check the data
    3383   00:5192                          RECEIVE_DATA
    3383   00:5192  DB 06             >     in a,(IN_DATA_PORT)
    3384   00:5194  FE 08                   cp  8                           ; Is response of our command?
    3385   00:5196  20 EF                   jr  nz,TCPIP_UDP_OPEN_ST1
    3386   00:5198                          ; now get return code, if return code other than 0, it is finished
    3387   00:5198                      TCPIP_UDP_OPEN_RC:
    3388   00:5198                          CHECK_DATA
    3388   00:5198  DB 07             >     in  a,(IN_STS_PORT)
    3388   00:519A  CB 47             >     bit 0,a
    3389   00:519C  20 05                   jr  nz,TCPIP_UDP_OPEN_RC.1
    3390   00:519E  CD D6 4D                call    TCPIP_GENERIC_CHECK_TIME_OUT
    3391   00:51A1  18 F5                   jr  TCPIP_UDP_OPEN_RC
    3392   00:51A3                      TCPIP_UDP_OPEN_RC.1:
    3393   00:51A3                          ; nz, discard
    3394   00:51A3                          RECEIVE_DATA
    3394   00:51A3  DB 06             >     in a,(IN_DATA_PORT)
    3395   00:51A5  B7                      or  a                           ; 0?
    3396   00:51A6  C0                      ret nz                          ; if not, done
    3397   00:51A7                      
    3398   00:51A7                          ; next two bytes are return code and size bytes, don't care, it is 1, conn #
    3399   00:51A7  06 02                   ld  b,2
    3400   00:51A9                      TCPIP_UDP_OPEN_ST2:
    3401   00:51A9                          CHECK_DATA
    3401   00:51A9  DB 07             >     in  a,(IN_STS_PORT)
    3401   00:51AB  CB 47             >     bit 0,a
    3402   00:51AD  20 05                   jr  nz,TCPIP_UDP_OPEN_ST2.1
    3403   00:51AF  CD D6 4D                call    TCPIP_GENERIC_CHECK_TIME_OUT
    3404   00:51B2  18 F5                   jr  TCPIP_UDP_OPEN_ST2
    3405   00:51B4                      TCPIP_UDP_OPEN_ST2.1:
    3406   00:51B4                          ; nz, discard
    3407   00:51B4                          RECEIVE_DATA
    3407   00:51B4  DB 06             >     in a,(IN_DATA_PORT)
    3408   00:51B6  05                      dec b
    3409   00:51B7  20 F0                   jr  nz,TCPIP_UDP_OPEN_ST2
    3410   00:51B9                      
    3411   00:51B9                          ; now just get the 1 byte, conn#, should go to B
    3412   00:51B9                      TCPIP_UDP_OPEN_CONN_ST1:
    3413   00:51B9                          CHECK_DATA
    3413   00:51B9  DB 07             >     in  a,(IN_STS_PORT)
    3413   00:51BB  CB 47             >     bit 0,a
    3414   00:51BD  20 05                   jr  nz,TCPIP_UDP_OPEN_CONN_ST1.1
    3415   00:51BF  CD D6 4D                call    TCPIP_GENERIC_CHECK_TIME_OUT
    3416   00:51C2  18 F5                   jr  TCPIP_UDP_OPEN_CONN_ST1
    3417   00:51C4                      TCPIP_UDP_OPEN_CONN_ST1.1:
    3418   00:51C4                          ; nz, get it
    3419   00:51C4                          RECEIVE_DATA
    3419   00:51C4  DB 06             >     in a,(IN_DATA_PORT)
    3420   00:51C6  47                      ld  b,a
    3421   00:51C7                          ; done
    3422   00:51C7  AF                      xor a
    3423   00:51C8  C9                      ret
    3424   00:51C9                      
    3425   00:51C9                      ;=========================
    3426   00:51C9                      ;===  TCPIP_UDP_CLOSE  ===
    3427   00:51C9                      ;=========================
    3428   00:51C9                      ;Close a UDP connection.
    3429   00:51C9                      ;
    3430   00:51C9                      ;Input:  A = 9
    3431   00:51C9                      ;        B = Connection number
    3432   00:51C9                      ;            0 to close all open transient UDP connections
    3433   00:51C9                      ;Output: A = Error code
    3434   00:51C9                      TCPIP_UDP_CLOSE:
    3435   00:51C9                          SEND_DATA                       ; Send the command
    3435   00:51C9  D3 07             >     out (OUT_TX_PORT),a
    3436   00:51CB  AF                      xor a
    3437   00:51CC                          SEND_DATA                       ; Send the command size msb
    3437   00:51CC  D3 07             >     out (OUT_TX_PORT),a
    3438   00:51CE  3E 01                   ld  a,1
    3439   00:51D0                          SEND_DATA                       ; Send the command size lsb
    3439   00:51D0  D3 07             >     out (OUT_TX_PORT),a
    3440   00:51D2  78                      ld  a,b
    3441   00:51D3                          SEND_DATA                       ; Send the connection #
    3441   00:51D3  D3 07             >     out (OUT_TX_PORT),a
    3442   00:51D5                          ; Now wait up to 180 ticks to get response
    3443   00:51D5  21 B4 00                ld  hl,180
    3444   00:51D8  CD EC 5E                call    SETCOUNTER
    3445   00:51DB                      TCPIP_UDP_CLOSE_ST1:
    3446   00:51DB                          CHECK_DATA
    3446   00:51DB  DB 07             >     in  a,(IN_STS_PORT)
    3446   00:51DD  CB 47             >     bit 0,a
    3447   00:51DF  20 05                   jr  nz,TCPIP_UDP_CLOSE_ST1.1
    3448   00:51E1  CD D6 4D                call    TCPIP_GENERIC_CHECK_TIME_OUT
    3449   00:51E4  18 F5                   jr  TCPIP_UDP_CLOSE_ST1
    3450   00:51E6                      TCPIP_UDP_CLOSE_ST1.1:
    3451   00:51E6                          ; nz, check the data
    3452   00:51E6                          RECEIVE_DATA
    3452   00:51E6  DB 06             >     in a,(IN_DATA_PORT)
    3453   00:51E8  FE 09                   cp  9                           ; Is response of our command?
    3454   00:51EA  20 EF                   jr  nz,TCPIP_UDP_CLOSE_ST1
    3455   00:51EC                          ; now get return code, if return code other than 0, it is finished
    3456   00:51EC                      TCPIP_UDP_CLOSE_RC:
    3457   00:51EC                          CHECK_DATA
    3457   00:51EC  DB 07             >     in  a,(IN_STS_PORT)
    3457   00:51EE  CB 47             >     bit 0,a
    3458   00:51F0  20 05                   jr  nz,TCPIP_UDP_CLOSE_RC.1
    3459   00:51F2  CD D6 4D                call    TCPIP_GENERIC_CHECK_TIME_OUT
    3460   00:51F5  18 F5                   jr  TCPIP_UDP_CLOSE_RC
    3461   00:51F7                      TCPIP_UDP_CLOSE_RC.1:
    3462   00:51F7                          ; nz, discard
    3463   00:51F7                          RECEIVE_DATA
    3463   00:51F7  DB 06             >     in a,(IN_DATA_PORT)
    3464   00:51F9  B7                      or  a                           ; 0?
    3465   00:51FA  C0                      ret nz                          ; if not, done
    3466   00:51FB                      
    3467   00:51FB                          ; next two bytes are return code and size bytes, don't care, it is 1, conn #
    3468   00:51FB  06 02                   ld  b,2
    3469   00:51FD                      TCPIP_UDP_CLOSE_ST2:
    3470   00:51FD                          CHECK_DATA
    3470   00:51FD  DB 07             >     in  a,(IN_STS_PORT)
    3470   00:51FF  CB 47             >     bit 0,a
    3471   00:5201  20 05                   jr  nz,TCPIP_UDP_CLOSE_ST2.1
    3472   00:5203  CD D6 4D                call    TCPIP_GENERIC_CHECK_TIME_OUT
    3473   00:5206  18 F5                   jr  TCPIP_UDP_CLOSE_ST2
    3474   00:5208                      TCPIP_UDP_CLOSE_ST2.1:
    3475   00:5208                          ; nz, discard
    3476   00:5208                          RECEIVE_DATA
    3476   00:5208  DB 06             >     in a,(IN_DATA_PORT)
    3477   00:520A  05                      dec b
    3478   00:520B  20 F0                   jr  nz,TCPIP_UDP_CLOSE_ST2
    3479   00:520D                      
    3480   00:520D                          ; done, no return data other than return code
    3481   00:520D  AF                      xor a
    3482   00:520E  C9                      ret
    3483   00:520F                      
    3484   00:520F                      ;=========================
    3485   00:520F                      ;===  TCPIP_UDP_STATE  ===
    3486   00:520F                      ;=========================
    3487   00:520F                      ;Get the state of a UDP connection.
    3488   00:520F                      ;
    3489   00:520F                      ;Input:  A = 10
    3490   00:520F                      ;        B = Connection number
    3491   00:520F                      ;Output: A  = Error code
    3492   00:520F                      ;        HL = Local port number
    3493   00:520F                      ;        B  = Number of pending incoming datagrams
    3494   00:520F                      ;        DE = Size of oldest pending incoming datagram (data part only)
    3495   00:520F                      TCPIP_UDP_STATE:
    3496   00:520F                          SEND_DATA                       ; Send the command
    3496   00:520F  D3 07             >     out (OUT_TX_PORT),a
    3497   00:5211  AF                      xor a
    3498   00:5212                          SEND_DATA                       ; Send the command size msb
    3498   00:5212  D3 07             >     out (OUT_TX_PORT),a
    3499   00:5214  3C                      inc a
    3500   00:5215                          SEND_DATA                       ; Send the command size lsb
    3500   00:5215  D3 07             >     out (OUT_TX_PORT),a
    3501   00:5217  78                      ld  a,b
    3502   00:5218                          SEND_DATA                       ; Send the parameter
    3502   00:5218  D3 07             >     out (OUT_TX_PORT),a
    3503   00:521A                      
    3504   00:521A                          ; Now wait up to 60 ticks to get response
    3505   00:521A  21 3C 00                ld  hl,60
    3506   00:521D  CD EC 5E                call    SETCOUNTER
    3507   00:5220                      TCPIP_UDP_STATE_ST1:
    3508   00:5220                          CHECK_DATA
    3508   00:5220  DB 07             >     in  a,(IN_STS_PORT)
    3508   00:5222  CB 47             >     bit 0,a
    3509   00:5224  20 05                   jr  nz,TCPIP_UDP_STATE_ST1.1
    3510   00:5226  CD D6 4D                call    TCPIP_GENERIC_CHECK_TIME_OUT
    3511   00:5229  18 F5                   jr  TCPIP_UDP_STATE_ST1
    3512   00:522B                      TCPIP_UDP_STATE_ST1.1:
    3513   00:522B                          ; nz, check the data
    3514   00:522B                          RECEIVE_DATA
    3514   00:522B  DB 06             >     in a,(IN_DATA_PORT)
    3515   00:522D  FE 0A                   cp  10                          ; Is response of our command?
    3516   00:522F  20 EF                   jr  nz,TCPIP_UDP_STATE_ST1
    3517   00:5231                          ; now get return code, if return code other than 0, it is finished
    3518   00:5231                      TCPIP_UDP_STATE_RC:
    3519   00:5231                          CHECK_DATA
    3519   00:5231  DB 07             >     in  a,(IN_STS_PORT)
    3519   00:5233  CB 47             >     bit 0,a
    3520   00:5235  20 05                   jr  nz,TCPIP_UDP_STATE_RC.1
    3521   00:5237  CD D6 4D                call    TCPIP_GENERIC_CHECK_TIME_OUT
    3522   00:523A  18 F5                   jr  TCPIP_UDP_STATE_RC
    3523   00:523C                      TCPIP_UDP_STATE_RC.1:
    3524   00:523C                          ; nz, discard
    3525   00:523C                          RECEIVE_DATA
    3525   00:523C  DB 06             >     in a,(IN_DATA_PORT)
    3526   00:523E  B7                      or  a                           ; 0?
    3527   00:523F  C0                      ret nz                          ; if not, done
    3528   00:5240                      
    3529   00:5240                          ; next two bytes are return code and size bytes, don't care, it is 5
    3530   00:5240  06 02                   ld  b,2
    3531   00:5242                      TCPIP_UDP_STATE_ST2:
    3532   00:5242                          CHECK_DATA
    3532   00:5242  DB 07             >     in  a,(IN_STS_PORT)
    3532   00:5244  CB 47             >     bit 0,a
    3533   00:5246  20 05                   jr  nz,TCPIP_UDP_STATE_ST2.1
    3534   00:5248  CD D6 4D                call    TCPIP_GENERIC_CHECK_TIME_OUT
    3535   00:524B  18 F5                   jr  TCPIP_UDP_STATE_ST2
    3536   00:524D                      TCPIP_UDP_STATE_ST2.1:
    3537   00:524D                          ; nz, discard
    3538   00:524D                          RECEIVE_DATA
    3538   00:524D  DB 06             >     in a,(IN_DATA_PORT)
    3539   00:524F  05                      dec b
    3540   00:5250  20 F0                   jr  nz,TCPIP_UDP_STATE_ST2
    3541   00:5252                      
    3542   00:5252                          ; now just get the 5 bytes (Port LSB then MSB, # of packets, packet size LSB then MSB) and order it in L, H, B, E and D
    3543   00:5252                      TCPIP_UDP_STATE_RESP_ST1:
    3544   00:5252                          CHECK_DATA
    3544   00:5252  DB 07             >     in  a,(IN_STS_PORT)
    3544   00:5254  CB 47             >     bit 0,a
    3545   00:5256  20 05                   jr  nz,TCPIP_UDP_STATE_RESP_ST1.1
    3546   00:5258  CD D6 4D                call    TCPIP_GENERIC_CHECK_TIME_OUT
    3547   00:525B  18 F5                   jr  TCPIP_UDP_STATE_RESP_ST1
    3548   00:525D                      TCPIP_UDP_STATE_RESP_ST1.1:
    3549   00:525D                          ; nz, get it
    3550   00:525D                          RECEIVE_DATA
    3550   00:525D  DB 06             >     in a,(IN_DATA_PORT)
    3551   00:525F  6F                      ld  l,a
    3552   00:5260                      TCPIP_UDP_STATE_RESP_ST2:
    3553   00:5260                          CHECK_DATA
    3553   00:5260  DB 07             >     in  a,(IN_STS_PORT)
    3553   00:5262  CB 47             >     bit 0,a
    3554   00:5264  20 05                   jr  nz,TCPIP_UDP_STATE_RESP_ST2.1
    3555   00:5266  CD D6 4D                call    TCPIP_GENERIC_CHECK_TIME_OUT
    3556   00:5269  18 F5                   jr  TCPIP_UDP_STATE_RESP_ST2
    3557   00:526B                      TCPIP_UDP_STATE_RESP_ST2.1:
    3558   00:526B                          ; nz, get it
    3559   00:526B                          RECEIVE_DATA
    3559   00:526B  DB 06             >     in a,(IN_DATA_PORT)
    3560   00:526D  67                      ld  h,a
    3561   00:526E                      TCPIP_UDP_STATE_RESP_ST3:
    3562   00:526E                          CHECK_DATA
    3562   00:526E  DB 07             >     in  a,(IN_STS_PORT)
    3562   00:5270  CB 47             >     bit 0,a
    3563   00:5272  20 05                   jr  nz,TCPIP_UDP_STATE_RESP_ST3.1
    3564   00:5274  CD D6 4D                call    TCPIP_GENERIC_CHECK_TIME_OUT
    3565   00:5277  18 F5                   jr  TCPIP_UDP_STATE_RESP_ST3
    3566   00:5279                      TCPIP_UDP_STATE_RESP_ST3.1:
    3567   00:5279                          ; nz, get it
    3568   00:5279                          RECEIVE_DATA
    3568   00:5279  DB 06             >     in a,(IN_DATA_PORT)
    3569   00:527B  47                      ld  b,a
    3570   00:527C                      TCPIP_UDP_STATE_RESP_ST4:
    3571   00:527C                          CHECK_DATA
    3571   00:527C  DB 07             >     in  a,(IN_STS_PORT)
    3571   00:527E  CB 47             >     bit 0,a
    3572   00:5280  20 05                   jr  nz,TCPIP_UDP_STATE_RESP_ST4.1
    3573   00:5282  CD D6 4D                call    TCPIP_GENERIC_CHECK_TIME_OUT
    3574   00:5285  18 F5                   jr  TCPIP_UDP_STATE_RESP_ST4
    3575   00:5287                      TCPIP_UDP_STATE_RESP_ST4.1:
    3576   00:5287                          ; nz, get it
    3577   00:5287                          RECEIVE_DATA
    3577   00:5287  DB 06             >     in a,(IN_DATA_PORT)
    3578   00:5289  5F                      ld  e,a
    3579   00:528A                      TCPIP_UDP_STATE_RESP_ST5:
    3580   00:528A                          CHECK_DATA
    3580   00:528A  DB 07             >     in  a,(IN_STS_PORT)
    3580   00:528C  CB 47             >     bit 0,a
    3581   00:528E  20 05                   jr  nz,TCPIP_UDP_STATE_RESP_ST5.1
    3582   00:5290  CD D6 4D                call    TCPIP_GENERIC_CHECK_TIME_OUT
    3583   00:5293  18 F5                   jr  TCPIP_UDP_STATE_RESP_ST5
    3584   00:5295                      TCPIP_UDP_STATE_RESP_ST5.1:
    3585   00:5295                          ; nz, get it
    3586   00:5295                          RECEIVE_DATA
    3586   00:5295  DB 06             >     in a,(IN_DATA_PORT)
    3587   00:5297  57                      ld  d,a
    3588   00:5298                          ; done
    3589   00:5298  AF                      xor a
    3590   00:5299  C9                      ret
    3591   00:529A                      
    3592   00:529A                      ;========================
    3593   00:529A                      ;===  TCPIP_UDP_SEND  ===
    3594   00:529A                      ;========================
    3595   00:529A                      ;Send an UDP datagram.
    3596   00:529A                      ;
    3597   00:529A                      ;Input:  A = 11
    3598   00:529A                      ;        B = Connection number
    3599   00:529A                      ;        HL = Address of datagram data
    3600   00:529A                      ;        DE = Address of parameters block
    3601   00:529A                      ;Output: A = Error code
    3602   00:529A                      ;
    3603   00:529A                      ;Parameters block:
    3604   00:529A                      ;
    3605   00:529A                      ;    +0 (4): Destination IP address
    3606   00:529A                      ;    +4 (2): Destination port
    3607   00:529A                      ;    +6 (2): Data length
    3608   00:529A                      TCPIP_UDP_SEND:
    3609   00:529A  E5                      push    hl
    3610   00:529B  D5                      push    de
    3611   00:529C                          SEND_DATA                       ; Send the command
    3611   00:529C  D3 07             >     out (OUT_TX_PORT),a
    3612   00:529E                          ; prepare new data size, adding our 7 bytes overhead
    3613   00:529E  DD 62                   ld  ixh,d
    3614   00:52A0  DD 6B                   ld  ixl,e
    3615   00:52A2  11 07 00                ld  de,7
    3616   00:52A5  DD 6E 06                ld  l,(ix+6)
    3617   00:52A8  DD 66 07                ld  h,(ix+7)
    3618   00:52AB  19                      add hl,de
    3619   00:52AC  7C                      ld  a,h
    3620   00:52AD                          SEND_DATA                       ; Send the command size msb
    3620   00:52AD  D3 07             >     out (OUT_TX_PORT),a
    3621   00:52AF  7D                      ld  a,l
    3622   00:52B0                          SEND_DATA                       ; Send the command size lsb
    3622   00:52B0  D3 07             >     out (OUT_TX_PORT),a
    3623   00:52B2  78                      ld  a,b
    3624   00:52B3                          SEND_DATA                       ; Send the connection #
    3624   00:52B3  D3 07             >     out (OUT_TX_PORT),a
    3625   00:52B5  D1                      pop de
    3626   00:52B6  E1                      pop hl
    3627   00:52B7  1A                      ld  a,(de)
    3628   00:52B8                          SEND_DATA                       ; Send IP byte 1
    3628   00:52B8  D3 07             >     out (OUT_TX_PORT),a
    3629   00:52BA  13                      inc de
    3630   00:52BB  1A                      ld  a,(de)
    3631   00:52BC                          SEND_DATA                       ; Send IP byte 2
    3631   00:52BC  D3 07             >     out (OUT_TX_PORT),a
    3632   00:52BE  13                      inc de
    3633   00:52BF  1A                      ld  a,(de)
    3634   00:52C0                          SEND_DATA                       ; Send IP byte 3
    3634   00:52C0  D3 07             >     out (OUT_TX_PORT),a
    3635   00:52C2  13                      inc de
    3636   00:52C3  1A                      ld  a,(de)
    3637   00:52C4                          SEND_DATA                       ; Send IP byte 4
    3637   00:52C4  D3 07             >     out (OUT_TX_PORT),a
    3638   00:52C6  13                      inc de
    3639   00:52C7  1A                      ld  a,(de)
    3640   00:52C8                          SEND_DATA                       ; Send Port LSB
    3640   00:52C8  D3 07             >     out (OUT_TX_PORT),a
    3641   00:52CA  13                      inc de
    3642   00:52CB  1A                      ld  a,(de)
    3643   00:52CC                          SEND_DATA                       ; Send Port MSB
    3643   00:52CC  D3 07             >     out (OUT_TX_PORT),a
    3644   00:52CE                          ; now oti the data starting at hl, size is in next DE position
    3645   00:52CE  13                      inc de
    3646   00:52CF  1A                      ld  a,(de)
    3647   00:52D0  47                      ld  b,a                         ; save lsb in b
    3648   00:52D1  13                      inc de
    3649   00:52D2  1A                      ld  a,(de)                      ; msb
    3650   00:52D3  57                      ld  d,a                         ; put in D, there is no ld d,(de)
    3651   00:52D4  58                      ld  e,b                         ; lsb
    3652   00:52D5                          ; Grauw Optimized 16 bit loop, handy for us, mostly since we can use outi :-D
    3653   00:52D5                          ;ld b,e                         ; Number of loops originaly in DE, not needed, b already has e
    3654   00:52D5  1B                      dec de
    3655   00:52D6  14                      inc d
    3656   00:52D7                          if USE_MEM_IO = 0
    3657   00:52D7  0E 07                   ld  c,OUT_TX_PORT
    3658   00:52D9                      TCPIP_UDP_SEND_R:
    3659   00:52D9  ED B3                   otir                            ; Send until B is 0
    3660   00:52DB                          else
    3661   00:52DB                    ~ TCPIP_UDP_SEND_R:
    3662   00:52DB                    ~     ld  a,(hl)
    3663   00:52DB                    ~     ld  (MEM_OUT_TX_PORT),a
    3664   00:52DB                    ~     inc hl
    3665   00:52DB                    ~     djnz TCPIP_UDP_SEND_R
    3666   00:52DB                    ~     endif
    3667   00:52DB  15                      dec d                           ; decrement secondary counter
    3668   00:52DC  20 FB                   jr  nz,TCPIP_UDP_SEND_R         ; If still have another round, do it
    3669   00:52DE                          ; Now wait up to 600 ticks to get response
    3670   00:52DE  21 58 02                ld  hl,600
    3671   00:52E1  CD EC 5E                call    SETCOUNTER
    3672   00:52E4                      TCPIP_UDP_SEND_ST1:
    3673   00:52E4                          CHECK_DATA
    3673   00:52E4  DB 07             >     in  a,(IN_STS_PORT)
    3673   00:52E6  CB 47             >     bit 0,a
    3674   00:52E8  20 05                   jr  nz,TCPIP_UDP_SEND_ST1.1
    3675   00:52EA  CD D6 4D                call    TCPIP_GENERIC_CHECK_TIME_OUT
    3676   00:52ED  18 F5                   jr  TCPIP_UDP_SEND_ST1
    3677   00:52EF                      TCPIP_UDP_SEND_ST1.1:
    3678   00:52EF                          ; nz, check the data
    3679   00:52EF                          RECEIVE_DATA
    3679   00:52EF  DB 06             >     in a,(IN_DATA_PORT)
    3680   00:52F1  FE 0B                   cp  11                          ; Is response of our command?
    3681   00:52F3  20 EF                   jr  nz,TCPIP_UDP_SEND_ST1
    3682   00:52F5                          ; now get return code, if return code other than 0, it is finished
    3683   00:52F5                      TCPIP_UDP_SEND_RC:
    3684   00:52F5                          CHECK_DATA
    3684   00:52F5  DB 07             >     in  a,(IN_STS_PORT)
    3684   00:52F7  CB 47             >     bit 0,a
    3685   00:52F9  20 05                   jr  nz,TCPIP_UDP_SEND_RC.1
    3686   00:52FB  CD D6 4D                call    TCPIP_GENERIC_CHECK_TIME_OUT
    3687   00:52FE  18 F5                   jr  TCPIP_UDP_SEND_RC
    3688   00:5300                      TCPIP_UDP_SEND_RC.1:
    3689   00:5300                          ; nz, discard
    3690   00:5300                          RECEIVE_DATA
    3690   00:5300  DB 06             >     in a,(IN_DATA_PORT)
    3691   00:5302  B7                      or  a                           ; 0?
    3692   00:5303  C0                      ret nz                          ; if not, done
    3693   00:5304                      
    3694   00:5304                          ; next two bytes are return code and size bytes, don't care, it is 0
    3695   00:5304  06 02                   ld  b,2
    3696   00:5306                      TCPIP_UDP_SEND_ST2:
    3697   00:5306                          CHECK_DATA
    3697   00:5306  DB 07             >     in  a,(IN_STS_PORT)
    3697   00:5308  CB 47             >     bit 0,a
    3698   00:530A  20 05                   jr  nz,TCPIP_UDP_SEND_ST2.1
    3699   00:530C  CD D6 4D                call    TCPIP_GENERIC_CHECK_TIME_OUT
    3700   00:530F  18 F5                   jr  TCPIP_UDP_SEND_ST2
    3701   00:5311                      TCPIP_UDP_SEND_ST2.1:
    3702   00:5311                          ; nz, discard
    3703   00:5311                          RECEIVE_DATA
    3703   00:5311  DB 06             >     in a,(IN_DATA_PORT)
    3704   00:5313  05                      dec b
    3705   00:5314  20 F0                   jr  nz,TCPIP_UDP_SEND_ST2
    3706   00:5316                      
    3707   00:5316                          ; done, no return data other than return code
    3708   00:5316  AF                      xor a
    3709   00:5317  C9                      ret
    3710   00:5318                      
    3711   00:5318                      ;=======================
    3712   00:5318                      ;===  TCPIP_UDP_RCV  ===
    3713   00:5318                      ;=======================
    3714   00:5318                      ;Retrieve an incoming UDP datagram.
    3715   00:5318                      ;
    3716   00:5318                      ;Input:  A = 12
    3717   00:5318                      ;        B = Connection number
    3718   00:5318                      ;        HL = Address for datagram data
    3719   00:5318                      ;        DE = Maximum data size to retrieve
    3720   00:5318                      ;Output: A = Error code
    3721   00:5318                      ;        L.H.E.D = Source IP address
    3722   00:5318                      ;        IX = Source port
    3723   00:5318                      ;        BC = Actual received data size
    3724   00:5318                      
    3725   00:5318                      ; Customized TIME OUT routine: If time out receiving data, retry as received data
    3726   00:5318                      ; won't be re-sent as host is unaware of this
    3727   00:5318                      TCPIP_UDP_RCV_CHECK_TIME_OUT:
    3728   00:5318                          ; Save registers other than AF
    3729   00:5318  C5                      push bc
    3730   00:5319  D5                      push de
    3731   00:531A  E5                      push hl
    3732   00:531B  CD DD 5E                call    GETCOUNTER
    3733   00:531E  7D                      ld  a,l
    3734   00:531F  B4                      or  h
    3735   00:5320                          ; Restore registers, we are returning
    3736   00:5320  E1                      pop hl
    3737   00:5321  D1                      pop de
    3738   00:5322  C1                      pop bc
    3739   00:5323  C0                      ret nz
    3740   00:5324                          ; Ok, timeout...
    3741   00:5324  F1                      pop af                          ; Get return address of who called this out of the stack, we will return from the function or re-start
    3742   00:5325                      TCPIP_TCP_UDP_RETRY_QRCV:
    3743   00:5325  CD FC 5E                call    GETBYTE
    3744   00:5328  B7                      or  a
    3745   00:5329  28 0B                   jr  z,TCPIP_UDP_RCV_CHECK_TIME_OUT.NORXRETRY
    3746   00:532B                          ; Ok, so let's ask ESP to re-send the data and retry receiving it
    3747   00:532B  3D                      dec a
    3748   00:532C  CD 0E 5F                call    SETBYTE                 ; we are retrying it
    3749   00:532F  3E 72                   ld  a,'r'                       ; retry transmission command
    3750   00:5331                          SEND_DATA
    3750   00:5331  D3 07             >     out (OUT_TX_PORT),a
    3751   00:5333  C3 55 53                jp  TCPIP_UDP_RCV.RXRETRY       ; and retry it
    3752   00:5336                      TCPIP_UDP_RCV_CHECK_TIME_OUT.NORXRETRY:
    3753   00:5336  3E 0F                   ld  a,ERR_INV_OPER
    3754   00:5338  C9                      ret                             ; and return the function itself
    3755   00:5339                      
    3756   00:5339                      TCPIP_UDP_RCV:
    3757   00:5339  CD 35 5F                call    SETWORD                 ; Save for later the datagram address
    3758   00:533C  3E 0C                   ld  a,12
    3759   00:533E                          SEND_DATA                       ; Send the command
    3759   00:533E  D3 07             >     out (OUT_TX_PORT),a
    3760   00:5340  AF                      xor a
    3761   00:5341                          SEND_DATA                       ; Send the command size msb
    3761   00:5341  D3 07             >     out (OUT_TX_PORT),a
    3762   00:5343  3E 03                   ld  a,3
    3763   00:5345                          SEND_DATA                       ; Send the command size lsb
    3763   00:5345  D3 07             >     out (OUT_TX_PORT),a
    3764   00:5347  78                      ld  a,b
    3765   00:5348                          SEND_DATA                       ; Send the connection #
    3765   00:5348  D3 07             >     out (OUT_TX_PORT),a
    3766   00:534A  7B                      ld  a,e
    3767   00:534B                          SEND_DATA                       ; Send MAX rcv size LSB
    3767   00:534B  D3 07             >     out (OUT_TX_PORT),a
    3768   00:534D  7A                      ld  a,d
    3769   00:534E                          SEND_DATA                       ; Send MAX rcv size MSB
    3769   00:534E  D3 07             >     out (OUT_TX_PORT),a
    3770   00:5350  3E 03                   ld  a,3
    3771   00:5352  CD 0E 5F                call    SETBYTE                 ; Ok, retry up to three times
    3772   00:5355                      TCPIP_UDP_RCV.RXRETRY:
    3773   00:5355                          ; Now wait up to 600 ticks to get response
    3774   00:5355  21 58 02                ld  hl,600
    3775   00:5358  CD EC 5E                call    SETCOUNTER
    3776   00:535B                      TCPIP_UDP_RCV_ST1:
    3777   00:535B                          CHECK_DATA
    3777   00:535B  DB 07             >     in  a,(IN_STS_PORT)
    3777   00:535D  CB 47             >     bit 0,a
    3778   00:535F  20 05                   jr  nz,TCPIP_UDP_RCV_ST1.1
    3779   00:5361  CD 18 53                call    TCPIP_UDP_RCV_CHECK_TIME_OUT
    3780   00:5364  18 F5                   jr  TCPIP_UDP_RCV_ST1
    3781   00:5366                      TCPIP_UDP_RCV_ST1.1:
    3782   00:5366                          ; nz, check the data
    3783   00:5366                          RECEIVE_DATA
    3783   00:5366  DB 06             >     in a,(IN_DATA_PORT)
    3784   00:5368  FE 0C                   cp  12                          ; Is response of our command?
    3785   00:536A  20 EF                   jr  nz,TCPIP_UDP_RCV_ST1
    3786   00:536C                          ; At this point, all data is being buffered, so 30 ticks, half second, is more than enough time-out
    3787   00:536C  F3                      di
    3788   00:536D  21 1E 00                ld  hl,30
    3789   00:5370  CD EC 5E                call    SETCOUNTER
    3790   00:5373  FB                      ei
    3791   00:5374                          ; now get return code, if return code other than 0, it is finished
    3792   00:5374                      TCPIP_UDP_RCV_RC:
    3793   00:5374                          CHECK_DATA
    3793   00:5374  DB 07             >     in  a,(IN_STS_PORT)
    3793   00:5376  CB 47             >     bit 0,a
    3794   00:5378  20 05                   jr  nz,TCPIP_UDP_RCV_RC.1
    3795   00:537A  CD 18 53                call    TCPIP_UDP_RCV_CHECK_TIME_OUT
    3796   00:537D  18 F5                   jr  TCPIP_UDP_RCV_RC
    3797   00:537F                      TCPIP_UDP_RCV_RC.1:
    3798   00:537F                          ; nz, discard
    3799   00:537F                          RECEIVE_DATA
    3799   00:537F  DB 06             >     in a,(IN_DATA_PORT)
    3800   00:5381  B7                      or  a                           ; 0?
    3801   00:5382  C0                      ret nz                          ; if not, done
    3802   00:5383                          ; next two bytes are return code and size bytes, save it to BC
    3803   00:5383                      TCPIP_UDP_RCV_ST2A:
    3804   00:5383                          CHECK_DATA
    3804   00:5383  DB 07             >     in  a,(IN_STS_PORT)
    3804   00:5385  CB 47             >     bit 0,a
    3805   00:5387  20 05                   jr  nz,TCPIP_UDP_RCV_ST2A.1
    3806   00:5389  CD 18 53                call    TCPIP_UDP_RCV_CHECK_TIME_OUT
    3807   00:538C  18 F5                   jr  TCPIP_UDP_RCV_ST2A
    3808   00:538E                      TCPIP_UDP_RCV_ST2A.1:
    3809   00:538E                          ; nz, discard
    3810   00:538E                          RECEIVE_DATA
    3810   00:538E  DB 06             >     in a,(IN_DATA_PORT)
    3811   00:5390  67                      ld  h,a
    3812   00:5391                      TCPIP_UDP_RCV_ST2B:
    3813   00:5391                          CHECK_DATA
    3813   00:5391  DB 07             >     in  a,(IN_STS_PORT)
    3813   00:5393  CB 47             >     bit 0,a
    3814   00:5395  20 05                   jr  nz,TCPIP_UDP_RCV_ST2B.1
    3815   00:5397  CD 18 53                call    TCPIP_UDP_RCV_CHECK_TIME_OUT
    3816   00:539A  18 F5                   jr  TCPIP_UDP_RCV_ST2B
    3817   00:539C                      TCPIP_UDP_RCV_ST2B.1:
    3818   00:539C                          ; nz, discard
    3819   00:539C                          RECEIVE_DATA
    3819   00:539C  DB 06             >     in a,(IN_DATA_PORT)
    3820   00:539E  6F                      ld  l,a
    3821   00:539F  01 06 00                ld  bc,6
    3822   00:53A2                          ; subtract 6 (IP and PORT)
    3823   00:53A2  AF                      xor a                           ; zero carry
    3824   00:53A3  ED 42                   sbc hl,bc
    3825   00:53A5  4D                      ld  c,l
    3826   00:53A6  44                      ld  b,h                         ; BC has effective received data size
    3827   00:53A7                          ; now just get the 4 bytes IP and place it in L H E D
    3828   00:53A7                      TCPIP_UDP_RCV_IP_ST1:
    3829   00:53A7                          CHECK_DATA
    3829   00:53A7  DB 07             >     in  a,(IN_STS_PORT)
    3829   00:53A9  CB 47             >     bit 0,a
    3830   00:53AB  20 05                   jr  nz,TCPIP_UDP_RCV_IP_ST1.1
    3831   00:53AD  CD 18 53                call    TCPIP_UDP_RCV_CHECK_TIME_OUT
    3832   00:53B0  18 F5                   jr  TCPIP_UDP_RCV_IP_ST1
    3833   00:53B2                      TCPIP_UDP_RCV_IP_ST1.1:
    3834   00:53B2                          ; nz, get it
    3835   00:53B2                          RECEIVE_DATA
    3835   00:53B2  DB 06             >     in a,(IN_DATA_PORT)
    3836   00:53B4  6F                      ld  l,a
    3837   00:53B5                      TCPIP_UDP_RCV_IP_ST2:
    3838   00:53B5                          CHECK_DATA
    3838   00:53B5  DB 07             >     in  a,(IN_STS_PORT)
    3838   00:53B7  CB 47             >     bit 0,a
    3839   00:53B9  20 05                   jr  nz,TCPIP_UDP_RCV_IP_ST2.1
    3840   00:53BB  CD 18 53                call    TCPIP_UDP_RCV_CHECK_TIME_OUT
    3841   00:53BE  18 F5                   jr  TCPIP_UDP_RCV_IP_ST2
    3842   00:53C0                      TCPIP_UDP_RCV_IP_ST2.1:
    3843   00:53C0                          ; nz, get it
    3844   00:53C0                          RECEIVE_DATA
    3844   00:53C0  DB 06             >     in a,(IN_DATA_PORT)
    3845   00:53C2  67                      ld  h,a
    3846   00:53C3                      TCPIP_UDP_RCV_IP_ST3:
    3847   00:53C3                          CHECK_DATA
    3847   00:53C3  DB 07             >     in  a,(IN_STS_PORT)
    3847   00:53C5  CB 47             >     bit 0,a
    3848   00:53C7  20 05                   jr  nz,TCPIP_UDP_RCV_IP_ST3.1
    3849   00:53C9  CD 18 53                call    TCPIP_UDP_RCV_CHECK_TIME_OUT
    3850   00:53CC  18 F5                   jr  TCPIP_UDP_RCV_IP_ST3
    3851   00:53CE                      TCPIP_UDP_RCV_IP_ST3.1:
    3852   00:53CE                          ; nz, get it
    3853   00:53CE                          RECEIVE_DATA
    3853   00:53CE  DB 06             >     in a,(IN_DATA_PORT)
    3854   00:53D0  5F                      ld  e,a
    3855   00:53D1                      TCPIP_UDP_RCV_IP_ST4:
    3856   00:53D1                          CHECK_DATA
    3856   00:53D1  DB 07             >     in  a,(IN_STS_PORT)
    3856   00:53D3  CB 47             >     bit 0,a
    3857   00:53D5  20 05                   jr  nz,TCPIP_UDP_RCV_IP_ST4.1
    3858   00:53D7  CD 18 53                call    TCPIP_UDP_RCV_CHECK_TIME_OUT
    3859   00:53DA  18 F5                   jr  TCPIP_UDP_RCV_IP_ST4
    3860   00:53DC                      TCPIP_UDP_RCV_IP_ST4.1:
    3861   00:53DC                          ; nz, get it
    3862   00:53DC                          RECEIVE_DATA
    3862   00:53DC  DB 06             >     in a,(IN_DATA_PORT)
    3863   00:53DE  57                      ld  d,a
    3864   00:53DF                          ; now get the 2 bytes port and place in IXL and IXH
    3865   00:53DF                      TCPIP_UDP_RCV_PORT_ST1:
    3866   00:53DF                          CHECK_DATA
    3866   00:53DF  DB 07             >     in  a,(IN_STS_PORT)
    3866   00:53E1  CB 47             >     bit 0,a
    3867   00:53E3  20 05                   jr  nz,TCPIP_UDP_RCV_PORT_ST1.1
    3868   00:53E5  CD 18 53                call    TCPIP_UDP_RCV_CHECK_TIME_OUT
    3869   00:53E8  18 F5                   jr  TCPIP_UDP_RCV_PORT_ST1
    3870   00:53EA                      TCPIP_UDP_RCV_PORT_ST1.1:
    3871   00:53EA                          ; nz, get it
    3872   00:53EA                          RECEIVE_DATA
    3872   00:53EA  DB 06             >     in a,(IN_DATA_PORT)
    3873   00:53EC  DD 6F                   ld  ixl,a
    3874   00:53EE                      TCPIP_UDP_RCV_PORT_ST2:
    3875   00:53EE                          CHECK_DATA
    3875   00:53EE  DB 07             >     in  a,(IN_STS_PORT)
    3875   00:53F0  CB 47             >     bit 0,a
    3876   00:53F2  20 05                   jr  nz,TCPIP_UDP_RCV_PORT_ST2.1
    3877   00:53F4  CD 18 53                call    TCPIP_UDP_RCV_CHECK_TIME_OUT
    3878   00:53F7  18 F5                   jr  TCPIP_UDP_RCV_PORT_ST2
    3879   00:53F9                      TCPIP_UDP_RCV_PORT_ST2.1:
    3880   00:53F9                          ; nz, get it
    3881   00:53F9                          RECEIVE_DATA
    3881   00:53F9  DB 06             >     in a,(IN_DATA_PORT)
    3882   00:53FB  DD 67                   ld  ixh,a
    3883   00:53FD                      
    3884   00:53FD                          ; save the received data in memory
    3885   00:53FD  CD 61 5F                call    REGBACKUP               ; Save the data received so far, registers will change
    3886   00:5400                          ; will start moving at RCV_ADDRESS that was stored in our WORD
    3887   00:5400  CD 22 5F                call    GETWORD
    3888   00:5403                          ; size goes to DE
    3889   00:5403  50                      ld  d,b
    3890   00:5404  59                      ld  e,c
    3891   00:5405                          ; Grauw Optimized 16 bit loop, handy for us, mostly since we can use ini :-D
    3892   00:5405  43                      ld  b,e                         ; Number of loops originaly in DE
    3893   00:5406  1B                      dec de
    3894   00:5407  14                      inc d
    3895   00:5408                          if USE_MEM_IO = 0
    3896   00:5408  0E 06                   ld  c,IN_DATA_PORT
    3897   00:540A                          endif
    3898   00:540A                          CHECK_QUICK_RECEIVE
    3898   00:540A  DB 07             >     in  a,(IN_STS_PORT)
    3898   00:540C  CB 5F             >     bit 3,a
    3899   00:540E  28 11                   jr  z,TCPIP_UDP_RCV_R_NSF       ; If not, go to the old, slower route
    3900   00:5410                          ; Otherwise, let's speed it up baby!
    3901   00:5410                      TCPIP_UDP_RCV_R:
    3902   00:5410                          if USE_MEM_IO = 0
    3903   00:5410  ED B2                   inir
    3904   00:5412                          else
    3905   00:5412                    ~     ld  a,(MEM_IN_DATA_PORT)
    3906   00:5412                    ~     ld  (hl),a
    3907   00:5412                    ~     inc hl
    3908   00:5412                    ~     djnz TCPIP_UDP_RCV_R
    3909   00:5412                    ~     endif
    3910   00:5412  15                      dec d
    3911   00:5413  20 FB                   jr  nz,TCPIP_UDP_RCV_R
    3912   00:5415                          CHECK_BUFFER_UNDERRUN
    3912   00:5415  DB 07             >     in  a,(IN_STS_PORT)
    3912   00:5417  CB 67             >     bit 4,a
    3913   00:5419  C2 25 53                jp  nz,TCPIP_TCP_UDP_RETRY_QRCV ; If yes, retry
    3914   00:541C                          ; Otherwise, done
    3915   00:541C                          ; done, restore return data in DE BC and HL
    3916   00:541C  CD 4A 5F                call    REGRESTORE
    3917   00:541F  AF                      xor a
    3918   00:5420  C9                      ret
    3919   00:5421                          ; Slower route if Interface doesn't implement quick receive
    3920   00:5421                      TCPIP_UDP_RCV_R_NSF:
    3921   00:5421                          CHECK_DATA
    3921   00:5421  DB 07             >     in  a,(IN_STS_PORT)
    3921   00:5423  CB 47             >     bit 0,a
    3922   00:5425  20 05                   jr  nz,TCPIP_UDP_RCV_R_NSF.1
    3923   00:5427  CD 18 53                call    TCPIP_UDP_RCV_CHECK_TIME_OUT
    3924   00:542A  18 F5                   jr  TCPIP_UDP_RCV_R_NSF
    3925   00:542C                      TCPIP_UDP_RCV_R_NSF.1:
    3926   00:542C                          if USE_MEM_IO = 0
    3927   00:542C  ED A2                   ini
    3928   00:542E                          else
    3929   00:542E                    ~     ld  a,(MEM_IN_DATA_PORT)
    3930   00:542E                    ~     ld  (hl),a
    3931   00:542E                    ~     inc hl
    3932   00:542E                    ~     dec b
    3933   00:542E                    ~     endif
    3934   00:542E  20 F1                   jr  nz,TCPIP_UDP_RCV_R_NSF          ; We do not use INIR because we don't know if there is more data, avoiding geting a junk 0xFF
    3935   00:5430  15                      dec d
    3936   00:5431  20 EE                   jr  nz,TCPIP_UDP_RCV_R_NSF
    3937   00:5433                          ; done, restore return data in DE BC and HL
    3938   00:5433  CD 4A 5F                call    REGRESTORE
    3939   00:5436  AF                      xor a
    3940   00:5437  C9                      ret
    3941   00:5438                      
    3942   00:5438                      ;========================
    3943   00:5438                      ;===  TCPIP_TCP_OPEN  ===
    3944   00:5438                      ;========================
    3945   00:5438                      ;Open a TCP connection.
    3946   00:5438                      ;
    3947   00:5438                      ;Input:  A  = 13
    3948   00:5438                      ;        HL = Address of parameters block
    3949   00:5438                      ;Output: A = Error code
    3950   00:5438                      ;        B = Connection number
    3951   00:5438                      ;        C = Connection not open reason (mostly for TLS)
    3952   00:5438                      ;
    3953   00:5438                      ;Parameters block format:
    3954   00:5438                      ;
    3955   00:5438                      ;+0 (4): Remote IP address (0.0.0.0 for unspecified remote socket)
    3956   00:5438                      ;+4 (2): Remote port (ignored if unspecified remote socket)
    3957   00:5438                      ;+6 (2): Local port, 0FFFFh for a random value
    3958   00:5438                      ;+8 (2): Suggestion for user timeout value
    3959   00:5438                      ;+10 (1): Flags:
    3960   00:5438                      ;         bit 0: Set for passive connection
    3961   00:5438                      ;         bit 1: Set for resident connection
    3962   00:5438                      ;         bit 2: Set for TLS connection
    3963   00:5438                      ;         bit 3: Set for TLS connection validating host certificate
    3964   00:5438                      ;+11 (2): If 0000 no host name validation, otherwise the hostname string address (zero terminated)
    3965   00:5438                      ;TCP_OPEN_IP1               (ix+0)
    3966   00:5438                      ;TCP_OPEN_IP2               (ix+1)
    3967   00:5438                      ;TCP_OPEN_IP3               (ix+2)
    3968   00:5438                      ;TCP_OPEN_IP4               (ix+3)
    3969   00:5438                      ;TCP_OPEN_RP                (ix+4)
    3970   00:5438                      ;TCP_OPEN_LP                (ix+6)
    3971   00:5438                      ;TCP_OPEN_TO                (ix+8)
    3972   00:5438                      ;TCP_OPEN_CMD_FLAGS         (ix+10)
    3973   00:5438                      ;TCP_OPEN_CMD_HOST_LSB      (ix+11)
    3974   00:5438                      ;TCP_OPEN_CMD_HOST_MSB      (ix+12)
    3975   00:5438                      
    3976   00:5438                      ; When no connection, let's get the reason and put in register C, as agreed
    3977   00:5438                      ; with Nestor this will be the way to go in the next UNAPI revision
    3978   00:5438                      TCPIP_TCP_OPEN_ERROR:
    3979   00:5438                          ; next two bytes are return code and size bytes, don't care, it is 1, conn close reason
    3980   00:5438  47                      ld  b,a                         ; save error in b
    3981   00:5439  0E 02                   ld  c,2
    3982   00:543B                      TCPIP_TCP_OPEN_ERROR2:
    3983   00:543B                          CHECK_DATA
    3983   00:543B  DB 07             >     in  a,(IN_STS_PORT)
    3983   00:543D  CB 47             >     bit 0,a
    3984   00:543F  20 05                   jr  nz,TCPIP_TCP_OPEN_ERROR2.1
    3985   00:5441  CD D6 4D                call    TCPIP_GENERIC_CHECK_TIME_OUT
    3986   00:5444  18 F5                   jr  TCPIP_TCP_OPEN_ERROR2
    3987   00:5446                      TCPIP_TCP_OPEN_ERROR2.1:
    3988   00:5446                          ; nz, discard
    3989   00:5446                          RECEIVE_DATA
    3989   00:5446  DB 06             >     in a,(IN_DATA_PORT)
    3990   00:5448  0D                      dec c
    3991   00:5449  20 F0                   jr  nz,TCPIP_TCP_OPEN_ERROR2
    3992   00:544B  78                      ld  a,b
    3993   00:544C  FE 0B                   cp  ERR_NO_CONN
    3994   00:544E  20 0E                   jr  nz,TCPIP_TCP_OPEN_ERROR4    ; other errors do not have extra bytes as result
    3995   00:5450                      ; now just get the 1 byte, close reason, should go to C
    3996   00:5450                      TCPIP_TCP_OPEN_ERROR3:
    3997   00:5450                          CHECK_DATA
    3997   00:5450  DB 07             >     in  a,(IN_STS_PORT)
    3997   00:5452  CB 47             >     bit 0,a
    3998   00:5454  20 05                   jr  nz,TCPIP_TCP_OPEN_ERROR3.1
    3999   00:5456  CD D6 4D                call    TCPIP_GENERIC_CHECK_TIME_OUT
    4000   00:5459  18 F5                   jr  TCPIP_TCP_OPEN_ERROR3
    4001   00:545B                      TCPIP_TCP_OPEN_ERROR3.1:
    4002   00:545B                          ; nz, get it
    4003   00:545B                          RECEIVE_DATA
    4003   00:545B  DB 06             >     in a,(IN_DATA_PORT)
    4004   00:545D  4F                      ld  c,a
    4005   00:545E                      TCPIP_TCP_OPEN_ERROR4:
    4006   00:545E                          ; now return w/ error that is saved in b
    4007   00:545E  78                      ld  a,b
    4008   00:545F  06 00                   ld  b,0                         ; no connection, so 0
    4009   00:5461  C9                      ret
    4010   00:5462                      
    4011   00:5462                      TCPIP_TCP_OPEN:
    4012   00:5462  E5                      push    hl                      ; save param block address
    4013   00:5463  7C                      ld  a,h
    4014   00:5464  DD 67                   ld  ixh,a
    4015   00:5466  7D                      ld  a,l
    4016   00:5467  DD 6F                   ld  ixl,a
    4017   00:5469                          ; IX now has the parameters area
    4018   00:5469                          ; most times it will be non tls, so this is the first test case
    4019   00:5469  21 0B 00                ld  hl,11
    4020   00:546C  CD 35 5F                call    SETWORD                 ; If it is non-TLS, send 11 bytes
    4021   00:546F  DD 7E 0A                ld  a,(ix+10)                   ; TCP_OPEN_CMD_FLAGS
    4022   00:5472  CB 57                   bit 2,a
    4023   00:5474  28 5A                   jr  z,TCPIP_TCP_OPEN_NO_TLS
    4024   00:5476                      
    4025   00:5476                          ; TLS, but, do we have host name?
    4026   00:5476  21 0C 00                ld  hl,12
    4027   00:5479  CD 35 5F                call    SETWORD                 ; If it is TLS without host name, send 12 bytes, one zero as host name suffice
    4028   00:547C  DD 6E 0B                ld  l,(ix+11)                   ; TCP_OPEN_CMD_HOST_LSB
    4029   00:547F  DD 7E 0C                ld  a,(ix+12)                   ; TCP_OPEN_CMD_HOST_MSB
    4030   00:5482  B5                      or  l
    4031   00:5483                          ; if TLS and next two bytes are 00 no host to check
    4032   00:5483  28 4B                   jr  z,TCPIP_TCP_OPEN_NO_CHECKHOST
    4033   00:5485                          ; we are here, host to check
    4034   00:5485  DD 66 0C                ld  h,(ix+12)                   ; TCP_OPEN_CMD_HOST_MSB
    4035   00:5488  D1                      pop de                          ; Retrieve parameters address
    4036   00:5489  E5                      push    hl                      ; Save host name address
    4037   00:548A  D5                      push    de                      ; Save Parameters address (so it is in the order we are going to need)
    4038   00:548B                          ; let's check how many bytes there are
    4039   00:548B  11 0B 00                ld  de,11                       ; Start with 11, all params except host name
    4040   00:548E                      TCPIP_TCP_OPEN_CHECK_HOSTOF:
    4041   00:548E  7E                      ld  a,(hl)
    4042   00:548F  13                      inc de                          ; Not zero, so increase size count
    4043   00:5490  23                      inc hl                          ; And next hostname byte
    4044   00:5491  B7                      or  a                           ; If zero, hostname terminated
    4045   00:5492                          ; Loop until terminator (0) is found
    4046   00:5492  C2 8E 54                jp  nz,TCPIP_TCP_OPEN_CHECK_HOSTOF
    4047   00:5495                      
    4048   00:5495                      TCPIP_TCP_OPEN_HOSTNAME_SENDCMDWITHHOSTNAME:
    4049   00:5495                          ; Ok, so, DE has the full hostname size, let's start sending from here
    4050   00:5495  3E 0D                   ld  a,13                        ; Function TCP OPEN
    4051   00:5497                          SEND_DATA                       ; Send the command
    4051   00:5497  D3 07             >     out (OUT_TX_PORT),a
    4052   00:5499  7A                      ld  a,d
    4053   00:549A                          SEND_DATA                       ; Send the command size msb
    4053   00:549A  D3 07             >     out (OUT_TX_PORT),a
    4054   00:549C  7B                      ld  a,e
    4055   00:549D                          SEND_DATA                       ; Send the command size lsb
    4055   00:549D  D3 07             >     out (OUT_TX_PORT),a
    4056   00:549F  E1                      pop hl                          ; Restore the memory address for the parameters
    4057   00:54A0                          ; First send the 11 bytes parameters
    4058   00:54A0                          if USE_MEM_IO = 0
    4059   00:54A0  0E 07                   ld  c,OUT_TX_PORT
    4060   00:54A2  ED A3                   outi
    4061   00:54A4  ED A3                   outi
    4062   00:54A6  ED A3                   outi
    4063   00:54A8  ED A3                   outi
    4064   00:54AA  ED A3                   outi
    4065   00:54AC  ED A3                   outi
    4066   00:54AE  ED A3                   outi
    4067   00:54B0  ED A3                   outi
    4068   00:54B2  ED A3                   outi
    4069   00:54B4  ED A3                   outi
    4070   00:54B6  ED A3                   outi                            ; Unrolled outi is a bit faster :)
    4071   00:54B8                          else
    4072   00:54B8                    ~     ld  b,11                        ; Send 11 bytes
    4073   00:54B8                    ~ TCPIP_TCP_OPEN_HOSTNAME_SENDCMDWITHHOSTNAME_LOOP_PARAM:
    4074   00:54B8                    ~     ld  a,(hl)
    4075   00:54B8                    ~     ld  (MEM_OUT_TX_PORT),a
    4076   00:54B8                    ~     inc hl
    4077   00:54B8                    ~     djnz TCPIP_TCP_OPEN_HOSTNAME_SENDCMDWITHHOSTNAME_LOOP_PARAM
    4078   00:54B8                    ~     endif
    4079   00:54B8  EB                      ex  de,hl                       ; Size in HL
    4080   00:54B9  11 0B 00                ld  de,11
    4081   00:54BC  B7                      or  a                           ; zero flag
    4082   00:54BD  ED 52                   sbc hl,de
    4083   00:54BF  EB                      ex de,hl                        ; and adjusted size back in de
    4084   00:54C0  E1                      pop hl                          ; Restore the memory address for hostname
    4085   00:54C1                      ; Grauw Optimized 16 bit loop, handy for us, mostly since we can use outi :-D
    4086   00:54C1  43                      ld  b,e                         ; Number of loops originaly in DE
    4087   00:54C2  1B                      dec de
    4088   00:54C3  14                      inc d
    4089   00:54C4                          if USE_MEM_IO = 0
    4090   00:54C4  0E 07                   ld  c,OUT_TX_PORT
    4091   00:54C6                      TCPIP_TCP_OPEN_SENDHOSTNAME:
    4092   00:54C6  ED A3                   outi
    4093   00:54C8  20 FC                   jr  nz,TCPIP_TCP_OPEN_SENDHOSTNAME
    4094   00:54CA                          else
    4095   00:54CA                    ~ TCPIP_TCP_OPEN_SENDHOSTNAME:
    4096   00:54CA                    ~     ld  a,(hl)
    4097   00:54CA                    ~     ld  (MEM_OUT_TX_PORT),a
    4098   00:54CA                    ~     inc hl
    4099   00:54CA                    ~     djnz TCPIP_TCP_OPEN_SENDHOSTNAME
    4100   00:54CA                    ~     endif
    4101   00:54CA  15                      dec d
    4102   00:54CB  20 F9                   jr  nz,TCPIP_TCP_OPEN_SENDHOSTNAME
    4103   00:54CD  C3 EC 54                jp  TCPIP_TCP_OPEN_WAIT_RESPONSE
    4104   00:54D0                      
    4105   00:54D0                      TCPIP_TCP_OPEN_NO_TLS:
    4106   00:54D0                      TCPIP_TCP_OPEN_NO_CHECKHOST:
    4107   00:54D0  3E 0D                   ld  a,13                        ; Function TCP OPEN
    4108   00:54D2                          SEND_DATA                       ; Send the command
    4108   00:54D2  D3 07             >     out (OUT_TX_PORT),a
    4109   00:54D4  CD 22 5F                call    GETWORD
    4110   00:54D7  7C                      ld  a,h
    4111   00:54D8  57                      ld  d,a
    4112   00:54D9                          SEND_DATA                       ; Send the command size msb
    4112   00:54D9  D3 07             >     out (OUT_TX_PORT),a
    4113   00:54DB  7D                      ld  a,l
    4114   00:54DC  5F                      ld  e,a
    4115   00:54DD                          SEND_DATA                       ; Send the command size lsb
    4115   00:54DD  D3 07             >     out (OUT_TX_PORT),a
    4116   00:54DF                      
    4117   00:54DF  E1                      pop hl                          ; Restore the memory address for the parameters
    4118   00:54E0                      ; Grauw Optimized 16 bit loop, handy for us, mostly since we can use outi :-D
    4119   00:54E0  43                      ld  b,e                         ; Number of loops originaly in DE
    4120   00:54E1  1B                      dec de
    4121   00:54E2  14                      inc d
    4122   00:54E3                          if USE_MEM_IO = 0
    4123   00:54E3  0E 07                   ld  c,OUT_TX_PORT
    4124   00:54E5                      TCPIP_TCP_OPEN_R:
    4125   00:54E5  ED A3                   outi
    4126   00:54E7  20 FC                   jr  nz,TCPIP_TCP_OPEN_R
    4127   00:54E9                          else
    4128   00:54E9                    ~ TCPIP_TCP_OPEN_R:
    4129   00:54E9                    ~     ld  a,(hl)
    4130   00:54E9                    ~     ld  (MEM_OUT_TX_PORT),a
    4131   00:54E9                    ~     inc hl
    4132   00:54E9                    ~     djnz TCPIP_TCP_OPEN_R
    4133   00:54E9                    ~     endif
    4134   00:54E9  15                      dec d
    4135   00:54EA  20 F9                   jr  nz,TCPIP_TCP_OPEN_R
    4136   00:54EC                      
    4137   00:54EC                      TCPIP_TCP_OPEN_WAIT_RESPONSE:
    4138   00:54EC                          ; Now wait up to 3600 (1 minute @ 60Hz) ticks to get response
    4139   00:54EC                          ; TLS Connections might take SEVERAL seconds on TLS Handshake
    4140   00:54EC                          ; Even more if certificates database is being indexed
    4141   00:54EC  21 10 0E                ld  hl,3600
    4142   00:54EF  CD EC 5E                call    SETCOUNTER
    4143   00:54F2                      TCPIP_TCP_OPEN_ST1:
    4144   00:54F2                          CHECK_DATA
    4144   00:54F2  DB 07             >     in  a,(IN_STS_PORT)
    4144   00:54F4  CB 47             >     bit 0,a
    4145   00:54F6  20 05                   jr  nz,TCPIP_TCP_OPEN_ST1.1
    4146   00:54F8  CD D6 4D                call    TCPIP_GENERIC_CHECK_TIME_OUT
    4147   00:54FB  18 F5                   jr  TCPIP_TCP_OPEN_ST1
    4148   00:54FD                      TCPIP_TCP_OPEN_ST1.1:
    4149   00:54FD                          ; nz, check the data
    4150   00:54FD                          RECEIVE_DATA
    4150   00:54FD  DB 06             >     in a,(IN_DATA_PORT)
    4151   00:54FF  FE 0D                   cp  13                          ; Is response of our command?
    4152   00:5501  20 EF                   jr  nz,TCPIP_TCP_OPEN_ST1
    4153   00:5503                          ; now get return code, if return code other than 0, it is finished
    4154   00:5503                      TCPIP_TCP_OPEN_RC:
    4155   00:5503                          CHECK_DATA
    4155   00:5503  DB 07             >     in  a,(IN_STS_PORT)
    4155   00:5505  CB 47             >     bit 0,a
    4156   00:5507  20 05                   jr  nz,TCPIP_TCP_OPEN_RC.1
    4157   00:5509  CD D6 4D                call    TCPIP_GENERIC_CHECK_TIME_OUT
    4158   00:550C  18 F5                   jr  TCPIP_TCP_OPEN_RC
    4159   00:550E                      TCPIP_TCP_OPEN_RC.1:
    4160   00:550E                          ; nz, discard
    4161   00:550E                          RECEIVE_DATA
    4161   00:550E  DB 06             >     in a,(IN_DATA_PORT)
    4162   00:5510  B7                      or  a                           ; 0?
    4163   00:5511  C2 38 54                jp  nz,TCPIP_TCP_OPEN_ERROR
    4164   00:5514                      
    4165   00:5514                          ; next two bytes are size bytes, don't care, it is 1, conn #
    4166   00:5514  06 02                   ld  b,2
    4167   00:5516                      TCPIP_TCP_OPEN_ST2:
    4168   00:5516                          CHECK_DATA
    4168   00:5516  DB 07             >     in  a,(IN_STS_PORT)
    4168   00:5518  CB 47             >     bit 0,a
    4169   00:551A  20 05                   jr  nz,TCPIP_TCP_OPEN_ST2.1
    4170   00:551C  CD D6 4D                call    TCPIP_GENERIC_CHECK_TIME_OUT
    4171   00:551F  18 F5                   jr  TCPIP_TCP_OPEN_ST2
    4172   00:5521                      TCPIP_TCP_OPEN_ST2.1:
    4173   00:5521                          ; nz, discard
    4174   00:5521                          RECEIVE_DATA
    4174   00:5521  DB 06             >     in a,(IN_DATA_PORT)
    4175   00:5523  05                      dec b
    4176   00:5524  20 F0                   jr  nz,TCPIP_TCP_OPEN_ST2
    4177   00:5526                      
    4178   00:5526                          ; now just get the 1 byte, conn#, should go to B
    4179   00:5526                      TCPIP_TCP_OPEN_CONN_ST1:
    4180   00:5526                          CHECK_DATA
    4180   00:5526  DB 07             >     in  a,(IN_STS_PORT)
    4180   00:5528  CB 47             >     bit 0,a
    4181   00:552A  20 05                   jr  nz,TCPIP_TCP_OPEN_CONN_ST1.1
    4182   00:552C  CD D6 4D                call    TCPIP_GENERIC_CHECK_TIME_OUT
    4183   00:552F  18 F5                   jr  TCPIP_TCP_OPEN_CONN_ST1
    4184   00:5531                      TCPIP_TCP_OPEN_CONN_ST1.1:
    4185   00:5531                          ; nz, get it
    4186   00:5531                          RECEIVE_DATA
    4186   00:5531  DB 06             >     in a,(IN_DATA_PORT)
    4187   00:5533  47                      ld  b,a
    4188   00:5534                          ; done
    4189   00:5534  AF                      xor a
    4190   00:5535  C9                      ret
    4191   00:5536                      
    4192   00:5536                      ;=========================
    4193   00:5536                      ;===  TCPIP_TCP_CLOSE  ===
    4194   00:5536                      ;=========================
    4195   00:5536                      ;Close a TCP connection.
    4196   00:5536                      ;
    4197   00:5536                      ;Input:  A = 14
    4198   00:5536                      ;        B = Connection number
    4199   00:5536                      ;            0 to close all open transient UDP connections
    4200   00:5536                      ;Output: A = Error code
    4201   00:5536                      TCPIP_TCP_CLOSE:
    4202   00:5536                          SEND_DATA                       ; Send the command
    4202   00:5536  D3 07             >     out (OUT_TX_PORT),a
    4203   00:5538  AF                      xor a
    4204   00:5539                          SEND_DATA                       ; Send the command size msb
    4204   00:5539  D3 07             >     out (OUT_TX_PORT),a
    4205   00:553B  3E 01                   ld  a,1
    4206   00:553D                          SEND_DATA                       ; Send the command size lsb
    4206   00:553D  D3 07             >     out (OUT_TX_PORT),a
    4207   00:553F  78                      ld  a,b
    4208   00:5540                          SEND_DATA                       ; Send the connection #
    4208   00:5540  D3 07             >     out (OUT_TX_PORT),a
    4209   00:5542                          ; Now wait up to 180 ticks to get response
    4210   00:5542  21 B4 00                ld  hl,180
    4211   00:5545  CD EC 5E                call    SETCOUNTER
    4212   00:5548                      TCPIP_TCP_CLOSE_ST1:
    4213   00:5548                          CHECK_DATA
    4213   00:5548  DB 07             >     in  a,(IN_STS_PORT)
    4213   00:554A  CB 47             >     bit 0,a
    4214   00:554C  20 05                   jr  nz,TCPIP_TCP_CLOSE_ST1.1
    4215   00:554E  CD D6 4D                call    TCPIP_GENERIC_CHECK_TIME_OUT
    4216   00:5551  18 F5                   jr  TCPIP_TCP_CLOSE_ST1
    4217   00:5553                      TCPIP_TCP_CLOSE_ST1.1:
    4218   00:5553                          ; nz, check the data
    4219   00:5553                          RECEIVE_DATA
    4219   00:5553  DB 06             >     in a,(IN_DATA_PORT)
    4220   00:5555  FE 0E                   cp  14                          ; Is response of our command?
    4221   00:5557  20 EF                   jr  nz,TCPIP_TCP_CLOSE_ST1
    4222   00:5559                          ; now get return code, if return code other than 0, it is finished
    4223   00:5559                      TCPIP_TCP_CLOSE_RC:
    4224   00:5559                          CHECK_DATA
    4224   00:5559  DB 07             >     in  a,(IN_STS_PORT)
    4224   00:555B  CB 47             >     bit 0,a
    4225   00:555D  20 05                   jr  nz,TCPIP_TCP_CLOSE_RC.1
    4226   00:555F  CD D6 4D                call    TCPIP_GENERIC_CHECK_TIME_OUT
    4227   00:5562  18 F5                   jr  TCPIP_TCP_CLOSE_RC
    4228   00:5564                      TCPIP_TCP_CLOSE_RC.1:
    4229   00:5564                          ; nz, discard
    4230   00:5564                          RECEIVE_DATA
    4230   00:5564  DB 06             >     in a,(IN_DATA_PORT)
    4231   00:5566  B7                      or  a                           ; 0?
    4232   00:5567  C0                      ret nz                          ; if not, done
    4233   00:5568                      
    4234   00:5568                          ; next two bytes are return code and size bytes, don't care, it is 0
    4235   00:5568  06 02                   ld  b,2
    4236   00:556A                      TCPIP_TCP_CLOSE_ST2:
    4237   00:556A                          CHECK_DATA
    4237   00:556A  DB 07             >     in  a,(IN_STS_PORT)
    4237   00:556C  CB 47             >     bit 0,a
    4238   00:556E  20 05                   jr  nz,TCPIP_TCP_CLOSE_ST2.1
    4239   00:5570  CD D6 4D                call    TCPIP_GENERIC_CHECK_TIME_OUT
    4240   00:5573  18 F5                   jr  TCPIP_TCP_CLOSE_ST2
    4241   00:5575                      TCPIP_TCP_CLOSE_ST2.1:
    4242   00:5575                          ; nz, discard
    4243   00:5575                          RECEIVE_DATA
    4243   00:5575  DB 06             >     in a,(IN_DATA_PORT)
    4244   00:5577  05                      dec b
    4245   00:5578  20 F0                   jr  nz,TCPIP_TCP_CLOSE_ST2
    4246   00:557A                      
    4247   00:557A                          ; done, no return data other than return code
    4248   00:557A  AF                      xor a
    4249   00:557B  C9                      ret
    4250   00:557C                      
    4251   00:557C                      ;========================
    4252   00:557C                      ;===     SSH_OPEN     ===
    4253   00:557C                      ;========================
    4254   00:557C                      ;Open a SSH connection.
    4255   00:557C                      ;
    4256   00:557C                      ;Input:  A  = 2
    4257   00:557C                      ;        HL = Address of parameters block
    4258   00:557C                      ;Output: A = Error code
    4259   00:557C                      ;        B = Connection number
    4260   00:557C                      ;
    4261   00:557C                      ;Parameters block format:
    4262   00:557C                      ;
    4263   00:557C                      ;+0 (4): Remote IP address (0.0.0.0 for unspecified remote socket)
    4264   00:557C                      ;+4 (2): Remote port (ignored if unspecified remote socket)
    4265   00:557C                      ;+6 (1): Subsystem
    4266   00:557C                      ;+7 (1): Flags
    4267   00:557C                      ;+8 (variable): username (0 terminated) and then password or public key (0 terminated)
    4268   00:557C                      ;
    4269   00:557C                      ;Parameter block MUST have at least 32 bytes available if doing host key verification
    4270   00:557C                      ;as unknown host key hash will be returned in it
    4271   00:557C                      
    4272   00:557C                      SSH_OPEN:
    4273   00:557C  E5                      push    hl                      ; save param block address
    4274   00:557D  3E 08                   ld  a,8
    4275   00:557F  85                      add a,l
    4276   00:5580  6F                      ld  l,a
    4277   00:5581  30 01                   jr  nc,SSH_OPEN_1
    4278   00:5583  24                      inc h
    4279   00:5584                      SSH_OPEN_1:
    4280   00:5584                          ; let's check how many bytes there are
    4281   00:5584  11 08 00                ld  de,8                        ; Start with 8, all params except username and password
    4282   00:5587                      SSH_OPEN_CHECK_USER:
    4283   00:5587  7E                      ld  a,(hl)
    4284   00:5588  13                      inc de                          ; Increase size count
    4285   00:5589  23                      inc hl                          ; And next byte
    4286   00:558A  B7                      or  a                           ; If zero, user terminated
    4287   00:558B                          ; Loop until terminator (0) is found
    4288   00:558B  C2 87 55                jp  nz,SSH_OPEN_CHECK_USER
    4289   00:558E                      SSH_OPEN_CHECK_PASS:
    4290   00:558E  7E                      ld  a,(hl)
    4291   00:558F  13                      inc de                          ; Increase size count
    4292   00:5590  23                      inc hl                          ; And next byte
    4293   00:5591  B7                      or  a                           ; If zero, password terminated
    4294   00:5592                          ; Loop until terminator (0) is found
    4295   00:5592  C2 8E 55                jp  nz,SSH_OPEN_CHECK_PASS
    4296   00:5595                      
    4297   00:5595                      SSH_OPEN_SENDCMD:
    4298   00:5595                          ; Ok, so, DE has the full data size, let's start sending from here
    4299   00:5595  3E 82                   ld  a,#82                       ; Function SSH OPEN
    4300   00:5597                          SEND_DATA                       ; Send the command
    4300   00:5597  D3 07             >     out (OUT_TX_PORT),a
    4301   00:5599  7A                      ld  a,d
    4302   00:559A                          SEND_DATA                       ; Send the command size msb
    4302   00:559A  D3 07             >     out (OUT_TX_PORT),a
    4303   00:559C  7B                      ld  a,e
    4304   00:559D                          SEND_DATA                       ; Send the command size lsb
    4304   00:559D  D3 07             >     out (OUT_TX_PORT),a
    4305   00:559F  E1                      pop hl                          ; Restore the memory address for the parameters
    4306   00:55A0  E5                      push    hl                      ; we might need it later
    4307   00:55A1                      ; Grauw Optimized 16 bit loop, handy for us, mostly since we can use outi :-D
    4308   00:55A1  43                      ld  b,e                         ; Number of loops originaly in DE
    4309   00:55A2  1B                      dec de
    4310   00:55A3  14                      inc d
    4311   00:55A4                          if USE_MEM_IO = 0
    4312   00:55A4  0E 07                   ld  c,OUT_TX_PORT
    4313   00:55A6                      SSH_OPEN_SENDDATA:
    4314   00:55A6  ED A3                   outi
    4315   00:55A8  20 FC                   jr  nz,SSH_OPEN_SENDDATA
    4316   00:55AA                          else
    4317   00:55AA                    ~ SSH_OPEN_SENDDATA:
    4318   00:55AA                    ~     ld  a,(hl)
    4319   00:55AA                    ~     ld  (MEM_OUT_TX_PORT),a
    4320   00:55AA                    ~     inc hl
    4321   00:55AA                    ~     djnz SSH_OPEN_SENDDATA
    4322   00:55AA                    ~     endif
    4323   00:55AA  15                      dec d
    4324   00:55AB  20 F9                   jr  nz,SSH_OPEN_SENDDATA
    4325   00:55AD                          ; Now wait up to 3600 (1 minute @ 60Hz) ticks to get response
    4326   00:55AD  21 10 0E                ld  hl,3600
    4327   00:55B0  CD EC 5E                call    SETCOUNTER
    4328   00:55B3                      SSH_OPEN_ST1:
    4329   00:55B3                          CHECK_DATA
    4329   00:55B3  DB 07             >     in  a,(IN_STS_PORT)
    4329   00:55B5  CB 47             >     bit 0,a
    4330   00:55B7  20 05                   jr  nz,SSH_OPEN_ST1.1
    4331   00:55B9  CD D6 4D                call    TCPIP_GENERIC_CHECK_TIME_OUT
    4332   00:55BC  18 F5                   jr  SSH_OPEN_ST1
    4333   00:55BE                      SSH_OPEN_ST1.1:
    4334   00:55BE                          ; nz, check the data
    4335   00:55BE                          RECEIVE_DATA
    4335   00:55BE  DB 06             >     in a,(IN_DATA_PORT)
    4336   00:55C0  FE 82                   cp  #82                         ; Is response of our command?
    4337   00:55C2  20 EF                   jr  nz,SSH_OPEN_ST1
    4338   00:55C4                          ; now get return code, if return code other than 0, it is finished
    4339   00:55C4                      SSH_OPEN_RC:
    4340   00:55C4                          CHECK_DATA
    4340   00:55C4  DB 07             >     in  a,(IN_STS_PORT)
    4340   00:55C6  CB 47             >     bit 0,a
    4341   00:55C8  20 05                   jr  nz,SSH_OPEN_RC.1
    4342   00:55CA  CD D6 4D                call    TCPIP_GENERIC_CHECK_TIME_OUT
    4343   00:55CD  18 F5                   jr  SSH_OPEN_RC
    4344   00:55CF                      SSH_OPEN_RC.1:
    4345   00:55CF                          ; nz, discard
    4346   00:55CF                          RECEIVE_DATA
    4346   00:55CF  DB 06             >     in a,(IN_DATA_PORT)
    4347   00:55D1  D1                      pop de                          ; restore memory area address in DE just in case it is needed
    4348   00:55D2  FE 84                   cp  132
    4349   00:55D4  28 24                   jr  z,SSH_OPEN_HOSTHASH
    4350   00:55D6  B7                      or  a                           ; 0?
    4351   00:55D7  C0                      ret nz
    4352   00:55D8                      
    4353   00:55D8                          ; next two bytes are size bytes, don't care, it is 1, conn #
    4354   00:55D8  06 02                   ld  b,2
    4355   00:55DA                      SSH_OPEN_ST2:
    4356   00:55DA                          CHECK_DATA
    4356   00:55DA  DB 07             >     in  a,(IN_STS_PORT)
    4356   00:55DC  CB 47             >     bit 0,a
    4357   00:55DE  20 05                   jr  nz,SSH_OPEN_ST2.1
    4358   00:55E0  CD D6 4D                call    TCPIP_GENERIC_CHECK_TIME_OUT
    4359   00:55E3  18 F5                   jr  SSH_OPEN_ST2
    4360   00:55E5                      SSH_OPEN_ST2.1:
    4361   00:55E5                          ; nz, discard
    4362   00:55E5                          RECEIVE_DATA
    4362   00:55E5  DB 06             >     in a,(IN_DATA_PORT)
    4363   00:55E7  05                      dec b
    4364   00:55E8  20 F0                   jr  nz,SSH_OPEN_ST2
    4365   00:55EA                      
    4366   00:55EA                          ; now just get the 1 byte, conn#, should go to B
    4367   00:55EA                      SSH_OPEN_CONN_ST1:
    4368   00:55EA                          CHECK_DATA
    4368   00:55EA  DB 07             >     in  a,(IN_STS_PORT)
    4368   00:55EC  CB 47             >     bit 0,a
    4369   00:55EE  20 05                   jr  nz,SSH_OPEN_CONN_ST1.1
    4370   00:55F0  CD D6 4D                call    TCPIP_GENERIC_CHECK_TIME_OUT
    4371   00:55F3  18 F5                   jr  SSH_OPEN_CONN_ST1
    4372   00:55F5                      SSH_OPEN_CONN_ST1.1:
    4373   00:55F5                          ; nz, get it
    4374   00:55F5                          RECEIVE_DATA
    4374   00:55F5  DB 06             >     in a,(IN_DATA_PORT)
    4375   00:55F7  47                      ld  b,a
    4376   00:55F8                          ; done
    4377   00:55F8  AF                      xor a
    4378   00:55F9  C9                      ret
    4379   00:55FA                      
    4380   00:55FA                      SSH_OPEN_HOSTHASH:
    4381   00:55FA                          ; HL has memory area to write host fingerprint / hash
    4382   00:55FA                          ; we will receive size, should be 33, 1 byte for connection ID
    4383   00:55FA                          ; 32 bytes for fingerprint / hash
    4384   00:55FA                          CHECK_DATA
    4384   00:55FA  DB 07             >     in  a,(IN_STS_PORT)
    4384   00:55FC  CB 47             >     bit 0,a
    4385   00:55FE  20 05                   jr  nz,SSH_OPEN_HOSTHASH.1
    4386   00:5600  CD AD 5A                call    TCPIP_TCP_RCV_CHECK_TIME_OUT
    4387   00:5603  18 F5                   jr  SSH_OPEN_HOSTHASH
    4388   00:5605                      SSH_OPEN_HOSTHASH.1:
    4389   00:5605                          ; nz, high byte count of bytes to receive
    4390   00:5605                          RECEIVE_DATA
    4390   00:5605  DB 06             >     in a,(IN_DATA_PORT)
    4391   00:5607  67                      ld h,a
    4392   00:5608                      SSH_OPEN_HOSTHASHB:
    4393   00:5608                          CHECK_DATA
    4393   00:5608  DB 07             >     in  a,(IN_STS_PORT)
    4393   00:560A  CB 47             >     bit 0,a
    4394   00:560C  20 05                   jr  nz,SSH_OPEN_HOSTHASHB.1
    4395   00:560E  CD AD 5A                call    TCPIP_TCP_RCV_CHECK_TIME_OUT
    4396   00:5611  18 F5                   jr  SSH_OPEN_HOSTHASHB
    4397   00:5613                      SSH_OPEN_HOSTHASHB.1:
    4398   00:5613                          ; nz, low byte count of bytes to receive
    4399   00:5613                          RECEIVE_DATA
    4399   00:5613  DB 06             >     in a,(IN_DATA_PORT)
    4400   00:5615  6F                      ld  l,a
    4401   00:5616  B4                      or  h
    4402   00:5617                          ; if it was 0, no data
    4403   00:5617                          if USE_MEM_IO = 1
    4404   00:5617                    ~     jp  z,TCPIP_TCP_RCV_RET_NODATA  ; not a typo, no need to make the same code again
    4405   00:5617                    ~     else
    4406   00:5617  CA E2 5A                jp  z,TCPIP_TCP_RCV_RET_NODATA  ; not a typo, no need to make the same code again
    4407   00:561A                          endif
    4408   00:561A  2B                      dec hl                          ; decrement one byte, first is connection will go to B
    4409   00:561B                          ; Now get connection number and save it 
    4410   00:561B                      SSH_OPEN_HOSTHASH_CONN:
    4411   00:561B                          CHECK_DATA
    4411   00:561B  DB 07             >     in  a,(IN_STS_PORT)
    4411   00:561D  CB 47             >     bit 0,a
    4412   00:561F  20 05                   jr  nz,SSH_OPEN_HOSTHASH_CONN.1
    4413   00:5621  CD AD 5A                call    TCPIP_TCP_RCV_CHECK_TIME_OUT
    4414   00:5624  18 F5                   jr  SSH_OPEN_HOSTHASH_CONN
    4415   00:5626                      SSH_OPEN_HOSTHASH_CONN.1:
    4416   00:5626                          ; nz, connection number
    4417   00:5626                          RECEIVE_DATA
    4417   00:5626  DB 06             >     in a,(IN_DATA_PORT)
    4418   00:5628  47                      ld b,a
    4419   00:5629  C5                      push    bc                      ; save it
    4420   00:562A                      
    4421   00:562A  4D                      ld  c,l
    4422   00:562B  44                      ld  b,h                         ; BC has effective received data size, as well as HL
    4423   00:562C                      
    4424   00:562C                          ; put effective data size in de
    4425   00:562C  EB                      ex  de,hl
    4426   00:562D                          ; address was in de, now in HL, BC effective received size
    4427   00:562D                      
    4428   00:562D                          ; Grauw Optimized 16 bit loop, handy for us, mostly since we can use ini :-D
    4429   00:562D  43                      ld  b,e                         ; Number of loops originaly in DE
    4430   00:562E  1B                      dec de
    4431   00:562F  14                      inc d
    4432   00:5630                          if USE_MEM_IO = 0
    4433   00:5630  0E 06                   ld  c,IN_DATA_PORT
    4434   00:5632                          endif
    4435   00:5632                      SSH_OPEN_HOSTHASH_NSF:
    4436   00:5632                          CHECK_DATA
    4436   00:5632  DB 07             >     in  a,(IN_STS_PORT)
    4436   00:5634  CB 47             >     bit 0,a
    4437   00:5636  20 05                   jr  nz,SSH_OPEN_HOSTHASH_NSF.1
    4438   00:5638  CD AD 5A                call    TCPIP_TCP_RCV_CHECK_TIME_OUT
    4439   00:563B  18 F5                   jr  SSH_OPEN_HOSTHASH_NSF
    4440   00:563D                      SSH_OPEN_HOSTHASH_NSF.1:
    4441   00:563D                          if USE_MEM_IO = 0
    4442   00:563D  ED A2                   ini
    4443   00:563F                          else
    4444   00:563F                    ~     ld  a,(MEM_IN_DATA_PORT)
    4445   00:563F                    ~     ld  (hl),a
    4446   00:563F                    ~     inc hl
    4447   00:563F                    ~     dec b
    4448   00:563F                    ~     endif
    4449   00:563F  20 F1                   jr  nz,SSH_OPEN_HOSTHASH_NSF
    4450   00:5641  15                      dec d
    4451   00:5642  20 EE                   jr nz,SSH_OPEN_HOSTHASH_NSF
    4452   00:5644                          ; restore BC to get conn # in B
    4453   00:5644  C1                      pop bc
    4454   00:5645                          ; if we are here, return code is 132, unknown host
    4455   00:5645  3E 84                   ld  a,132
    4456   00:5647  C9                      ret
    4457   00:5648                      
    4458   00:5648                      ;==========================
    4459   00:5648                      ;=== SSH_ADD_KNOWN_HOST ===
    4460   00:5648                      ;==========================
    4461   00:5648                      ;Add an unknown host whose connection we tried to open as known
    4462   00:5648                      ;
    4463   00:5648                      ;Input:  A = 11
    4464   00:5648                      ;        B = Connection number
    4465   00:5648                      ;Output: A = Error code
    4466   00:5648                      
    4467   00:5648                      SSH_ADD_KNOWN_HOST:
    4468   00:5648  CB FF                   set 7,a                         ; ESP SSH commands start at #80
    4469   00:564A                          SEND_DATA                       ; Send the command
    4469   00:564A  D3 07             >     out (OUT_TX_PORT),a
    4470   00:564C  AF                      xor a
    4471   00:564D                          SEND_DATA                       ; Send the command size msb
    4471   00:564D  D3 07             >     out (OUT_TX_PORT),a
    4472   00:564F  3E 01                   ld  a,1
    4473   00:5651                          SEND_DATA                       ; Send the command size lsb
    4473   00:5651  D3 07             >     out (OUT_TX_PORT),a
    4474   00:5653  78                      ld  a,b
    4475   00:5654                          SEND_DATA                       ; Send the connection #
    4475   00:5654  D3 07             >     out (OUT_TX_PORT),a
    4476   00:5656                          ; Now wait up to 180 ticks to get response
    4477   00:5656  21 B4 00                ld  hl,180
    4478   00:5659  CD EC 5E                call    SETCOUNTER
    4479   00:565C                      SSH_ADD_KNOWN_HOST_ST1:
    4480   00:565C                          CHECK_DATA
    4480   00:565C  DB 07             >     in  a,(IN_STS_PORT)
    4480   00:565E  CB 47             >     bit 0,a
    4481   00:5660  20 05                   jr  nz,SSH_ADD_KNOWN_HOST_ST1.1
    4482   00:5662  CD D6 4D                call    TCPIP_GENERIC_CHECK_TIME_OUT
    4483   00:5665  18 F5                   jr  SSH_ADD_KNOWN_HOST_ST1
    4484   00:5667                      SSH_ADD_KNOWN_HOST_ST1.1:
    4485   00:5667                          ; nz, check the data
    4486   00:5667                          RECEIVE_DATA
    4486   00:5667  DB 06             >     in a,(IN_DATA_PORT)
    4487   00:5669  FE 8B                   cp  #8b                         ; Is response of our command?
    4488   00:566B  20 EF                   jr  nz,SSH_ADD_KNOWN_HOST_ST1
    4489   00:566D                          ; now get return code, if return code other than 0, it is finished
    4490   00:566D                      SSH_ADD_KNOWN_HOST_RC:
    4491   00:566D                          CHECK_DATA
    4491   00:566D  DB 07             >     in  a,(IN_STS_PORT)
    4491   00:566F  CB 47             >     bit 0,a
    4492   00:5671  20 05                   jr  nz,SSH_ADD_KNOWN_HOST_RC.1
    4493   00:5673  CD D6 4D                call    TCPIP_GENERIC_CHECK_TIME_OUT
    4494   00:5676  18 F5                   jr  SSH_ADD_KNOWN_HOST_RC
    4495   00:5678                      SSH_ADD_KNOWN_HOST_RC.1:
    4496   00:5678                          ; nz, discard
    4497   00:5678                          RECEIVE_DATA
    4497   00:5678  DB 06             >     in a,(IN_DATA_PORT)
    4498   00:567A  B7                      or  a                           ; 0?
    4499   00:567B  C0                      ret nz                          ; if not, done
    4500   00:567C                      
    4501   00:567C                          ; next two bytes are return code and size bytes, don't care, it is 0
    4502   00:567C  06 02                   ld  b,2
    4503   00:567E                      SSH_ADD_KNOWN_HOST_ST2:
    4504   00:567E                          CHECK_DATA
    4504   00:567E  DB 07             >     in  a,(IN_STS_PORT)
    4504   00:5680  CB 47             >     bit 0,a
    4505   00:5682  20 05                   jr  nz,SSH_ADD_KNOWN_HOST_ST2.1
    4506   00:5684  CD D6 4D                call    TCPIP_GENERIC_CHECK_TIME_OUT
    4507   00:5687  18 F5                   jr  SSH_ADD_KNOWN_HOST_ST2
    4508   00:5689                      SSH_ADD_KNOWN_HOST_ST2.1:
    4509   00:5689                          ; nz, discard
    4510   00:5689                          RECEIVE_DATA
    4510   00:5689  DB 06             >     in a,(IN_DATA_PORT)
    4511   00:568B  05                      dec b
    4512   00:568C  20 F0                   jr  nz,SSH_ADD_KNOWN_HOST_ST2
    4513   00:568E                      
    4514   00:568E                          ; done, no return data other than return code
    4515   00:568E  AF                      xor a
    4516   00:568F  C9                      ret
    4517   00:5690                      
    4518   00:5690                      ;=========================
    4519   00:5690                      ;===     SSH_CLOSE     ===
    4520   00:5690                      ;=========================
    4521   00:5690                      ;Close a SSH connection.
    4522   00:5690                      ;
    4523   00:5690                      ;Input:  A = 3
    4524   00:5690                      ;        B = Connection number
    4525   00:5690                      ;Output: A = Error code
    4526   00:5690                      SSH_CLOSE:
    4527   00:5690  CB FF                   set 7,a                         ; ESP SSH commands start at #80
    4528   00:5692                          SEND_DATA                       ; Send the command
    4528   00:5692  D3 07             >     out (OUT_TX_PORT),a
    4529   00:5694  AF                      xor a
    4530   00:5695                          SEND_DATA                       ; Send the command size msb
    4530   00:5695  D3 07             >     out (OUT_TX_PORT),a
    4531   00:5697  3E 01                   ld  a,1
    4532   00:5699                          SEND_DATA                       ; Send the command size lsb
    4532   00:5699  D3 07             >     out (OUT_TX_PORT),a
    4533   00:569B  78                      ld  a,b
    4534   00:569C                          SEND_DATA                       ; Send the connection #
    4534   00:569C  D3 07             >     out (OUT_TX_PORT),a
    4535   00:569E                          ; Now wait up to 180 ticks to get response
    4536   00:569E  21 B4 00                ld  hl,180
    4537   00:56A1  CD EC 5E                call    SETCOUNTER
    4538   00:56A4                      SSH_CLOSE_ST1:
    4539   00:56A4                          CHECK_DATA
    4539   00:56A4  DB 07             >     in  a,(IN_STS_PORT)
    4539   00:56A6  CB 47             >     bit 0,a
    4540   00:56A8  20 05                   jr  nz,SSH_CLOSE_ST1.1
    4541   00:56AA  CD D6 4D                call    TCPIP_GENERIC_CHECK_TIME_OUT
    4542   00:56AD  18 F5                   jr  SSH_CLOSE_ST1
    4543   00:56AF                      SSH_CLOSE_ST1.1:
    4544   00:56AF                          ; nz, check the data
    4545   00:56AF                          RECEIVE_DATA
    4545   00:56AF  DB 06             >     in a,(IN_DATA_PORT)
    4546   00:56B1  FE 83                   cp  #83                         ; Is response of our command?
    4547   00:56B3  20 EF                   jr  nz,SSH_CLOSE_ST1
    4548   00:56B5                          ; now get return code, if return code other than 0, it is finished
    4549   00:56B5                      SSH_CLOSE_RC:
    4550   00:56B5                          CHECK_DATA
    4550   00:56B5  DB 07             >     in  a,(IN_STS_PORT)
    4550   00:56B7  CB 47             >     bit 0,a
    4551   00:56B9  20 05                   jr  nz,SSH_CLOSE_RC.1
    4552   00:56BB  CD D6 4D                call    TCPIP_GENERIC_CHECK_TIME_OUT
    4553   00:56BE  18 F5                   jr  SSH_CLOSE_RC
    4554   00:56C0                      SSH_CLOSE_RC.1:
    4555   00:56C0                          ; nz, discard
    4556   00:56C0                          RECEIVE_DATA
    4556   00:56C0  DB 06             >     in a,(IN_DATA_PORT)
    4557   00:56C2  B7                      or  a                           ; 0?
    4558   00:56C3  C0                      ret nz                          ; if not, done
    4559   00:56C4                      
    4560   00:56C4                          ; next two bytes are return code and size bytes, don't care, it is 0
    4561   00:56C4  06 02                   ld  b,2
    4562   00:56C6                      SSH_CLOSE_ST2:
    4563   00:56C6                          CHECK_DATA
    4563   00:56C6  DB 07             >     in  a,(IN_STS_PORT)
    4563   00:56C8  CB 47             >     bit 0,a
    4564   00:56CA  20 05                   jr  nz,SSH_CLOSE_ST2.1
    4565   00:56CC  CD D6 4D                call    TCPIP_GENERIC_CHECK_TIME_OUT
    4566   00:56CF  18 F5                   jr  SSH_CLOSE_ST2
    4567   00:56D1                      SSH_CLOSE_ST2.1:
    4568   00:56D1                          ; nz, discard
    4569   00:56D1                          RECEIVE_DATA
    4569   00:56D1  DB 06             >     in a,(IN_DATA_PORT)
    4570   00:56D3  05                      dec b
    4571   00:56D4  20 F0                   jr  nz,SSH_CLOSE_ST2
    4572   00:56D6                      
    4573   00:56D6                          ; done, no return data other than return code
    4574   00:56D6  AF                      xor a
    4575   00:56D7  C9                      ret
    4576   00:56D8                      
    4577   00:56D8                      ;=========================
    4578   00:56D8                      ;===     SSH_STATE     ===
    4579   00:56D8                      ;=========================
    4580   00:56D8                      ;Get the state of a SSH connection.
    4581   00:56D8                      ;
    4582   00:56D8                      ;Input:  A = 4
    4583   00:56D8                      ;        B = Connection number
    4584   00:56D8                      ;Output: A = Error code
    4585   00:56D8                      ;        B = Connection state
    4586   00:56D8                      ;       HL = Number of available bytes
    4587   00:56D8                      SSH_STATE:
    4588   00:56D8  CB FF                   set 7,a                         ; ESP SSH commands start at #80
    4589   00:56DA                          SEND_DATA                       ; Send the command
    4589   00:56DA  D3 07             >     out (OUT_TX_PORT),a
    4590   00:56DC  AF                      xor a
    4591   00:56DD                          SEND_DATA                       ; Send the command size msb
    4591   00:56DD  D3 07             >     out (OUT_TX_PORT),a
    4592   00:56DF  3E 01                   ld  a,1
    4593   00:56E1                          SEND_DATA                       ; Send the command size lsb
    4593   00:56E1  D3 07             >     out (OUT_TX_PORT),a
    4594   00:56E3  78                      ld  a,b
    4595   00:56E4                          SEND_DATA                       ; Send the connection #
    4595   00:56E4  D3 07             >     out (OUT_TX_PORT),a
    4596   00:56E6                          ; Now wait up to 180 ticks to get response
    4597   00:56E6  21 B4 00                ld  hl,180
    4598   00:56E9  CD EC 5E                call    SETCOUNTER
    4599   00:56EC                      SSH_STATE_ST1:
    4600   00:56EC                          CHECK_DATA
    4600   00:56EC  DB 07             >     in  a,(IN_STS_PORT)
    4600   00:56EE  CB 47             >     bit 0,a
    4601   00:56F0  20 05                   jr  nz,SSH_STATE_ST1.1
    4602   00:56F2  CD D6 4D                call    TCPIP_GENERIC_CHECK_TIME_OUT
    4603   00:56F5  18 F5                   jr  SSH_STATE_ST1
    4604   00:56F7                      SSH_STATE_ST1.1:
    4605   00:56F7                          ; nz, check the data
    4606   00:56F7                          RECEIVE_DATA
    4606   00:56F7  DB 06             >     in a,(IN_DATA_PORT)
    4607   00:56F9  FE 84                   cp  #84                         ; Is response of our command?
    4608   00:56FB  20 EF                   jr  nz,SSH_STATE_ST1
    4609   00:56FD                          ; now get return code, if return code other than 0, it is finished
    4610   00:56FD                      SSH_STATE_RC:
    4611   00:56FD                          CHECK_DATA
    4611   00:56FD  DB 07             >     in  a,(IN_STS_PORT)
    4611   00:56FF  CB 47             >     bit 0,a
    4612   00:5701  20 05                   jr  nz,SSH_STATE_RC.1
    4613   00:5703  CD D6 4D                call    TCPIP_GENERIC_CHECK_TIME_OUT
    4614   00:5706  18 F5                   jr  SSH_STATE_RC
    4615   00:5708                      SSH_STATE_RC.1:
    4616   00:5708                          ; nz, discard
    4617   00:5708                          RECEIVE_DATA
    4617   00:5708  DB 06             >     in a,(IN_DATA_PORT)
    4618   00:570A  B7                      or  a                           ; 0?
    4619   00:570B  C0                      ret nz                          ; if not, done
    4620   00:570C                      
    4621   00:570C                          ; next two bytes are size bytes, don't care, it is fixed as 3 if ok
    4622   00:570C  06 02                   ld  b,2
    4623   00:570E                      SSH_STATE_ST2:
    4624   00:570E                          CHECK_DATA
    4624   00:570E  DB 07             >     in  a,(IN_STS_PORT)
    4624   00:5710  CB 47             >     bit 0,a
    4625   00:5712  20 05                   jr  nz,SSH_STATE_ST2.1
    4626   00:5714  CD D6 4D                call    TCPIP_GENERIC_CHECK_TIME_OUT
    4627   00:5717  18 F5                   jr  SSH_STATE_ST2
    4628   00:5719                      SSH_STATE_ST2.1:
    4629   00:5719                          ; nz, discard
    4630   00:5719                          RECEIVE_DATA
    4630   00:5719  DB 06             >     in a,(IN_DATA_PORT)
    4631   00:571B  05                      dec b
    4632   00:571C  20 F0                   jr  nz,SSH_STATE_ST2
    4633   00:571E                      
    4634   00:571E                          ; now we have three bytes to get, first go to B and second to L and third to H
    4635   00:571E                      SSH_STATE_REG_B:
    4636   00:571E                          CHECK_DATA
    4636   00:571E  DB 07             >     in  a,(IN_STS_PORT)
    4636   00:5720  CB 47             >     bit 0,a
    4637   00:5722  20 05                   jr  nz,SSH_STATE_REG_B.1
    4638   00:5724  CD D6 4D                call    TCPIP_GENERIC_CHECK_TIME_OUT
    4639   00:5727  18 F5                   jr  SSH_STATE_REG_B
    4640   00:5729                      SSH_STATE_REG_B.1:
    4641   00:5729                          ; read and move it to B
    4642   00:5729                          RECEIVE_DATA
    4642   00:5729  DB 06             >     in a,(IN_DATA_PORT)
    4643   00:572B  47                      ld  b,a
    4644   00:572C                      
    4645   00:572C                      SSH_STATE_REG_L:
    4646   00:572C                          CHECK_DATA
    4646   00:572C  DB 07             >     in  a,(IN_STS_PORT)
    4646   00:572E  CB 47             >     bit 0,a
    4647   00:5730  20 05                   jr  nz,SSH_STATE_REG_L.1
    4648   00:5732  CD D6 4D                call    TCPIP_GENERIC_CHECK_TIME_OUT
    4649   00:5735  18 F5                   jr  SSH_STATE_REG_L
    4650   00:5737                      SSH_STATE_REG_L.1:
    4651   00:5737                          ; read and move it to L
    4652   00:5737                          RECEIVE_DATA
    4652   00:5737  DB 06             >     in a,(IN_DATA_PORT)
    4653   00:5739  6F                      ld  l,a
    4654   00:573A                      
    4655   00:573A                      SSH_STATE_REG_H:
    4656   00:573A                          CHECK_DATA
    4656   00:573A  DB 07             >     in  a,(IN_STS_PORT)
    4656   00:573C  CB 47             >     bit 0,a
    4657   00:573E  20 05                   jr  nz,SSH_STATE_REG_H.1
    4658   00:5740  CD D6 4D                call    TCPIP_GENERIC_CHECK_TIME_OUT
    4659   00:5743  18 F5                   jr  SSH_STATE_REG_H
    4660   00:5745                      SSH_STATE_REG_H.1:
    4661   00:5745                          ; read and move it to H
    4662   00:5745                          RECEIVE_DATA
    4662   00:5745  DB 06             >     in a,(IN_DATA_PORT)
    4663   00:5747  67                      ld  h,a
    4664   00:5748                      
    4665   00:5748                          ; done, no return data other than return code
    4666   00:5748  AF                      xor a
    4667   00:5749  C9                      ret
    4668   00:574A                      
    4669   00:574A                      ;=========================
    4670   00:574A                      ;===   SSH_TERM_TYPE   ===
    4671   00:574A                      ;=========================
    4672   00:574A                      ;Get or set the terminal type requested on PTY connection.
    4673   00:574A                      ;
    4674   00:574A                      ;Input:  A = 7
    4675   00:574A                      ;        C = Operation ( 0 - Get / 1 - Set)
    4676   00:574A                      ;        D = Terminal Type when Set
    4677   00:574A                      ;Output: A = Error code
    4678   00:574A                      ;        D = Terminal Type (when Get)
    4679   00:574A                      SSH_TERM_TYPE:
    4680   00:574A  CB FF                   set 7,a                         ; ESP SSH commands start at #80
    4681   00:574C                          SEND_DATA                       ; Send the command
    4681   00:574C  D3 07             >     out (OUT_TX_PORT),a
    4682   00:574E  AF                      xor a
    4683   00:574F                          SEND_DATA                       ; Send the command size msb
    4683   00:574F  D3 07             >     out (OUT_TX_PORT),a
    4684   00:5751  79                      ld  a,c
    4685   00:5752  CD 0E 5F                call    SETBYTE                 ; Save operation
    4686   00:5755  B7                      or  a
    4687   00:5756  20 09                   jr  nz,SSH_TERM_TYPE_SET
    4688   00:5758  3E 01                   ld  a,1                         ; Get sends 1 byte
    4689   00:575A                          SEND_DATA                       ; Send the command size lsb
    4689   00:575A  D3 07             >     out (OUT_TX_PORT),a
    4690   00:575C  79                      ld  a,c
    4691   00:575D                          SEND_DATA                       ; Send the operation
    4691   00:575D  D3 07             >     out (OUT_TX_PORT),a
    4692   00:575F  18 0A                   jr  SSH_TERM_TYPE_ST0
    4693   00:5761                      SSH_TERM_TYPE_SET:
    4694   00:5761  3E 02                   ld  a,2                         ; Set sends 2 bytes
    4695   00:5763                          SEND_DATA                       ; Send the command size lsb
    4695   00:5763  D3 07             >     out (OUT_TX_PORT),a
    4696   00:5765  79                      ld  a,c
    4697   00:5766                          SEND_DATA                       ; Send the operation
    4697   00:5766  D3 07             >     out (OUT_TX_PORT),a
    4698   00:5768  7A                      ld  a,d
    4699   00:5769                          SEND_DATA                       ; Send the Terminal Type to set
    4699   00:5769  D3 07             >     out (OUT_TX_PORT),a
    4700   00:576B                      SSH_TERM_TYPE_ST0:
    4701   00:576B                          ; Now wait up to 180 ticks to get response
    4702   00:576B  21 B4 00                ld  hl,180
    4703   00:576E  CD EC 5E                call    SETCOUNTER
    4704   00:5771                      SSH_TERM_TYPE_ST1:
    4705   00:5771                          CHECK_DATA
    4705   00:5771  DB 07             >     in  a,(IN_STS_PORT)
    4705   00:5773  CB 47             >     bit 0,a
    4706   00:5775  20 05                   jr  nz,SSH_TERM_TYPE_ST1.1
    4707   00:5777  CD D6 4D                call    TCPIP_GENERIC_CHECK_TIME_OUT
    4708   00:577A  18 F5                   jr  SSH_TERM_TYPE_ST1
    4709   00:577C                      SSH_TERM_TYPE_ST1.1:
    4710   00:577C                          ; nz, check the data
    4711   00:577C                          RECEIVE_DATA
    4711   00:577C  DB 06             >     in a,(IN_DATA_PORT)
    4712   00:577E  FE 87                   cp  #87                         ; Is response of our command?
    4713   00:5780  20 EF                   jr  nz,SSH_TERM_TYPE_ST1
    4714   00:5782                          ; now get return code, if return code other than 0, it is finished
    4715   00:5782                      SSH_TERM_TYPE_RC:
    4716   00:5782                          CHECK_DATA
    4716   00:5782  DB 07             >     in  a,(IN_STS_PORT)
    4716   00:5784  CB 47             >     bit 0,a
    4717   00:5786  20 05                   jr  nz,SSH_TERM_TYPE_RC.1
    4718   00:5788  CD D6 4D                call    TCPIP_GENERIC_CHECK_TIME_OUT
    4719   00:578B  18 F5                   jr  SSH_TERM_TYPE_RC
    4720   00:578D                      SSH_TERM_TYPE_RC.1:
    4721   00:578D                          ; nz, discard
    4722   00:578D                          RECEIVE_DATA
    4722   00:578D  DB 06             >     in a,(IN_DATA_PORT)
    4723   00:578F  B7                      or  a                           ; 0?
    4724   00:5790  C0                      ret nz                          ; if not, done
    4725   00:5791  CD FC 5E                call    GETBYTE                 ; restore operation
    4726   00:5794  B7                      or  a
    4727   00:5795  C0                      ret nz                          ; if set all done
    4728   00:5796                          ; next two bytes are return code and size bytes, don't care, it is 0
    4729   00:5796  06 02                   ld  b,2
    4730   00:5798                      SSH_TERM_TYPE_ST2:
    4731   00:5798                          CHECK_DATA
    4731   00:5798  DB 07             >     in  a,(IN_STS_PORT)
    4731   00:579A  CB 47             >     bit 0,a
    4732   00:579C  20 05                   jr  nz,SSH_TERM_TYPE_ST2.1
    4733   00:579E  CD D6 4D                call    TCPIP_GENERIC_CHECK_TIME_OUT
    4734   00:57A1  18 F5                   jr  SSH_TERM_TYPE_ST2
    4735   00:57A3                      SSH_TERM_TYPE_ST2.1:
    4736   00:57A3                          ; nz, discard
    4737   00:57A3                          RECEIVE_DATA
    4737   00:57A3  DB 06             >     in a,(IN_DATA_PORT)
    4738   00:57A5  05                      dec b
    4739   00:57A6  20 F0                   jr  nz,SSH_TERM_TYPE_ST2
    4740   00:57A8                          ; next byte is the terminal type
    4741   00:57A8                      SSH_TERM_TYPE_REGD:
    4742   00:57A8                          CHECK_DATA
    4742   00:57A8  DB 07             >     in  a,(IN_STS_PORT)
    4742   00:57AA  CB 47             >     bit 0,a
    4743   00:57AC  20 05                   jr  nz,SSH_TERM_TYPE_REGD.1
    4744   00:57AE  CD D6 4D                call    TCPIP_GENERIC_CHECK_TIME_OUT
    4745   00:57B1  18 F5                   jr  SSH_TERM_TYPE_REGD
    4746   00:57B3                      SSH_TERM_TYPE_REGD.1:
    4747   00:57B3                          RECEIVE_DATA
    4747   00:57B3  DB 06             >     in a,(IN_DATA_PORT)
    4748   00:57B5  57                      ld  d,a
    4749   00:57B6                          ; done, no return data other than return code
    4750   00:57B6  AF                      xor a
    4751   00:57B7  C9                      ret
    4752   00:57B8                      
    4753   00:57B8                      ;=========================
    4754   00:57B8                      ;===    SSH_WIN_SIZE   ===
    4755   00:57B8                      ;=========================
    4756   00:57B8                      ;Get or set the terminal window size requested on PTY connection.
    4757   00:57B8                      ;
    4758   00:57B8                      ;Input:  A = 8
    4759   00:57B8                      ;        C = Operation ( 0 - Get / 1 - Set)
    4760   00:57B8                      ;        H = Rows when Set
    4761   00:57B8                      ;        L = Columns when Set
    4762   00:57B8                      ;Output: A = Error code
    4763   00:57B8                      ;        H = Rows when Get
    4764   00:57B8                      ;        L = Columns when Get
    4765   00:57B8                      SSH_WIN_SIZE:
    4766   00:57B8  CB FF                   set 7,a                         ; ESP SSH commands start at #80
    4767   00:57BA                          SEND_DATA                       ; Send the command
    4767   00:57BA  D3 07             >     out (OUT_TX_PORT),a
    4768   00:57BC  AF                      xor a
    4769   00:57BD                          SEND_DATA                       ; Send the command size msb
    4769   00:57BD  D3 07             >     out (OUT_TX_PORT),a
    4770   00:57BF  79                      ld  a,c
    4771   00:57C0  CD 0E 5F                call    SETBYTE                 ; Save operation
    4772   00:57C3  B7                      or  a
    4773   00:57C4  20 09                   jr  nz,SSH_WIN_SIZE_SET
    4774   00:57C6  3E 01                   ld  a,1                         ; Get sends 1 byte
    4775   00:57C8                          SEND_DATA                       ; Send the command size lsb
    4775   00:57C8  D3 07             >     out (OUT_TX_PORT),a
    4776   00:57CA  79                      ld  a,c
    4777   00:57CB                          SEND_DATA                       ; Send the operation
    4777   00:57CB  D3 07             >     out (OUT_TX_PORT),a
    4778   00:57CD  18 0D                   jr  SSH_WIN_SIZE_ST0
    4779   00:57CF                      SSH_WIN_SIZE_SET:
    4780   00:57CF  3E 03                   ld  a,3                         ; Set sends 3 bytes
    4781   00:57D1                          SEND_DATA                       ; Send the command size lsb
    4781   00:57D1  D3 07             >     out (OUT_TX_PORT),a
    4782   00:57D3  79                      ld  a,c
    4783   00:57D4                          SEND_DATA                       ; Send the operation
    4783   00:57D4  D3 07             >     out (OUT_TX_PORT),a
    4784   00:57D6  7C                      ld  a,h
    4785   00:57D7                          SEND_DATA                       ; Send the Rows
    4785   00:57D7  D3 07             >     out (OUT_TX_PORT),a
    4786   00:57D9  7D                      ld  a,l
    4787   00:57DA                          SEND_DATA                       ; Send the Columns
    4787   00:57DA  D3 07             >     out (OUT_TX_PORT),a
    4788   00:57DC                      SSH_WIN_SIZE_ST0:
    4789   00:57DC                          ; Now wait up to 180 ticks to get response
    4790   00:57DC  21 B4 00                ld  hl,180
    4791   00:57DF  CD EC 5E                call    SETCOUNTER
    4792   00:57E2                      SSH_WIN_SIZE_ST1:
    4793   00:57E2                          CHECK_DATA
    4793   00:57E2  DB 07             >     in  a,(IN_STS_PORT)
    4793   00:57E4  CB 47             >     bit 0,a
    4794   00:57E6  20 05                   jr  nz,SSH_WIN_SIZE_ST1.1
    4795   00:57E8  CD D6 4D                call    TCPIP_GENERIC_CHECK_TIME_OUT
    4796   00:57EB  18 F5                   jr  SSH_WIN_SIZE_ST1
    4797   00:57ED                      SSH_WIN_SIZE_ST1.1:
    4798   00:57ED                          ; nz, check the data
    4799   00:57ED                          RECEIVE_DATA
    4799   00:57ED  DB 06             >     in a,(IN_DATA_PORT)
    4800   00:57EF  FE 88                   cp  #88                         ; Is response of our command?
    4801   00:57F1  20 EF                   jr  nz,SSH_WIN_SIZE_ST1
    4802   00:57F3                          ; now get return code, if return code other than 0, it is finished
    4803   00:57F3                      SSH_WIN_SIZE_RC:
    4804   00:57F3                          CHECK_DATA
    4804   00:57F3  DB 07             >     in  a,(IN_STS_PORT)
    4804   00:57F5  CB 47             >     bit 0,a
    4805   00:57F7  20 05                   jr  nz,SSH_WIN_SIZE_RC.1
    4806   00:57F9  CD D6 4D                call    TCPIP_GENERIC_CHECK_TIME_OUT
    4807   00:57FC  18 F5                   jr  SSH_WIN_SIZE_RC
    4808   00:57FE                      SSH_WIN_SIZE_RC.1:
    4809   00:57FE                          ; nz, discard
    4810   00:57FE                          RECEIVE_DATA
    4810   00:57FE  DB 06             >     in a,(IN_DATA_PORT)
    4811   00:5800  B7                      or  a                           ; 0?
    4812   00:5801  C0                      ret nz                          ; if not, done
    4813   00:5802  CD FC 5E                call    GETBYTE                 ; restore operation
    4814   00:5805  B7                      or  a
    4815   00:5806  C0                      ret nz                          ; if set all done
    4816   00:5807                          ; next two bytes are return code and size bytes, don't care, it is 0
    4817   00:5807  06 02                   ld  b,2
    4818   00:5809                      SSH_WIN_SIZE_ST2:
    4819   00:5809                          CHECK_DATA
    4819   00:5809  DB 07             >     in  a,(IN_STS_PORT)
    4819   00:580B  CB 47             >     bit 0,a
    4820   00:580D  20 05                   jr  nz,SSH_WIN_SIZE_ST2.1
    4821   00:580F  CD D6 4D                call    TCPIP_GENERIC_CHECK_TIME_OUT
    4822   00:5812  18 F5                   jr  SSH_WIN_SIZE_ST2
    4823   00:5814                      SSH_WIN_SIZE_ST2.1:
    4824   00:5814                          ; nz, discard
    4825   00:5814                          RECEIVE_DATA
    4825   00:5814  DB 06             >     in a,(IN_DATA_PORT)
    4826   00:5816  05                      dec b
    4827   00:5817  20 F0                   jr  nz,SSH_WIN_SIZE_ST2
    4828   00:5819                          ; next byte is Rows
    4829   00:5819                      SSH_WIN_SIZE_REGH:
    4830   00:5819                          CHECK_DATA
    4830   00:5819  DB 07             >     in  a,(IN_STS_PORT)
    4830   00:581B  CB 47             >     bit 0,a
    4831   00:581D  20 05                   jr  nz,SSH_WIN_SIZE_REGH.1
    4832   00:581F  CD D6 4D                call    TCPIP_GENERIC_CHECK_TIME_OUT
    4833   00:5822  18 F5                   jr  SSH_WIN_SIZE_REGH
    4834   00:5824                      SSH_WIN_SIZE_REGH.1:
    4835   00:5824                          RECEIVE_DATA
    4835   00:5824  DB 06             >     in a,(IN_DATA_PORT)
    4836   00:5826  67                      ld  h,a
    4837   00:5827                          ; next byte is Columns
    4838   00:5827                      SSH_WIN_SIZE_REGL:
    4839   00:5827                          CHECK_DATA
    4839   00:5827  DB 07             >     in  a,(IN_STS_PORT)
    4839   00:5829  CB 47             >     bit 0,a
    4840   00:582B  20 05                   jr  nz,SSH_WIN_SIZE_REGL.1
    4841   00:582D  CD D6 4D                call    TCPIP_GENERIC_CHECK_TIME_OUT
    4842   00:5830  18 F5                   jr  SSH_WIN_SIZE_REGL
    4843   00:5832                      SSH_WIN_SIZE_REGL.1:
    4844   00:5832                          RECEIVE_DATA
    4844   00:5832  DB 06             >     in a,(IN_DATA_PORT)
    4845   00:5834  6F                      ld  l,a
    4846   00:5835                          ; done, no return data other than return code
    4847   00:5835  AF                      xor a
    4848   00:5836  C9                      ret
    4849   00:5837                      
    4850   00:5837                      ;=========================
    4851   00:5837                      ;===  TCPIP_TCP_ABORT  ===
    4852   00:5837                      ;=========================
    4853   00:5837                      ;Abort a TCP connection.
    4854   00:5837                      ;Input:  A  = 15
    4855   00:5837                      ;        B = Connection number
    4856   00:5837                      ;            0 to abort all open transient TCP connections
    4857   00:5837                      ;Output: A = Error code
    4858   00:5837                      
    4859   00:5837                      TCPIP_TCP_ABORT:
    4860   00:5837                          SEND_DATA                       ; Send the command
    4860   00:5837  D3 07             >     out (OUT_TX_PORT),a
    4861   00:5839  AF                      xor a
    4862   00:583A                          SEND_DATA                       ; Send the command size msb
    4862   00:583A  D3 07             >     out (OUT_TX_PORT),a
    4863   00:583C  3E 01                   ld  a,1
    4864   00:583E                          SEND_DATA                       ; Send the command size lsb
    4864   00:583E  D3 07             >     out (OUT_TX_PORT),a
    4865   00:5840  78                      ld  a,b
    4866   00:5841                          SEND_DATA                       ; Send the connection #
    4866   00:5841  D3 07             >     out (OUT_TX_PORT),a
    4867   00:5843                          ; Now wait up to 180 ticks to get response
    4868   00:5843  21 B4 00                ld  hl,180
    4869   00:5846  CD EC 5E                call    SETCOUNTER
    4870   00:5849                      TCPIP_TCP_ABORT_ST1:
    4871   00:5849                          CHECK_DATA
    4871   00:5849  DB 07             >     in  a,(IN_STS_PORT)
    4871   00:584B  CB 47             >     bit 0,a
    4872   00:584D  20 05                   jr  nz,TCPIP_TCP_ABORT_ST1.1
    4873   00:584F  CD D6 4D                call    TCPIP_GENERIC_CHECK_TIME_OUT
    4874   00:5852  18 F5                   jr  TCPIP_TCP_ABORT_ST1
    4875   00:5854                      TCPIP_TCP_ABORT_ST1.1:
    4876   00:5854                          ; nz, check the data
    4877   00:5854                          RECEIVE_DATA
    4877   00:5854  DB 06             >     in a,(IN_DATA_PORT)
    4878   00:5856  FE 0F                   cp  15                          ; Is response of our command?
    4879   00:5858  20 EF                   jr  nz,TCPIP_TCP_ABORT_ST1
    4880   00:585A                          ; now get return code, if return code other than 0, it is finished
    4881   00:585A                      TCPIP_TCP_ABORT_RC:
    4882   00:585A                          CHECK_DATA
    4882   00:585A  DB 07             >     in  a,(IN_STS_PORT)
    4882   00:585C  CB 47             >     bit 0,a
    4883   00:585E  20 05                   jr  nz,TCPIP_TCP_ABORT_RC.1
    4884   00:5860  CD D6 4D                call    TCPIP_GENERIC_CHECK_TIME_OUT
    4885   00:5863  18 F5                   jr  TCPIP_TCP_ABORT_RC
    4886   00:5865                      TCPIP_TCP_ABORT_RC.1:
    4887   00:5865                          ; nz, discard
    4888   00:5865                          RECEIVE_DATA
    4888   00:5865  DB 06             >     in a,(IN_DATA_PORT)
    4889   00:5867  B7                      or  a                           ; 0?
    4890   00:5868  C0                      ret nz                          ; if not, done
    4891   00:5869                      
    4892   00:5869                          ; next two bytes are return code and size bytes, don't care, it is 0
    4893   00:5869  06 02                   ld  b,2
    4894   00:586B                      TCPIP_TCP_ABORT_ST2:
    4895   00:586B                          CHECK_DATA
    4895   00:586B  DB 07             >     in  a,(IN_STS_PORT)
    4895   00:586D  CB 47             >     bit 0,a
    4896   00:586F  20 05                   jr  nz,TCPIP_TCP_ABORT_ST2.1
    4897   00:5871  CD D6 4D                call    TCPIP_GENERIC_CHECK_TIME_OUT
    4898   00:5874  18 F5                   jr  TCPIP_TCP_ABORT_ST2
    4899   00:5876                      TCPIP_TCP_ABORT_ST2.1:
    4900   00:5876                          ; nz, discard
    4901   00:5876                          RECEIVE_DATA
    4901   00:5876  DB 06             >     in a,(IN_DATA_PORT)
    4902   00:5878  05                      dec b
    4903   00:5879  20 F0                   jr  nz,TCPIP_TCP_ABORT_ST2
    4904   00:587B                      
    4905   00:587B                          ; done, no return data other than return code
    4906   00:587B  AF                      xor a
    4907   00:587C  C9                      ret
    4908   00:587D                      
    4909   00:587D                      ;=========================
    4910   00:587D                      ;===  TCPIP_TCP_STATE  ===
    4911   00:587D                      ;=========================
    4912   00:587D                      ;Get the state of a TCP connection.
    4913   00:587D                      ;
    4914   00:587D                      ;Input:  A = 16
    4915   00:587D                      ;        B = Connection number
    4916   00:587D                      ;        HL = Pointer in TPA for connection information block
    4917   00:587D                      ;             (0 if not needed)
    4918   00:587D                      ;Output: A  = Error code
    4919   00:587D                      ;        B  = Connection state
    4920   00:587D                      ;        C  = Close reason (only if ERR_NO_CONN is returned)
    4921   00:587D                      ;        HL = Number of total available incoming bytes
    4922   00:587D                      ;        DE = Number of urgent available incoming bytes
    4923   00:587D                      ;        IX = Available free space in the output buffer
    4924   00:587D                      ;             (0FFFFh = infinite)
    4925   00:587D                      ;
    4926   00:587D                      ;Connection information block consists of:
    4927   00:587D                      ;
    4928   00:587D                      ;    +0 (4): Remote IP address
    4929   00:587D                      ;    +4 (2): Remote port
    4930   00:587D                      ;    +6 (2): Local port
    4931   00:587D                      TCPIP_TCP_STATE_ERROR:
    4932   00:587D                          ; next two bytes are size bytes, don't care
    4933   00:587D  47                      ld  b,a                         ; save error in b
    4934   00:587E  0E 02                   ld  c,2
    4935   00:5880                      TCPIP_TCP_STATE_ERROR2:
    4936   00:5880                          CHECK_DATA
    4936   00:5880  DB 07             >     in  a,(IN_STS_PORT)
    4936   00:5882  CB 47             >     bit 0,a
    4937   00:5884  20 05                   jr  nz,TCPIP_TCP_STATE_ERROR2.1
    4938   00:5886  CD D6 4D                call    TCPIP_GENERIC_CHECK_TIME_OUT
    4939   00:5889  18 F5                   jr  TCPIP_TCP_STATE_ERROR2
    4940   00:588B                      TCPIP_TCP_STATE_ERROR2.1:
    4941   00:588B                          ; nz, discard
    4942   00:588B                          RECEIVE_DATA
    4942   00:588B  DB 06             >     in a,(IN_DATA_PORT)
    4943   00:588D  0D                      dec c
    4944   00:588E  20 F0                   jr  nz,TCPIP_TCP_STATE_ERROR2
    4945   00:5890                      
    4946   00:5890                          ; now return w/ error that is saved in b
    4947   00:5890  78                      ld  a,b
    4948   00:5891  06 00                   ld  b,0
    4949   00:5893  0E 07                   ld  c,7
    4950   00:5895  21 00 00                ld  hl,0
    4951   00:5898  11 00 00                ld  de,0
    4952   00:589B  DD 21 00 00             ld  ix,0
    4953   00:589F  C9                      ret
    4954   00:58A0                      
    4955   00:58A0                      TCPIP_TCP_STATE:
    4956   00:58A0  CD 35 5F                call    SETWORD                 ; Save HL pointer in our memory
    4957   00:58A3  7C                      ld  a,h
    4958   00:58A4  B5                      or  l                           ; Information block required?
    4959   00:58A5  3E 00                   ld  a,0                         ; do not want to mess with flags, let's say no need
    4960   00:58A7  28 01                   jr  z,TCPIP_TCP_STATE_NOINFOBLOCK
    4961   00:58A9  3C                      inc a                           ; otherwise there is a need
    4962   00:58AA                      TCPIP_TCP_STATE_NOINFOBLOCK:
    4963   00:58AA  CD 0E 5F                call    SETBYTE                 ; Save for later
    4964   00:58AD  3E 10                   ld  a,16                        ; Our command
    4965   00:58AF                          SEND_DATA                       ; Send the command
    4965   00:58AF  D3 07             >     out (OUT_TX_PORT),a
    4966   00:58B1  AF                      xor a
    4967   00:58B2                          SEND_DATA                       ; Send the command size msb
    4967   00:58B2  D3 07             >     out (OUT_TX_PORT),a
    4968   00:58B4  3C                      inc a
    4969   00:58B5                          SEND_DATA                       ; Send the command size lsb
    4969   00:58B5  D3 07             >     out (OUT_TX_PORT),a
    4970   00:58B7  78                      ld  a,b
    4971   00:58B8                          SEND_DATA                       ; Send the parameter
    4971   00:58B8  D3 07             >     out (OUT_TX_PORT),a
    4972   00:58BA                      
    4973   00:58BA                          ; Now wait up to 180 ticks to get response
    4974   00:58BA  21 B4 00                ld  hl,180
    4975   00:58BD  CD EC 5E                call    SETCOUNTER
    4976   00:58C0                      TCPIP_TCP_STATE_ST1:
    4977   00:58C0                          CHECK_DATA
    4977   00:58C0  DB 07             >     in  a,(IN_STS_PORT)
    4977   00:58C2  CB 47             >     bit 0,a
    4978   00:58C4  20 05                   jr  nz,TCPIP_TCP_STATE_ST1.1
    4979   00:58C6  CD D6 4D                call    TCPIP_GENERIC_CHECK_TIME_OUT
    4980   00:58C9  18 F5                   jr  TCPIP_TCP_STATE_ST1
    4981   00:58CB                      TCPIP_TCP_STATE_ST1.1:
    4982   00:58CB                          ; nz, check the data
    4983   00:58CB                          RECEIVE_DATA
    4983   00:58CB  DB 06             >     in a,(IN_DATA_PORT)
    4984   00:58CD  FE 10                   cp  16                          ; Is response of our command?
    4985   00:58CF  20 EF                   jr  nz,TCPIP_TCP_STATE_ST1
    4986   00:58D1                          ; now get return code, if return code other than 0, it is finished
    4987   00:58D1                      TCPIP_TCP_STATE_RC:
    4988   00:58D1                          CHECK_DATA
    4988   00:58D1  DB 07             >     in  a,(IN_STS_PORT)
    4988   00:58D3  CB 47             >     bit 0,a
    4989   00:58D5  20 05                   jr  nz,TCPIP_TCP_STATE_RC.1
    4990   00:58D7  CD D6 4D                call    TCPIP_GENERIC_CHECK_TIME_OUT
    4991   00:58DA  18 F5                   jr  TCPIP_TCP_STATE_RC
    4992   00:58DC                      TCPIP_TCP_STATE_RC.1:
    4993   00:58DC                          ; nz, discard
    4994   00:58DC                          RECEIVE_DATA
    4994   00:58DC  DB 06             >     in a,(IN_DATA_PORT)
    4995   00:58DE  B7                      or  a                           ; 0?
    4996   00:58DF  20 9C                   jr  nz,TCPIP_TCP_STATE_ERROR    ; if not, done
    4997   00:58E1                      
    4998   00:58E1                          ; next two bytes are return code and size bytes, don't care, it is 16
    4999   00:58E1  06 02                   ld  b,2
    5000   00:58E3                      TCPIP_TCP_STATE_ST2:
    5001   00:58E3                          CHECK_DATA
    5001   00:58E3  DB 07             >     in  a,(IN_STS_PORT)
    5001   00:58E5  CB 47             >     bit 0,a
    5002   00:58E7  20 05                   jr  nz,TCPIP_TCP_STATE_ST2.1
    5003   00:58E9  CD D6 4D                call    TCPIP_GENERIC_CHECK_TIME_OUT
    5004   00:58EC  18 F5                   jr  TCPIP_TCP_STATE_ST2
    5005   00:58EE                      TCPIP_TCP_STATE_ST2.1:
    5006   00:58EE                          ; nz, discard
    5007   00:58EE                          RECEIVE_DATA
    5007   00:58EE  DB 06             >     in a,(IN_DATA_PORT)
    5008   00:58F0  05                      dec b
    5009   00:58F1  20 F0                   jr  nz,TCPIP_TCP_STATE_ST2
    5010   00:58F3                      
    5011   00:58F3                          ; now just get the 16 bytes (Port LSB then MSB, # of packets, packet size LSB then MSB) and order it in C, B, L, H, E, D, IXL and IXH.
    5012   00:58F3                          ; Remaining 8 bytes go to TCP_STATE_INFORMATION_BLOCK if its value is other than 0
    5013   00:58F3                      TCPIP_TCP_STATE_RESP_ST1:
    5014   00:58F3                          CHECK_DATA
    5014   00:58F3  DB 07             >     in  a,(IN_STS_PORT)
    5014   00:58F5  CB 47             >     bit 0,a
    5015   00:58F7  20 05                   jr  nz,TCPIP_TCP_STATE_RESP_ST1.1
    5016   00:58F9  CD D6 4D                call    TCPIP_GENERIC_CHECK_TIME_OUT
    5017   00:58FC  18 F5                   jr  TCPIP_TCP_STATE_RESP_ST1
    5018   00:58FE                      TCPIP_TCP_STATE_RESP_ST1.1:
    5019   00:58FE                          ; nz, get it
    5020   00:58FE                          RECEIVE_DATA
    5020   00:58FE  DB 06             >     in a,(IN_DATA_PORT)
    5021   00:5900  4F                      ld  c,a
    5022   00:5901                      TCPIP_TCP_STATE_RESP_ST2:
    5023   00:5901                          CHECK_DATA
    5023   00:5901  DB 07             >     in  a,(IN_STS_PORT)
    5023   00:5903  CB 47             >     bit 0,a
    5024   00:5905  20 05                   jr  nz,TCPIP_TCP_STATE_RESP_ST2.1
    5025   00:5907  CD D6 4D                call    TCPIP_GENERIC_CHECK_TIME_OUT
    5026   00:590A  18 F5                   jr  TCPIP_TCP_STATE_RESP_ST2
    5027   00:590C                      TCPIP_TCP_STATE_RESP_ST2.1:
    5028   00:590C                          ; nz, get it
    5029   00:590C                          RECEIVE_DATA
    5029   00:590C  DB 06             >     in a,(IN_DATA_PORT)
    5030   00:590E  47                      ld  b,a
    5031   00:590F                      TCPIP_TCP_STATE_RESP_ST3:
    5032   00:590F                          CHECK_DATA
    5032   00:590F  DB 07             >     in  a,(IN_STS_PORT)
    5032   00:5911  CB 47             >     bit 0,a
    5033   00:5913  20 05                   jr  nz,TCPIP_TCP_STATE_RESP_ST3.1
    5034   00:5915  CD D6 4D                call    TCPIP_GENERIC_CHECK_TIME_OUT
    5035   00:5918  18 F5                   jr  TCPIP_TCP_STATE_RESP_ST3
    5036   00:591A                      TCPIP_TCP_STATE_RESP_ST3.1:
    5037   00:591A                          ; nz, get it
    5038   00:591A                          RECEIVE_DATA
    5038   00:591A  DB 06             >     in a,(IN_DATA_PORT)
    5039   00:591C  6F                      ld  l,a
    5040   00:591D                      TCPIP_TCP_STATE_RESP_ST4:
    5041   00:591D                          CHECK_DATA
    5041   00:591D  DB 07             >     in  a,(IN_STS_PORT)
    5041   00:591F  CB 47             >     bit 0,a
    5042   00:5921  20 05                   jr  nz,TCPIP_TCP_STATE_RESP_ST4.1
    5043   00:5923  CD D6 4D                call    TCPIP_GENERIC_CHECK_TIME_OUT
    5044   00:5926  18 F5                   jr  TCPIP_TCP_STATE_RESP_ST4
    5045   00:5928                      TCPIP_TCP_STATE_RESP_ST4.1:
    5046   00:5928                          ; nz, get it
    5047   00:5928                          RECEIVE_DATA
    5047   00:5928  DB 06             >     in a,(IN_DATA_PORT)
    5048   00:592A  67                      ld  h,a
    5049   00:592B                      TCPIP_TCP_STATE_RESP_ST5:
    5050   00:592B                          CHECK_DATA
    5050   00:592B  DB 07             >     in  a,(IN_STS_PORT)
    5050   00:592D  CB 47             >     bit 0,a
    5051   00:592F  20 05                   jr  nz,TCPIP_TCP_STATE_RESP_ST5.1
    5052   00:5931  CD D6 4D                call    TCPIP_GENERIC_CHECK_TIME_OUT
    5053   00:5934  18 F5                   jr  TCPIP_TCP_STATE_RESP_ST5
    5054   00:5936                      TCPIP_TCP_STATE_RESP_ST5.1:
    5055   00:5936                          ; nz, get it
    5056   00:5936                          RECEIVE_DATA
    5056   00:5936  DB 06             >     in a,(IN_DATA_PORT)
    5057   00:5938  5F                      ld  e,a
    5058   00:5939                      TCPIP_TCP_STATE_RESP_ST6:
    5059   00:5939                          CHECK_DATA
    5059   00:5939  DB 07             >     in  a,(IN_STS_PORT)
    5059   00:593B  CB 47             >     bit 0,a
    5060   00:593D  20 05                   jr  nz,TCPIP_TCP_STATE_RESP_ST6.1
    5061   00:593F  CD D6 4D                call    TCPIP_GENERIC_CHECK_TIME_OUT
    5062   00:5942  18 F5                   jr  TCPIP_TCP_STATE_RESP_ST6
    5063   00:5944                      TCPIP_TCP_STATE_RESP_ST6.1:
    5064   00:5944                          ; nz, get it
    5065   00:5944                          RECEIVE_DATA
    5065   00:5944  DB 06             >     in a,(IN_DATA_PORT)
    5066   00:5946  57                      ld  d,a
    5067   00:5947                      TCPIP_TCP_STATE_RESP_ST7:
    5068   00:5947                          CHECK_DATA
    5068   00:5947  DB 07             >     in  a,(IN_STS_PORT)
    5068   00:5949  CB 47             >     bit 0,a
    5069   00:594B  20 05                   jr  nz,TCPIP_TCP_STATE_RESP_ST7.1
    5070   00:594D  CD D6 4D                call    TCPIP_GENERIC_CHECK_TIME_OUT
    5071   00:5950  18 F5                   jr  TCPIP_TCP_STATE_RESP_ST7
    5072   00:5952                      TCPIP_TCP_STATE_RESP_ST7.1:
    5073   00:5952                          ; nz, get it
    5074   00:5952                          RECEIVE_DATA
    5074   00:5952  DB 06             >     in a,(IN_DATA_PORT)
    5075   00:5954  DD 6F                   ld  ixl,a
    5076   00:5956                      TCPIP_TCP_STATE_RESP_ST8:
    5077   00:5956                          CHECK_DATA
    5077   00:5956  DB 07             >     in  a,(IN_STS_PORT)
    5077   00:5958  CB 47             >     bit 0,a
    5078   00:595A  20 05                   jr  nz,TCPIP_TCP_STATE_RESP_ST8.1
    5079   00:595C  CD D6 4D                call    TCPIP_GENERIC_CHECK_TIME_OUT
    5080   00:595F  18 F5                   jr  TCPIP_TCP_STATE_RESP_ST8
    5081   00:5961                      TCPIP_TCP_STATE_RESP_ST8.1:
    5082   00:5961                          ; nz, get it
    5083   00:5961                          RECEIVE_DATA
    5083   00:5961  DB 06             >     in a,(IN_DATA_PORT)
    5084   00:5963  DD 67                   ld  ixh,a
    5085   00:5965                      
    5086   00:5965                      ; Check if there is an information block
    5087   00:5965  CD 95 5F                call    BCBACKUP                ; Save BC, we gonna use it
    5088   00:5968  06 08                   ld  b,8                         ; prepare in advance for 8 bytes being transferred
    5089   00:596A  CD FC 5E                call    GETBYTE                 ; Let's check if we have flagged need for INFOBLOCK
    5090   00:596D  B7                      or  a
    5091   00:596E  20 15                   jr  nz,TCPIP_TCP_STATE_GET_IBLOCK
    5092   00:5970                      
    5093   00:5970                      ; If here, just discard Information Block (next 8 bytes)
    5094   00:5970                      TCPIP_TCP_STATE_DISCARD_IBLOCK:
    5095   00:5970                          CHECK_DATA
    5095   00:5970  DB 07             >     in  a,(IN_STS_PORT)
    5095   00:5972  CB 47             >     bit 0,a
    5096   00:5974  20 05                   jr  nz,TCPIP_TCP_STATE_DISCARD_IBLOCK.1
    5097   00:5976  CD D6 4D                call    TCPIP_GENERIC_CHECK_TIME_OUT
    5098   00:5979  18 F5                   jr  TCPIP_TCP_STATE_DISCARD_IBLOCK
    5099   00:597B                      TCPIP_TCP_STATE_DISCARD_IBLOCK.1:
    5100   00:597B                          ; nz, discard
    5101   00:597B                          RECEIVE_DATA
    5101   00:597B  DB 06             >     in a,(IN_DATA_PORT)
    5102   00:597D  05                      dec b
    5103   00:597E  20 F0                   jr  nz,TCPIP_TCP_STATE_DISCARD_IBLOCK
    5104   00:5980                          ; done
    5105   00:5980  CD 83 5F                call    BCRESTORE
    5106   00:5983  AF                      xor a
    5107   00:5984  C9                      ret
    5108   00:5985                      
    5109   00:5985                      ; If here, save Information Block (next 8 bytes)
    5110   00:5985                      TCPIP_TCP_STATE_GET_IBLOCK:
    5111   00:5985  CD BC 5F                call    HLBACKUP                ; Save HL
    5112   00:5988  CD 22 5F                call    GETWORD                 ; Restore address for IB on HL
    5113   00:598B                      TCPIP_TCP_STATE_SAVE_IBLOCK:
    5114   00:598B                          CHECK_DATA
    5114   00:598B  DB 07             >     in  a,(IN_STS_PORT)
    5114   00:598D  CB 47             >     bit 0,a
    5115   00:598F  20 05                   jr  nz,TCPIP_TCP_STATE_SAVE_IBLOCK.1
    5116   00:5991  CD D6 4D                call    TCPIP_GENERIC_CHECK_TIME_OUT
    5117   00:5994  18 F5                   jr  TCPIP_TCP_STATE_SAVE_IBLOCK
    5118   00:5996                      TCPIP_TCP_STATE_SAVE_IBLOCK.1:
    5119   00:5996                          ; nz, save
    5120   00:5996                          RECEIVE_DATA
    5120   00:5996  DB 06             >     in a,(IN_DATA_PORT)
    5121   00:5998  77                      ld  (hl),a
    5122   00:5999  23                      inc hl
    5123   00:599A  05                      dec b
    5124   00:599B  20 EE                   jr  nz,TCPIP_TCP_STATE_SAVE_IBLOCK
    5125   00:599D                          ; done
    5126   00:599D  CD A9 5F                call    HLRESTORE
    5127   00:59A0  CD 83 5F                call    BCRESTORE
    5128   00:59A3  AF                      xor a
    5129   00:59A4  C9                      ret
    5130   00:59A5                      
    5131   00:59A5                      ;========================
    5132   00:59A5                      ;===  TCPIP_TCP_SEND  ===
    5133   00:59A5                      ;========================
    5134   00:59A5                      ;Send data to a TCP connection.
    5135   00:59A5                      ;
    5136   00:59A5                      ;Input:  A  = 17
    5137   00:59A5                      ;        B  = Connection number
    5138   00:59A5                      ;        DE = Address of the data to be sent
    5139   00:59A5                      ;        HL = Length of the data to be sent
    5140   00:59A5                      ;        C  = Flags:
    5141   00:59A5                      ;             bit 0: Send the data PUSHed
    5142   00:59A5                      ;             bit 1: The data is urgent
    5143   00:59A5                      ;Output: A = Error code
    5144   00:59A5                      TCPIP_TCP_SEND:
    5145   00:59A5  E5                      push    hl
    5146   00:59A6  D5                      push    de
    5147   00:59A7                          SEND_DATA                       ; Send the command
    5147   00:59A7  D3 07             >     out (OUT_TX_PORT),a
    5148   00:59A9                          ; prepare new data size, adding our 2 bytes overhead
    5149   00:59A9  11 02 00                ld  de,2
    5150   00:59AC  19                      add hl,de
    5151   00:59AD  7C                      ld  a,h
    5152   00:59AE                          SEND_DATA                       ; Send the command size msb
    5152   00:59AE  D3 07             >     out (OUT_TX_PORT),a
    5153   00:59B0  7D                      ld  a,l
    5154   00:59B1                          SEND_DATA                       ; Send the command size lsb
    5154   00:59B1  D3 07             >     out (OUT_TX_PORT),a
    5155   00:59B3  78                      ld  a,b
    5156   00:59B4                          SEND_DATA                       ; Send the connection #
    5156   00:59B4  D3 07             >     out (OUT_TX_PORT),a
    5157   00:59B6  79                      ld  a,c
    5158   00:59B7                          SEND_DATA                       ; Send the connection flags
    5158   00:59B7  D3 07             >     out (OUT_TX_PORT),a
    5159   00:59B9  E1                      pop hl
    5160   00:59BA  D1                      pop de
    5161   00:59BB                          ; now oti the data starting at hl, size is in DE
    5162   00:59BB                          ; Grauw Optimized 16 bit loop, handy for us, mostly since we can use outi :-D
    5163   00:59BB  43                      ld  b,e                         ;Number of loops originaly in DE
    5164   00:59BC  1B                      dec de
    5165   00:59BD  14                      inc d
    5166   00:59BE                          if USE_MEM_IO = 0
    5167   00:59BE  0E 07                   ld  c,OUT_TX_PORT
    5168   00:59C0                      TCPIP_TCP_SEND_R:
    5169   00:59C0  ED A3                   outi
    5170   00:59C2  20 FC                   jr  nz,TCPIP_TCP_SEND_R
    5171   00:59C4                          else
    5172   00:59C4                    ~ TCPIP_TCP_SEND_R:
    5173   00:59C4                    ~     ld  a,(hl)
    5174   00:59C4                    ~     ld  (MEM_OUT_TX_PORT),a
    5175   00:59C4                    ~     inc hl
    5176   00:59C4                    ~     djnz TCPIP_TCP_SEND_R
    5177   00:59C4                    ~     endif
    5178   00:59C4  15                      dec d
    5179   00:59C5  20 F9                   jr  nz,TCPIP_TCP_SEND_R
    5180   00:59C7                      
    5181   00:59C7                          ; Now wait up to 600 ticks to get response
    5182   00:59C7  21 58 02                ld  hl,600
    5183   00:59CA  CD EC 5E                call    SETCOUNTER
    5184   00:59CD                      TCPIP_TCP_SEND_ST1:
    5185   00:59CD                          CHECK_DATA
    5185   00:59CD  DB 07             >     in  a,(IN_STS_PORT)
    5185   00:59CF  CB 47             >     bit 0,a
    5186   00:59D1  20 05                   jr  nz,TCPIP_TCP_SEND_R.1
    5187   00:59D3  CD D6 4D                call    TCPIP_GENERIC_CHECK_TIME_OUT
    5188   00:59D6  18 F5                   jr  TCPIP_TCP_SEND_ST1
    5189   00:59D8                      TCPIP_TCP_SEND_R.1:
    5190   00:59D8                          ; nz, check the data
    5191   00:59D8                          RECEIVE_DATA
    5191   00:59D8  DB 06             >     in a,(IN_DATA_PORT)
    5192   00:59DA  FE 11                   cp  17                          ; Is response of our command?
    5193   00:59DC  20 EF                   jr  nz,TCPIP_TCP_SEND_ST1
    5194   00:59DE                          ; now get return code, if return code other than 0, it is finished
    5195   00:59DE                      TCPIP_TCP_SEND_RC:
    5196   00:59DE                          CHECK_DATA
    5196   00:59DE  DB 07             >     in  a,(IN_STS_PORT)
    5196   00:59E0  CB 47             >     bit 0,a
    5197   00:59E2  20 05                   jr  nz,TCPIP_TCP_SEND_RC.1
    5198   00:59E4  CD D6 4D                call    TCPIP_GENERIC_CHECK_TIME_OUT
    5199   00:59E7  18 F5                   jr  TCPIP_TCP_SEND_RC
    5200   00:59E9                      TCPIP_TCP_SEND_RC.1:
    5201   00:59E9                          ; nz, discard
    5202   00:59E9                          RECEIVE_DATA
    5202   00:59E9  DB 06             >     in a,(IN_DATA_PORT)
    5203   00:59EB  B7                      or  a                           ; 0?
    5204   00:59EC  C0                      ret nz                          ; if not, done
    5205   00:59ED                      
    5206   00:59ED                          ; next two bytes are return code and size bytes, don't care, it is 0
    5207   00:59ED  06 02                   ld  b,2
    5208   00:59EF                      TCPIP_TCP_SEND_ST2:
    5209   00:59EF                          CHECK_DATA
    5209   00:59EF  DB 07             >     in  a,(IN_STS_PORT)
    5209   00:59F1  CB 47             >     bit 0,a
    5210   00:59F3  20 05                   jr  nz,TCPIP_TCP_SEND_ST2.1
    5211   00:59F5  CD D6 4D                call    TCPIP_GENERIC_CHECK_TIME_OUT
    5212   00:59F8  18 F5                   jr  TCPIP_TCP_SEND_ST2
    5213   00:59FA                      TCPIP_TCP_SEND_ST2.1:
    5214   00:59FA                          ; nz, discard
    5215   00:59FA                          RECEIVE_DATA
    5215   00:59FA  DB 06             >     in a,(IN_DATA_PORT)
    5216   00:59FC  05                      dec b
    5217   00:59FD  20 F0                   jr  nz,TCPIP_TCP_SEND_ST2
    5218   00:59FF                      
    5219   00:59FF                          ; done, no return data other than return code
    5220   00:59FF  AF                      xor a
    5221   00:5A00  C9                      ret
    5222   00:5A01                      
    5223   00:5A01                      ;========================
    5224   00:5A01                      ;===     SSH_SEND     ===
    5225   00:5A01                      ;========================
    5226   00:5A01                      ;Send data to a SSH connection.
    5227   00:5A01                      ;
    5228   00:5A01                      ;Input:  A  = 5
    5229   00:5A01                      ;        B  = Connection number
    5230   00:5A01                      ;        DE = Address of the data to be sent
    5231   00:5A01                      ;        HL = Length of the data to be sent
    5232   00:5A01                      ;Output: A  = Error code
    5233   00:5A01                      SSH_SEND:
    5234   00:5A01  CB FF                   set 7,a                         ; ESP SSH commands start at #80
    5235   00:5A03                          SEND_DATA                       ; Send the command
    5235   00:5A03  D3 07             >     out (OUT_TX_PORT),a
    5236   00:5A05                          ; prepare new data size, adding our 1 byte overhead (connection #)
    5237   00:5A05  23                      inc hl
    5238   00:5A06  7C                      ld  a,h
    5239   00:5A07                          SEND_DATA                       ; Send the command size msb
    5239   00:5A07  D3 07             >     out (OUT_TX_PORT),a
    5240   00:5A09  7D                      ld  a,l
    5241   00:5A0A                          SEND_DATA                       ; Send the command size lsb
    5241   00:5A0A  D3 07             >     out (OUT_TX_PORT),a
    5242   00:5A0C  78                      ld  a,b
    5243   00:5A0D                          SEND_DATA                       ; Send the connection #
    5243   00:5A0D  D3 07             >     out (OUT_TX_PORT),a
    5244   00:5A0F  2B                      dec hl
    5245   00:5A10  EB                      ex  de,hl
    5246   00:5A11                          ; now oti the data starting at hl, size is in DE
    5247   00:5A11                          ; Grauw Optimized 16 bit loop, handy for us, mostly since we can use outi :-D
    5248   00:5A11  43                      ld  b,e                         ;Number of loops originaly in DE
    5249   00:5A12  1B                      dec de
    5250   00:5A13  14                      inc d
    5251   00:5A14                          if USE_MEM_IO = 0
    5252   00:5A14  0E 07                   ld  c,OUT_TX_PORT
    5253   00:5A16                      SSH_SEND_R:
    5254   00:5A16  ED A3                   outi
    5255   00:5A18  20 FC                   jr  nz,SSH_SEND_R
    5256   00:5A1A                          else
    5257   00:5A1A                    ~ SSH_SEND_R:
    5258   00:5A1A                    ~     ld  a,(hl)
    5259   00:5A1A                    ~     ld  (MEM_OUT_TX_PORT),a
    5260   00:5A1A                    ~     inc hl
    5261   00:5A1A                    ~     djnz SSH_SEND_R
    5262   00:5A1A                    ~     endif
    5263   00:5A1A  15                      dec d
    5264   00:5A1B  20 F9                   jr  nz,SSH_SEND_R
    5265   00:5A1D                      
    5266   00:5A1D                          ; Now wait up to 600 ticks to get response
    5267   00:5A1D  21 58 02                ld  hl,600
    5268   00:5A20  CD EC 5E                call    SETCOUNTER
    5269   00:5A23                      SSH_SEND_ST1:
    5270   00:5A23                          CHECK_DATA
    5270   00:5A23  DB 07             >     in  a,(IN_STS_PORT)
    5270   00:5A25  CB 47             >     bit 0,a
    5271   00:5A27  20 05                   jr  nz,SSH_SEND_R.1
    5272   00:5A29  CD D6 4D                call    TCPIP_GENERIC_CHECK_TIME_OUT
    5273   00:5A2C  18 F5                   jr  SSH_SEND_ST1
    5274   00:5A2E                      SSH_SEND_R.1:
    5275   00:5A2E                          ; nz, check the data
    5276   00:5A2E                          RECEIVE_DATA
    5276   00:5A2E  DB 06             >     in a,(IN_DATA_PORT)
    5277   00:5A30  FE 85                   cp  #85                         ; Is response of our command?
    5278   00:5A32  20 EF                   jr  nz,SSH_SEND_ST1
    5279   00:5A34                          ; now get return code, if return code other than 0, it is finished
    5280   00:5A34                      SSH_SEND_RC:
    5281   00:5A34                          CHECK_DATA
    5281   00:5A34  DB 07             >     in  a,(IN_STS_PORT)
    5281   00:5A36  CB 47             >     bit 0,a
    5282   00:5A38  20 05                   jr  nz,SSH_SEND_RC.1
    5283   00:5A3A  CD D6 4D                call    TCPIP_GENERIC_CHECK_TIME_OUT
    5284   00:5A3D  18 F5                   jr  SSH_SEND_RC
    5285   00:5A3F                      SSH_SEND_RC.1:
    5286   00:5A3F                          ; nz, discard
    5287   00:5A3F                          RECEIVE_DATA
    5287   00:5A3F  DB 06             >     in a,(IN_DATA_PORT)
    5288   00:5A41  B7                      or  a                           ; 0?
    5289   00:5A42  C0                      ret nz                          ; if not, done
    5290   00:5A43                      
    5291   00:5A43                          ; next two bytes are return code and size bytes, don't care, it is 0
    5292   00:5A43  06 02                   ld  b,2
    5293   00:5A45                      SSH_SEND_ST2:
    5294   00:5A45                          CHECK_DATA
    5294   00:5A45  DB 07             >     in  a,(IN_STS_PORT)
    5294   00:5A47  CB 47             >     bit 0,a
    5295   00:5A49  20 05                   jr  nz,SSH_SEND_ST2.1
    5296   00:5A4B  CD D6 4D                call    TCPIP_GENERIC_CHECK_TIME_OUT
    5297   00:5A4E  18 F5                   jr  SSH_SEND_ST2
    5298   00:5A50                      SSH_SEND_ST2.1:
    5299   00:5A50                          ; nz, discard
    5300   00:5A50                          RECEIVE_DATA
    5300   00:5A50  DB 06             >     in a,(IN_DATA_PORT)
    5301   00:5A52  05                      dec b
    5302   00:5A53  20 F0                   jr  nz,SSH_SEND_ST2
    5303   00:5A55                      
    5304   00:5A55                          ; done, no return data other than return code
    5305   00:5A55  AF                      xor a
    5306   00:5A56  C9                      ret
    5307   00:5A57                      
    5308   00:5A57                      ;========================
    5309   00:5A57                      ;=== SSH_AUTH_RESPOND ===
    5310   00:5A57                      ;========================
    5311   00:5A57                      ;Respond auth data requested for SSH connection.
    5312   00:5A57                      ;
    5313   00:5A57                      ;Input:  A  = 10
    5314   00:5A57                      ;        B  = Connection number
    5315   00:5A57                      ;        DE = Address of the data to be sent
    5316   00:5A57                      ;        HL = Length of the data to be sent
    5317   00:5A57                      ;Output: A  = Error code
    5318   00:5A57                      SSH_AUTH_RESPOND:
    5319   00:5A57  CB FF                   set 7,a                         ; ESP SSH commands start at #80
    5320   00:5A59                          SEND_DATA                       ; Send the command
    5320   00:5A59  D3 07             >     out (OUT_TX_PORT),a
    5321   00:5A5B                          ; prepare new data size, adding our 1 byte overhead (connection #)
    5322   00:5A5B  23                      inc hl
    5323   00:5A5C  7C                      ld  a,h
    5324   00:5A5D                          SEND_DATA                       ; Send the command size msb
    5324   00:5A5D  D3 07             >     out (OUT_TX_PORT),a
    5325   00:5A5F  7D                      ld  a,l
    5326   00:5A60                          SEND_DATA                       ; Send the command size lsb
    5326   00:5A60  D3 07             >     out (OUT_TX_PORT),a
    5327   00:5A62  78                      ld  a,b
    5328   00:5A63                          SEND_DATA                       ; Send the connection #
    5328   00:5A63  D3 07             >     out (OUT_TX_PORT),a
    5329   00:5A65  2B                      dec hl
    5330   00:5A66  EB                      ex  de,hl
    5331   00:5A67                          ; now oti the data starting at hl, size is in DE
    5332   00:5A67                          ; Grauw Optimized 16 bit loop, handy for us, mostly since we can use outi :-D
    5333   00:5A67  43                      ld  b,e                         ;Number of loops originaly in DE
    5334   00:5A68  1B                      dec de
    5335   00:5A69  14                      inc d
    5336   00:5A6A                          if USE_MEM_IO = 0
    5337   00:5A6A  0E 07                   ld  c,OUT_TX_PORT
    5338   00:5A6C                      SSH_AUTH_RESPOND_R:
    5339   00:5A6C  ED A3                   outi
    5340   00:5A6E  20 FC                   jr  nz,SSH_AUTH_RESPOND_R
    5341   00:5A70                          else
    5342   00:5A70                    ~ SSH_AUTH_RESPOND_R:
    5343   00:5A70                    ~     ld  a,(hl)
    5344   00:5A70                    ~     ld  (MEM_OUT_TX_PORT),a
    5345   00:5A70                    ~     inc hl
    5346   00:5A70                    ~     djnz SSH_AUTH_RESPOND_R
    5347   00:5A70                    ~     endif
    5348   00:5A70  15                      dec d
    5349   00:5A71  20 F9                   jr  nz,SSH_AUTH_RESPOND_R
    5350   00:5A73                      
    5351   00:5A73                          ; Now wait up to 600 ticks to get response
    5352   00:5A73  21 58 02                ld  hl,600
    5353   00:5A76  CD EC 5E                call    SETCOUNTER
    5354   00:5A79                      SSH_AUTH_RESPOND_ST1:
    5355   00:5A79                          CHECK_DATA
    5355   00:5A79  DB 07             >     in  a,(IN_STS_PORT)
    5355   00:5A7B  CB 47             >     bit 0,a
    5356   00:5A7D  20 05                   jr  nz,SSH_AUTH_RESPOND_R.1
    5357   00:5A7F  CD D6 4D                call    TCPIP_GENERIC_CHECK_TIME_OUT
    5358   00:5A82  18 F5                   jr  SSH_AUTH_RESPOND_ST1
    5359   00:5A84                      SSH_AUTH_RESPOND_R.1:
    5360   00:5A84                          ; nz, check the data
    5361   00:5A84                          RECEIVE_DATA
    5361   00:5A84  DB 06             >     in a,(IN_DATA_PORT)
    5362   00:5A86  FE 8A                   cp  #8A                         ; Is response of our command?
    5363   00:5A88  20 EF                   jr  nz,SSH_AUTH_RESPOND_ST1
    5364   00:5A8A                          ; now get return code, if return code other than 0, it is finished
    5365   00:5A8A                      SSH_AUTH_RESPOND_RC:
    5366   00:5A8A                          CHECK_DATA
    5366   00:5A8A  DB 07             >     in  a,(IN_STS_PORT)
    5366   00:5A8C  CB 47             >     bit 0,a
    5367   00:5A8E  20 05                   jr  nz,SSH_AUTH_RESPOND_RC.1
    5368   00:5A90  CD D6 4D                call    TCPIP_GENERIC_CHECK_TIME_OUT
    5369   00:5A93  18 F5                   jr  SSH_AUTH_RESPOND_RC
    5370   00:5A95                      SSH_AUTH_RESPOND_RC.1:
    5371   00:5A95                          ; nz, discard
    5372   00:5A95                          RECEIVE_DATA
    5372   00:5A95  DB 06             >     in a,(IN_DATA_PORT)
    5373   00:5A97  B7                      or  a                           ; 0?
    5374   00:5A98  C0                      ret nz                          ; if not, done
    5375   00:5A99                      
    5376   00:5A99                          ; next two bytes are return code and size bytes, don't care, it is 0
    5377   00:5A99  06 02                   ld  b,2
    5378   00:5A9B                      SSH_AUTH_RESPOND_ST2:
    5379   00:5A9B                          CHECK_DATA
    5379   00:5A9B  DB 07             >     in  a,(IN_STS_PORT)
    5379   00:5A9D  CB 47             >     bit 0,a
    5380   00:5A9F  20 05                   jr  nz,SSH_AUTH_RESPOND_ST2.1
    5381   00:5AA1  CD D6 4D                call    TCPIP_GENERIC_CHECK_TIME_OUT
    5382   00:5AA4  18 F5                   jr  SSH_AUTH_RESPOND_ST2
    5383   00:5AA6                      SSH_AUTH_RESPOND_ST2.1:
    5384   00:5AA6                          ; nz, discard
    5385   00:5AA6                          RECEIVE_DATA
    5385   00:5AA6  DB 06             >     in a,(IN_DATA_PORT)
    5386   00:5AA8  05                      dec b
    5387   00:5AA9  20 F0                   jr  nz,SSH_AUTH_RESPOND_ST2
    5388   00:5AAB                      
    5389   00:5AAB                          ; done, no return data other than return code
    5390   00:5AAB  AF                      xor a
    5391   00:5AAC  C9                      ret
    5392   00:5AAD                      
    5393   00:5AAD                      ;=======================
    5394   00:5AAD                      ;===  TCPIP_TCP_RCV  ===
    5395   00:5AAD                      ;=======================
    5396   00:5AAD                      ;Receive data from a TCP connection.
    5397   00:5AAD                      ;
    5398   00:5AAD                      ;Input:   A  = 18
    5399   00:5AAD                      ;         B  = Connection number
    5400   00:5AAD                      ;         DE = Address for the retrieved data
    5401   00:5AAD                      ;         HL = Length of the data to be obtained
    5402   00:5AAD                      ;Output:  A  = Error code
    5403   00:5AAD                      ;         BC = Total number of bytes that have been actually retrieved
    5404   00:5AAD                      ;         HL = Number of urgent data bytes that have been retrieved
    5405   00:5AAD                      ;              (placed at the beginning of the received data block)
    5406   00:5AAD                      ; Save registers other than AF
    5407   00:5AAD                      TCPIP_TCP_RCV_CHECK_TIME_OUT:
    5408   00:5AAD  C5                      push bc
    5409   00:5AAE  D5                      push de
    5410   00:5AAF  E5                      push hl
    5411   00:5AB0  CD DD 5E                call    GETCOUNTER
    5412   00:5AB3  7D                      ld  a,l
    5413   00:5AB4  B4                      or  h
    5414   00:5AB5                          ; Restore registers, we are returning
    5415   00:5AB5  E1                      pop hl
    5416   00:5AB6  D1                      pop de
    5417   00:5AB7  C1                      pop bc
    5418   00:5AB8  C0                      ret nz
    5419   00:5AB9                          ; Ok, timeout...
    5420   00:5AB9  F1                      pop af                          ; Get return address of who called this out of the stack, we will return from the function or re-start
    5421   00:5ABA                      TCPIP_TCP_RCV_RETRY_QRCV:
    5422   00:5ABA  CD FC 5E                call    GETBYTE
    5423   00:5ABD  B7                      or  a
    5424   00:5ABE  28 0B                   jr  z,TCPIP_TCP_RCV_CHECK_TIME_OUT.NORXRETRY
    5425   00:5AC0                          ; Ok, so let's ask ESP to re-send the data and retry receiving it
    5426   00:5AC0  3D                      dec a
    5427   00:5AC1  CD 0E 5F                call    SETBYTE                 ; we are retrying it
    5428   00:5AC4  3E 72                   ld  a,'r'                       ; retry transmission command
    5429   00:5AC6                          SEND_DATA
    5429   00:5AC6  D3 07             >     out (OUT_TX_PORT),a
    5430   00:5AC8  C3 07 5B                jp  TCPIP_TCP_RCV.RXRETRY       ; and retry it
    5431   00:5ACB                      TCPIP_TCP_RCV_CHECK_TIME_OUT.NORXRETRY:
    5432   00:5ACB  3E 0F                   ld  a,ERR_INV_OPER
    5433   00:5ACD  C9                      ret                             ; and return the function itself
    5434   00:5ACE                      
    5435   00:5ACE                      TCPIP_TCP_RCV_RET_ERR:
    5436   00:5ACE                          ; next two bytes are size bytes, don't care
    5437   00:5ACE  47                      ld  b,a                         ; save error in b
    5438   00:5ACF  0E 02                   ld  c,2
    5439   00:5AD1                      TCPIP_TCP_RCV_RET_ERR2:
    5440   00:5AD1                          CHECK_DATA
    5440   00:5AD1  DB 07             >     in  a,(IN_STS_PORT)
    5440   00:5AD3  CB 47             >     bit 0,a
    5441   00:5AD5  20 05                   jr  nz,TCPIP_TCP_RCV_RET_ERR2.1
    5442   00:5AD7  CD AD 5A                call    TCPIP_TCP_RCV_CHECK_TIME_OUT
    5443   00:5ADA  18 F5                   jr  TCPIP_TCP_RCV_RET_ERR2
    5444   00:5ADC                      TCPIP_TCP_RCV_RET_ERR2.1:
    5445   00:5ADC                          ; nz, discard
    5446   00:5ADC                          RECEIVE_DATA
    5446   00:5ADC  DB 06             >     in a,(IN_DATA_PORT)
    5447   00:5ADE  0D                      dec c
    5448   00:5ADF  20 F0                   jr  nz,TCPIP_TCP_RCV_RET_ERR2
    5449   00:5AE1                          ; now return w/ error that is saved in b
    5450   00:5AE1  78                      ld  a,b
    5451   00:5AE2                      TCPIP_TCP_RCV_RET_NODATA:
    5452   00:5AE2  21 00 00                ld  hl,0
    5453   00:5AE5  01 00 00                ld  bc,0
    5454   00:5AE8  C9                      ret
    5455   00:5AE9                      
    5456   00:5AE9                      TCPIP_TCP_RCV:
    5457   00:5AE9  EB                      ex  de,hl
    5458   00:5AEA  CD 35 5F                call    SETWORD
    5459   00:5AED  EB                      ex  de,hl
    5460   00:5AEE  3E 12                   ld  a,18
    5461   00:5AF0                          SEND_DATA                       ; Send the command
    5461   00:5AF0  D3 07             >     out (OUT_TX_PORT),a
    5462   00:5AF2  AF                      xor a
    5463   00:5AF3                          SEND_DATA                       ; Send the command size msb
    5463   00:5AF3  D3 07             >     out (OUT_TX_PORT),a
    5464   00:5AF5  3E 03                   ld  a,3
    5465   00:5AF7                          SEND_DATA                       ; Send the command size lsb
    5465   00:5AF7  D3 07             >     out (OUT_TX_PORT),a
    5466   00:5AF9  78                      ld  a,b
    5467   00:5AFA                          SEND_DATA                       ; Send the connection #
    5467   00:5AFA  D3 07             >     out (OUT_TX_PORT),a
    5468   00:5AFC  7D                      ld  a,l
    5469   00:5AFD                          SEND_DATA                       ; Send MAX rcv size LSB
    5469   00:5AFD  D3 07             >     out (OUT_TX_PORT),a
    5470   00:5AFF  7C                      ld  a,h
    5471   00:5B00                          SEND_DATA                       ; Send MAX rcv size MSB
    5471   00:5B00  D3 07             >     out (OUT_TX_PORT),a
    5472   00:5B02  3E 03                   ld  a,3
    5473   00:5B04  CD 0E 5F                call    SETBYTE                 ; Ok, retry up to three times
    5474   00:5B07                      TCPIP_TCP_RCV.RXRETRY:
    5475   00:5B07                          ; Now wait up to 600 ticks to get response
    5476   00:5B07  21 58 02                ld  hl,600
    5477   00:5B0A  CD EC 5E                call    SETCOUNTER
    5478   00:5B0D                      TCPIP_TCP_RCV_ST1:
    5479   00:5B0D                          CHECK_DATA
    5479   00:5B0D  DB 07             >     in  a,(IN_STS_PORT)
    5479   00:5B0F  CB 47             >     bit 0,a
    5480   00:5B11  20 05                   jr  nz,TCPIP_TCP_RCV_ST1.1
    5481   00:5B13  CD AD 5A                call    TCPIP_TCP_RCV_CHECK_TIME_OUT
    5482   00:5B16  18 F5                   jr  TCPIP_TCP_RCV_ST1
    5483   00:5B18                      TCPIP_TCP_RCV_ST1.1:
    5484   00:5B18                          ; nz, check the data
    5485   00:5B18                          RECEIVE_DATA
    5485   00:5B18  DB 06             >     in a,(IN_DATA_PORT)
    5486   00:5B1A  FE 12                   cp 18                           ; Is response of our command?
    5487   00:5B1C  20 EF                   jr  nz,TCPIP_TCP_RCV_ST1
    5488   00:5B1E                          ; At this point, all data is being buffered, so 15 ticks, quarter second, is more than enough time-out
    5489   00:5B1E  F3                      di
    5490   00:5B1F  21 1E 00                ld  hl,30
    5491   00:5B22  CD EC 5E                call    SETCOUNTER
    5492   00:5B25  FB                      ei
    5493   00:5B26                          ; now get return code, if return code other than 0, it is finished
    5494   00:5B26                      TCPIP_TCP_RCV_RC:
    5495   00:5B26                          CHECK_DATA
    5495   00:5B26  DB 07             >     in  a,(IN_STS_PORT)
    5495   00:5B28  CB 47             >     bit 0,a
    5496   00:5B2A  20 05                   jr  nz,TCPIP_TCP_RCV_RC.1
    5497   00:5B2C  CD AD 5A                call    TCPIP_TCP_RCV_CHECK_TIME_OUT
    5498   00:5B2F  18 F5                   jr  TCPIP_TCP_RCV_RC
    5499   00:5B31                      TCPIP_TCP_RCV_RC.1:
    5500   00:5B31                          ; nz, discard
    5501   00:5B31                          RECEIVE_DATA
    5501   00:5B31  DB 06             >     in a,(IN_DATA_PORT)
    5502   00:5B33  B7                      or  a                           ; 0?
    5503   00:5B34  20 98                   jr  nz,TCPIP_TCP_RCV_RET_ERR    ; if not, done
    5504   00:5B36                          ; next two bytes are response size bytes (UB count two bytes, always 0, and data read), save it -2 to BC
    5505   00:5B36                      TCPIP_TCP_RCV_ST2A:
    5506   00:5B36                          CHECK_DATA
    5506   00:5B36  DB 07             >     in  a,(IN_STS_PORT)
    5506   00:5B38  CB 47             >     bit 0,a
    5507   00:5B3A  20 05                   jr  nz,TCPIP_TCP_RCV_ST2A.1
    5508   00:5B3C  CD AD 5A                call    TCPIP_TCP_RCV_CHECK_TIME_OUT
    5509   00:5B3F  18 F5                   jr  TCPIP_TCP_RCV_ST2A
    5510   00:5B41                      TCPIP_TCP_RCV_ST2A.1:
    5511   00:5B41                          ; nz, high byte count of bytes to receive
    5512   00:5B41                          RECEIVE_DATA
    5512   00:5B41  DB 06             >     in a,(IN_DATA_PORT)
    5513   00:5B43  67                      ld h,a
    5514   00:5B44                      TCPIP_TCP_RCV_ST2B:
    5515   00:5B44                          CHECK_DATA
    5515   00:5B44  DB 07             >     in  a,(IN_STS_PORT)
    5515   00:5B46  CB 47             >     bit 0,a
    5516   00:5B48  20 05                   jr  nz,TCPIP_TCP_RCV_ST2B.1
    5517   00:5B4A  CD AD 5A                call    TCPIP_TCP_RCV_CHECK_TIME_OUT
    5518   00:5B4D  18 F5                   jr  TCPIP_TCP_RCV_ST2B
    5519   00:5B4F                      TCPIP_TCP_RCV_ST2B.1:
    5520   00:5B4F                          ; nz, low byte count of bytes to receive
    5521   00:5B4F                          RECEIVE_DATA
    5521   00:5B4F  DB 06             >     in a,(IN_DATA_PORT)
    5522   00:5B51  6F                      ld  l,a
    5523   00:5B52  01 02 00                ld  bc,2
    5524   00:5B55                          ; subtract 2 (Urgent data count, not used)
    5525   00:5B55  AF                      xor a                           ; zero carry
    5526   00:5B56  ED 42                   sbc hl,bc
    5527   00:5B58                          ; if it was 0, will carry
    5528   00:5B58                          if USE_MEM_IO = 1
    5529   00:5B58                    ~     jp  c,TCPIP_TCP_RCV_RET_NODATA
    5530   00:5B58                    ~     else
    5531   00:5B58  38 88                   jr  c,TCPIP_TCP_RCV_RET_NODATA
    5532   00:5B5A                          endif
    5533   00:5B5A  4D                      ld  c,l
    5534   00:5B5B  44                      ld  b,h                         ; BC has effective received data size, as well as HL
    5535   00:5B5C                      
    5536   00:5B5C                          ; now just discard 2 bytes urgent data
    5537   00:5B5C                      TCPIP_TCP_RCV_UDC_ST1:
    5538   00:5B5C                          CHECK_DATA
    5538   00:5B5C  DB 07             >     in  a,(IN_STS_PORT)
    5538   00:5B5E  CB 47             >     bit 0,a
    5539   00:5B60  20 05                   jr  nz,TCPIP_TCP_RCV_UDC_ST1.1
    5540   00:5B62  CD AD 5A                call    TCPIP_TCP_RCV_CHECK_TIME_OUT
    5541   00:5B65  18 F5                   jr  TCPIP_TCP_RCV_UDC_ST1
    5542   00:5B67                      TCPIP_TCP_RCV_UDC_ST1.1:
    5543   00:5B67                          ; nz, get it
    5544   00:5B67                          RECEIVE_DATA
    5544   00:5B67  DB 06             >     in a,(IN_DATA_PORT)
    5545   00:5B69                      TCPIP_TCP_RCV_UDC_ST2:
    5546   00:5B69                          CHECK_DATA
    5546   00:5B69  DB 07             >     in  a,(IN_STS_PORT)
    5546   00:5B6B  CB 47             >     bit 0,a
    5547   00:5B6D  20 05                   jr  nz,TCPIP_TCP_RCV_UDC_ST2.1
    5548   00:5B6F  CD AD 5A                call    TCPIP_TCP_RCV_CHECK_TIME_OUT
    5549   00:5B72  18 F5                   jr  TCPIP_TCP_RCV_UDC_ST2
    5550   00:5B74                      TCPIP_TCP_RCV_UDC_ST2.1:
    5551   00:5B74                          ; nz, get it
    5552   00:5B74                          RECEIVE_DATA
    5552   00:5B74  DB 06             >     in a,(IN_DATA_PORT)
    5553   00:5B76                      
    5554   00:5B76                          ; put effective data size in de
    5555   00:5B76  EB                      ex  de,hl
    5556   00:5B77                          ; will start moving at address in stack (we've pushed the adress in WORD)
    5557   00:5B77  CD 22 5F                call    GETWORD
    5558   00:5B7A  CD 95 5F                call    BCBACKUP                ; save count (BC)
    5559   00:5B7D                      
    5560   00:5B7D                          ; Grauw Optimized 16 bit loop, handy for us, mostly since we can use ini :-D
    5561   00:5B7D  43                      ld  b,e                         ; Number of loops originaly in DE
    5562   00:5B7E  1B                      dec de
    5563   00:5B7F  14                      inc d
    5564   00:5B80                          if USE_MEM_IO = 0
    5565   00:5B80  0E 06                   ld  c,IN_DATA_PORT
    5566   00:5B82                          CHECK_QUICK_RECEIVE
    5566   00:5B82  DB 07             >     in  a,(IN_STS_PORT)
    5566   00:5B84  CB 5F             >     bit 3,a
    5567   00:5B86  28 14                   jr  z,TCPIP_TCP_RCV_R_NSF       ; If not, go to the old, slower route
    5568   00:5B88                          ; Otherwise, let's speed it up baby!
    5569   00:5B88                      TCPIP_TCP_RCV_R:
    5570   00:5B88  ED B2                   inir
    5571   00:5B8A                          else
    5572   00:5B8A                    ~     CHECK_QUICK_RECEIVE
    5573   00:5B8A                    ~     jr  z,TCPIP_TCP_RCV_R_NSF       ; If not, go to the old, slower route
    5574   00:5B8A                    ~     ; Otherwise, let's speed it up baby!
    5575   00:5B8A                    ~ TCPIP_TCP_RCV_R:
    5576   00:5B8A                    ~     ld  a,(MEM_IN_DATA_PORT)
    5577   00:5B8A                    ~     ld  (hl),a
    5578   00:5B8A                    ~     inc hl
    5579   00:5B8A                    ~     djnz TCPIP_TCP_RCV_R
    5580   00:5B8A                    ~     endif
    5581   00:5B8A  15                      dec d
    5582   00:5B8B  20 FB                   jr nz,TCPIP_TCP_RCV_R
    5583   00:5B8D                          CHECK_BUFFER_UNDERRUN
    5583   00:5B8D  DB 07             >     in  a,(IN_STS_PORT)
    5583   00:5B8F  CB 67             >     bit 4,a
    5584   00:5B91  C2 BA 5A                jp  nz,TCPIP_TCP_RCV_RETRY_QRCV ; If yes, retry
    5585   00:5B94                          ; Otherwise, done
    5586   00:5B94  CD 83 5F                call    BCRESTORE               ; done, restore return data in BC
    5587   00:5B97                          ; no urgent data support
    5588   00:5B97  21 00 00                ld  hl,0
    5589   00:5B9A  AF                      xor a
    5590   00:5B9B  C9                      ret
    5591   00:5B9C                      TCPIP_TCP_RCV_R_NSF:
    5592   00:5B9C                          CHECK_DATA
    5592   00:5B9C  DB 07             >     in  a,(IN_STS_PORT)
    5592   00:5B9E  CB 47             >     bit 0,a
    5593   00:5BA0  20 05                   jr  nz,TCPIP_TCP_RCV_R_NSF.1
    5594   00:5BA2  CD AD 5A                call    TCPIP_TCP_RCV_CHECK_TIME_OUT
    5595   00:5BA5  18 F5                   jr  TCPIP_TCP_RCV_R_NSF
    5596   00:5BA7                      TCPIP_TCP_RCV_R_NSF.1:
    5597   00:5BA7                          if USE_MEM_IO = 0
    5598   00:5BA7  ED A2                   ini
    5599   00:5BA9                          else
    5600   00:5BA9                    ~     ld  a,(MEM_IN_DATA_PORT)
    5601   00:5BA9                    ~     ld  (hl),a
    5602   00:5BA9                    ~     inc hl
    5603   00:5BA9                    ~     dec b
    5604   00:5BA9                    ~     endif
    5605   00:5BA9  20 F1                   jr  nz,TCPIP_TCP_RCV_R_NSF
    5606   00:5BAB  15                      dec d
    5607   00:5BAC  20 EE                   jr nz,TCPIP_TCP_RCV_R_NSF
    5608   00:5BAE  CD 83 5F                call    BCRESTORE               ; done, restore return data in BC
    5609   00:5BB1                          ; no urgent data support
    5610   00:5BB1  21 00 00                ld  hl,0
    5611   00:5BB4  AF                      xor a
    5612   00:5BB5  C9                      ret
    5613   00:5BB6                      
    5614   00:5BB6                      ;=======================
    5615   00:5BB6                      ;===     SSH_RCV     ===
    5616   00:5BB6                      ;=======================
    5617   00:5BB6                      ;Receive data from a SSH connection.
    5618   00:5BB6                      ;
    5619   00:5BB6                      ;Input:   A  = 6
    5620   00:5BB6                      ;         B  = Connection number
    5621   00:5BB6                      ;         DE = Address for the retrieved data
    5622   00:5BB6                      ;         HL = Length of the data to be obtained
    5623   00:5BB6                      ;Output:  A  = Error code
    5624   00:5BB6                      ;         BC = Total number of bytes that have been actually retrieved
    5625   00:5BB6                      ; Save registers other than AF
    5626   00:5BB6                      SSH_RCV_RETRY_QRCV:
    5627   00:5BB6  CD FC 5E                call    GETBYTE
    5628   00:5BB9  B7                      or  a
    5629   00:5BBA  28 0B                   jr  z,SSH_RCV_CHECK_TIME_OUT.NORXRETRY
    5630   00:5BBC                          ; Ok, so let's ask ESP to re-send the data and retry receiving it
    5631   00:5BBC  3D                      dec a
    5632   00:5BBD  CD 0E 5F                call    SETBYTE                 ; we are retrying it
    5633   00:5BC0  3E 72                   ld  a,'r'                       ; retry transmission command
    5634   00:5BC2                          SEND_DATA
    5634   00:5BC2  D3 07             >     out (OUT_TX_PORT),a
    5635   00:5BC4  C3 E8 5B                jp  SSH_RCV.RXRETRY             ; and retry it
    5636   00:5BC7                      SSH_RCV_CHECK_TIME_OUT.NORXRETRY:
    5637   00:5BC7  3E 0F                   ld  a,ERR_INV_OPER
    5638   00:5BC9  C9                      ret                             ; and return the function itself
    5639   00:5BCA                      
    5640   00:5BCA                      SSH_RCV:
    5641   00:5BCA  EB                      ex  de,hl
    5642   00:5BCB  CD 35 5F                call    SETWORD
    5643   00:5BCE  EB                      ex  de,hl
    5644   00:5BCF  3E 86                   ld  a,#86
    5645   00:5BD1                          SEND_DATA                       ; Send the command
    5645   00:5BD1  D3 07             >     out (OUT_TX_PORT),a
    5646   00:5BD3  AF                      xor a
    5647   00:5BD4                          SEND_DATA                       ; Send the command size msb
    5647   00:5BD4  D3 07             >     out (OUT_TX_PORT),a
    5648   00:5BD6  3E 03                   ld  a,3
    5649   00:5BD8                          SEND_DATA                       ; Send the command size lsb
    5649   00:5BD8  D3 07             >     out (OUT_TX_PORT),a
    5650   00:5BDA  78                      ld  a,b
    5651   00:5BDB                          SEND_DATA                       ; Send the connection #
    5651   00:5BDB  D3 07             >     out (OUT_TX_PORT),a
    5652   00:5BDD  7D                      ld  a,l
    5653   00:5BDE                          SEND_DATA                       ; Send MAX rcv size LSB
    5653   00:5BDE  D3 07             >     out (OUT_TX_PORT),a
    5654   00:5BE0  7C                      ld  a,h
    5655   00:5BE1                          SEND_DATA                       ; Send MAX rcv size MSB
    5655   00:5BE1  D3 07             >     out (OUT_TX_PORT),a
    5656   00:5BE3  3E 03                   ld  a,3
    5657   00:5BE5  CD 0E 5F                call    SETBYTE                 ; Ok, retry up to three times
    5658   00:5BE8                      SSH_RCV.RXRETRY:
    5659   00:5BE8                          ; Now wait up to 600 ticks to get response
    5660   00:5BE8  21 58 02                ld  hl,600
    5661   00:5BEB  CD EC 5E                call    SETCOUNTER
    5662   00:5BEE                      SSH_RCV_ST1:
    5663   00:5BEE                          CHECK_DATA
    5663   00:5BEE  DB 07             >     in  a,(IN_STS_PORT)
    5663   00:5BF0  CB 47             >     bit 0,a
    5664   00:5BF2  20 05                   jr  nz,SSH_RCV_ST1.1
    5665   00:5BF4  CD AD 5A                call    TCPIP_TCP_RCV_CHECK_TIME_OUT
    5666   00:5BF7  18 F5                   jr  SSH_RCV_ST1
    5667   00:5BF9                      SSH_RCV_ST1.1:
    5668   00:5BF9                          ; nz, check the data
    5669   00:5BF9                          RECEIVE_DATA
    5669   00:5BF9  DB 06             >     in a,(IN_DATA_PORT)
    5670   00:5BFB  FE 86                   cp #86                          ; Is response of our command?
    5671   00:5BFD  20 EF                   jr  nz,SSH_RCV_ST1
    5672   00:5BFF                          ; At this point, all data is being buffered, so 15 ticks, quarter second, is more than enough time-out
    5673   00:5BFF  F3                      di
    5674   00:5C00  21 1E 00                ld  hl,30
    5675   00:5C03  CD EC 5E                call    SETCOUNTER
    5676   00:5C06  FB                      ei
    5677   00:5C07                          ; now get return code, if return code other than 0, it is finished
    5678   00:5C07                      SSH_RCV_RC:
    5679   00:5C07                          CHECK_DATA
    5679   00:5C07  DB 07             >     in  a,(IN_STS_PORT)
    5679   00:5C09  CB 47             >     bit 0,a
    5680   00:5C0B  20 05                   jr  nz,SSH_RCV_RC.1
    5681   00:5C0D  CD AD 5A                call    TCPIP_TCP_RCV_CHECK_TIME_OUT
    5682   00:5C10  18 F5                   jr  SSH_RCV_RC
    5683   00:5C12                      SSH_RCV_RC.1:
    5684   00:5C12                          ; nz, discard
    5685   00:5C12                          RECEIVE_DATA
    5685   00:5C12  DB 06             >     in a,(IN_DATA_PORT)
    5686   00:5C14  B7                      or  a                           ; 0?
    5687   00:5C15  28 04                   jr  z,SSH_RCV_ST2A              ; if not, done
    5688   00:5C17  01 00 00                ld  bc,0                        ; no data received
    5689   00:5C1A  C9                      ret
    5690   00:5C1B                          ; next two bytes are response size bytes save it to BC
    5691   00:5C1B                      SSH_RCV_ST2A:
    5692   00:5C1B                          CHECK_DATA
    5692   00:5C1B  DB 07             >     in  a,(IN_STS_PORT)
    5692   00:5C1D  CB 47             >     bit 0,a
    5693   00:5C1F  20 05                   jr  nz,SSH_RCV_ST2A.1
    5694   00:5C21  CD AD 5A                call    TCPIP_TCP_RCV_CHECK_TIME_OUT
    5695   00:5C24  18 F5                   jr  SSH_RCV_ST2A
    5696   00:5C26                      SSH_RCV_ST2A.1:
    5697   00:5C26                          ; nz, high byte count of bytes to receive
    5698   00:5C26                          RECEIVE_DATA
    5698   00:5C26  DB 06             >     in a,(IN_DATA_PORT)
    5699   00:5C28  67                      ld h,a
    5700   00:5C29                      SSH_RCV_ST2B:
    5701   00:5C29                          CHECK_DATA
    5701   00:5C29  DB 07             >     in  a,(IN_STS_PORT)
    5701   00:5C2B  CB 47             >     bit 0,a
    5702   00:5C2D  20 05                   jr  nz,SSH_RCV_ST2B.1
    5703   00:5C2F  CD AD 5A                call    TCPIP_TCP_RCV_CHECK_TIME_OUT
    5704   00:5C32  18 F5                   jr  SSH_RCV_ST2B
    5705   00:5C34                      SSH_RCV_ST2B.1:
    5706   00:5C34                          ; nz, low byte count of bytes to receive
    5707   00:5C34                          RECEIVE_DATA
    5707   00:5C34  DB 06             >     in a,(IN_DATA_PORT)
    5708   00:5C36  6F                      ld  l,a
    5709   00:5C37  B4                      or  h
    5710   00:5C38                          ; if it was 0, no data
    5711   00:5C38                          if USE_MEM_IO = 1
    5712   00:5C38                    ~     jp  z,TCPIP_TCP_RCV_RET_NODATA  ; not a typo, no need to make the same code again
    5713   00:5C38                    ~     else
    5714   00:5C38  CA E2 5A                jp  z,TCPIP_TCP_RCV_RET_NODATA  ; not a typo, no need to make the same code again
    5715   00:5C3B                          endif
    5716   00:5C3B  4D                      ld  c,l
    5717   00:5C3C  44                      ld  b,h                         ; BC has effective received data size, as well as HL
    5718   00:5C3D                      
    5719   00:5C3D                          ; put effective data size in de
    5720   00:5C3D  EB                      ex  de,hl
    5721   00:5C3E                          ; will start moving at address in stack (we've pushed the adress in WORD)
    5722   00:5C3E  CD 22 5F                call    GETWORD
    5723   00:5C41  CD 95 5F                call    BCBACKUP                ; save count (BC)
    5724   00:5C44                      
    5725   00:5C44                          ; Grauw Optimized 16 bit loop, handy for us, mostly since we can use ini :-D
    5726   00:5C44  43                      ld  b,e                         ; Number of loops originaly in DE
    5727   00:5C45  1B                      dec de
    5728   00:5C46  14                      inc d
    5729   00:5C47                          if USE_MEM_IO = 0
    5730   00:5C47  0E 06                   ld  c,IN_DATA_PORT
    5731   00:5C49                          CHECK_QUICK_RECEIVE
    5731   00:5C49  DB 07             >     in  a,(IN_STS_PORT)
    5731   00:5C4B  CB 5F             >     bit 3,a
    5732   00:5C4D  28 14                   jr  z,SSH_RCV_R_NSF             ; If not, go to the old, slower route
    5733   00:5C4F                          ; Otherwise, let's speed it up baby!
    5734   00:5C4F                      SSH_RCV_R:
    5735   00:5C4F  ED B2                   inir
    5736   00:5C51                          else
    5737   00:5C51                    ~     CHECK_QUICK_RECEIVE
    5738   00:5C51                    ~     jr  z,SSH_RCV_R_NSF       ; If not, go to the old, slower route
    5739   00:5C51                    ~     ; Otherwise, let's speed it up baby!
    5740   00:5C51                    ~ SSH_RCV_R:
    5741   00:5C51                    ~     ld  a,(MEM_IN_DATA_PORT)
    5742   00:5C51                    ~     ld  (hl),a
    5743   00:5C51                    ~     inc hl
    5744   00:5C51                    ~     djnz SSH_RCV_R
    5745   00:5C51                    ~     endif
    5746   00:5C51  15                      dec d
    5747   00:5C52  20 FB                   jr nz,SSH_RCV_R
    5748   00:5C54                          CHECK_BUFFER_UNDERRUN
    5748   00:5C54  DB 07             >     in  a,(IN_STS_PORT)
    5748   00:5C56  CB 67             >     bit 4,a
    5749   00:5C58  C2 B6 5B                jp  nz,SSH_RCV_RETRY_QRCV ; If yes, retry
    5750   00:5C5B                          ; Otherwise, done
    5751   00:5C5B  CD 83 5F                call    BCRESTORE               ; done, restore return data in BC
    5752   00:5C5E                          ; no urgent data support
    5753   00:5C5E  21 00 00                ld  hl,0
    5754   00:5C61  AF                      xor a
    5755   00:5C62  C9                      ret
    5756   00:5C63                      SSH_RCV_R_NSF:
    5757   00:5C63                          CHECK_DATA
    5757   00:5C63  DB 07             >     in  a,(IN_STS_PORT)
    5757   00:5C65  CB 47             >     bit 0,a
    5758   00:5C67  20 05                   jr  nz,SSH_RCV_R_NSF.1
    5759   00:5C69  CD AD 5A                call    TCPIP_TCP_RCV_CHECK_TIME_OUT
    5760   00:5C6C  18 F5                   jr  SSH_RCV_R_NSF
    5761   00:5C6E                      SSH_RCV_R_NSF.1:
    5762   00:5C6E                          if USE_MEM_IO = 0
    5763   00:5C6E  ED A2                   ini
    5764   00:5C70                          else
    5765   00:5C70                    ~     ld  a,(MEM_IN_DATA_PORT)
    5766   00:5C70                    ~     ld  (hl),a
    5767   00:5C70                    ~     inc hl
    5768   00:5C70                    ~     dec b
    5769   00:5C70                    ~     endif
    5770   00:5C70  20 F1                   jr  nz,SSH_RCV_R_NSF
    5771   00:5C72  15                      dec d
    5772   00:5C73  20 EE                   jr nz,SSH_RCV_R_NSF
    5773   00:5C75  CD 83 5F                call    BCRESTORE               ; done, restore return data in BC
    5774   00:5C78                          ; no urgent data support
    5775   00:5C78  21 00 00                ld  hl,0
    5776   00:5C7B  AF                      xor a
    5777   00:5C7C  C9                      ret
    5778   00:5C7D                      
    5779   00:5C7D                      ;==============================
    5780   00:5C7D                      ;=== SSH_AUTH_GET_CHALLENGE ===
    5781   00:5C7D                      ;==============================
    5782   00:5C7D                      ;Receive keyboard interactive challenge data from a SSH connection.
    5783   00:5C7D                      ;
    5784   00:5C7D                      ;Input:   A  = 9
    5785   00:5C7D                      ;         B  = Connection number
    5786   00:5C7D                      ;         DE = Address for the retrieved data
    5787   00:5C7D                      ;         HL = Max Length of the data to be obtained
    5788   00:5C7D                      ;Output:  A  = Error code
    5789   00:5C7D                      ;         BC = Total number of bytes that have been actually retrieved
    5790   00:5C7D                      ;         H  = Number of prompts
    5791   00:5C7D                      ;         L  = Echo flag bitmap
    5792   00:5C7D                      ; Save registers other than AF
    5793   00:5C7D                      SSH_AUTH_GET_CHALLENGE_RETRY_QRCV:
    5794   00:5C7D  CD FC 5E                call    GETBYTE
    5795   00:5C80  B7                      or  a
    5796   00:5C81  28 0B                   jr  z,SSH_AUTH_GET_CHALLENGE_CHECK_TIME_OUT.NORXRETRY
    5797   00:5C83                          ; Ok, so let's ask ESP to re-send the data and retry receiving it
    5798   00:5C83  3D                      dec a
    5799   00:5C84  CD 0E 5F                call    SETBYTE                 ; we are retrying it
    5800   00:5C87  3E 72                   ld  a,'r'                       ; retry transmission command
    5801   00:5C89                          SEND_DATA
    5801   00:5C89  D3 07             >     out (OUT_TX_PORT),a
    5802   00:5C8B  C3 AF 5C                jp  SSH_AUTH_GET_CHALLENGE.RXRETRY             ; and retry it
    5803   00:5C8E                      SSH_AUTH_GET_CHALLENGE_CHECK_TIME_OUT.NORXRETRY:
    5804   00:5C8E  3E 0F                   ld  a,ERR_INV_OPER
    5805   00:5C90  C9                      ret                             ; and return the function itself
    5806   00:5C91                      
    5807   00:5C91                      SSH_AUTH_GET_CHALLENGE:
    5808   00:5C91  EB                      ex  de,hl
    5809   00:5C92  CD 35 5F                call    SETWORD
    5810   00:5C95  EB                      ex  de,hl
    5811   00:5C96  3E 89                   ld  a,#89
    5812   00:5C98                          SEND_DATA                       ; Send the command
    5812   00:5C98  D3 07             >     out (OUT_TX_PORT),a
    5813   00:5C9A  AF                      xor a
    5814   00:5C9B                          SEND_DATA                       ; Send the command size msb
    5814   00:5C9B  D3 07             >     out (OUT_TX_PORT),a
    5815   00:5C9D  3E 03                   ld  a,3
    5816   00:5C9F                          SEND_DATA                       ; Send the command size lsb
    5816   00:5C9F  D3 07             >     out (OUT_TX_PORT),a
    5817   00:5CA1  78                      ld  a,b
    5818   00:5CA2                          SEND_DATA                       ; Send the connection #
    5818   00:5CA2  D3 07             >     out (OUT_TX_PORT),a
    5819   00:5CA4  7D                      ld  a,l
    5820   00:5CA5                          SEND_DATA                       ; Send MAX rcv size LSB
    5820   00:5CA5  D3 07             >     out (OUT_TX_PORT),a
    5821   00:5CA7  7C                      ld  a,h
    5822   00:5CA8                          SEND_DATA                       ; Send MAX rcv size MSB
    5822   00:5CA8  D3 07             >     out (OUT_TX_PORT),a
    5823   00:5CAA  3E 03                   ld  a,3
    5824   00:5CAC  CD 0E 5F                call    SETBYTE                 ; Ok, retry up to three times
    5825   00:5CAF                      SSH_AUTH_GET_CHALLENGE.RXRETRY:
    5826   00:5CAF                          ; Now wait up to 600 ticks to get response
    5827   00:5CAF  21 58 02                ld  hl,600
    5828   00:5CB2  CD EC 5E                call    SETCOUNTER
    5829   00:5CB5                      SSH_AUTH_GET_CHALLENGE_ST1:
    5830   00:5CB5                          CHECK_DATA
    5830   00:5CB5  DB 07             >     in  a,(IN_STS_PORT)
    5830   00:5CB7  CB 47             >     bit 0,a
    5831   00:5CB9  20 05                   jr  nz,SSH_AUTH_GET_CHALLENGE_ST1.1
    5832   00:5CBB  CD AD 5A                call    TCPIP_TCP_RCV_CHECK_TIME_OUT
    5833   00:5CBE  18 F5                   jr  SSH_AUTH_GET_CHALLENGE_ST1
    5834   00:5CC0                      SSH_AUTH_GET_CHALLENGE_ST1.1:
    5835   00:5CC0                          ; nz, check the data
    5836   00:5CC0                          RECEIVE_DATA
    5836   00:5CC0  DB 06             >     in a,(IN_DATA_PORT)
    5837   00:5CC2  FE 89                   cp #89                          ; Is response of our command?
    5838   00:5CC4  20 EF                   jr  nz,SSH_AUTH_GET_CHALLENGE_ST1
    5839   00:5CC6                          ; At this point, all data is being buffered, so 15 ticks, quarter second, is more than enough time-out
    5840   00:5CC6  F3                      di
    5841   00:5CC7  21 1E 00                ld  hl,30
    5842   00:5CCA  CD EC 5E                call    SETCOUNTER
    5843   00:5CCD  FB                      ei
    5844   00:5CCE                          ; now get return code, if return code other than 0, it is finished
    5845   00:5CCE                      SSH_AUTH_GET_CHALLENGE_RC:
    5846   00:5CCE                          CHECK_DATA
    5846   00:5CCE  DB 07             >     in  a,(IN_STS_PORT)
    5846   00:5CD0  CB 47             >     bit 0,a
    5847   00:5CD2  20 05                   jr  nz,SSH_AUTH_GET_CHALLENGE_RC.1
    5848   00:5CD4  CD AD 5A                call    TCPIP_TCP_RCV_CHECK_TIME_OUT
    5849   00:5CD7  18 F5                   jr  SSH_AUTH_GET_CHALLENGE_RC
    5850   00:5CD9                      SSH_AUTH_GET_CHALLENGE_RC.1:
    5851   00:5CD9                          ; nz, discard
    5852   00:5CD9                          RECEIVE_DATA
    5852   00:5CD9  DB 06             >     in a,(IN_DATA_PORT)
    5853   00:5CDB  CD 0E 5F                call    SETBYTE                 ; Save return just in case
    5854   00:5CDE  B7                      or  a                           ; 0?
    5855   00:5CDF  28 0D                   jr  z,SSH_AUTH_GET_CHALLENGE_ST2A              ; if not, done
    5856   00:5CE1  D6 0D                   sub 13                          ; 13? ERR BUFF will return the desired buffer size
    5857   00:5CE3  28 09                   jr  z,SSH_AUTH_GET_CHALLENGE_ST2A;
    5858   00:5CE5  C6 0D                   add 13                          ; restore error code
    5859   00:5CE7  01 00 00                ld  bc,0                        ; no data received
    5860   00:5CEA  21 00 00                ld  hl,0
    5861   00:5CED  C9                      ret
    5862   00:5CEE                          ; next two bytes are response size bytes save it to BC
    5863   00:5CEE                      SSH_AUTH_GET_CHALLENGE_ST2A:
    5864   00:5CEE                          CHECK_DATA
    5864   00:5CEE  DB 07             >     in  a,(IN_STS_PORT)
    5864   00:5CF0  CB 47             >     bit 0,a
    5865   00:5CF2  20 05                   jr  nz,SSH_AUTH_GET_CHALLENGE_ST2A.1
    5866   00:5CF4  CD AD 5A                call    TCPIP_TCP_RCV_CHECK_TIME_OUT
    5867   00:5CF7  18 F5                   jr  SSH_AUTH_GET_CHALLENGE_ST2A
    5868   00:5CF9                      SSH_AUTH_GET_CHALLENGE_ST2A.1:
    5869   00:5CF9                          ; nz, high byte count of bytes to receive
    5870   00:5CF9                          RECEIVE_DATA
    5870   00:5CF9  DB 06             >     in a,(IN_DATA_PORT)
    5871   00:5CFB  67                      ld h,a
    5872   00:5CFC                      SSH_AUTH_GET_CHALLENGE_ST2B:
    5873   00:5CFC                          CHECK_DATA
    5873   00:5CFC  DB 07             >     in  a,(IN_STS_PORT)
    5873   00:5CFE  CB 47             >     bit 0,a
    5874   00:5D00  20 05                   jr  nz,SSH_AUTH_GET_CHALLENGE_ST2B.1
    5875   00:5D02  CD AD 5A                call    TCPIP_TCP_RCV_CHECK_TIME_OUT
    5876   00:5D05  18 F5                   jr  SSH_AUTH_GET_CHALLENGE_ST2B
    5877   00:5D07                      SSH_AUTH_GET_CHALLENGE_ST2B.1:
    5878   00:5D07                          ; nz, low byte count of bytes to receive
    5879   00:5D07                          RECEIVE_DATA
    5879   00:5D07  DB 06             >     in a,(IN_DATA_PORT)
    5880   00:5D09  6F                      ld  l,a
    5881   00:5D0A  CD FC 5E                call    GETBYTE                 ; if return was err buff...
    5882   00:5D0D  D6 0D                   sub 13
    5883   00:5D0F  20 1F                   jr  nz,SSH_AUTH_GET_CHALLENGE_ST2BB.1
    5884   00:5D11                          ; If here we need to have A as 13, B and C with needed buffer size
    5885   00:5D11                      SSH_AUTH_GET_CHALLENGE_BUFERRA:
    5886   00:5D11                          CHECK_DATA
    5886   00:5D11  DB 07             >     in  a,(IN_STS_PORT)
    5886   00:5D13  CB 47             >     bit 0,a
    5887   00:5D15  20 05                   jr  nz,SSH_AUTH_GET_CHALLENGE_BUFERRA.1
    5888   00:5D17  CD AD 5A                call    TCPIP_TCP_RCV_CHECK_TIME_OUT
    5889   00:5D1A  18 F5                   jr  SSH_AUTH_GET_CHALLENGE_BUFERRA
    5890   00:5D1C                      SSH_AUTH_GET_CHALLENGE_BUFERRA.1:
    5891   00:5D1C                          ; nz, low byte count of bytes to receive
    5892   00:5D1C                          RECEIVE_DATA
    5892   00:5D1C  DB 06             >     in a,(IN_DATA_PORT)
    5893   00:5D1E  4F                      ld c,a
    5894   00:5D1F                      SSH_AUTH_GET_CHALLENGE_BUFERRB:
    5895   00:5D1F                          CHECK_DATA
    5895   00:5D1F  DB 07             >     in  a,(IN_STS_PORT)
    5895   00:5D21  CB 47             >     bit 0,a
    5896   00:5D23  20 05                   jr  nz,SSH_AUTH_GET_CHALLENGE_BUFERRB.1
    5897   00:5D25  CD AD 5A                call    TCPIP_TCP_RCV_CHECK_TIME_OUT
    5898   00:5D28  18 F5                   jr  SSH_AUTH_GET_CHALLENGE_BUFERRB
    5899   00:5D2A                      SSH_AUTH_GET_CHALLENGE_BUFERRB.1:
    5900   00:5D2A                          ; nz, high byte count of bytes to receive
    5901   00:5D2A                          RECEIVE_DATA
    5901   00:5D2A  DB 06             >     in a,(IN_DATA_PORT)
    5902   00:5D2C  47                      ld  b,a
    5903   00:5D2D  3E 0D                   ld  a,13                        ; ERR BUFF
    5904   00:5D2F  C9                      ret
    5905   00:5D30                          ; If here, should be ok and will get the data
    5906   00:5D30                      SSH_AUTH_GET_CHALLENGE_ST2BB.1:
    5907   00:5D30  7D                      ld  a,l
    5908   00:5D31  B4                      or  h
    5909   00:5D32                          ; if it was 0, no data
    5910   00:5D32  CA E2 5A                jp  z,TCPIP_TCP_RCV_RET_NODATA  ; not a typo, no need to make the same code again
    5911   00:5D35                          ; Ok, we need to get the flags that will go to HL, we get it in BC and then push to the stack
    5912   00:5D35                      SSH_AUTH_GET_CHALLENGE_FLAGSA:
    5913   00:5D35                          CHECK_DATA
    5913   00:5D35  DB 07             >     in  a,(IN_STS_PORT)
    5913   00:5D37  CB 47             >     bit 0,a
    5914   00:5D39  20 05                   jr  nz,SSH_AUTH_GET_CHALLENGE_FLAGSA.1
    5915   00:5D3B  CD AD 5A                call    TCPIP_TCP_RCV_CHECK_TIME_OUT
    5916   00:5D3E  18 F5                   jr  SSH_AUTH_GET_CHALLENGE_FLAGSA
    5917   00:5D40                      SSH_AUTH_GET_CHALLENGE_FLAGSA.1:
    5918   00:5D40                          ; nz, prompts, B to later go to H
    5919   00:5D40                          RECEIVE_DATA
    5919   00:5D40  DB 06             >     in a,(IN_DATA_PORT)
    5920   00:5D42  47                      ld b,a
    5921   00:5D43                      SSH_AUTH_GET_CHALLENGE_FLAGSB:
    5922   00:5D43                          CHECK_DATA
    5922   00:5D43  DB 07             >     in  a,(IN_STS_PORT)
    5922   00:5D45  CB 47             >     bit 0,a
    5923   00:5D47  20 05                   jr  nz,SSH_AUTH_GET_CHALLENGE_FLAGSB.1
    5924   00:5D49  CD AD 5A                call    TCPIP_TCP_RCV_CHECK_TIME_OUT
    5925   00:5D4C  18 F5                   jr  SSH_AUTH_GET_CHALLENGE_FLAGSB
    5926   00:5D4E                      SSH_AUTH_GET_CHALLENGE_FLAGSB.1:
    5927   00:5D4E                          ; nz, prompts, C to later go to L
    5928   00:5D4E                          RECEIVE_DATA
    5928   00:5D4E  DB 06             >     in a,(IN_DATA_PORT)
    5929   00:5D50  4F                      ld c,a
    5930   00:5D51  C5                      push    bc                      ; stack has the flags
    5931   00:5D52                          ; Now let's decrease HL as we've read 2 bytes
    5932   00:5D52  2B                      dec hl
    5933   00:5D53  2B                      dec hl
    5934   00:5D54                          ; And loop for the whole remaining response
    5935   00:5D54  4D                      ld  c,l
    5936   00:5D55  44                      ld  b,h                         ; BC has effective received data size, as well as HL
    5937   00:5D56                          ; put effective data size in de
    5938   00:5D56  EB                      ex  de,hl
    5939   00:5D57                          ; will start moving at address in stack (we've pushed the adress in WORD)
    5940   00:5D57  CD 22 5F                call    GETWORD
    5941   00:5D5A  CD 95 5F                call    BCBACKUP                ; save count (BC)
    5942   00:5D5D                      
    5943   00:5D5D                          ; Grauw Optimized 16 bit loop, handy for us, mostly since we can use ini :-D
    5944   00:5D5D  43                      ld  b,e                         ; Number of loops originaly in DE
    5945   00:5D5E  1B                      dec de
    5946   00:5D5F  14                      inc d
    5947   00:5D60                          if USE_MEM_IO = 0
    5948   00:5D60  0E 06                   ld  c,IN_DATA_PORT
    5949   00:5D62                          CHECK_QUICK_RECEIVE
    5949   00:5D62  DB 07             >     in  a,(IN_STS_PORT)
    5949   00:5D64  CB 5F             >     bit 3,a
    5950   00:5D66  28 14                   jr  z,SSH_AUTH_GET_CHALLENGE_R_NSF             ; If not, go to the old, slower route
    5951   00:5D68                          ; Otherwise, let's speed it up baby!
    5952   00:5D68                      SSH_AUTH_GET_CHALLENGE_R:
    5953   00:5D68  ED B2                   inir
    5954   00:5D6A                          else
    5955   00:5D6A                    ~     CHECK_QUICK_RECEIVE
    5956   00:5D6A                    ~     jr  z,SSH_AUTH_GET_CHALLENGE_R_NSF       ; If not, go to the old, slower route
    5957   00:5D6A                    ~     ; Otherwise, let's speed it up baby!
    5958   00:5D6A                    ~ SSH_AUTH_GET_CHALLENGE_R:
    5959   00:5D6A                    ~     ld  a,(MEM_IN_DATA_PORT)
    5960   00:5D6A                    ~     ld  (hl),a
    5961   00:5D6A                    ~     inc hl
    5962   00:5D6A                    ~     djnz SSH_AUTH_GET_CHALLENGE_R
    5963   00:5D6A                    ~     endif
    5964   00:5D6A  15                      dec d
    5965   00:5D6B  20 FB                   jr nz,SSH_AUTH_GET_CHALLENGE_R
    5966   00:5D6D                          CHECK_BUFFER_UNDERRUN
    5966   00:5D6D  DB 07             >     in  a,(IN_STS_PORT)
    5966   00:5D6F  CB 67             >     bit 4,a
    5967   00:5D71  C2 7D 5C                jp  nz,SSH_AUTH_GET_CHALLENGE_RETRY_QRCV ; If yes, retry
    5968   00:5D74                          ; Otherwise, done
    5969   00:5D74  CD 83 5F                call    BCRESTORE               ; done, restore return data in BC
    5970   00:5D77  03                      inc bc
    5971   00:5D78  03                      inc bc
    5972   00:5D79                          ; get flags back from stack
    5973   00:5D79  E1                      pop hl
    5974   00:5D7A  AF                      xor a
    5975   00:5D7B  C9                      ret
    5976   00:5D7C                      SSH_AUTH_GET_CHALLENGE_R_NSF:
    5977   00:5D7C                          CHECK_DATA
    5977   00:5D7C  DB 07             >     in  a,(IN_STS_PORT)
    5977   00:5D7E  CB 47             >     bit 0,a
    5978   00:5D80  20 05                   jr  nz,SSH_AUTH_GET_CHALLENGE_R_NSF.1
    5979   00:5D82  CD AD 5A                call    TCPIP_TCP_RCV_CHECK_TIME_OUT
    5980   00:5D85  18 F5                   jr  SSH_AUTH_GET_CHALLENGE_R_NSF
    5981   00:5D87                      SSH_AUTH_GET_CHALLENGE_R_NSF.1:
    5982   00:5D87                          if USE_MEM_IO = 0
    5983   00:5D87  ED A2                   ini
    5984   00:5D89                          else
    5985   00:5D89                    ~     ld  a,(MEM_IN_DATA_PORT)
    5986   00:5D89                    ~     ld  (hl),a
    5987   00:5D89                    ~     inc hl
    5988   00:5D89                    ~     dec b
    5989   00:5D89                    ~     endif
    5990   00:5D89  20 F1                   jr  nz,SSH_AUTH_GET_CHALLENGE_R_NSF
    5991   00:5D8B  15                      dec d
    5992   00:5D8C  20 EE                   jr nz,SSH_AUTH_GET_CHALLENGE_R_NSF
    5993   00:5D8E  CD 83 5F                call    BCRESTORE               ; done, restore return data in BC
    5994   00:5D91  03                      inc bc
    5995   00:5D92  03                      inc bc
    5996   00:5D93                          ; get flags back from stack
    5997   00:5D93  E1                      pop hl
    5998   00:5D94  AF                      xor a
    5999   00:5D95  C9                      ret
    6000   00:5D96                      
    6001   00:5D96                      ;=============================
    6002   00:5D96                      ;===  TCPIP_CONFIG_AUTOIP  ===
    6003   00:5D96                      ;=============================
    6004   00:5D96                      ;Enable or disable the automatic IP addresses retrieval.
    6005   00:5D96                      ;
    6006   00:5D96                      ;Input:  A = 25
    6007   00:5D96                      ;        B = 0: Get current configuration
    6008   00:5D96                      ;            1: Set configuration
    6009   00:5D96                      ;        C = Configuration to set (only if B=1):
    6010   00:5D96                      ;            bit 0: Set to automatically retrieve
    6011   00:5D96                      ;                   local IP address, subnet mask and default gateway
    6012   00:5D96                      ;            bit 1: Set to automatically retrieve DNS servers addresses
    6013   00:5D96                      ;            bits 2-7: Unused, must be zero
    6014   00:5D96                      ;Output: A = Error code
    6015   00:5D96                      ;        C = Configuration after the routine execution
    6016   00:5D96                      ;            (same format as C at input)
    6017   00:5D96                      TCPIP_CONFIG_AUTOIP:
    6018   00:5D96                          SEND_DATA                       ; Send the command
    6018   00:5D96  D3 07             >     out (OUT_TX_PORT),a
    6019   00:5D98  AF                      xor a
    6020   00:5D99                          SEND_DATA                       ; Send the command size msb
    6020   00:5D99  D3 07             >     out (OUT_TX_PORT),a
    6021   00:5D9B  3E 02                   ld  a,2
    6022   00:5D9D                          SEND_DATA                       ; Send the command size lsb
    6022   00:5D9D  D3 07             >     out (OUT_TX_PORT),a
    6023   00:5D9F  78                      ld  a,b
    6024   00:5DA0                          SEND_DATA                       ; Send the command
    6024   00:5DA0  D3 07             >     out (OUT_TX_PORT),a
    6025   00:5DA2  79                      ld  a,c
    6026   00:5DA3                          SEND_DATA                       ; Send the command parameter
    6026   00:5DA3  D3 07             >     out (OUT_TX_PORT),a
    6027   00:5DA5                      
    6028   00:5DA5                          ; Now wait up to 180 ticks to get response
    6029   00:5DA5  21 B4 00                ld hl,180
    6030   00:5DA8  CD EC 5E                call    SETCOUNTER
    6031   00:5DAB                      TCPIP_CONFIG_AUTOIP_ST1:
    6032   00:5DAB                          CHECK_DATA
    6032   00:5DAB  DB 07             >     in  a,(IN_STS_PORT)
    6032   00:5DAD  CB 47             >     bit 0,a
    6033   00:5DAF  20 05                   jr  nz,TCPIP_CONFIG_AUTOIP_ST1.1
    6034   00:5DB1  CD D6 4D                call    TCPIP_GENERIC_CHECK_TIME_OUT
    6035   00:5DB4  18 F5                   jr  TCPIP_CONFIG_AUTOIP_ST1
    6036   00:5DB6                      TCPIP_CONFIG_AUTOIP_ST1.1:
    6037   00:5DB6                          ; nz, check the data
    6038   00:5DB6                          RECEIVE_DATA
    6038   00:5DB6  DB 06             >     in a,(IN_DATA_PORT)
    6039   00:5DB8  FE 19                   cp  25                          ; Is response of our command?
    6040   00:5DBA  20 EF                   jr  nz,TCPIP_CONFIG_AUTOIP_ST1
    6041   00:5DBC                          ; now get return code, if return code other than 0, it is finished
    6042   00:5DBC                      TCPIP_CONFIG_AUTOIP_RC:
    6043   00:5DBC                          CHECK_DATA
    6043   00:5DBC  DB 07             >     in  a,(IN_STS_PORT)
    6043   00:5DBE  CB 47             >     bit 0,a
    6044   00:5DC0  20 05                   jr  nz,TCPIP_CONFIG_AUTOIP_RC.1
    6045   00:5DC2  CD D6 4D                call    TCPIP_GENERIC_CHECK_TIME_OUT
    6046   00:5DC5  18 F5                   jr  TCPIP_CONFIG_AUTOIP_RC
    6047   00:5DC7                      TCPIP_CONFIG_AUTOIP_RC.1:
    6048   00:5DC7                          ;nz, discard
    6049   00:5DC7                          RECEIVE_DATA
    6049   00:5DC7  DB 06             >     in a,(IN_DATA_PORT)
    6050   00:5DC9  B7                      or  a                           ; 0?
    6051   00:5DCA  C0                      ret nz                          ; if not, done
    6052   00:5DCB                      
    6053   00:5DCB                          ; next two bytes are return code and size bytes, don't care, it is 1, configuration
    6054   00:5DCB  06 02                   ld  b,2
    6055   00:5DCD                      TCPIP_CONFIG_AUTOIP_ST2:
    6056   00:5DCD                          CHECK_DATA
    6056   00:5DCD  DB 07             >     in  a,(IN_STS_PORT)
    6056   00:5DCF  CB 47             >     bit 0,a
    6057   00:5DD1  20 05                   jr  nz,TCPIP_CONFIG_AUTOIP_ST2.1
    6058   00:5DD3  CD D6 4D                call    TCPIP_GENERIC_CHECK_TIME_OUT
    6059   00:5DD6  18 F5                   jr  TCPIP_CONFIG_AUTOIP_ST2
    6060   00:5DD8                      TCPIP_CONFIG_AUTOIP_ST2.1:
    6061   00:5DD8                          ; nz, discard
    6062   00:5DD8                          RECEIVE_DATA
    6062   00:5DD8  DB 06             >     in a,(IN_DATA_PORT)
    6063   00:5DDA  05                      dec b
    6064   00:5DDB  20 F0                   jr  nz,TCPIP_CONFIG_AUTOIP_ST2
    6065   00:5DDD                      
    6066   00:5DDD                          ; now just get the 1 byte, configuration, should go to C
    6067   00:5DDD                      TCPIP_CONFIG_AUTOIP_CONF_ST1:
    6068   00:5DDD                          CHECK_DATA
    6068   00:5DDD  DB 07             >     in  a,(IN_STS_PORT)
    6068   00:5DDF  CB 47             >     bit 0,a
    6069   00:5DE1  20 05                   jr  nz,TCPIP_CONFIG_AUTOIP_CONF_ST1.1
    6070   00:5DE3  CD D6 4D                call    TCPIP_GENERIC_CHECK_TIME_OUT
    6071   00:5DE6  18 F5                   jr  TCPIP_CONFIG_AUTOIP_CONF_ST1
    6072   00:5DE8                      TCPIP_CONFIG_AUTOIP_CONF_ST1.1:
    6073   00:5DE8                          ; nz, get it
    6074   00:5DE8                          RECEIVE_DATA
    6074   00:5DE8  DB 06             >     in a,(IN_DATA_PORT)
    6075   00:5DEA  4F                      ld  c,a
    6076   00:5DEB                          ; done
    6077   00:5DEB  AF                      xor a
    6078   00:5DEC  C9                      ret
    6079   00:5DED                      
    6080   00:5DED                      ;=========================
    6081   00:5DED                      ;===  TCPIP_CONFIG_IP  ===
    6082   00:5DED                      ;=========================
    6083   00:5DED                      ;Manually configure an IP address.
    6084   00:5DED                      ;
    6085   00:5DED                      ;Input:  A = 26
    6086   00:5DED                      ;        B = Index of address to set:
    6087   00:5DED                      ;            1: Local IP address
    6088   00:5DED                      ;            2: Peer IP address
    6089   00:5DED                      ;            3: Subnet mask
    6090   00:5DED                      ;            4: Default gateway
    6091   00:5DED                      ;            5: Primary DNS server IP address
    6092   00:5DED                      ;            6: Secondary DNS server IP address
    6093   00:5DED                      ;        L.H.E.D = Address value
    6094   00:5DED                      ;Output: A = Error code
    6095   00:5DED                      TCPIP_CONFIG_IP:
    6096   00:5DED                          SEND_DATA                       ; Send the command
    6096   00:5DED  D3 07             >     out (OUT_TX_PORT),a
    6097   00:5DEF  AF                      xor a
    6098   00:5DF0                          SEND_DATA                       ; Send the command size msb
    6098   00:5DF0  D3 07             >     out (OUT_TX_PORT),a
    6099   00:5DF2  3E 05                   ld  a,5
    6100   00:5DF4                          SEND_DATA                       ; Send the command size lsb
    6100   00:5DF4  D3 07             >     out (OUT_TX_PORT),a
    6101   00:5DF6  78                      ld  a,b
    6102   00:5DF7                          SEND_DATA                       ; Send the address to set
    6102   00:5DF7  D3 07             >     out (OUT_TX_PORT),a
    6103   00:5DF9  7D                      ld  a,l
    6104   00:5DFA                          SEND_DATA                       ; Send the IP first byte
    6104   00:5DFA  D3 07             >     out (OUT_TX_PORT),a
    6105   00:5DFC  7C                      ld  a,h
    6106   00:5DFD                          SEND_DATA                       ; Send the IP second byte
    6106   00:5DFD  D3 07             >     out (OUT_TX_PORT),a
    6107   00:5DFF  7B                      ld  a,e
    6108   00:5E00                          SEND_DATA                       ; Send the IP third byte
    6108   00:5E00  D3 07             >     out (OUT_TX_PORT),a
    6109   00:5E02  7A                      ld  a,d
    6110   00:5E03                          SEND_DATA                       ; Send the IP fourth byte
    6110   00:5E03  D3 07             >     out (OUT_TX_PORT),a
    6111   00:5E05                      
    6112   00:5E05                          ; Now wait up to 180 ticks to get response
    6113   00:5E05  21 B4 00                ld  hl,180
    6114   00:5E08  CD EC 5E                call    SETCOUNTER
    6115   00:5E0B                      TCPIP_CONFIG_IP_ST1:
    6116   00:5E0B                          CHECK_DATA
    6116   00:5E0B  DB 07             >     in  a,(IN_STS_PORT)
    6116   00:5E0D  CB 47             >     bit 0,a
    6117   00:5E0F  20 05                   jr  nz,TCPIP_CONFIG_IP_ST1.1
    6118   00:5E11  CD D6 4D                call    TCPIP_GENERIC_CHECK_TIME_OUT
    6119   00:5E14  18 F5                   jr  TCPIP_CONFIG_IP_ST1
    6120   00:5E16                      TCPIP_CONFIG_IP_ST1.1:
    6121   00:5E16                          ; nz, check the data
    6122   00:5E16                          RECEIVE_DATA
    6122   00:5E16  DB 06             >     in a,(IN_DATA_PORT)
    6123   00:5E18  FE 1A                   cp  26                          ; Is response of our command?
    6124   00:5E1A  20 EF                   jr  nz,TCPIP_CONFIG_IP_ST1
    6125   00:5E1C                          ; now get return code, and that is it
    6126   00:5E1C                      TCPIP_CONFIG_IP_RC:
    6127   00:5E1C                          CHECK_DATA
    6127   00:5E1C  DB 07             >     in  a,(IN_STS_PORT)
    6127   00:5E1E  CB 47             >     bit 0,a
    6128   00:5E20  20 05                   jr  nz,TCPIP_CONFIG_IP_RC.1
    6129   00:5E22  CD D6 4D                call    TCPIP_GENERIC_CHECK_TIME_OUT
    6130   00:5E25  18 F5                   jr  TCPIP_CONFIG_IP_RC
    6131   00:5E27                      TCPIP_CONFIG_IP_RC.1:
    6132   00:5E27                          ; nz, discard
    6133   00:5E27                          RECEIVE_DATA
    6133   00:5E27  DB 06             >     in a,(IN_DATA_PORT)
    6134   00:5E29  C9                      ret                             ; done
    6135   00:5E2A                      
    6136   00:5E2A                      ;==========================
    6137   00:5E2A                      ;===  TCPIP_CONFIG_TTL  ===
    6138   00:5E2A                      ;==========================
    6139   00:5E2A                      ;Get/set the value of TTL and TOS for outgoing datagrams.
    6140   00:5E2A                      ;
    6141   00:5E2A                      ;Input:  A = 27
    6142   00:5E2A                      ;        B = 0: Get current values (just return 255 for TTL and 0 for TOS
    6143   00:5E2A                      ;               as ESP do not expose or allow configurations of it)
    6144   00:5E2A                      ;            1: Set values
    6145   00:5E2A                      ;        D = New value for TTL (only if B=1)
    6146   00:5E2A                      ;        E = New value for ToS (only if B=1)
    6147   00:5E2A                      ;Output: A = Error code
    6148   00:5E2A                      ;        D = Value of TTL after the routine execution
    6149   00:5E2A                      ;        E = Value of ToS after the routine execution
    6150   00:5E2A                      TCPIP_CONFIG_TTL:
    6151   00:5E2A  78                      ld  a,b
    6152   00:5E2B  E6 FE                   and %11111110
    6153   00:5E2D  B7                      or  a
    6154   00:5E2E  3E 04                   ld  a,ERR_INV_PARAM
    6155   00:5E30  C0                      ret nz
    6156   00:5E31  78                      ld  a,b
    6157   00:5E32  B7                      or  a
    6158   00:5E33                          ; Cant set, so NOT IMP
    6159   00:5E33  3E 01                   ld  a,ERR_NOT_IMP
    6160   00:5E35  C0                      ret nz                          ; if not get, not implemented
    6161   00:5E36                          ; get, so just return D = #FF, A = OK = 0 and E = 0
    6162   00:5E36  AF                      xor a
    6163   00:5E37  1E 00                   ld  e,0
    6164   00:5E39  16 FF                   ld  d,#FF
    6165   00:5E3B  C9                      ret
    6166   00:5E3C                      
    6167   00:5E3C                      ;===========================
    6168   00:5E3C                      ;===  TCPIP_CONFIG_PING  ===
    6169   00:5E3C                      ;===========================
    6170   00:5E3C                      ;Get/set the automatic PING reply flag.
    6171   00:5E3C                      ;
    6172   00:5E3C                      ;Input:  A = 28
    6173   00:5E3C                      ;        B = 0: Get current flag value
    6174   00:5E3C                      ;            1: Set flag value (ERR_NOT_IMP)
    6175   00:5E3C                      ;        C = New flag value (only if B=1):
    6176   00:5E3C                      ;            0: Off
    6177   00:5E3C                      ;            1: On
    6178   00:5E3C                      ;Output: A = Error code
    6179   00:5E3C                      ;        C = Flag value after the routine execution
    6180   00:5E3C                      TCPIP_CONFIG_PING:
    6181   00:5E3C  78                      ld  a,b
    6182   00:5E3D  E6 FE                   and %11111110
    6183   00:5E3F  B7                      or  a
    6184   00:5E40  3E 04                   ld  a,ERR_INV_PARAM
    6185   00:5E42  C0                      ret nz
    6186   00:5E43  78                      ld  a,b
    6187   00:5E44  B7                      or  a
    6188   00:5E45                          ; Cant set, so NOT IMP
    6189   00:5E45  3E 01                   ld  a,ERR_NOT_IMP
    6190   00:5E47  C0                      ret nz                          ; if not get, not implemented
    6191   00:5E48                          ; get, so just return C = 1, A = OK = 0
    6192   00:5E48  AF                      xor a
    6193   00:5E49  0E 01                   ld  c,1
    6194   00:5E4B  C9                      ret
    6195   00:5E4C                      
    6196   00:5E4C                      ;============================
    6197   00:5E4C                      ;===  Auxiliary routines  ===
    6198   00:5E4C                      ;============================
    6199   00:5E4C                      
    6200   00:5E4C                      ;--- Get slot connected on page 1
    6201   00:5E4C                      ;    Input:  -
    6202   00:5E4C                      ;    Output: A = Slot number
    6203   00:5E4C                      ;    Modifies: AF, HL, E, BC
    6204   00:5E4C                      
    6205   00:5E4C                      GETSLT:
    6206   00:5E4C  DB A8                   in  a,(#A8)
    6207   00:5E4E  0F                      rrca
    6208   00:5E4F  0F                      rrca
    6209   00:5E50  E6 03                   and 3
    6210   00:5E52  4F                      ld  c,a                         ;C = Slot
    6211   00:5E53  06 00                   ld  b,0
    6212   00:5E55  21 C1 FC                ld  hl,EXPTBL
    6213   00:5E58  09                      add hl,bc
    6214   00:5E59  7E                      ld  a,(hl)
    6215   00:5E5A  E6 80                   and #80
    6216   00:5E5C  B1                      or  c
    6217   00:5E5D  4F                      ld  c,a
    6218   00:5E5E  23                      inc hl
    6219   00:5E5F  23                      inc hl
    6220   00:5E60  23                      inc hl
    6221   00:5E61  23                      inc hl
    6222   00:5E62  7E                      ld  a,(hl)
    6223   00:5E63  E6 0C                   and #0C
    6224   00:5E65  B1                      or  c
    6225   00:5E66  CB 7F                   bit 7,a
    6226   00:5E68  C0                      ret nz
    6227   00:5E69  E6 03                   and %11
    6228   00:5E6B  C9                      ret
    6229   00:5E6C                      
    6230   00:5E6C                      ;--- Get slot connected on page 1 and test if work area has been created, if not, create it
    6231   00:5E6C                      ;    Input:  -
    6232   00:5E6C                      ;    Output: A = Slot number
    6233   00:5E6C                      ;    Modifies: AF, HL, E, BC
    6234   00:5E6C                      
    6235   00:5E6C                      GETSLTT:
    6236   00:5E6C  DB A8                   in  a,(#A8)
    6237   00:5E6E  0F                      rrca
    6238   00:5E6F  0F                      rrca
    6239   00:5E70  E6 03                   and 3
    6240   00:5E72  4F                      ld  c,a                         ;C = Slot
    6241   00:5E73  06 00                   ld  b,0
    6242   00:5E75  21 C1 FC                ld  hl,EXPTBL
    6243   00:5E78  09                      add hl,bc
    6244   00:5E79  7E                      ld  a,(hl)
    6245   00:5E7A  E6 80                   and #80
    6246   00:5E7C  B1                      or  c
    6247   00:5E7D  4F                      ld  c,a
    6248   00:5E7E  23                      inc hl
    6249   00:5E7F  23                      inc hl
    6250   00:5E80  23                      inc hl
    6251   00:5E81  23                      inc hl
    6252   00:5E82  7E                      ld  a,(hl)
    6253   00:5E83  E6 0C                   and #0C
    6254   00:5E85  B1                      or  c
    6255   00:5E86  CB 7F                   bit 7,a
    6256   00:5E88  C2 8D 5E                jp  nz,GETSLTT1
    6257   00:5E8B  E6 03                   and %11
    6258   00:5E8D                      GETSLTT1:
    6259   00:5E8D  F5                      push    af
    6260   00:5E8E  C5                      push    bc
    6261   00:5E8F  E5                      push    hl
    6262   00:5E90  CD A5 5E                call    GETWRK
    6263   00:5E93  01 05 00                ld  bc,5
    6264   00:5E96  09                      add hl,bc
    6265   00:5E97  7E                      ld  a,(hl)
    6266   00:5E98  B7                      or  a
    6267   00:5E99  C2 A1 5E                jp  nz,GETSLTTRET
    6268   00:5E9C  3C                      inc a
    6269   00:5E9D  77                      ld  (hl),a
    6270   00:5E9E  CD E8 41                call    HIMEM_ALLOC
    6271   00:5EA1                      GETSLTTRET:
    6272   00:5EA1  E1                      pop hl
    6273   00:5EA2  C1                      pop bc
    6274   00:5EA3  F1                      pop af
    6275   00:5EA4  C9                      ret
    6276   00:5EA5                      
    6277   00:5EA5                      ;--- Obtain slot work area (8 bytes) on SLTWRK
    6278   00:5EA5                      ;    Input:  A  = Slot number
    6279   00:5EA5                      ;    Output: HL = Work area address
    6280   00:5EA5                      ;    Modifies: AF, BC
    6281   00:5EA5                      
    6282   00:5EA5                      GETWRK:
    6283   00:5EA5  47                      ld  b,a
    6284   00:5EA6  0F                      rrca
    6285   00:5EA7  0F                      rrca
    6286   00:5EA8  0F                      rrca
    6287   00:5EA9  E6 60                   and %01100000
    6288   00:5EAB  4F                      ld  c,a                         ;C = Slot * 32
    6289   00:5EAC  78                      ld  a,b
    6290   00:5EAD  07                      rlca
    6291   00:5EAE  E6 18                   and %00011000                   ;A = Subslot * 8
    6292   00:5EB0  B1                      or  c
    6293   00:5EB1  4F                      ld  c,a
    6294   00:5EB2  06 00                   ld  b,0
    6295   00:5EB4  21 09 FD                ld  hl,SLTWRK
    6296   00:5EB7  09                      add hl,bc
    6297   00:5EB8  C9                      ret
    6298   00:5EB9                      
    6299   00:5EB9                      ;--- Obtain the address where our memory area address in high memory is stored
    6300   00:5EB9                      ;    Input:  A  = Slot number
    6301   00:5EB9                      ;    Output: HL = High memory area address
    6302   00:5EB9                      ;    Modifies: AF, BC
    6303   00:5EB9                      
    6304   00:5EB9                      GETMEMPOINTERADDR:
    6305   00:5EB9  47                      ld  b,a
    6306   00:5EBA  0F                      rrca
    6307   00:5EBB  0F                      rrca
    6308   00:5EBC  0F                      rrca
    6309   00:5EBD  E6 60                   and %01100000
    6310   00:5EBF  4F                      ld  c,a                         ; C = Slot * 32
    6311   00:5EC0  78                      ld  a,b
    6312   00:5EC1  07                      rlca
    6313   00:5EC2  E6 18                   and %00011000                   ; A = Subslot * 8
    6314   00:5EC4  B1                      or  c
    6315   00:5EC5  4F                      ld  c,a
    6316   00:5EC6  06 00                   ld  b,0
    6317   00:5EC8  D2 CC 5E                jp  nc,GETMEM_1
    6318   00:5ECB  04                      inc b
    6319   00:5ECC                      GETMEM_1:
    6320   00:5ECC  21 09 FD                ld  hl,SLTWRK
    6321   00:5ECF  09                      add hl,bc
    6322   00:5ED0  01 05 00                ld  bc,5
    6323   00:5ED3  09                      add hl,bc
    6324   00:5ED4  C9                      ret
    6325   00:5ED5                      
    6326   00:5ED5                      ;--- Obtain the address where our memory area address in high memory is stored
    6327   00:5ED5                      ;    Input:  A  = Slot number
    6328   00:5ED5                      ;    Output: HL = High memory area address
    6329   00:5ED5                      ;    Modifies: AF, BC
    6330   00:5ED5                      
    6331   00:5ED5                      GETMEMPOINTER:
    6332   00:5ED5  CD B9 5E                call    GETMEMPOINTERADDR
    6333   00:5ED8  4E                      ld  c,(hl)
    6334   00:5ED9  23                      inc hl
    6335   00:5EDA  66                      ld  h,(hl)
    6336   00:5EDB  69                      ld  l,c
    6337   00:5EDC  C9                      ret
    6338   00:5EDD                      
    6339   00:5EDD                      ;--- Obtain our HTIM_I driven counter value in high memory
    6340   00:5EDD                      ;    Input:  none
    6341   00:5EDD                      ;    Output: HL = counter value
    6342   00:5EDD                      ;    Modifies: AF, HL, DE, BC
    6343   00:5EDD                      
    6344   00:5EDD                      GETCOUNTER:
    6345   00:5EDD  CD 4C 5E                call    GETSLT
    6346   00:5EE0                          ; Slot in A, now get the address of our counter
    6347   00:5EE0  CD D5 5E                call    GETMEMPOINTER
    6348   00:5EE3                          ; HL has the address of our memory area, counter is 5 bytes after start
    6349   00:5EE3  11 05 00                ld  de,MEMORY_COUNTER_OFFSET
    6350   00:5EE6  19                      add hl,de
    6351   00:5EE7                          ; Ok, this is where our counter is so get it
    6352   00:5EE7  5E                      ld  e,(hl)
    6353   00:5EE8  23                      inc hl
    6354   00:5EE9  56                      ld  d,(hl)
    6355   00:5EEA                          ; DE has the counter value
    6356   00:5EEA  EB                      ex  de,hl                       ; Counter value in HL
    6357   00:5EEB  C9                      ret
    6358   00:5EEC                      
    6359   00:5EEC                      ;--- Set our HTIM_I driven counter value in high memory
    6360   00:5EEC                      ;    Input:  HL = new counter value
    6361   00:5EEC                      ;    Output: none
    6362   00:5EEC                      ;    Modifies: AF, HL, DE, BC
    6363   00:5EEC                      
    6364   00:5EEC                      SETCOUNTER:
    6365   00:5EEC  E5                      push    hl                      ; Save parameter
    6366   00:5EED  CD 4C 5E                call    GETSLT
    6367   00:5EF0                          ; Slot in A, now get the address of our counter
    6368   00:5EF0  CD D5 5E                call    GETMEMPOINTER
    6369   00:5EF3                          ; HL has the address of our memory area, counter is 5 bytes after start
    6370   00:5EF3  11 05 00                ld  de,MEMORY_COUNTER_OFFSET
    6371   00:5EF6  19                      add hl,de
    6372   00:5EF7                          ; Ok, this is where our counter is so get it
    6373   00:5EF7                          ; HL has the address of counter
    6374   00:5EF7  D1                      pop de                          ; Restore parameter in DE
    6375   00:5EF8  73                      ld  (hl),e
    6376   00:5EF9  23                      inc hl
    6377   00:5EFA  72                      ld  (hl),d
    6378   00:5EFB  C9                      ret
    6379   00:5EFC                      
    6380   00:5EFC                      ;--- Obtain a one byte param saved in high memory
    6381   00:5EFC                      ;    Input:  none
    6382   00:5EFC                      ;    Output: A = param
    6383   00:5EFC                      ;    Modifies: AF
    6384   00:5EFC                      
    6385   00:5EFC                      GETBYTE:
    6386   00:5EFC  C5                      push    bc
    6387   00:5EFD  D5                      push    de
    6388   00:5EFE  E5                      push    hl
    6389   00:5EFF  CD 4C 5E                call    GETSLT
    6390   00:5F02                          ; Slot in A, now get the address of our counter
    6391   00:5F02  CD D5 5E                call    GETMEMPOINTER
    6392   00:5F05                          ; HL has the address of our memory area, param is 7 bytes after start
    6393   00:5F05  11 07 00                ld  de,MEMORY_SB_VAR_OFFSET
    6394   00:5F08  19                      add hl,de
    6395   00:5F09                          ; Ok, this is where our param is so get it
    6396   00:5F09  7E                      ld  a,(hl)
    6397   00:5F0A  E1                      pop hl
    6398   00:5F0B  D1                      pop de
    6399   00:5F0C  C1                      pop bc
    6400   00:5F0D  C9                      ret
    6401   00:5F0E                      
    6402   00:5F0E                      ;--- Set a one byte param value in high memory
    6403   00:5F0E                      ;    Input:  A = new counter value
    6404   00:5F0E                      ;    Output: none
    6405   00:5F0E                      ;    Modifies: AF
    6406   00:5F0E                      
    6407   00:5F0E                      SETBYTE:
    6408   00:5F0E  C5                      push    bc
    6409   00:5F0F  D5                      push    de
    6410   00:5F10  E5                      push    hl
    6411   00:5F11  F5                      push    af                      ; Save parameter
    6412   00:5F12  CD 4C 5E                call    GETSLT
    6413   00:5F15                          ; Slot in A, now get the address
    6414   00:5F15  CD D5 5E                call    GETMEMPOINTER
    6415   00:5F18                          ; HL has the address of our memory area, byte param is 7 bytes after start
    6416   00:5F18  11 07 00                ld  de,MEMORY_SB_VAR_OFFSET
    6417   00:5F1B  19                      add hl,de
    6418   00:5F1C                          ; HL has the address of param
    6419   00:5F1C  F1                      pop af                          ; Restore parameter
    6420   00:5F1D  77                      ld  (hl),a
    6421   00:5F1E  E1                      pop hl
    6422   00:5F1F  D1                      pop de
    6423   00:5F20  C1                      pop bc
    6424   00:5F21  C9                      ret
    6425   00:5F22                      
    6426   00:5F22                      ;--- Obtain a two bytes param saved in high memory
    6427   00:5F22                      ;    Input:  none
    6428   00:5F22                      ;    Output: HL = param
    6429   00:5F22                      ;    Modifies: AF, HL
    6430   00:5F22                      
    6431   00:5F22                      GETWORD:
    6432   00:5F22  C5                      push    bc
    6433   00:5F23  D5                      push    de
    6434   00:5F24  CD 4C 5E                call    GETSLT
    6435   00:5F27                          ; Slot in A, now get the address of our counter
    6436   00:5F27  CD D5 5E                call    GETMEMPOINTER
    6437   00:5F2A                          ; HL has the address of our memory area, param is 7 bytes after start
    6438   00:5F2A  11 0B 00                ld  de,MEMORY_DB_VAR_OFFSET
    6439   00:5F2D  19                      add hl,de
    6440   00:5F2E                          ; Ok, this is where our param is so get it
    6441   00:5F2E  5E                      ld  e,(hl)
    6442   00:5F2F  23                      inc hl
    6443   00:5F30  56                      ld  d,(hl)
    6444   00:5F31  EB                      ex  de,hl                       ; Return in HL
    6445   00:5F32  D1                      pop de
    6446   00:5F33  C1                      pop bc
    6447   00:5F34  C9                      ret
    6448   00:5F35                      
    6449   00:5F35                      ;--- Set a two bytes param value in high memory
    6450   00:5F35                      ;    Input:  HL = new counter value
    6451   00:5F35                      ;    Output: none
    6452   00:5F35                      ;    Modifies: AF
    6453   00:5F35                      
    6454   00:5F35                      SETWORD:
    6455   00:5F35  C5                      push    bc
    6456   00:5F36  D5                      push    de
    6457   00:5F37  E5                      push    hl
    6458   00:5F38  CD 4C 5E                call    GETSLT
    6459   00:5F3B                          ; Slot in A, now get the address
    6460   00:5F3B  CD D5 5E                call    GETMEMPOINTER
    6461   00:5F3E                          ; HL has the address of our memory area, byte param is 7 bytes after start
    6462   00:5F3E  11 0B 00                ld  de,MEMORY_DB_VAR_OFFSET
    6463   00:5F41  19                      add hl,de
    6464   00:5F42                          ; HL has the address of param
    6465   00:5F42  D1                      pop de                          ; Restore parameter in DE
    6466   00:5F43  73                      ld  (hl),e
    6467   00:5F44  23                      inc hl
    6468   00:5F45  72                      ld  (hl),d
    6469   00:5F46  EB                      ex  de,hl                       ; Restore HL original value
    6470   00:5F47  D1                      pop de
    6471   00:5F48  C1                      pop bc
    6472   00:5F49  C9                      ret
    6473   00:5F4A                      
    6474   00:5F4A                      ;--- Restores BC / DE / HL copy saved in high memory
    6475   00:5F4A                      ;    Input:  none
    6476   00:5F4A                      ;    Output: BC / DE / HL
    6477   00:5F4A                      ;    Modifies: AF
    6478   00:5F4A                      
    6479   00:5F4A                      REGRESTORE:
    6480   00:5F4A  CD 4C 5E                call    GETSLT
    6481   00:5F4D                          ; Slot in A, now get the address of our counter
    6482   00:5F4D  CD D5 5E                call    GETMEMPOINTER
    6483   00:5F50                          ; HL has the address of our memory area, param is 7 bytes after start
    6484   00:5F50  11 0D 00                ld  de,MEMORY_REGBACKUP_OFFSET
    6485   00:5F53  19                      add hl,de
    6486   00:5F54                          ; Ok, this is where our param is so get it
    6487   00:5F54  4E                      ld  c,(hl)
    6488   00:5F55  23                      inc hl
    6489   00:5F56  46                      ld  b,(hl)
    6490   00:5F57  23                      inc hl
    6491   00:5F58  5E                      ld  e,(hl)
    6492   00:5F59  23                      inc hl
    6493   00:5F5A  56                      ld  d,(hl)
    6494   00:5F5B  23                      inc hl
    6495   00:5F5C  7E                      ld  a,(hl)
    6496   00:5F5D  23                      inc hl
    6497   00:5F5E  66                      ld  h,(hl)
    6498   00:5F5F  6F                      ld  l,a
    6499   00:5F60  C9                      ret
    6500   00:5F61                      
    6501   00:5F61                      ;--- Backups BC / DE /HL in high memory
    6502   00:5F61                      ;    Input:  BC / DE / HL
    6503   00:5F61                      ;    Output: none
    6504   00:5F61                      ;    Modifies: AF
    6505   00:5F61                      
    6506   00:5F61                      REGBACKUP:
    6507   00:5F61  E5                      push    hl
    6508   00:5F62  D5                      push    de
    6509   00:5F63  C5                      push    bc
    6510   00:5F64  CD 4C 5E                call    GETSLT
    6511   00:5F67                          ; Slot in A, now get the address
    6512   00:5F67  CD D5 5E                call    GETMEMPOINTER
    6513   00:5F6A                          ; HL has the address of our memory area, byte param is 7 bytes after start
    6514   00:5F6A  11 0D 00                ld  de,MEMORY_REGBACKUP_OFFSET
    6515   00:5F6D  19                      add hl,de
    6516   00:5F6E                          ; HL has the address of param
    6517   00:5F6E  C1                      pop bc                          ; Restore BC
    6518   00:5F6F  71                      ld  (hl),c
    6519   00:5F70  23                      inc hl
    6520   00:5F71  70                      ld  (hl),b
    6521   00:5F72  23                      inc hl
    6522   00:5F73  D1                      pop de                          ; Restore DE
    6523   00:5F74  73                      ld  (hl),e
    6524   00:5F75  23                      inc hl
    6525   00:5F76  72                      ld  (hl),d
    6526   00:5F77  23                      inc hl
    6527   00:5F78  E3                      ex (sp),hl                      ; backup the address and get HL value
    6528   00:5F79  7D                      ld  a,l
    6529   00:5F7A  E3                      ex (sp),hl                      ; return it to the stack and get back the pointer
    6530   00:5F7B  77                      ld  (hl),a                      ; save l
    6531   00:5F7C  23                      inc hl
    6532   00:5F7D  E3                      ex (sp),hl                      ; backup the address and get HL value
    6533   00:5F7E  7C                      ld  a,h
    6534   00:5F7F  E3                      ex (sp),hl                      ; return it to the stack and get back the pointer
    6535   00:5F80  77                      ld  (hl),a                      ; save h
    6536   00:5F81  E1                      pop hl                          ; Restore HL original value
    6537   00:5F82  C9                      ret
    6538   00:5F83                      
    6539   00:5F83                      ;--- Restores BC copy saved in high memory
    6540   00:5F83                      ;    Input:  none
    6541   00:5F83                      ;    Output: BC
    6542   00:5F83                      ;    Modifies: AF
    6543   00:5F83                      
    6544   00:5F83                      BCRESTORE:
    6545   00:5F83  E5                      push    hl
    6546   00:5F84  D5                      push    de
    6547   00:5F85  CD 4C 5E                call    GETSLT
    6548   00:5F88                          ; Slot in A, now get the address of our counter
    6549   00:5F88  CD D5 5E                call    GETMEMPOINTER
    6550   00:5F8B                          ; HL has the address of our memory area, param is 7 bytes after start
    6551   00:5F8B  11 0D 00                ld  de,MEMORY_BCBACKUP_OFFSET
    6552   00:5F8E  19                      add hl,de
    6553   00:5F8F                          ; Ok, this is where our param is so get it
    6554   00:5F8F  4E                      ld  c,(hl)
    6555   00:5F90  23                      inc hl
    6556   00:5F91  46                      ld  b,(hl)
    6557   00:5F92  D1                      pop de
    6558   00:5F93  E1                      pop hl
    6559   00:5F94  C9                      ret
    6560   00:5F95                      
    6561   00:5F95                      ;--- Backups BC in high memory
    6562   00:5F95                      ;    Input:  BC
    6563   00:5F95                      ;    Output: none
    6564   00:5F95                      ;    Modifies: AF
    6565   00:5F95                      
    6566   00:5F95                      BCBACKUP:
    6567   00:5F95  D5                      push    de
    6568   00:5F96  E5                      push    hl
    6569   00:5F97  C5                      push    bc
    6570   00:5F98  CD 4C 5E                call    GETSLT
    6571   00:5F9B                          ; Slot in A, now get the address
    6572   00:5F9B  CD D5 5E                call    GETMEMPOINTER
    6573   00:5F9E                          ; HL has the address of our memory area, byte param is 7 bytes after start
    6574   00:5F9E  11 0D 00                ld  de,MEMORY_BCBACKUP_OFFSET
    6575   00:5FA1  19                      add hl,de
    6576   00:5FA2                          ; HL has the address of param
    6577   00:5FA2  C1                      pop bc                          ; Restore BC
    6578   00:5FA3  71                      ld  (hl),c
    6579   00:5FA4  23                      inc hl
    6580   00:5FA5  70                      ld  (hl),b
    6581   00:5FA6  E1                      pop hl                          ; Restore HL original value
    6582   00:5FA7  D1                      pop de                          ; Restore DE
    6583   00:5FA8  C9                      ret
    6584   00:5FA9                      
    6585   00:5FA9                      ;--- Restores HL copy saved in high memory
    6586   00:5FA9                      ;    Input:  none
    6587   00:5FA9                      ;    Output: HL
    6588   00:5FA9                      ;    Modifies: AF
    6589   00:5FA9                      
    6590   00:5FA9                      HLRESTORE:
    6591   00:5FA9  C5                      push    bc
    6592   00:5FAA  D5                      push    de
    6593   00:5FAB  CD 4C 5E                call    GETSLT
    6594   00:5FAE                          ; Slot in A, now get the address of our counter
    6595   00:5FAE  CD D5 5E                call    GETMEMPOINTER
    6596   00:5FB1                          ; HL has the address of our memory area, param is 7 bytes after start
    6597   00:5FB1  11 11 00                ld  de,MEMORY_HLBACKUP_OFFSET
    6598   00:5FB4  19                      add hl,de
    6599   00:5FB5                          ; Ok, this is where our param is so get it
    6600   00:5FB5  5E                      ld  e,(hl)
    6601   00:5FB6  23                      inc hl
    6602   00:5FB7  56                      ld  d,(hl)
    6603   00:5FB8  EB                      ex  de,hl
    6604   00:5FB9  D1                      pop de
    6605   00:5FBA  C1                      pop bc
    6606   00:5FBB  C9                      ret
    6607   00:5FBC                      
    6608   00:5FBC                      ;--- Backups HL in high memory
    6609   00:5FBC                      ;    Input:  HL
    6610   00:5FBC                      ;    Output: none
    6611   00:5FBC                      ;    Modifies: AF
    6612   00:5FBC                      
    6613   00:5FBC                      HLBACKUP:
    6614   00:5FBC  D5                      push    de
    6615   00:5FBD  C5                      push    bc
    6616   00:5FBE  E5                      push    hl
    6617   00:5FBF  CD 4C 5E                call    GETSLT
    6618   00:5FC2                          ; Slot in A, now get the address
    6619   00:5FC2  CD D5 5E                call    GETMEMPOINTER
    6620   00:5FC5                          ; HL has the address of our memory area, byte param is 7 bytes after start
    6621   00:5FC5  11 11 00                ld  de,MEMORY_HLBACKUP_OFFSET
    6622   00:5FC8  19                      add hl,de
    6623   00:5FC9                          ; HL has the address of param
    6624   00:5FC9  D1                      pop de                          ; Restore HL in de
    6625   00:5FCA  73                      ld  (hl),e
    6626   00:5FCB  23                      inc hl
    6627   00:5FCC  72                      ld  (hl),d
    6628   00:5FCD  EB                      ex  de,hl                       ; Restore HL
    6629   00:5FCE  C1                      pop bc                          ; Restore BC
    6630   00:5FCF  D1                      pop de                          ; Restore DE
    6631   00:5FD0  C9                      ret
    6632   00:5FD1                      
    6633   00:5FD1                      ;--- Return the saved ESP TYPE
    6634   00:5FD1                      ;    Input:  none
    6635   00:5FD1                      ;    Output: A and F will be NZ if ESP32
    6636   00:5FD1                      ;    Modifies: AF
    6637   00:5FD1                      
    6638   00:5FD1                      GETESPTYPE:
    6639   00:5FD1  D5                      push    de
    6640   00:5FD2  C5                      push    bc
    6641   00:5FD3  E5                      push    hl
    6642   00:5FD4  DD E5                   push    ix
    6643   00:5FD6  FD E5                   push    iy
    6644   00:5FD8  CD 4C 5E                call    GETSLT
    6645   00:5FDB  CD B9 5E                call    GETMEMPOINTERADDR       ; This is where we are going to store our memory area address
    6646   00:5FDE                          ; GETSLT and GETMEMPOINTER do not change DE, so it still has the our memory area address
    6647   00:5FDE  11 02 00                ld  de,2
    6648   00:5FE1  19                      add hl,de
    6649   00:5FE2  7E                      ld  a,(hl)
    6650   00:5FE3  E6 01                   and ESPFLAG_ESP32               ; NZ only if ESP32
    6651   00:5FE5  FD E1                   pop iy
    6652   00:5FE7  DD E1                   pop ix
    6653   00:5FE9  E1                      pop hl
    6654   00:5FEA  C1                      pop bc
    6655   00:5FEB  D1                      pop de
    6656   00:5FEC  C9                      ret
    6657   00:5FED                      
    6658   00:5FED                      ;--- Return our ESP flags byte (work area offset 7)
    6659   00:5FED                      ;    Input:  none
    6660   00:5FED                      ;    Output: A = flags
    6661   00:5FED                      ;    Modifies: AF
    6662   00:5FED                      
    6663   00:5FED                      GETESPFLAGS:
    6664   00:5FED  C5                      push    bc
    6665   00:5FEE  D5                      push    de
    6666   00:5FEF  E5                      push    hl
    6667   00:5FF0  CD 4C 5E                call    GETSLT
    6668   00:5FF3  CD B9 5E                call    GETMEMPOINTERADDR
    6669   00:5FF6  11 02 00                ld  de,2
    6670   00:5FF9  19                      add hl,de                       ; Our flags byte
    6671   00:5FFA  7E                      ld  a,(hl)
    6672   00:5FFB  E1                      pop hl
    6673   00:5FFC  D1                      pop de
    6674   00:5FFD  C1                      pop bc
    6675   00:5FFE  C9                      ret
    6676   00:5FFF                      
    6677   00:5FFF                      ;--- Obtain if DNS is ready saved in high memory
    6678   00:5FFF                      ;    Input:  none
    6679   00:5FFF                      ;    Output: A = DNS ready value
    6680   00:5FFF                      ;    Modifies: AF
    6681   00:5FFF                      
    6682   00:5FFF                      GETDNSREADY:
    6683   00:5FFF  C5                      push    bc
    6684   00:6000  D5                      push    de
    6685   00:6001  E5                      push    hl
    6686   00:6002  CD 4C 5E                call    GETSLT
    6687   00:6005                          ; Slot in A, now get the address
    6688   00:6005  CD D5 5E                call    GETMEMPOINTER
    6689   00:6008                          ; HL has the address of our memory area, DNS ready is 8 bytes after start
    6690   00:6008  11 08 00                ld  de,MEMORY_DNS_READY_OFFSET
    6691   00:600B  19                      add hl,de
    6692   00:600C                          ; Ok, get it
    6693   00:600C  7E                      ld  a,(hl)
    6694   00:600D  E1                      pop hl
    6695   00:600E  D1                      pop de
    6696   00:600F  C1                      pop bc
    6697   00:6010  C9                      ret
    6698   00:6011                      
    6699   00:6011                      ;--- Set DNS redy in high memory
    6700   00:6011                      ;    Input:  A = new value
    6701   00:6011                      ;    Output: none
    6702   00:6011                      ;    Modifies: AF
    6703   00:6011                      
    6704   00:6011                      SETDNSREADY:
    6705   00:6011  C5                      push    bc
    6706   00:6012  D5                      push    de
    6707   00:6013  E5                      push    hl
    6708   00:6014  F5                      push    af                      ; Save parameter
    6709   00:6015  CD 4C 5E                call    GETSLT
    6710   00:6018                          ; Slot in A, now get the address
    6711   00:6018  CD D5 5E                call    GETMEMPOINTER
    6712   00:601B                          ; HL has the address of our memory area, DNS ready is 8 bytes after start
    6713   00:601B  11 08 00                ld  de,MEMORY_DNS_READY_OFFSET
    6714   00:601E  19                      add hl,de
    6715   00:601F                          ; HL has the address of DNS ready
    6716   00:601F  F1                      pop af                          ; Restore parameter
    6717   00:6020  77                      ld  (hl),a
    6718   00:6021  E1                      pop hl
    6719   00:6022  D1                      pop de
    6720   00:6023  C1                      pop bc
    6721   00:6024  C9                      ret
    6722   00:6025                      
    6723   00:6025                      ;--- Obtain DNS result saved in high memory
    6724   00:6025                      ;    Input:  none
    6725   00:6025                      ;    Output: HL DE = DNS result
    6726   00:6025                      ;    Modifies: AF
    6727   00:6025                      
    6728   00:6025                      GETDNSRESULT:
    6729   00:6025  C5                      push    bc
    6730   00:6026  CD 4C 5E                call    GETSLT
    6731   00:6029                          ; Slot in A, now get the address
    6732   00:6029  CD D5 5E                call    GETMEMPOINTER
    6733   00:602C                          ; HL has the address of our memory area, DNS result is 9 bytes after start
    6734   00:602C  11 09 00                ld  de,MEMORY_DNS_RES_OFFSET
    6735   00:602F  19                      add hl,de
    6736   00:6030                          ; Ok, get it, first bytes are hl
    6737   00:6030  5E                      ld  e,(hl)
    6738   00:6031  23                      inc hl
    6739   00:6032  56                      ld  d,(hl)
    6740   00:6033  D5                      push    de                      ; for now, save in stack, so we can restore to HL later
    6741   00:6034  23                      inc hl
    6742   00:6035  5E                      ld  e,(hl)
    6743   00:6036  23                      inc hl
    6744   00:6037  56                      ld  d,(hl)
    6745   00:6038  E1                      pop hl                          ; and now restore HL value from stack
    6746   00:6039  C1                      pop bc
    6747   00:603A  C9                      ret
    6748   00:603B                      
    6749   00:603B                      ;--- Set DNS result in high memory
    6750   00:603B                      ;    Input:  HL DE = new value
    6751   00:603B                      ;    Output: none
    6752   00:603B                      ;    Modifies: AF
    6753   00:603B                      
    6754   00:603B                      SETDNSRESULT:
    6755   00:603B  C5                      push    bc
    6756   00:603C  D5                      push    de
    6757   00:603D  E5                      push    hl
    6758   00:603E  CD 4C 5E                call    GETSLT
    6759   00:6041                          ; Slot in A, now get the address
    6760   00:6041  CD D5 5E                call    GETMEMPOINTER
    6761   00:6044                          ; HL has the address of our memory area, DNS result is 9 bytes after start
    6762   00:6044  11 09 00                ld  de,MEMORY_DNS_RES_OFFSET
    6763   00:6047  19                      add hl,de
    6764   00:6048                          ; HL has the address of DNS result
    6765   00:6048  C1                      pop bc                          ; Restore parameter HL in BC
    6766   00:6049  71                      ld  (hl),c
    6767   00:604A  23                      inc hl
    6768   00:604B  70                      ld  (hl),b
    6769   00:604C  D1                      pop de                          ; Restore parameter DE in DE
    6770   00:604D  23                      inc hl
    6771   00:604E  73                      ld  (hl),e
    6772   00:604F  23                      inc hl
    6773   00:6050  72                      ld  (hl),d
    6774   00:6051  69                      ld  l,c
    6775   00:6052  60                      ld  h,b                         ; And HL is restored
    6776   00:6053  C1                      pop bc                          ; Restore BC
    6777   00:6054  C9                      ret
    6778   00:6055                      
    6779   00:6055                      ;--- Convert a character to upper-case if it is a lower-case letter
    6780   00:6055                      TOUPPER:
    6781   00:6055  FE 61                   cp  "a"
    6782   00:6057  D8                      ret c
    6783   00:6058  FE 7B                   cp  "z"+1
    6784   00:605A  D0                      ret nc
    6785   00:605B  E6 DF                   and #DF
    6786   00:605D  C9                      ret
    6787   00:605E                      
    6788   00:605E                      ;*********************************************
    6789   00:605E                      ;***       WAIT_RESPONSE_FROM_ESP          ***
    6790   00:605E                      ;*** Will wait ESP to send a response,     ***
    6791   00:605E                      ;*** discarding all data until it is found.***
    6792   00:605E                      ;***                                       ***
    6793   00:605E                      ;*** Inputs:                               ***
    6794   00:605E                      ;*** HL - Expected response string         ***
    6795   00:605E                      ;*** A - Response Size                     ***
    6796   00:605E                      ;*** DE - TimeOut in ticks                 ***
    6797   00:605E                      ;***                                       ***
    6798   00:605E                      ;*** Output:                               ***
    6799   00:605E                      ;*** A - 0 if response received            ***
    6800   00:605E                      ;*** otherwise response not received and   ***
    6801   00:605E                      ;*** timed-out.                            ***
    6802   00:605E                      ;***                                       ***
    6803   00:605E                      ;*** Changes HL, BC, AF, DE, IX            ***
    6804   00:605E                      ;*********************************************
    6805   00:605E                      WRFE_WAIT_DATA:
    6806   00:605E                          LOAD_STS_PORT_IN_A
    6806   00:605E  DB 07             >     in  a,(IN_STS_PORT)
    6807   00:6060  CB 6F                   bit 5,a                         ; If nz Port #07 is not available
    6808   00:6062  20 06                   jr  nz,WRFE_STS_NOT_AVAILABLE
    6809   00:6064  CB 47                   bit 0,a                         ; if nz has data
    6810   00:6066  C0                      ret nz
    6811   00:6067  1B                      dec de
    6812   00:6068  76                      halt
    6813   00:6069  C9                      ret
    6814   00:606A                      WRFE_STS_NOT_AVAILABLE:
    6815   00:606A  11 00 00                ld  de,0
    6816   00:606D  AF                      xor a
    6817   00:606E  C9                      ret
    6818   00:606F                      
    6819   00:606F                      WRFE_COMPARE:
    6820   00:606F  47                      ld  b,a
    6821   00:6070  7E                      ld  a,(hl)
    6822   00:6071  B8                      cp  b
    6823   00:6072  C0                      ret nz
    6824   00:6073  23                      inc hl
    6825   00:6074  C9                      ret
    6826   00:6075                      
    6827   00:6075                      WAIT_RESPONSE_FROM_ESP:
    6828   00:6075  4F                      ld  c,a                         ; Response size in C
    6829   00:6076  E5                      push    hl                      ; Save HL
    6830   00:6077  AF                      xor a
    6831   00:6078                      WRFE_ST1:
    6832   00:6078  DD 67                   ld  ixh,a                       ; We start at index 0
    6833   00:607A                      
    6834   00:607A                      WRFE_LOOP:
    6835   00:607A  CD 5E 60                call    WRFE_WAIT_DATA
    6836   00:607D  20 07                   jr  nz,WRFE_LOOP.1
    6837   00:607F  7B                      ld  a,e
    6838   00:6080  B2                      or  d
    6839   00:6081  CA A0 60                jp  z,WRFE_RET_ERROR
    6840   00:6084  18 F4                   jr  WRFE_LOOP
    6841   00:6086                      WRFE_LOOP.1:
    6842   00:6086                          ; nz, check the data
    6843   00:6086                          RECEIVE_DATA
    6843   00:6086  DB 06             >     in a,(IN_DATA_PORT)
    6844   00:6088                          ; Ok, now the byte is in A, let's compare
    6845   00:6088                      WRFE_IDXCMD:
    6846   00:6088  CD 6F 60                call WRFE_COMPARE
    6847   00:608B                          ; if match
    6848   00:608B  28 07                   jr  z,WRFE_RSP_MATCH
    6849   00:608D                          ; did not match, let's zero the rsp index
    6850   00:608D  AF                      xor a
    6851   00:608E  DD 67                   ld  ixh,a                       ; re-start at index 0
    6852   00:6090  E1                      pop hl                          ; restore the response index
    6853   00:6091  E5                      push    hl                      ; and keep it in stack
    6854   00:6092                          ; back to get another byte
    6855   00:6092  18 E6                   jr  WRFE_LOOP
    6856   00:6094                      WRFE_RSP_MATCH:
    6857   00:6094                          ; match
    6858   00:6094  DD 24                   inc ixh
    6859   00:6096  DD 7C                   ld  a,ixh
    6860   00:6098  B9                      cp  c
    6861   00:6099                          ; if a = c done and response is success
    6862   00:6099  28 02                   jr  z,WRFE_RET_OK
    6863   00:609B                          ; not done, back to get more bytes
    6864   00:609B  18 DD                   jr  WRFE_LOOP
    6865   00:609D                      WRFE_RET_OK:
    6866   00:609D  E1                      pop hl
    6867   00:609E  AF                      xor a
    6868   00:609F  C9                      ret
    6869   00:60A0                      WRFE_RET_ERROR:
    6870   00:60A0  E1                      pop hl
    6871   00:60A1  3E 01                   ld  a,1
    6872   00:60A3  C9                      ret
    6873   00:60A4                      
    6874   00:60A4                      ;*********************************************
    6875   00:60A4                      ;***            CHECK_ESP_TYPE             ***
    6876   00:60A4                      ;*** Always flags the SSH check as done.   ***
    6877   00:60A4                      ;*** If ESP32, flags it and probes if SSH  ***
    6878   00:60A4                      ;*** commands are supported.               ***
    6879   00:60A4                      ;*** If ESP32, NZ will be set and A = 1, if***
    6880   00:60A4                      ;*** not NZ will be reset and A=0          ***
    6881   00:60A4                      ;*********************************************
    6882   00:60A4                      CHECK_ESP_TYPE:
    6883   00:60A4  E5                      push    hl
    6884   00:60A5  D5                      push    de
    6885   00:60A6  FD E5                   push    iy
    6886   00:60A8  DD E5                   push    ix
    6887   00:60AA                          CLEAR_UART                      ; Clear UART
    6887   00:60AA  3E 14             >     ld  a,20
    6887   00:60AC  D3 06             >     out (OUT_CMD_PORT),a
    6888   00:60AE  3E 62                   ld  a,CMD_GET_FW_TYPE
    6889   00:60B0                          SEND_DATA
    6889   00:60B0  D3 07             >     out (OUT_TX_PORT),a
    6890   00:60B2  21 06 00                ld  hl,6                        ; Wait up to 100ms
    6891   00:60B5  ED 5B 76 F6             ld  de,(TXTTAB)                 ; Borrow Basic program area for now....
    6892   00:60B9  DD 6B                   ld  ixl,e
    6893   00:60BB  DD 62                   ld  ixh,d                       ; Address in IX
    6894   00:60BD  CD 38 4B                call    WAIT_MENU_CMD_RESPONSE
    6895   00:60C0  F5                      push    af                      ; Keep result (1 = ESP32, 0 = not)
    6896   00:60C1  CD 4C 5E                call    GETSLT
    6897   00:60C4  CD B9 5E                call    GETMEMPOINTERADDR       ; This is where we are going to store our memory area address
    6898   00:60C7  11 02 00                ld  de,2
    6899   00:60CA  19                      add hl,de                       ; HL = our flags byte
    6900   00:60CB  F1                      pop af
    6901   00:60CC  28 0A                   jr  z,CHECK_ESP_TYPE_NO32
    6902   00:60CE                          ; ESP32 found: probed + ESP32, then check SSH support
    6903   00:60CE  36 81                   ld  (hl),ESPFLAG_SSH_PROBED+ESPFLAG_ESP32
    6904   00:60D0  CD E2 60                call    PROBE_ESP_SSH           ; Sets/clears ESPFLAG_SSH
    6905   00:60D3  3E 01                   ld  a,1
    6906   00:60D5  B7                      or  a                           ; NZ = ESP32, as before
    6907   00:60D6  18 03                   jr  CHECK_ESP_TYPE_END
    6908   00:60D8                      CHECK_ESP_TYPE_NO32:
    6909   00:60D8                          ; No ESP32 means no SSH support either, and SSH was probed
    6910   00:60D8  36 80                   ld  (hl),ESPFLAG_SSH_PROBED
    6911   00:60DA  AF                      xor a                           ; Z = not ESP32, as before
    6912   00:60DB                      CHECK_ESP_TYPE_END:
    6913   00:60DB  DD E1                   pop ix
    6914   00:60DD  FD E1                   pop iy
    6915   00:60DF  D1                      pop de
    6916   00:60E0  E1                      pop hl
    6917   00:60E1  C9                      ret
    6918   00:60E2                      
    6919   00:60E2                      ;*********************************************
    6920   00:60E2                      ;***             PROBE_ESP_SSH             ***
    6921   00:60E2                      ;*** Sends an SSH GET_CAPAB request for    ***
    6922   00:60E2                      ;*** block 1 (81h 00h 01h 01h) and accepts ***
    6923   00:60E2                      ;*** 81h 00h or 81h 04h as SSH support.    ***
    6924   00:60E2                      ;*** Sets/clears ESPFLAG_SSH and marks the ***
    6925   00:60E2                      ;*** check as done. Called from boot only. ***
    6926   00:60E2                      ;*** Output: NZ if SSH is supported        ***
    6927   00:60E2                      ;*********************************************
    6928   00:60E2                      PROBE_ESP_SSH:
    6929   00:60E2  C5                      push    bc
    6930   00:60E3  D5                      push    de
    6931   00:60E4  E5                      push    hl
    6932   00:60E5  CD 4C 5E                call    GETSLT
    6933   00:60E8  CD B9 5E                call    GETMEMPOINTERADDR
    6934   00:60EB  11 02 00                ld  de,2
    6935   00:60EE  19                      add hl,de                       ; Our flags byte
    6936   00:60EF  E5                      push    hl                      ; Keep its address
    6937   00:60F0  CB FE                   set 7,(hl)                      ; SSH check is done
    6938   00:60F2  CB 8E                   res 1,(hl)                      ; Assume SSH is not supported
    6939   00:60F4                          CLEAR_UART                      ; Clear UART
    6939   00:60F4  3E 14             >     ld  a,20
    6939   00:60F6  D3 06             >     out (OUT_CMD_PORT),a
    6940   00:60F8  3E 81                   ld  a,#81                       ; SSH GET_CAPAB command
    6941   00:60FA                          SEND_DATA
    6941   00:60FA  D3 07             >     out (OUT_TX_PORT),a
    6942   00:60FC  AF                      xor a
    6943   00:60FD                          SEND_DATA                       ; Command size MSB
    6943   00:60FD  D3 07             >     out (OUT_TX_PORT),a
    6944   00:60FF  3C                      inc a
    6945   00:6100                          SEND_DATA                       ; Command size LSB
    6945   00:6100  D3 07             >     out (OUT_TX_PORT),a
    6946   00:6102                          SEND_DATA                       ; Block index (1)
    6946   00:6102  D3 07             >     out (OUT_TX_PORT),a
    6947   00:6104  21 02 00                ld  hl,2                        ; Wait up to 2 frames
    6948   00:6107                      PROBE_ESP_SSH_ST1:
    6949   00:6107                          CHECK_DATA
    6949   00:6107  DB 07             >     in  a,(IN_STS_PORT)
    6949   00:6109  CB 47             >     bit 0,a
    6950   00:610B  20 07                   jr  nz,PROBE_ESP_SSH_ST1.1
    6951   00:610D  CD 46 4C                call    HLTIMEOUT
    6952   00:6110  20 F5                   jr  nz,PROBE_ESP_SSH_ST1
    6953   00:6112  18 20                   jr  PROBE_ESP_SSH_END           ; Time-out, not supported
    6954   00:6114                      PROBE_ESP_SSH_ST1.1:
    6955   00:6114                          RECEIVE_DATA
    6955   00:6114  DB 06             >     in a,(IN_DATA_PORT)
    6956   00:6116  FE 81                   cp  #81                         ; Is response of our command?
    6957   00:6118  20 ED                   jr  nz,PROBE_ESP_SSH_ST1
    6958   00:611A                      PROBE_ESP_SSH_ST2:
    6959   00:611A                          CHECK_DATA
    6959   00:611A  DB 07             >     in  a,(IN_STS_PORT)
    6959   00:611C  CB 47             >     bit 0,a
    6960   00:611E  20 07                   jr  nz,PROBE_ESP_SSH_ST2.1
    6961   00:6120  CD 46 4C                call    HLTIMEOUT
    6962   00:6123  20 F5                   jr  nz,PROBE_ESP_SSH_ST2
    6963   00:6125  18 0D                   jr  PROBE_ESP_SSH_END           ; Time-out, not supported
    6964   00:6127                      PROBE_ESP_SSH_ST2.1:
    6965   00:6127                          RECEIVE_DATA
    6965   00:6127  DB 06             >     in a,(IN_DATA_PORT)
    6966   00:6129  B7                      or  a                           ; Error code 0?
    6967   00:612A  28 04                   jr  z,PROBE_ESP_SSH_OK
    6968   00:612C  FE 04                   cp  4                           ; Error code 4?
    6969   00:612E  20 04                   jr  nz,PROBE_ESP_SSH_END        ; Anything else, not supported
    6970   00:6130                      PROBE_ESP_SSH_OK:
    6971   00:6130  E1                      pop hl
    6972   00:6131  CB CE                   set 1,(hl)                      ; SSH is supported
    6973   00:6133  E5                      push    hl
    6974   00:6134                      PROBE_ESP_SSH_END:
    6975   00:6134                          CLEAR_UART                      ; Consume/discard remaining response
    6975   00:6134  3E 14             >     ld  a,20
    6975   00:6136  D3 06             >     out (OUT_CMD_PORT),a
    6976   00:6138  E1                      pop hl
    6977   00:6139  7E                      ld  a,(hl)
    6978   00:613A  E6 02                   and ESPFLAG_SSH
    6979   00:613C  E1                      pop hl
    6980   00:613D  D1                      pop de
    6981   00:613E  C1                      pop bc
    6982   00:613F  C9                      ret
    6983   00:6140                      
    6984   00:6140                      ;*********************************************
    6985   00:6140                      ;***         PRINT_INSTALLED_MSG           ***
    6986   00:6140                      ;*** ESP8266: prints installed message.    ***
    6987   00:6140                      ;*** ESP32: uses the 'b' (Get Board)       ***
    6988   00:6140                      ;*** command to print the board ID.        ***
    6989   00:6140                      ;*********************************************
    6990   00:6140                      PRINT_INSTALLED_MSG:
    6991   00:6140  C5                      push    bc
    6992   00:6141  D5                      push    de
    6993   00:6142  FD E5                   push    iy
    6994   00:6144  DD E5                   push    ix
    6995   00:6146  CD D1 5F                call    GETESPTYPE
    6996   00:6149  28 46                   jr  z,PRINT_INST_8266           ; Not an ESP32, no need to ask
    6997   00:614B                          ; ESP32, let's get the board identification string
    6998   00:614B                          CLEAR_UART                      ; Clear UART
    6998   00:614B  3E 14             >     ld  a,20
    6998   00:614D  D3 06             >     out (OUT_CMD_PORT),a
    6999   00:614F  3E 62                   ld  a,CMD_GET_FW_TYPE           ; 'b' Get Board, ESP32 only
    7000   00:6151                          SEND_DATA
    7000   00:6151  D3 07             >     out (OUT_TX_PORT),a
    7001   00:6153  21 06 00                ld  hl,6                        ; Wait up to 100ms
    7002   00:6156  ED 5B 76 F6             ld  de,(TXTTAB)                 ; Borrow Basic program area for now....
    7003   00:615A  DD 6B                   ld  ixl,e
    7004   00:615C  DD 62                   ld  ixh,d                       ; Address in IX
    7005   00:615E  CD 38 4B                call    WAIT_MENU_CMD_RESPONSE
    7006   00:6161  28 26                   jr  z,PRINT_INST_32             ; No answer, just tell it is an ESP32
    7007   00:6163                          ; Response size is in BC, board ID copied at (TXTTAB)
    7008   00:6163  78                      ld  a,b
    7009   00:6164  B7                      or  a                           ; Size above 255?
    7010   00:6165  20 22                   jr  nz,PRINT_INST_32            ; Then just tell it is an ESP32
    7011   00:6167  79                      ld  a,c
    7012   00:6168  B7                      or  a                           ; Size zero?
    7013   00:6169  28 1E                   jr  z,PRINT_INST_32             ; Then just tell it is an ESP32
    7014   00:616B  FE 18                   cp  24                          ; More than 23 chars?
    7015   00:616D  30 1A                   jr  nc,PRINT_INST_32            ; Then just tell it is an ESP32
    7016   00:616F  2A 76 F6                ld  hl,(TXTTAB)
    7017   00:6172  09                      add hl,bc
    7018   00:6173  36 00                   ld  (hl),0                      ; Ensure the string is terminated
    7019   00:6175  21 7D 6F                ld  hl,OK_INST_PRE              ; "Installed "
    7020   00:6178  CD 4C 4C                call    PRINTHL
    7021   00:617B  2A 76 F6                ld  hl,(TXTTAB)
    7022   00:617E  CD 4C 4C                call    PRINTHL                 ; Board identification string
    7023   00:6181  21 88 6F                ld  hl,OK_INST_SUF              ; " successfully!"
    7024   00:6184  CD 4C 4C                call    PRINTHL
    7025   00:6187  18 0E                   jr  PRINT_INST_END
    7026   00:6189                      PRINT_INST_32:
    7027   00:6189  21 5C 6F                ld  hl,OK_ESP32                 ; Installed ESP32 successfully!
    7028   00:618C  CD 4C 4C                call    PRINTHL
    7029   00:618F  18 06                   jr  PRINT_INST_END
    7030   00:6191                      PRINT_INST_8266:
    7031   00:6191  21 39 6F                ld  hl,OK_ESP8266               ; Installed ESP8266 successfully!
    7032   00:6194  CD 4C 4C                call    PRINTHL
    7033   00:6197                      PRINT_INST_END:
    7034   00:6197  DD E1                   pop ix
    7035   00:6199  FD E1                   pop iy
    7036   00:619B  D1                      pop de
    7037   00:619C  C1                      pop bc
    7038   00:619D  C9                      ret
    7039   00:619E                      
    7040   00:619E                      ;*********************************************
    7041   00:619E                      ;***              RESET ESP                ***
    7042   00:619E                      ;*** If RESET ok, A will be 0, otherwise   ***
    7043   00:619E                      ;*** failure                               ***
    7044   00:619E                      ;*********************************************
    7045   00:619E                      RESET_ESP:
    7046   00:619E                          ; Is ESP installed?
    7047   00:619E                          CLEAR_UART                      ; Clear UART
    7047   00:619E  3E 14             >     ld  a,20
    7047   00:61A0  D3 06             >     out (OUT_CMD_PORT),a
    7048   00:61A2  3E 3F                   ld  a,CMD_QUERY_ESP
    7049   00:61A4                          SEND_DATA
    7049   00:61A4  D3 07             >     out (OUT_TX_PORT),a
    7050   00:61A6  21 38 63                ld  hl,RSP_CMD_QUERY_ESP        ; Expected response
    7051   00:61A9  11 3C 00                ld  de,60                       ; Up to 1s @ 60Hz
    7052   00:61AC  3E 02                   ld  a,RSP_CMD_QUERY_ESP_SIZE    ; Size of response
    7053   00:61AE  CD 75 60                call    WAIT_RESPONSE_FROM_ESP
    7054   00:61B1  B7                      or  a
    7055   00:61B2  3E 01                   ld  a,1
    7056   00:61B4  28 03                   jr  z,RESET_ESP_INIT            ; ESP Found
    7057   00:61B6  06 00                   ld  b,0                         ; 0 if no response
    7058   00:61B8  C9                      ret
    7059   00:61B9                      RESET_ESP_INIT:
    7060   00:61B9  06 03                   ld  b,3                         ; Retry up to 10 times
    7061   00:61BB                      RESET_ESP_LOOP:
    7062   00:61BB                          CLEAR_UART
    7062   00:61BB  3E 14             >     ld  a,20
    7062   00:61BD  D3 06             >     out (OUT_CMD_PORT),a
    7063   00:61BF                          SET_SPEED
    7063   00:61BF  AF                >     xor a
    7063   00:61C0  D3 06             >     out (OUT_CMD_PORT),a
    7064   00:61C2  76                      halt
    7065   00:61C3  76                      halt                            ; Wait a little to make sure speed is adjusted
    7066   00:61C4  3E 57                   ld  a,CMD_WRESET_ESP
    7067   00:61C6                          SEND_DATA
    7067   00:61C6  D3 07             >     out (OUT_TX_PORT),a
    7068   00:61C8  21 33 63                ld  hl,RSP_CMD_RESET_ESP        ; Expected response
    7069   00:61CB  11 5A 00                ld  de,90                       ; Up to 1.5s @ 60Hz
    7070   00:61CE  3E 05                   ld  a,RSP_CMD_RESET_ESP_SIZE    ; Size of response
    7071   00:61D0  C5                      push    bc                      ; Save retry counter
    7072   00:61D1  CD 75 60                call    WAIT_RESPONSE_FROM_ESP
    7073   00:61D4  C1                      pop bc                          ; restore retry counter
    7074   00:61D5  B7                      or  a                           ; Did WAIT RESPONSE return zero?
    7075   00:61D6  C8                      ret z                           ; Yes, Warm Reset Ok
    7076   00:61D7  10 E2                   djnz RESET_ESP_LOOP             ; No, decrement retry counter and let the loop check
    7077   00:61D9                          ; No more retries? Then check if it is old ESP FW
    7078   00:61D9                      RESET_CHK_IF_INSTALLED:
    7079   00:61D9                          ; No more retries? Then it is old ESP FW
    7080   00:61D9  06 01                   ld  b,1
    7081   00:61DB  C9                      ret
    7082   00:61DC                      
    7083   00:61DC                      ;*********************************************
    7084   00:61DC                      ;***              SET TIME                 ***
    7085   00:61DC                      ;*** H - Hour                              ***
    7086   00:61DC                      ;*** L - Minutes                           ***
    7087   00:61DC                      ;*** D - Seconds                           ***
    7088   00:61DC                      ;***                                       ***
    7089   00:61DC                      ;*** A - 0 if Ok otherwise invalid time    ***
    7090   00:61DC                      ;*********************************************
    7091   00:61DC                      SET_TIME:
    7092   00:61DC  7C                      ld  a,h                         ; Hour in A
    7093   00:61DD  FE 18                   cp  24                          ; Compare to 24
    7094   00:61DF  30 12                   jr  nc,SET_TIME_ERR             ; If 24 or more, invalid
    7095   00:61E1  7D                      ld  a,l                         ; Minutes in A
    7096   00:61E2  FE 3C                   cp  60                          ; Compare to 60
    7097   00:61E4  30 0D                   jr  nc,SET_TIME_ERR             ; If 60 or more, invalid
    7098   00:61E6  7A                      LD  a,d                         ; Seconds in D
    7099   00:61E7  FE 3C                   cp  60                          ; Compare to 60
    7100   00:61E9  30 08                   jr  nc,SET_TIME_ERR             ; If 60 or more invalid
    7101   00:61EB  44                      ld  b,h                         ; Hour in B
    7102   00:61EC  4D                      ld  c,l                         ; Minutes in C
    7103   00:61ED  5A                      ld  e,d                         ; Seconds in E
    7104   00:61EE  CD F6 61                call    SET_RTC_TIME            ; Set time in RTC
    7105   00:61F1  AF                      xor a                           ; 0 in A
    7106   00:61F2  C9                      ret                             ; Return
    7107   00:61F3                      ;   Invalid parameter
    7108   00:61F3                      SET_TIME_ERR:
    7109   00:61F3  3E 01                   ld  a,1                         ; Invalid Time
    7110   00:61F5  C9                      ret                             ; Return
    7111   00:61F6                      
    7112   00:61F6                      SET_RTC_TIME:
    7113   00:61F6  6B                      ld  l,e                         ; Seconds in L
    7114   00:61F7  61                      ld  h,c                         ; Minutes in H
    7115   00:61F8  50                      ld  d,b                         ; Hour in D
    7116   00:61F9  CD 51 62                call    STOP_RTC_COUNT_SET_MODE0; Select RTC Register 13, and set Mode / Page 0
    7117   00:61FC  3E 0F                   ld  a,#F                        ; Register F
    7118   00:61FE  D3 B4                   out (#B4),a
    7119   00:6200  3E 02                   ld  a,2
    7120   00:6202  D3 B5                   out (#B5),a                     ; Timer reset seconds and on both clock pulses
    7121   00:6204  1E 00                   ld  e,0                         ; Start at register 0
    7122   00:6206  C3 8C 62                jp  SET_RTC_DATE.1              ; And save L, H and D, function will return from there
    7123   00:6209                      
    7124   00:6209                      ;*********************************************
    7125   00:6209                      ;***              SET DATE                 ***
    7126   00:6209                      ;*** HL - Year from 1980 to 2079           ***
    7127   00:6209                      ;*** D - Month from 1 to 12                ***
    7128   00:6209                      ;*** E - Day from 1 to 31                  ***
    7129   00:6209                      ;***                                       ***
    7130   00:6209                      ;*** A - 0 if Ok otherwise invalid Date    ***
    7131   00:6209                      ;*********************************************
    7132   00:6209                      SET_DATE:
    7133   00:6209  01 44 F8                ld  bc,#F844
    7134   00:620C  09                      add hl,bc
    7135   00:620D  30 32                   jr  nc,SET_DATE_ERR             ; No carry -> Year is less than 1980, invalid date
    7136   00:620F  7C                      ld  a,h
    7137   00:6210  B7                      or  a
    7138   00:6211  20 2E                   jr  nz,SET_DATE_ERR             ; If H is set, means year is greater than 2235 ,invalid
    7139   00:6213  7D                      ld  a,l
    7140   00:6214  FE 64                   cp  100
    7141   00:6216  30 29                   jr  nc,SET_DATE_ERR             ; If L >= 100 year is greater than 2079, invalid
    7142   00:6218  47                      ld  b,a                         ; Year - 1980 in B
    7143   00:6219  7A                      ld  a,d                         ; Now test month
    7144   00:621A  3D                      dec a
    7145   00:621B  FE 0C                   cp  12                          ; If 12 or less this should carry
    7146   00:621D  30 22                   jr  nc,SET_DATE_ERR             ; otherwise invalid
    7147   00:621F  21 44 62                ld  hl,DAYS_IN_MONTH            ; Days in Month table
    7148   00:6222  85                      add a,l                         ; add our month
    7149   00:6223  6F                      ld  l,a                         ; back in L
    7150   00:6224  30 01                   jr  nc,SET_DATE1                ; no carry done
    7151   00:6226  24                      inc h                           ; otherwise increase H
    7152   00:6227                      SET_DATE1:
    7153   00:6227  3E 1C                   ld  a,28                        ; 28 days
    7154   00:6229  BE                      cp  (hl)                        ; If month is 28 days, February, need to check if leap and limit is 29 in this year
    7155   00:622A  20 08                   jr  nz,SET_DATE2                ; if not, skip below code , so probably above check is if month is february
    7156   00:622C  78                      ld  a,b                         ; Year - 1980 in A again
    7157   00:622D  E6 03                   and 3                           ; if other than 0, non divisible per 4, so not a leap year
    7158   00:622F  20 03                   jr  nz,SET_DATE2                ; Regular year
    7159   00:6231  21 50 62                ld  hl,DAYS_IN_FEBRUARY_LEAP    ; HL has address of 29 days, maximum number of days for february in leap year
    7160   00:6234                      SET_DATE2:
    7161   00:6234  7B                      ld  a,e                         ; Day of month in A
    7162   00:6235  3D                      dec a                           ; Decrement
    7163   00:6236  BE                      cp  (hl)                        ; Compare with Days in month
    7164   00:6237  30 08                   jr  nc,SET_DATE_ERR             ; If day is greater than how many days in month, invalid
    7165   00:6239  6B                      ld  l,e                         ; Day of month in L
    7166   00:623A  62                      ld  h,d                         ; Month in H
    7167   00:623B  50                      ld  d,b                         ; Year - 1980 in D
    7168   00:623C  CD 76 62                call    SET_RTC_DATE            ; Set date in RTC
    7169   00:623F  AF                      xor a                           ; A = 0
    7170   00:6240  C9                      ret                             ; Success
    7171   00:6241                      ;   Invalid parameter
    7172   00:6241                      SET_DATE_ERR:
    7173   00:6241  3E 01                   ld  a,1
    7174   00:6243  C9                      ret
    7175   00:6244                      
    7176   00:6244                      ; Table of top day value for each month
    7177   00:6244                      DAYS_IN_MONTH:          db  31,28,31,30,31,30,31,31,30,31,30,31
    7177   00:6244  1F 1C 1F 1E 1F 1E 1F 1F 1E 1F 1E 1F 
    7178   00:6250                      ; And top day value in February when Leap Year
    7179   00:6250  1D                  DAYS_IN_FEBRUARY_LEAP:  db  29
    7180   00:6251                      
    7181   00:6251                      ; Will select Mode 00 (Date and Time page) and stop clock counting
    7182   00:6251                      ; Register D value will be left in A
    7183   00:6251                      STOP_RTC_COUNT_SET_MODE0:
    7184   00:6251  3E 0D                   ld  a,#D
    7185   00:6253  D3 B4                   out (#B4),a                     ; Select RTC register D (mode)
    7186   00:6255  DB B5                   in  a,(#B5)                     ; read register D
    7187   00:6257  E6 04                   and 4                           ; Save Alarm EN setting, and mode register is 00 and stop counting time
    7188   00:6259  D3 B5                   out (#B5),a                     ; And save
    7189   00:625B  C9                      ret
    7190   00:625C                      
    7191   00:625C                      ; Will get a non BCD value in A, convert it to BCD and then save it in
    7192   00:625C                      ; a register pair that starts in the register indicated in E
    7193   00:625C                      ; Register E will have the next register after that register pair
    7194   00:625C                      RTC_SAVE_REGISTERPAIR:
    7195   00:625C  4F                      ld  c,a                         ; Save A in C
    7196   00:625D  AF                      xor a                           ; 0 in A
    7197   00:625E  06 08                   ld  b,8                         ; 8 in B, number of bits for conversion
    7198   00:6260                      RTC_SAVE_REGISTERPAIR.1:
    7199   00:6260  CB 01                   rlc c                           ; Leftmost bit in Carry
    7200   00:6262  8F                      adc a,a                         ; A = (A * 2) + Carry
    7201   00:6263  27                      daa                             ; decimal adjust A, shift = BCD x 2 + carry
    7202   00:6264  10 FA                   djnz    RTC_SAVE_REGISTERPAIR.1 ; Repeat for 8 bits
    7203   00:6266  CD 6D 62                call    SET_RTC_REG             ; Save LSB in register and increase register address
    7204   00:6269  0F                      rrca
    7205   00:626A  0F                      rrca
    7206   00:626B  0F                      rrca
    7207   00:626C  0F                      rrca                            ; now MSB is in LSB position
    7208   00:626D                      SET_RTC_REG:
    7209   00:626D  47                      ld  b,a                         ; save value to set in B
    7210   00:626E  7B                      ld  a,e                         ; and now register address in A
    7211   00:626F  D3 B4                   out (#B4),a                     ; The register we want to set
    7212   00:6271  78                      ld  a,b                         ; restore value
    7213   00:6272  D3 B5                   out (#B5),a                     ; save it
    7214   00:6274  1C                      inc e                           ; increase register address, as this usually is done in pairs
    7215   00:6275  C9                      ret
    7216   00:6276                      
    7217   00:6276                      ; Auxiliary function for SET_DATE and SET_TIME
    7218   00:6276                      ; SET_RTC_DATE will save date, parameters:
    7219   00:6276                      ; L - Day
    7220   00:6276                      ; H - Month
    7221   00:6276                      ; D - Years since 1980
    7222   00:6276                      ; All values are regular values, this function will properly convert them
    7223   00:6276                      ;
    7224   00:6276                      ; SET_RTC_DATE.1 is used by SET_TIME as well
    7225   00:6276                      ; It will save three register pairs, starting with the register in E
    7226   00:6276                      ; First pair is updated with value in L
    7227   00:6276                      ; Second pair is updated with value in H
    7228   00:6276                      ; Third pair is updated with value in D
    7229   00:6276                      SET_RTC_DATE:
    7230   00:6276  CD 51 62                call    STOP_RTC_COUNT_SET_MODE0; Select RTC Register 13, and set Mode / Page 0
    7231   00:6279  F6 01                   or  1                           ; Set Bit 0, so Mode / Page 1
    7232   00:627B  D3 B5                   out (#B5),a                     ; save it in register 13, now page 1 selected
    7233   00:627D  3E 0B                   ld  a,#B                        ; Leap Year Counter Register
    7234   00:627F  D3 B4                   out (#B4),a                     ; Select it
    7235   00:6281  7A                      ld  a,d                         ; Load Years in leap year counter
    7236   00:6282  D3 B5                   out (#B5),a                     ; So it has count of leap years (0 is 1980, leap, and every time it is 4, leap year again)
    7237   00:6284  CD 51 62                call    STOP_RTC_COUNT_SET_MODE0; Select RTC Register 13 and set mode / page 0
    7238   00:6287  CD 51 62                call    STOP_RTC_COUNT_SET_MODE0; do it a second time... DOS does it, don't want to JYNX it :P
    7239   00:628A  1E 07                   ld  e,7                         ; Register 7
    7240   00:628C                      SET_RTC_DATE.1:
    7241   00:628C  7D                      ld  a,l                         ; A has day
    7242   00:628D  CD 5C 62                call    RTC_SAVE_REGISTERPAIR   ; Will convert day to BCD and save in registers 7 and 8
    7243   00:6290  7C                      ld  a,h                         ; A has month
    7244   00:6291  CD 5C 62                call    RTC_SAVE_REGISTERPAIR   ; Will convert month to BCD and save in register 9 and A
    7245   00:6294  7A                      ld  a,d                         ; A has how many years since 1980
    7246   00:6295  CD 5C 62                call    RTC_SAVE_REGISTERPAIR   ; Will convert to BCD and save in register B and C
    7247   00:6298  3E 0D                   ld  a,#D                        ; Register D
    7248   00:629A  D3 B4                   out (#B4),a                     ; Send it
    7249   00:629C  DB B5                   in  a,(#B5)                     ; Read its value
    7250   00:629E  F6 08                   or  8                           ; Start counting time again
    7251   00:62A0  D3 B5                   out (#B5),a                     ; Send
    7252   00:62A2  C9                      ret
    7253   00:62A3                      
    7254   00:62A3                      ; Pattern setup routine
    7255   00:62A3                      PATTERN_SETUP:
    7256   00:62A3  AF                      xor a                           ; Bit-16, V9938 and V9958 only
    7257   00:62A4  21 88 00                ld  hl,#0088                    ; Bit-15 to 0, pattern base address = #0088
    7258   00:62A7  CD 17 63                call SET_VDP_WRITE
    7259   00:62AA  21 B7 62                ld  hl,PATTERN_DATA             ; Point to hl
    7260   00:62AD  06 60                   ld  b,8*12                      ; Redraw 12 chars, max 12 chars are suggested
    7261   00:62AF  0E 98                   ld  c,#98                       ; port #98
    7262   00:62B1                      OUTI_TO_VRAM_TMS9918:
    7263   00:62B1  ED A3                   outi                            ; Slower than otir but useful on TMS9918 which requires 29 T-states
    7264   00:62B3  C2 B1 62                jp  nz,OUTI_TO_VRAM_TMS9918     ; Therefore, don't use 'djnz' here!
    7265   00:62B6  C9                      ret
    7266   00:62B7                      PATTERN_DATA:
    7267   00:62B7                      ; Pattern-01 is CHR$(1)+CHR$(81) = SCAN_TERMINATOR_OPEN
    7268   00:62B7  06                      db  %00000110
    7269   00:62B8  09                      db  %00001001
    7270   00:62B9  09                      db  %00001001
    7271   00:62BA  FC                      db  %11111100                   ; "Opened Padlock"
    7272   00:62BB  FC                      db  %11111100
    7273   00:62BC  FC                      db  %11111100
    7274   00:62BD  FC                      db  %11111100
    7275   00:62BE  00                      db  %00000000
    7276   00:62BF                      ; Pattern-02 is CHR$(1)+CHR$(82) = SCAN_TERMINATOR_ENC
    7277   00:62BF  30                      db  %00110000
    7278   00:62C0  48                      db  %01001000
    7279   00:62C1  48                      db  %01001000
    7280   00:62C2  FC                      db  %11111100                   ; "Closed Padlock"
    7281   00:62C3  FC                      db  %11111100
    7282   00:62C4  FC                      db  %11111100
    7283   00:62C5  FC                      db  %11111100
    7284   00:62C6  00                      db  %00000000
    7285   00:62C7                      ; Pattern-03 is CHR$(1)+CHR$(83) = Wi-Fi Connected to the AP:
    7286   00:62C7  00                      db  %00000000
    7287   00:62C8  00                      db  %00000000
    7288   00:62C9  70                      db  %01110000
    7289   00:62CA  70                      db  %01110000                   ; "Full Access Point"
    7290   00:62CB  70                      db  %01110000
    7291   00:62CC  20                      db  %00100000
    7292   00:62CD  20                      db  %00100000
    7293   00:62CE  70                      db  %01110000
    7294   00:62CF                      ; Pattern-04 is CHR$(1)+CHR$(84) = Wi-Fi Failed to connect to:
    7295   00:62CF  00                      db  %00000000
    7296   00:62D0  88                      db  %10001000
    7297   00:62D1  50                      db  %01010000
    7298   00:62D2  20                      db  %00100000                   ; "X"
    7299   00:62D3  50                      db  %01010000
    7300   00:62D4  88                      db  %10001000
    7301   00:62D5  00                      db  %00000000
    7302   00:62D6  00                      db  %00000000
    7303   00:62D7                      ; Pattern-05 is CHR$(1)+CHR$(85) = Requesting connection to:
    7304   00:62D7  00                      db  %00000000
    7305   00:62D8  00                      db  %00000000
    7306   00:62D9  50                      db  %01010000
    7307   00:62DA  20                      db  %00100000                   ; "Partial Access Point"
    7308   00:62DB  50                      db  %01010000
    7309   00:62DC  20                      db  %00100000
    7310   00:62DD  20                      db  %00100000
    7311   00:62DE  70                      db  %01110000
    7312   00:62DF                      ; Pattern-06 is CHR$(1)+CHR$(86) = Wi-Fi Did not find the AP:
    7313   00:62DF  00                      db  %00000000
    7314   00:62E0  70                      db  %01110000
    7315   00:62E1  88                      db  %10001000
    7316   00:62E2  10                      db  %00010000                   ; "?"
    7317   00:62E3  20                      db  %00100000
    7318   00:62E4  00                      db  %00000000
    7319   00:62E5  20                      db  %00100000
    7320   00:62E6  00                      db  %00000000
    7321   00:62E7                      ; Pattern-07 is CHR$(1)+CHR$(87) = Wi-Fi is Idle, AP configured:
    7322   00:62E7  00                      db  %00000000
    7323   00:62E8  00                      db  %00000000
    7324   00:62E9  00                      db  %00000000
    7325   00:62EA  20                      db  %00100000                   ; "i"
    7326   00:62EB  00                      db  %00000000
    7327   00:62EC  20                      db  %00100000
    7328   00:62ED  20                      db  %00100000
    7329   00:62EE  70                      db  %01110000
    7330   00:62EF                      ; Pattern-08 is CHR$(1)+CHR$(88) = Left Middle Wave
    7331   00:62EF  00                      db  %00000000
    7332   00:62F0  20                      db  %00100000
    7333   00:62F1  40                      db  %01000000
    7334   00:62F2  40                      db  %01000000                   ; "("
    7335   00:62F3  40                      db  %01000000
    7336   00:62F4  20                      db  %00100000
    7337   00:62F5  00                      db  %00000000
    7338   00:62F6  00                      db  %00000000
    7339   00:62F7                      ; Pattern-09 is CHR$(1)+CHR$(89) = Right Middle Wave
    7340   00:62F7  00                      db  %00000000
    7341   00:62F8  20                      db  %00100000
    7342   00:62F9  10                      db  %00010000
    7343   00:62FA  10                      db  %00010000                   ; ")"
    7344   00:62FB  10                      db  %00010000
    7345   00:62FC  20                      db  %00100000
    7346   00:62FD  00                      db  %00000000
    7347   00:62FE  00                      db  %00000000
    7348   00:62FF                      ; Pattern-10 is CHR$(1)+CHR$(90) = Wi-Fi is reconnecting to:
    7349   00:62FF  00                      db  %00000000
    7350   00:6300  00                      db  %00000000
    7351   00:6301  00                      db  %00000000
    7352   00:6302  A8                      db  %10101000                   ; "..."
    7353   00:6303  00                      db  %00000000
    7354   00:6304  00                      db  %00000000
    7355   00:6305  00                      db  %00000000
    7356   00:6306  00                      db  %00000000
    7357   00:6307                      ; Pattern-11 is CHR$(1)+CHR$(91) = Double Dot
    7358   00:6307  00                      db  %00000000
    7359   00:6308  00                      db  %00000000
    7360   00:6309  00                      db  %00000000
    7361   00:630A  00                      db  %00000000                   ; ".."
    7362   00:630B  00                      db  %00000000
    7363   00:630C  66                      db  %01100110
    7364   00:630D  66                      db  %01100110
    7365   00:630E  00                      db  %00000000
    7366   00:630F                      ; Pattern-12 is CHR$(1)+CHR$(92) = Copyright
    7367   00:630F  38                      db  %00111000
    7368   00:6310  44                      db  %01000100
    7369   00:6311  BA                      db  %10111010
    7370   00:6312  A2                      db  %10100010                   ; "(c)"
    7371   00:6313  BA                      db  %10111010
    7372   00:6314  44                      db  %01000100
    7373   00:6315  38                      db  %00111000
    7374   00:6316  00                      db  %00000000
    7375   00:6317                      ; http://map.grauw.nl/articles/vdp_tut.php
    7376   00:6317                      ; Set VDP address counter to write from address AHL (17-bits)
    7377   00:6317                      ; Enables the interrupts
    7378   00:6317                      SET_VDP_WRITE:
    7379   00:6317  CB 04                   rlc h
    7380   00:6319  17                      rla
    7381   00:631A  CB 04                   rlc h
    7382   00:631C  17                      rla
    7383   00:631D  CB 3C                   srl h
    7384   00:631F  CB 3C                   srl h
    7385   00:6321  F3                      di
    7386   00:6322  D3 99                   out (#99),a
    7387   00:6324  3E 8E                   ld  a,14+128
    7388   00:6326  D3 99                   out (#99),a
    7389   00:6328  7D                      ld  a,l
    7390   00:6329  00                      nop                             ; Do not remove this 'nop' here!
    7391   00:632A  D3 99                   out (#99),a
    7392   00:632C  7C                      ld  a,h
    7393   00:632D  F6 40                   or  64
    7394   00:632F  FB                      ei
    7395   00:6330  D3 99                   out (#99),a
    7396   00:6332  C9                      ret
    7397   00:6333                      
    7398   00:6333                      ;*********************************************
    7399   00:6333                      ;***    ESP Specific Commands/Responses    ***
    7400   00:6333                      ;*********************************************
    7401   00:6333                      ; Cold reset of ESP firmware
    7402   00:6333  (00:0052)           CMD_RESET_ESP           equ 'R'
    7403   00:6333                      ; ESP32 only, Get Board, returns board identification string
    7404   00:6333  (00:0062)           CMD_GET_FW_TYPE         equ 'b'
    7405   00:6333                      ; Warm reset of ESP firmware
    7406   00:6333  (00:0057)           CMD_WRESET_ESP          equ 'W'
    7407   00:6333                      ; Hold Wi-Fi Connection On
    7408   00:6333  (00:0048)           CMD_WIFIHOLD_ESP        equ 'H'
    7409   00:6333                      ; Release Wi-Fi Connection Hold
    7410   00:6333  (00:0068)           CMD_WIFIRELEASE_ESP     equ 'h'
    7411   00:6333                      ; Get Updated time and date from internet
    7412   00:6333  (00:0047)           CMD_GET_TIME            equ 'G'
    7413   00:6333                      ; Query Auto Clock settings
    7414   00:6333  (00:0063)           CMD_QUERY_ACLK_SETTINGS equ 'c'
    7415   00:6333                      ; Set Auto Clock settings
    7416   00:6333  (00:0043)           CMD_SET_ACLK_SETTINGS   equ 'C'
    7417   00:6333                      ; Query ESP settings
    7418   00:6333  (00:0051)           CMD_QUERY_ESP_SETTINGS  equ 'Q'
    7419   00:6333                      ; Set Timer Value
    7420   00:6333  (00:0054)           CMD_TIMER_SET           equ 'T'
    7421   00:6333                      ; Turn Nagle On
    7422   00:6333  (00:0044)           CMD_NAGLE_ON            equ 'D'
    7423   00:6333                      ; Turn Nagle Off
    7424   00:6333  (00:004E)           CMD_NAGLE_OFF           equ 'N'
    7425   00:6333                      ; Turn Wi-Fi Off
    7426   00:6333  (00:004F)           CMD_WIFI_OFF            equ 'O'
    7427   00:6333                      ; Request to connect to a network
    7428   00:6333  (00:0041)           CMD_WIFI_CONNECT        equ 'A'
    7429   00:6333                      ; Request to start network scan
    7430   00:6333  (00:0053)           CMD_SCAN_START          equ 'S'
    7431   00:6333                      ; Request network scan result
    7432   00:6333  (00:0073)           CMD_SCAN_RESULTS        equ 's'
    7433   00:6333                      ; Request AP Status
    7434   00:6333  (00:0067)           CMD_AP_STS              equ 'g'
    7435   00:6333                      ; Get ESP firmware version
    7436   00:6333  (00:0056)           CMD_GET_ESP_VER         equ 'V'
    7437   00:6333                      ; After finishing Warm reset, ESP returns ready
    7438   00:6333  52 65 61 64 79      RSP_CMD_RESET_ESP       db  "Ready"
    7439   00:6338  (00:0005)           RSP_CMD_RESET_ESP_SIZE  equ 5
    7440   00:6338                      ; Query ESP Presence
    7441   00:6338  (00:003F)           CMD_QUERY_ESP           equ '?'
    7442   00:6338                      ; Query response
    7443   00:6338  4F 4B               RSP_CMD_QUERY_ESP       db  "OK"
    7444   00:633A  (00:0002)           RSP_CMD_QUERY_ESP_SIZE  equ 2
    7445   00:633A                      
    7446   00:633A                      ;--- Strings
    7447   00:633A                      ; Special thanks to KdL
    7448   00:633A                      ; He has contributed a lot to make the menus and strings
    7449   00:633A                      ; concise and much easier to read and understand!
    7450   00:633A  (00:0000)           STTERMINATOR            equ 0
    7451   00:633A  (00:000A)           LF                      equ 10
    7452   00:633A  (00:000B)           HOME                    equ 11
    7453   00:633A  (00:000C)           CLS                     equ 12
    7454   00:633A  (00:000D)           CR                      equ 13
    7455   00:633A  (00:001C)           GORIGHT                 equ 28
    7456   00:633A  (00:001D)           GOLEFT                  equ 29
    7457   00:633A                      
    7458   00:633A                      ENTERING_WIFI_SETUP:
    7459   00:633A  0C                      db  CLS
    7460   00:633B                          db  "Entering Wi-Fi Setup..."           ,CR,LF,LF,STTERMINATOR
    7460   00:633B  45 6E 74 65 72 69 6E 67 20 57 69 2D 46 69 20 53 
    7460   00:634B  65 74 75 70 2E 2E 2E 0D 0A 0A 00 
    7461   00:6356                      ;---
    7462   00:6356                      
    7463   00:6356                      WELCOME:
    7464   00:6356  0C                      db  CLS
    7465   00:6357                          db  "ESP TCP/IP UNAPI 1.0"              ,CR,LF
    7465   00:6357  45 53 50 20 54 43 50 2F 49 50 20 55 4E 41 50 49 
    7465   00:6367  20 31 2E 30 0D 0A 
    7466   00:636D                          db  1,92," 2026 Oduvaldo Pavan Junior"  ,CR,LF
    7466   00:636D  01 5C 20 32 30 32 36 20 4F 64 75 76 61 6C 64 6F 
    7466   00:637D  20 50 61 76 61 6E 20 4A 75 6E 69 6F 72 0D 0A 
    7467   00:638C                          db  "ducasp@gmail.com"                  ,CR,LF,LF,STTERMINATOR
    7467   00:638C  64 75 63 61 73 70 40 67 6D 61 69 6C 2E 63 6F 6D 
    7467   00:639C  0D 0A 0A 00 
    7468   00:63A0                      ;---
    7469   00:63A0                      
    7470   00:63A0                      WELCOME32:
    7471   00:63A0  0C                      db  CLS
    7472   00:63A1                          db  "ESP TCP/IP SSH UNAPI 1.0"          ,CR,LF
    7472   00:63A1  45 53 50 20 54 43 50 2F 49 50 20 53 53 48 20 55 
    7472   00:63B1  4E 41 50 49 20 31 2E 30 0D 0A 
    7473   00:63BB                          db  1,92," 2026 Oduvaldo Pavan Junior"  ,CR,LF
    7473   00:63BB  01 5C 20 32 30 32 36 20 4F 64 75 76 61 6C 64 6F 
    7473   00:63CB  20 50 61 76 61 6E 20 4A 75 6E 69 6F 72 0D 0A 
    7474   00:63DA                          db  "ducasp@gmail.com"                  ,CR,LF,LF,STTERMINATOR
    7474   00:63DA  64 75 63 61 73 70 40 67 6D 61 69 6C 2E 63 6F 6D 
    7474   00:63EA  0D 0A 0A 00 
    7475   00:63EE                      ;---
    7476   00:63EE                      
    7477   00:63EE                      WELCOME_SF:
    7478   00:63EE                          db  "Quick Receive supported."          ,CR,LF,LF,STTERMINATOR
    7478   00:63EE  51 75 69 63 6B 20 52 65 63 65 69 76 65 20 73 75 
    7478   00:63FE  70 70 6F 72 74 65 64 2E 0D 0A 0A 00 
    7479   00:640A                      ;---
    7480   00:640A                      
    7481   00:640A                      WELCOME_SF2:
    7482   00:640A                          db  "Quick Receive not supported."      ,CR,LF,LF,STTERMINATOR
    7482   00:640A  51 75 69 63 6B 20 52 65 63 65 69 76 65 20 6E 6F 
    7482   00:641A  74 20 73 75 70 70 6F 72 74 65 64 2E 0D 0A 0A 00 
    7483   00:642A                      ;---
    7484   00:642A                      
    7485   00:642A                      WELCOME_CS:
    7486   00:642A                          db  "Wi-Fi is reconnecting to:    "     ,GOLEFT,CR,LF
    7486   00:642A  57 69 2D 46 69 20 69 73 20 72 65 63 6F 6E 6E 65 
    7486   00:643A  63 74 69 6E 67 20 74 6F 3A 20 20 20 20 1D 0D 0A 
    7487   00:644A                          db  "(",1,88,1,90,1,89,") "             ,STTERMINATOR
    7487   00:644A  28 01 58 01 5A 01 59 29 20 00 
    7488   00:6454                      
    7489   00:6454                      WELCOME_NEXT:
    7490   00:6454  0B                      db  HOME
    7491   00:6455  0A                      db  LF
    7492   00:6456  0A                      db  LF
    7493   00:6457  0A 0A 00                db  LF,LF,STTERMINATOR
    7494   00:645A                      ;---
    7495   00:645A                      
    7496   00:645A                      WELCOME_S_NEXT:
    7497   00:645A  0A                      db  LF
    7498   00:645B  0A 0A 00                db  LF,LF,STTERMINATOR
    7499   00:645E                      ;---
    7500   00:645E                      
    7501   00:645E                      WELCOME_SF_NEXT:
    7502   00:645E  0A 0A 00                db  LF,LF,STTERMINATOR
    7503   00:6461                      ;---
    7504   00:6461                      
    7505   00:6461                      WELCOME_CS0_NEXT:
    7506   00:6461                          db  "Wi-Fi is Idle, AP configured:"     ,GOLEFT,CR,LF
    7506   00:6461  57 69 2D 46 69 20 69 73 20 49 64 6C 65 2C 20 41 
    7506   00:6471  50 20 63 6F 6E 66 69 67 75 72 65 64 3A 1D 0D 0A 
    7507   00:6481                          db  "(",1,88,1,87,1,89,") "             ,STTERMINATOR
    7507   00:6481  28 01 58 01 57 01 59 29 20 00 
    7508   00:648B                      
    7509   00:648B                      WELCOME_CS1_NEXT:
    7510   00:648B  0D 0A                   db  CR,LF
    7511   00:648D                          db  GORIGHT,GORIGHT,GORIGHT,GORIGHT,GORIGHT,GORIGHT,STTERMINATOR
    7511   00:648D  1C 1C 1C 1C 1C 1C 00 
    7512   00:6494                      
    7513   00:6494                      WELCOME_CS2_NEXT:
    7514   00:6494                          db  "Wi-Fi Wrong Password for:    "     ,GOLEFT,CR,LF
    7514   00:6494  57 69 2D 46 69 20 57 72 6F 6E 67 20 50 61 73 73 
    7514   00:64A4  77 6F 72 64 20 66 6F 72 3A 20 20 20 20 1D 0D 0A 
    7515   00:64B4                          db  "(",1,88,1,82,1,89,") "             ,STTERMINATOR
    7515   00:64B4  28 01 58 01 52 01 59 29 20 00 
    7516   00:64BE                      
    7517   00:64BE                      WELCOME_CS3_NEXT:
    7518   00:64BE                          db  "Wi-Fi Did not find the AP:   "     ,GOLEFT,CR,LF
    7518   00:64BE  57 69 2D 46 69 20 44 69 64 20 6E 6F 74 20 66 69 
    7518   00:64CE  6E 64 20 74 68 65 20 41 50 3A 20 20 20 1D 0D 0A 
    7519   00:64DE                          db  "(",1,88,1,86,1,89,") "             ,STTERMINATOR
    7519   00:64DE  28 01 58 01 56 01 59 29 20 00 
    7520   00:64E8                          
    7521   00:64E8                      WELCOME_CS4_NEXT:   
    7522   00:64E8                          db  "Wi-Fi Failed to connect to:  "     ,GOLEFT,CR,LF
    7522   00:64E8  57 69 2D 46 69 20 46 61 69 6C 65 64 20 74 6F 20 
    7522   00:64F8  63 6F 6E 6E 65 63 74 20 74 6F 3A 20 20 1D 0D 0A 
    7523   00:6508                          db  "(",1,88,1,84,1,89,") "             ,STTERMINATOR
    7523   00:6508  28 01 58 01 54 01 59 29 20 00 
    7524   00:6512                          
    7525   00:6512                      WELCOME_CS5_NEXT:   
    7526   00:6512                          db  "Wi-Fi Connected to the AP:   "     ,GOLEFT,CR,LF
    7526   00:6512  57 69 2D 46 69 20 43 6F 6E 6E 65 63 74 65 64 20 
    7526   00:6522  74 6F 20 74 68 65 20 41 50 3A 20 20 20 1D 0D 0A 
    7527   00:6532                          db  "(",1,88,1,83,1,89,") "             ,STTERMINATOR
    7527   00:6532  28 01 58 01 53 01 59 29 20 00 
    7528   00:653C                          
    7529   00:653C                      MMENU_S_NEXT:   
    7530   00:653C  0D 0A 0A                db  CR,LF,LF    
    7531   00:653F                          db  "1 - Set Nagle Algorithm"           ,CR,LF
    7531   00:653F  31 20 2D 20 53 65 74 20 4E 61 67 6C 65 20 41 6C 
    7531   00:654F  67 6F 72 69 74 68 6D 0D 0A 
    7532   00:6558                          db  "2 - Set Wi-Fi On Period"           ,CR,LF
    7532   00:6558  32 20 2D 20 53 65 74 20 57 69 2D 46 69 20 4F 6E 
    7532   00:6568  20 50 65 72 69 6F 64 0D 0A 
    7533   00:6571                          db  "3 - Scan/Join Access Points"       ,CR,LF
    7533   00:6571  33 20 2D 20 53 63 61 6E 2F 4A 6F 69 6E 20 41 63 
    7533   00:6581  63 65 73 73 20 50 6F 69 6E 74 73 0D 0A 
    7534   00:658E                          db  "4 - Wi-Fi and Clock Settings"      ,CR,LF,LF
    7534   00:658E  34 20 2D 20 57 69 2D 46 69 20 61 6E 64 20 43 6C 
    7534   00:659E  6F 63 6B 20 53 65 74 74 69 6E 67 73 0D 0A 0A 
    7535   00:65AD                      ;---
    7536   00:65AD                          db  "ESC to exit setup."                ,CR,LF,LF
    7536   00:65AD  45 53 43 20 74 6F 20 65 78 69 74 20 73 65 74 75 
    7536   00:65BD  70 2E 0D 0A 0A 
    7537   00:65C2                      ;---    
    7538   00:65C2                          db  "Option: "                          ,STTERMINATOR
    7538   00:65C2  4F 70 74 69 6F 6E 3A 20 00 
    7539   00:65CB                          
    7540   00:65CB                      MMENU_CLOCK_MSX2:   
    7541   00:65CB  0C                      db  CLS 
    7542   00:65CC                          db  "[ Wi-Fi and Clock Settings ]"      ,CR,LF,LF
    7542   00:65CC  5B 20 57 69 2D 46 69 20 61 6E 64 20 43 6C 6F 63 
    7542   00:65DC  6B 20 53 65 74 74 69 6E 67 73 20 5D 0D 0A 0A 
    7543   00:65EB                      ;---    
    7544   00:65EB                          db  "0 - Wi-Fi & UNAPI are online"      ,CR,LF
    7544   00:65EB  30 20 2D 20 57 69 2D 46 69 20 26 20 55 4E 41 50 
    7544   00:65FB  49 20 61 72 65 20 6F 6E 6C 69 6E 65 0D 0A 
    7545   00:6609                          db  "1 - Also wait up to 10s for"       ,CR,LF
    7545   00:6609  31 20 2D 20 41 6C 73 6F 20 77 61 69 74 20 75 70 
    7545   00:6619  20 74 6F 20 31 30 73 20 66 6F 72 0D 0A 
    7546   00:6626                          db  "    internet availability and"     ,GOLEFT,CR,LF
    7546   00:6626  20 20 20 20 69 6E 74 65 72 6E 65 74 20 61 76 61 
    7546   00:6636  69 6C 61 62 69 6C 69 74 79 20 61 6E 64 1D 0D 0A 
    7547   00:6646                          db  "    get time from SNTP server"     ,GOLEFT,CR,LF
    7547   00:6646  20 20 20 20 67 65 74 20 74 69 6D 65 20 66 72 6F 
    7547   00:6656  6D 20 53 4E 54 50 20 73 65 72 76 65 72 1D 0D 0A 
    7548   00:6666                          db  "    adjusting the time zone"       ,CR,LF
    7548   00:6666  20 20 20 20 61 64 6A 75 73 74 69 6E 67 20 74 68 
    7548   00:6676  65 20 74 69 6D 65 20 7A 6F 6E 65 0D 0A 
    7549   00:6683                          db  "2 - The same as option 1 but"      ,CR,LF
    7549   00:6683  32 20 2D 20 54 68 65 20 73 61 6D 65 20 61 73 20 
    7549   00:6693  6F 70 74 69 6F 6E 20 31 20 62 75 74 0D 0A 
    7550   00:66A1                          db  "    also will turn off Wi-Fi"      ,CR,LF
    7550   00:66A1  20 20 20 20 61 6C 73 6F 20 77 69 6C 6C 20 74 75 
    7550   00:66B1  72 6E 20 6F 66 66 20 57 69 2D 46 69 0D 0A 
    7551   00:66BF                          db  "    when done"                     ,CR,LF
    7551   00:66BF  20 20 20 20 77 68 65 6E 20 64 6F 6E 65 0D 0A 
    7552   00:66CE                          db  "3 - Wi-Fi & UNAPI are offline"     ,GOLEFT,CR,LF,LF
    7552   00:66CE  33 20 2D 20 57 69 2D 46 69 20 26 20 55 4E 41 50 
    7552   00:66DE  49 20 61 72 65 20 6F 66 66 6C 69 6E 65 1D 0D 0A 
    7552   00:66EE  0A 
    7553   00:66EF                      ;---    
    7554   00:66EF                          db  "MSX boot will take longer if"      ,CR,LF
    7554   00:66EF  4D 53 58 20 62 6F 6F 74 20 77 69 6C 6C 20 74 61 
    7554   00:66FF  6B 65 20 6C 6F 6E 67 65 72 20 69 66 0D 0A 
    7555   00:670D                          db  "options 1 or 2 are active."        ,CR,LF,LF,STTERMINATOR
    7555   00:670D  6F 70 74 69 6F 6E 73 20 31 20 6F 72 20 32 20 61 
    7555   00:671D  72 65 20 61 63 74 69 76 65 2E 0D 0A 0A 00 
    7556   00:672B                      ;---
    7557   00:672B                      
    7558   00:672B                      MMENU_CLOCK_MSX1:
    7559   00:672B  0C                      db  CLS
    7560   00:672C                          db  "[ Wi-Fi and Clock Settings ]"      ,CR,LF,LF
    7560   00:672C  5B 20 57 69 2D 46 69 20 61 6E 64 20 43 6C 6F 63 
    7560   00:673C  6B 20 53 65 74 74 69 6E 67 73 20 5D 0D 0A 0A 
    7561   00:674B                      ;---    
    7562   00:674B                          db  "0 - Wi-Fi & UNAPI are online"      ,CR,LF
    7562   00:674B  30 20 2D 20 57 69 2D 46 69 20 26 20 55 4E 41 50 
    7562   00:675B  49 20 61 72 65 20 6F 6E 6C 69 6E 65 0D 0A 
    7563   00:6769                          db  "1 - Unavailable for MSX1"          ,CR,LF
    7563   00:6769  31 20 2D 20 55 6E 61 76 61 69 6C 61 62 6C 65 20 
    7563   00:6779  66 6F 72 20 4D 53 58 31 0D 0A 
    7564   00:6783                          db  "2 - Unavailable for MSX1"          ,CR,LF
    7564   00:6783  32 20 2D 20 55 6E 61 76 61 69 6C 61 62 6C 65 20 
    7564   00:6793  66 6F 72 20 4D 53 58 31 0D 0A 
    7565   00:679D                          db  "3 - Wi-Fi & UNAPI are offline"     ,GOLEFT,CR,LF,LF,STTERMINATOR
    7565   00:679D  33 20 2D 20 57 69 2D 46 69 20 26 20 55 4E 41 50 
    7565   00:67AD  49 20 61 72 65 20 6F 66 66 6C 69 6E 65 1D 0D 0A 
    7565   00:67BD  0A 00 
    7566   00:67BF                      ;---    
    7567   00:67BF                          
    7568   00:67BF                      MMENU_CLOCK_0:  
    7569   00:67BF                          db  "Currently: ONLINE"                 ,STTERMINATOR
    7569   00:67BF  43 75 72 72 65 6E 74 6C 79 3A 20 4F 4E 4C 49 4E 
    7569   00:67CF  45 00 
    7570   00:67D1                          
    7571   00:67D1                      MMENU_CLOCK_1:  
    7572   00:67D1                          db  "Currently: TIME-OPT1, GMT"         ,STTERMINATOR
    7572   00:67D1  43 75 72 72 65 6E 74 6C 79 3A 20 54 49 4D 45 2D 
    7572   00:67E1  4F 50 54 31 2C 20 47 4D 54 00 
    7573   00:67EB                          
    7574   00:67EB                      MMENU_CLOCK_2:  
    7575   00:67EB                          db  "Currently: TIME-OPT2, GMT"         ,STTERMINATOR
    7575   00:67EB  43 75 72 72 65 6E 74 6C 79 3A 20 54 49 4D 45 2D 
    7575   00:67FB  4F 50 54 32 2C 20 47 4D 54 00 
    7576   00:6805                          
    7577   00:6805                      MMENU_CLOCK_3:  
    7578   00:6805                          db  "Currently: OFFLINE"                ,STTERMINATOR
    7578   00:6805  43 75 72 72 65 6E 74 6C 79 3A 20 4F 46 46 4C 49 
    7578   00:6815  4E 45 00 
    7579   00:6818                          
    7580   00:6818                      MMENU_CLOCK_OPT:    
    7581   00:6818  0D 0A 0A                db  CR,LF,LF    
    7582   00:681B                      ;---    
    7583   00:681B                          db  "ESC to return to main menu."       ,CR,LF,LF
    7583   00:681B  45 53 43 20 74 6F 20 72 65 74 75 72 6E 20 74 6F 
    7583   00:682B  20 6D 61 69 6E 20 6D 65 6E 75 2E 0D 0A 0A 
    7584   00:6839                      ;---    
    7585   00:6839                          db  "Option: "                          ,STTERMINATOR
    7585   00:6839  4F 70 74 69 6F 6E 3A 20 00 
    7586   00:6842                          
    7587   00:6842                      MMENU_GMT_OPT:  
    7588   00:6842  0D 0A                   db  CR,LF   
    7589   00:6844                          db  "Time Zone adjustment: "            ,STTERMINATOR
    7589   00:6844  54 69 6D 65 20 5A 6F 6E 65 20 61 64 6A 75 73 74 
    7589   00:6854  6D 65 6E 74 3A 20 00 
    7590   00:685B                      
    7591   00:685B                      MMENU_MANUALENTRY:
    7592   00:685B  0C                      db  CLS
    7593   00:685C                          db  "[ Scan/Join Access Points ]"       ,CR,LF,LF
    7593   00:685C  5B 20 53 63 61 6E 2F 4A 6F 69 6E 20 41 63 63 65 
    7593   00:686C  73 73 20 50 6F 69 6E 74 73 20 5D 0D 0A 0A 
    7594   00:687A                      ;---    
    7595   00:687A                          db  "ESC to return to main menu."       ,CR,LF,LF
    7595   00:687A  45 53 43 20 74 6F 20 72 65 74 75 72 6E 20 74 6F 
    7595   00:688A  20 6D 61 69 6E 20 6D 65 6E 75 2E 0D 0A 0A 
    7596   00:6898                      ;---    
    7597   00:6898                          db  "Manual entry, type SSID:"          ,CR,LF
    7597   00:6898  4D 61 6E 75 61 6C 20 65 6E 74 72 79 2C 20 74 79 
    7597   00:68A8  70 65 20 53 53 49 44 3A 0D 0A 
    7598   00:68B2                          db  "(",1,88,1,83,1,89,") "             ,STTERMINATOR
    7598   00:68B2  28 01 58 01 53 01 59 29 20 00 
    7599   00:68BC                          
    7600   00:68BC                      MENU_MANUALENTRY_PWD:   
    7601   00:68BC  0D 0A 0A                db  CR,LF,LF    
    7602   00:68BF                      ;---    
    7603   00:68BF                          db  "Password needed (y/n)? "           ,STTERMINATOR
    7603   00:68BF  50 61 73 73 77 6F 72 64 20 6E 65 65 64 65 64 20 
    7603   00:68CF  28 79 2F 6E 29 3F 20 00 
    7604   00:68D7                          
    7605   00:68D7                      MMENU_SCAN: 
    7606   00:68D7  0C                      db  CLS 
    7607   00:68D8                          db  "[ Scan/Join Access Points ]"       ,CR,LF,LF
    7607   00:68D8  5B 20 53 63 61 6E 2F 4A 6F 69 6E 20 41 63 63 65 
    7607   00:68E8  73 73 20 50 6F 69 6E 74 73 20 5D 0D 0A 0A 
    7608   00:68F6                      ;---
    7609   00:68F6                          db  "Up to ",SCAN_MAX_PAGE_SIZE+48," APs per page." ,CR,LF,LF
    7609   00:68F6  55 70 20 74 6F 20 38 20 41 50 73 20 70 65 72 20 
    7609   00:6906  70 61 67 65 2E 0D 0A 0A 
    7610   00:690E                      ;---
    7611   00:690E                          db  "Scanning networks..."              ,CR,LF,STTERMINATOR
    7611   00:690E  53 63 61 6E 6E 69 6E 67 20 6E 65 74 77 6F 72 6B 
    7611   00:691E  73 2E 2E 2E 0D 0A 00 
    7612   00:6925                          
    7613   00:6925                      MMENU_SCANF:    
    7614   00:6925  0D 0A                   db  CR,LF   
    7615   00:6927                          db  "Error or no networks found!"       ,CR,LF,STTERMINATOR
    7615   00:6927  45 72 72 6F 72 20 6F 72 20 6E 6F 20 6E 65 74 77 
    7615   00:6937  6F 72 6B 73 20 66 6F 75 6E 64 21 0D 0A 00 
    7616   00:6945                          
    7617   00:6945                      MMENU_SCANN:    
    7618   00:6945  0D 0A                   db  CR,LF   
    7619   00:6947                          db  "No networks found!"                ,CR,LF,STTERMINATOR
    7619   00:6947  4E 6F 20 6E 65 74 77 6F 72 6B 73 20 66 6F 75 6E 
    7619   00:6957  64 21 0D 0A 00 
    7620   00:695C                          
    7621   00:695C                      MMENU_SCANS:    
    7622   00:695C  0C                      db  CLS 
    7623   00:695D                          db  "[ Scan/Join Access Points ]"       ,CR,LF,LF
    7623   00:695D  5B 20 53 63 61 6E 2F 4A 6F 69 6E 20 41 63 63 65 
    7623   00:696D  73 73 20 50 6F 69 6E 74 73 20 5D 0D 0A 0A 
    7624   00:697B                      ;---    
    7625   00:697B                          db  "Networks available:"               ,CR,LF,LF,STTERMINATOR
    7625   00:697B  4E 65 74 77 6F 72 6B 73 20 61 76 61 69 6C 61 62 
    7625   00:698B  6C 65 3A 0D 0A 0A 00 
    7626   00:6992                      ;---
    7627   00:6992                      
    7628   00:6992                      MMENU_CONNECTING:
    7629   00:6992  0C                      db  CLS
    7630   00:6993                          db  "[ Scan/Join Access Points ]"       ,CR,LF,LF
    7630   00:6993  5B 20 53 63 61 6E 2F 4A 6F 69 6E 20 41 63 63 65 
    7630   00:69A3  73 73 20 50 6F 69 6E 74 73 20 5D 0D 0A 0A 
    7631   00:69B1                      ;---    
    7632   00:69B1                          db  "Requesting connection to:"         ,CR,LF
    7632   00:69B1  52 65 71 75 65 73 74 69 6E 67 20 63 6F 6E 6E 65 
    7632   00:69C1  63 74 69 6F 6E 20 74 6F 3A 0D 0A 
    7633   00:69CC                          db  "(",1,88,1,85,1,89,") "             ,STTERMINATOR
    7633   00:69CC  28 01 58 01 55 01 59 29 20 00 
    7634   00:69D6                          
    7635   00:69D6                      MMENU_ASKPWD:   
    7636   00:69D6  0D 0A                   db  CR,LF   
    7637   00:69D8                          db  "Hit DEL as first character"        ,CR,LF
    7637   00:69D8  48 69 74 20 44 45 4C 20 61 73 20 66 69 72 73 74 
    7637   00:69E8  20 63 68 61 72 61 63 74 65 72 0D 0A 
    7638   00:69F4                          db  "to hide/show the typing."          ,CR,LF
    7638   00:69F4  74 6F 20 68 69 64 65 2F 73 68 6F 77 20 74 68 65 
    7638   00:6A04  20 74 79 70 69 6E 67 2E 0D 0A 
    7639   00:6A0E                          db  "Password: "                        ,STTERMINATOR
    7639   00:6A0E  50 61 73 73 77 6F 72 64 3A 20 00 
    7640   00:6A19                          
    7641   00:6A19                      MMENU_SCANQ:    
    7642   00:6A19  0D 0A                   db  CR,LF   
    7643   00:6A1B                          db  "ESC to return to main menu."       ,CR,LF
    7643   00:6A1B  45 53 43 20 74 6F 20 72 65 74 75 72 6E 20 74 6F 
    7643   00:6A2B  20 6D 61 69 6E 20 6D 65 6E 75 2E 0D 0A 
    7644   00:6A38                          db  "SPACE BAR to scan again."          ,CR,LF
    7644   00:6A38  53 50 41 43 45 20 42 41 52 20 74 6F 20 73 63 61 
    7644   00:6A48  6E 20 61 67 61 69 6E 2E 0D 0A 
    7645   00:6A52                          db  "ENTER to type SSID/AP name."       ,CR,LF,LF
    7645   00:6A52  45 4E 54 45 52 20 74 6F 20 74 79 70 65 20 53 53 
    7645   00:6A62  49 44 2F 41 50 20 6E 61 6D 65 2E 0D 0A 0A 
    7646   00:6A70                      ;---    
    7647   00:6A70                          db  "Number to connect: "               ,STTERMINATOR
    7647   00:6A70  4E 75 6D 62 65 72 20 74 6F 20 63 6F 6E 6E 65 63 
    7647   00:6A80  74 3A 20 00 
    7648   00:6A84                          
    7649   00:6A84                      MMENU_SCANQM:   
    7650   00:6A84  0D 0A                   db  CR,LF   
    7651   00:6A86                          db  "ESC to return to main menu."       ,CR,LF
    7651   00:6A86  45 53 43 20 74 6F 20 72 65 74 75 72 6E 20 74 6F 
    7651   00:6A96  20 6D 61 69 6E 20 6D 65 6E 75 2E 0D 0A 
    7652   00:6AA3                          db  "SPACE BAR to show next page."      ,CR,LF
    7652   00:6AA3  53 50 41 43 45 20 42 41 52 20 74 6F 20 73 68 6F 
    7652   00:6AB3  77 20 6E 65 78 74 20 70 61 67 65 2E 0D 0A 
    7653   00:6AC1                          db  "ENTER to type SSID/AP name."       ,CR,LF,LF
    7653   00:6AC1  45 4E 54 45 52 20 74 6F 20 74 79 70 65 20 53 53 
    7653   00:6AD1  49 44 2F 41 50 20 6E 61 6D 65 2E 0D 0A 0A 
    7654   00:6ADF                      ;---    
    7655   00:6ADF                          db  "Number to connect: "               ,STTERMINATOR
    7655   00:6ADF  4E 75 6D 62 65 72 20 74 6F 20 63 6F 6E 6E 65 63 
    7655   00:6AEF  74 3A 20 00 
    7656   00:6AF3                          
    7657   00:6AF3                      SCAN_TERMINATOR_CUT:    
    7658   00:6AF3                          db  GOLEFT,GOLEFT,1,91," "              ,GOLEFT,STTERMINATOR
    7658   00:6AF3  1D 1D 01 5B 20 1D 00 
    7659   00:6AFA                          
    7660   00:6AFA                      SCAN_TERMINATOR_OPEN:   
    7661   00:6AFA                          db  " ",1,81                            ,GOLEFT,CR,LF,STTERMINATOR
    7661   00:6AFA  20 01 51 1D 0D 0A 00 
    7662   00:6B01                          
    7663   00:6B01                      SCAN_TERMINATOR_ENC:    
    7664   00:6B01                          db  " ",1,82                            ,GOLEFT,CR,LF,STTERMINATOR
    7664   00:6B01  20 01 52 1D 0D 0A 00 
    7665   00:6B08                      
    7666   00:6B08                      MMENU_TIMEOUT:
    7667   00:6B08  0C                      db  CLS
    7668   00:6B09                          db  "   [ Set Wi-Fi On Period ]"        ,CR,LF,LF
    7668   00:6B09  20 20 20 5B 20 53 65 74 20 57 69 2D 46 69 20 4F 
    7668   00:6B19  6E 20 50 65 72 69 6F 64 20 5D 0D 0A 0A 
    7669   00:6B26                      ;---    
    7670   00:6B26                          db  "Wi-Fi On Period allows to set"     ,GOLEFT,CR,LF
    7670   00:6B26  57 69 2D 46 69 20 4F 6E 20 50 65 72 69 6F 64 20 
    7670   00:6B36  61 6C 6C 6F 77 73 20 74 6F 20 73 65 74 1D 0D 0A 
    7671   00:6B46                          db  "a given period of time of"         ,CR,LF
    7671   00:6B46  61 20 67 69 76 65 6E 20 70 65 72 69 6F 64 20 6F 
    7671   00:6B56  66 20 74 69 6D 65 20 6F 66 0D 0A 
    7672   00:6B61                          db  "inactivity to turn off Wi-Fi"      ,CR,LF
    7672   00:6B61  69 6E 61 63 74 69 76 69 74 79 20 74 6F 20 74 75 
    7672   00:6B71  72 6E 20 6F 66 66 20 57 69 2D 46 69 0D 0A 
    7673   00:6B7F                          db  "automatically."                    ,CR,LF,LF
    7673   00:6B7F  61 75 74 6F 6D 61 74 69 63 61 6C 6C 79 2E 0D 0A 
    7673   00:6B8F  0A 
    7674   00:6B90                      ;---    
    7675   00:6B90                          db  "0         - Always on"             ,CR,LF
    7675   00:6B90  30 20 20 20 20 20 20 20 20 20 2D 20 41 6C 77 61 
    7675   00:6BA0  79 73 20 6F 6E 0D 0A 
    7676   00:6BA7                          db  "1 to 30   - 30s"                   ,CR,LF
    7676   00:6BA7  31 20 74 6F 20 33 30 20 20 20 2D 20 33 30 73 0D 
    7676   00:6BB7  0A 
    7677   00:6BB8                          db  "31 to 600 - Use given period"      ,CR,LF
    7677   00:6BB8  33 31 20 74 6F 20 36 30 30 20 2D 20 55 73 65 20 
    7677   00:6BC8  67 69 76 65 6E 20 70 65 72 69 6F 64 0D 0A 
    7678   00:6BD6                          db  "> 600     - 600s"                  ,CR,LF,LF,STTERMINATOR
    7678   00:6BD6  3E 20 36 30 30 20 20 20 20 20 2D 20 36 30 30 73 
    7678   00:6BE6  0D 0A 0A 00 
    7679   00:6BEA                      ;---
    7680   00:6BEA                      
    7681   00:6BEA                      MMENU_TIMEOUT_ALWAYSON:
    7682   00:6BEA                          db  "Wi-Fi is currently: ALWAYS ON"     ,GOLEFT,CR,LF,LF
    7682   00:6BEA  57 69 2D 46 69 20 69 73 20 63 75 72 72 65 6E 74 
    7682   00:6BFA  6C 79 3A 20 41 4C 57 41 59 53 20 4F 4E 1D 0D 0A 
    7682   00:6C0A  0A 
    7683   00:6C0B                      ;---    
    7684   00:6C0B                          db  "ESC to return to main menu."       ,CR,LF,LF
    7684   00:6C0B  45 53 43 20 74 6F 20 72 65 74 75 72 6E 20 74 6F 
    7684   00:6C1B  20 6D 61 69 6E 20 6D 65 6E 75 2E 0D 0A 0A 
    7685   00:6C29                      ;---    
    7686   00:6C29                          db  "Type desired period: "             ,STTERMINATOR
    7686   00:6C29  54 79 70 65 20 64 65 73 69 72 65 64 20 70 65 72 
    7686   00:6C39  69 6F 64 3A 20 00 
    7687   00:6C3F                          
    7688   00:6C3F                      MMENU_TIMEOUT_NOTALWAYSON1: 
    7689   00:6C3F                          db  "Wi-Fi period set to: "             ,STTERMINATOR
    7689   00:6C3F  57 69 2D 46 69 20 70 65 72 69 6F 64 20 73 65 74 
    7689   00:6C4F  20 74 6F 3A 20 00 
    7690   00:6C55                      
    7691   00:6C55                      MMENU_TIMEOUT_NOTALWAYSON2:
    7692   00:6C55  73 0D 0A 0A             db  "s"                                 ,CR,LF,LF
    7693   00:6C59                      ;---    
    7694   00:6C59                          db  "ESC to return to main menu."       ,CR,LF,LF
    7694   00:6C59  45 53 43 20 74 6F 20 72 65 74 75 72 6E 20 74 6F 
    7694   00:6C69  20 6D 61 69 6E 20 6D 65 6E 75 2E 0D 0A 0A 
    7695   00:6C77                      ;---    
    7696   00:6C77                          db  "Type desired period: "             ,STTERMINATOR
    7696   00:6C77  54 79 70 65 20 64 65 73 69 72 65 64 20 70 65 72 
    7696   00:6C87  69 6F 64 3A 20 00 
    7697   00:6C8D                          
    7698   00:6C8D                      MMENU_NAGLE:    
    7699   00:6C8D  0C                      db  CLS 
    7700   00:6C8E                          db  "   [ Set Nagle Algorithm ]"        ,CR,LF,LF
    7700   00:6C8E  20 20 20 5B 20 53 65 74 20 4E 61 67 6C 65 20 41 
    7700   00:6C9E  6C 67 6F 72 69 74 68 6D 20 5D 0D 0A 0A 
    7701   00:6CAB                      ;---    
    7702   00:6CAB                          db  "Nagle Algorithm might lower"       ,CR,LF
    7702   00:6CAB  4E 61 67 6C 65 20 41 6C 67 6F 72 69 74 68 6D 20 
    7702   00:6CBB  6D 69 67 68 74 20 6C 6F 77 65 72 0D 0A 
    7703   00:6CC8                          db  "performance but create less"       ,CR,LF
    7703   00:6CC8  70 65 72 66 6F 72 6D 61 6E 63 65 20 62 75 74 20 
    7703   00:6CD8  63 72 65 61 74 65 20 6C 65 73 73 0D 0A 
    7704   00:6CE5                          db  "network congestion."               ,CR,LF
    7704   00:6CE5  6E 65 74 77 6F 72 6B 20 63 6F 6E 67 65 73 74 69 
    7704   00:6CF5  6F 6E 2E 0D 0A 
    7705   00:6CFA                          db  "Nowadays it is mostly not"         ,CR,LF
    7705   00:6CFA  4E 6F 77 61 64 61 79 73 20 69 74 20 69 73 20 6D 
    7705   00:6D0A  6F 73 74 6C 79 20 6E 6F 74 0D 0A 
    7706   00:6D15                          db  "needed and is the cause of"        ,CR,LF
    7706   00:6D15  6E 65 65 64 65 64 20 61 6E 64 20 69 73 20 74 68 
    7706   00:6D25  65 20 63 61 75 73 65 20 6F 66 0D 0A 
    7707   00:6D31                          db  "latency and low performance"       ,CR,LF
    7707   00:6D31  6C 61 74 65 6E 63 79 20 61 6E 64 20 6C 6F 77 20 
    7707   00:6D41  70 65 72 66 6F 72 6D 61 6E 63 65 0D 0A 
    7708   00:6D4E                          db  "on packet-driven protocols."       ,CR,LF,LF
    7708   00:6D4E  6F 6E 20 70 61 63 6B 65 74 2D 64 72 69 76 65 6E 
    7708   00:6D5E  20 70 72 6F 74 6F 63 6F 6C 73 2E 0D 0A 0A 
    7709   00:6D6C                      ;---    
    7710   00:6D6C                          db  "O - Turn it on/off"                ,CR,LF,LF,STTERMINATOR
    7710   00:6D6C  4F 20 2D 20 54 75 72 6E 20 69 74 20 6F 6E 2F 6F 
    7710   00:6D7C  66 66 0D 0A 0A 00 
    7711   00:6D82                      ;---    
    7712   00:6D82                          
    7713   00:6D82                      MMENU_NAGLE_ON: 
    7714   00:6D82                          db  "Nagle is currently: ON"            ,CR,LF,LF
    7714   00:6D82  4E 61 67 6C 65 20 69 73 20 63 75 72 72 65 6E 74 
    7714   00:6D92  6C 79 3A 20 4F 4E 0D 0A 0A 
    7715   00:6D9B                      ;---    
    7716   00:6D9B                          db  "ESC to return to main menu."       ,CR,LF,LF
    7716   00:6D9B  45 53 43 20 74 6F 20 72 65 74 75 72 6E 20 74 6F 
    7716   00:6DAB  20 6D 61 69 6E 20 6D 65 6E 75 2E 0D 0A 0A 
    7717   00:6DB9                      ;---    
    7718   00:6DB9                          db  "Option: "                          ,STTERMINATOR
    7718   00:6DB9  4F 70 74 69 6F 6E 3A 20 00 
    7719   00:6DC2                          
    7720   00:6DC2                      MMENU_NAGLE_OFF:    
    7721   00:6DC2                          db  "Nagle is currently: OFF"           ,CR,LF,LF
    7721   00:6DC2  4E 61 67 6C 65 20 69 73 20 63 75 72 72 65 6E 74 
    7721   00:6DD2  6C 79 3A 20 4F 46 46 0D 0A 0A 
    7722   00:6DDC                      ;---
    7723   00:6DDC                          db  "ESC to return to main menu."       ,CR,LF,LF
    7723   00:6DDC  45 53 43 20 74 6F 20 72 65 74 75 72 6E 20 74 6F 
    7723   00:6DEC  20 6D 61 69 6E 20 6D 65 6E 75 2E 0D 0A 0A 
    7724   00:6DFA                      ;---    
    7725   00:6DFA                          db  "Option: "                          ,STTERMINATOR
    7725   00:6DFA  4F 70 74 69 6F 6E 3A 20 00 
    7726   00:6E03                          
    7727   00:6E03                      STR_SENDING:    
    7728   00:6E03                          db  "Sending command, wait..."          ,CR,LF,STTERMINATOR
    7728   00:6E03  53 65 6E 64 69 6E 67 20 63 6F 6D 6D 61 6E 64 2C 
    7728   00:6E13  20 77 61 69 74 2E 2E 2E 0D 0A 00 
    7729   00:6E1E                          
    7730   00:6E1E                      STR_SENDING_OK: 
    7731   00:6E1E                          db  "Command sent Ok, done!"            ,CR,LF,STTERMINATOR
    7731   00:6E1E  43 6F 6D 6D 61 6E 64 20 73 65 6E 74 20 4F 6B 2C 
    7731   00:6E2E  20 64 6F 6E 65 21 0D 0A 00 
    7732   00:6E37                      
    7733   00:6E37                      STR_SENDING_OK_JN:
    7734   00:6E37                          db  CR,GORIGHT,GORIGHT,1,83,CR,LF,LF
    7734   00:6E37  0D 1C 1C 01 53 0D 0A 0A 
    7735   00:6E3F                      ;---
    7736   00:6E3F                          db  "Successfully connected!"           ,CR,LF,STTERMINATOR
    7736   00:6E3F  53 75 63 63 65 73 73 66 75 6C 6C 79 20 63 6F 6E 
    7736   00:6E4F  6E 65 63 74 65 64 21 0D 0A 00 
    7737   00:6E59                      
    7738   00:6E59                      STR_SENDING_NOK_JN:
    7739   00:6E59                          db  CR,GORIGHT,GORIGHT,1,84,CR,LF,LF
    7739   00:6E59  0D 1C 1C 01 54 0D 0A 0A 
    7740   00:6E61                      ;---
    7741   00:6E61                          db  "Fail to connect, if protected"     ,GOLEFT,CR,LF
    7741   00:6E61  46 61 69 6C 20 74 6F 20 63 6F 6E 6E 65 63 74 2C 
    7741   00:6E71  20 69 66 20 70 72 6F 74 65 63 74 65 64 1D 0D 0A 
    7742   00:6E81                          db  "network check password!"           ,CR,LF,STTERMINATOR
    7742   00:6E81  6E 65 74 77 6F 72 6B 20 63 68 65 63 6B 20 70 61 
    7742   00:6E91  73 73 77 6F 72 64 21 0D 0A 00 
    7743   00:6E9B                          
    7744   00:6E9B                      STR_SENDING_FAIL:   
    7745   00:6E9B                          db  "Command failure..."                ,CR,LF,STTERMINATOR
    7745   00:6E9B  43 6F 6D 6D 61 6E 64 20 66 61 69 6C 75 72 65 2E 
    7745   00:6EAB  2E 2E 0D 0A 00 
    7746   00:6EB0                          
    7747   00:6EB0                      STR_CLKUPDT_FAIL:   
    7748   00:6EB0                          db  "Failure retrieving date and"       ,CR,LF
    7748   00:6EB0  46 61 69 6C 75 72 65 20 72 65 74 72 69 65 76 69 
    7748   00:6EC0  6E 67 20 64 61 74 65 20 61 6E 64 0D 0A 
    7749   00:6ECD                          db  "time from SNTP server!"            ,CR,LF,LF
    7749   00:6ECD  74 69 6D 65 20 66 72 6F 6D 20 53 4E 54 50 20 73 
    7749   00:6EDD  65 72 76 65 72 21 0D 0A 0A 
    7750   00:6EE6                      ;---    
    7751   00:6EE6                          db  "Press and hold F1 during"          ,CR,LF
    7751   00:6EE6  50 72 65 73 73 20 61 6E 64 20 68 6F 6C 64 20 46 
    7751   00:6EF6  31 20 64 75 72 69 6E 67 0D 0A 
    7752   00:6F00                          db  "system boot to enter setup."       ,CR,LF,STTERMINATOR
    7752   00:6F00  73 79 73 74 65 6D 20 62 6F 6F 74 20 74 6F 20 65 
    7752   00:6F10  6E 74 65 72 20 73 65 74 75 70 2E 0D 0A 00 
    7753   00:6F1E                          
    7754   00:6F1E                      OK_S:   
    7755   00:6F1E                          db  "Installed successfully!"           ,CR,LF,LF,STTERMINATOR
    7755   00:6F1E  49 6E 73 74 61 6C 6C 65 64 20 73 75 63 63 65 73 
    7755   00:6F2E  73 66 75 6C 6C 79 21 0D 0A 0A 00 
    7756   00:6F39                      ;---
    7757   00:6F39                      OK_ESP8266:
    7758   00:6F39                          db  "Installed ESP8266 successfully!"   ,CR,LF,LF,STTERMINATOR
    7758   00:6F39  49 6E 73 74 61 6C 6C 65 64 20 45 53 50 38 32 36 
    7758   00:6F49  36 20 73 75 63 63 65 73 73 66 75 6C 6C 79 21 0D 
    7758   00:6F59  0A 0A 00 
    7759   00:6F5C                      ;---
    7760   00:6F5C                      OK_ESP32:
    7761   00:6F5C                          db  "Installed ESP32 successfully!"     ,CR,LF,LF,STTERMINATOR
    7761   00:6F5C  49 6E 73 74 61 6C 6C 65 64 20 45 53 50 33 32 20 
    7761   00:6F6C  73 75 63 63 65 73 73 66 75 6C 6C 79 21 0D 0A 0A 
    7761   00:6F7C  00 
    7762   00:6F7D                      ;---
    7763   00:6F7D                      OK_INST_PRE:
    7764   00:6F7D                          db  "Installed "                        ,STTERMINATOR
    7764   00:6F7D  49 6E 73 74 61 6C 6C 65 64 20 00 
    7765   00:6F88                      ;---
    7766   00:6F88                      OK_INST_SUF:
    7767   00:6F88                          db  " successfully!"                    ,CR,LF,LF,STTERMINATOR
    7767   00:6F88  20 73 75 63 63 65 73 73 66 75 6C 6C 79 21 0D 0A 
    7767   00:6F98  0A 00 
    7768   00:6F9A                      ;---    
    7769   00:6F9A                          
    7770   00:6F9A                      FAIL_S: 
    7771   00:6F9A  0C                      db  CLS 
    7772   00:6F9B                          db  "ESP Not Found!"                    ,CR,LF,LF
    7772   00:6F9B  45 53 50 20 4E 6F 74 20 46 6F 75 6E 64 21 0D 0A 
    7772   00:6FAB  0A 
    7773   00:6FAC                      ;---    
    7774   00:6FAC                          db  "Check that it is properly"         ,CR,LF
    7774   00:6FAC  43 68 65 63 6B 20 74 68 61 74 20 69 74 20 69 73 
    7774   00:6FBC  20 70 72 6F 70 65 72 6C 79 0D 0A 
    7775   00:6FC7                          db  "inserted in its connector."        ,CR,LF,STTERMINATOR
    7775   00:6FC7  69 6E 73 65 72 74 65 64 20 69 6E 20 69 74 73 20 
    7775   00:6FD7  63 6F 6E 6E 65 63 74 6F 72 2E 0D 0A 00 
    7776   00:6FE4                          
    7777   00:6FE4                      FAIL_F: 
    7778   00:6FE4  0C                      db  CLS 
    7779   00:6FE5                          db  "ESP FW Update Required!"           ,CR,LF,STTERMINATOR
    7779   00:6FE5  45 53 50 20 46 57 20 55 70 64 61 74 65 20 52 65 
    7779   00:6FF5  71 75 69 72 65 64 21 0D 0A 00 
    7780   00:6FFF                          
    7781   00:6FFF                      STR_WAITING:    
    7782   00:6FFF  0B                      db  HOME    
    7783   00:7000                          db  "Waiting for connection..."         ,GOLEFT,CR,LF,LF,LF,STTERMINATOR
    7783   00:7000  57 61 69 74 69 6E 67 20 66 6F 72 20 63 6F 6E 6E 
    7783   00:7010  65 63 74 69 6F 6E 2E 2E 2E 1D 0D 0A 0A 0A 00 
    7784   00:701F                      ;---
    7785   00:701F                      ;---
    7786   00:701F                      
    7787   00:701F                      STR_OOPS:
    7788   00:701F  0C                      db  CLS
    7789   00:7020                          db  "Oops! An unexpected error"         ,CR,LF
    7789   00:7020  4F 6F 70 73 21 20 41 6E 20 75 6E 65 78 70 65 63 
    7789   00:7030  74 65 64 20 65 72 72 6F 72 0D 0A 
    7790   00:703B                          db  "occurred on the last reboot."      ,CR,LF,STTERMINATOR
    7790   00:703B  6F 63 63 75 72 72 65 64 20 6F 6E 20 74 68 65 20 
    7790   00:704B  6C 61 73 74 20 72 65 62 6F 6F 74 2E 0D 0A 00 
    7791   00:705A                      
    7792   00:705A                      ;============================
    7793   00:705A                      ;===  UNAPI related data  ===
    7794   00:705A                      ;============================
    7795   00:705A                      
    7796   00:705A                      ;--- Specification identifier (up to 15 chars)
    7797   00:705A                      
    7798   00:705A                      UNAPI_ID:               db  "TCP/IP",0
    7798   00:705A  54 43 50 2F 49 50 00 
    7799   00:7061                      UNAPI_ID_END:
    7800   00:7061                      
    7801   00:7061  53 53 48 00         UNAPI_ID2:               db  "SSH",0
    7802   00:7065                      UNAPI_ID2_END:
    7803   00:7065                      
    7804   00:7065                      ;--- Implementation name (up to 63 chars and zero terminated)
    7805   00:7065                      
    7806   00:7065                      APIINFO:                db  "ESP TCP-IP UNAPI",0
    7806   00:7065  45 53 50 20 54 43 50 2D 49 50 20 55 4E 41 50 49 
    7806   00:7075  00 
    7807   00:7076                      APIINFO_SSH:            db  "ESP SSH UNAPI",0
    7807   00:7076  45 53 50 20 53 53 48 20 55 4E 41 50 49 00 
    7808   00:7084                      
    7809   00:7084                          if  TURBO_R_LOGO = 0
    7810   00:7084                    ~ ID_END: ds  #7FE0-ID_END,#C9
    7811   00:7084                    ~ ;--- FS-A1GT compliant BIOS without logo (not for FS-A1ST BIOS)
    7812   00:7084                    ~ BUILD_NAME:             db  "[ ESPUNAPI.ROM ]"
    7813   00:7084                    ~     else
    7814   00:7084  FF (2172)           ID_END: ds  #7900-ID_END,#FF
    7815   00:7900                      ;--- FS-A1GT compliant BIOS with logo (not for FS-A1ST BIOS)
    7816   00:7900                          db  #CD,#0E,#79,#F3,#CD,#7D,#7A,#CD,#17,#79,#CD,#12,#79,#C9,#3E,#01
    7816   00:7900  CD 0E 79 F3 CD 7D 7A CD 17 79 CD 12 79 C9 3E 01 
    7817   00:7910                          db  #18,#01,#AF,#CD,#80,#01,#C9,#21,#FF,#00,#22,#5E,#F5,#21,#5E,#F5
    7817   00:7910  18 01 AF CD 80 01 C9 21 FF 00 22 5E F5 21 5E F5 
    7818   00:7920                          db  #11,#60,#F5,#01,#A8,#00,#ED,#B0,#21,#FF,#00,#CD,#54,#7A,#5C,#16
    7818   00:7920  11 60 F5 01 A8 00 ED B0 21 FF 00 CD 54 7A 5C 16 
    7819   00:7930                          db  #1A,#CD,#4C,#7B,#5D,#16,#1B,#CD,#4C,#7B,#CD,#38,#7A,#11,#63,#01
    7819   00:7930  1A CD 4C 7B 5D 16 1B CD 4C 7B CD 38 7A 11 63 01 
    7820   00:7940                          db  #CD,#4C,#7B,#06,#15,#C5,#CD,#F8,#79,#DD,#21,#5E,#F5,#FD,#21,#A2
    7820   00:7940  CD 4C 7B 06 15 C5 CD F8 79 DD 21 5E F5 FD 21 A2 
    7821   00:7950                          db  #79,#06,#2B,#16,#00,#DD,#6E,#00,#DD,#66,#01,#FD,#5E,#00,#B7,#ED
    7821   00:7950  79 06 2B 16 00 DD 6E 00 DD 66 01 FD 5E 00 B7 ED 
    7822   00:7960                          db  #52,#30,#03,#21,#00,#00,#DD,#75,#00,#DD,#74,#01,#DD,#23,#DD,#23
    7822   00:7960  52 30 03 21 00 00 DD 75 00 DD 74 01 DD 23 DD 23 
    7823   00:7970                          db  #FD,#23,#DD,#6E,#00,#DD,#66,#01,#FD,#5E,#00,#19,#7C,#FE,#02,#38
    7823   00:7970  FD 23 DD 6E 00 DD 66 01 FD 5E 00 19 7C FE 02 38 
    7824   00:7980                          db  #03,#21,#00,#02,#DD,#75,#00,#DD,#74,#01,#DD,#23,#DD,#23,#FD,#23
    7824   00:7980  03 21 00 02 DD 75 00 DD 74 01 DD 23 DD 23 FD 23 
    7825   00:7990                          db  #10,#C3,#C1,#10,#B0,#11,#00,#19,#CD,#4C,#7B,#11,#1F,#02,#CD,#4C
    7825   00:7990  10 C3 C1 10 B0 11 00 19 CD 4C 7B 11 1F 02 CD 4C 
    7826   00:79A0                          db  #7B,#C9,#13,#0D,#15,#12,#14,#0E,#10,#17,#13,#11,#15,#11,#0E,#0D
    7826   00:79A0  7B C9 13 0D 15 12 14 0E 10 17 13 11 15 11 0E 0D 
    7827   00:79B0                          db  #11,#15,#0C,#11,#13,#11,#15,#15,#12,#0C,#0F,#10,#0E,#0E,#15,#0D
    7827   00:79B0  11 15 0C 11 13 11 15 15 12 0C 0F 10 0E 0E 15 0D 
    7828   00:79C0                          db  #0F,#11,#11,#11,#17,#14,#0D,#0D,#0C,#0C,#0D,#10,#15,#12,#17,#10
    7828   00:79C0  0F 11 11 11 17 14 0D 0D 0C 0C 0D 10 15 12 17 10 
    7829   00:79D0                          db  #0E,#17,#11,#0C,#12,#13,#17,#0E,#16,#14,#14,#0E,#14,#15,#0E,#0E
    7829   00:79D0  0E 17 11 0C 12 13 17 0E 16 14 14 0E 14 15 0E 0E 
    7830   00:79E0                          db  #13,#0F,#11,#13,#13,#0F,#17,#15,#0D,#15,#0F,#17,#0C,#0D,#16,#0C
    7830   00:79E0  13 0F 11 13 13 0F 17 15 0D 15 0F 17 0C 0D 16 0C 
    7831   00:79F0                          db  #11,#0E,#12,#14,#0D,#11,#17,#0D,#21,#5E,#F5,#01,#9B,#55,#5E,#23
    7831   00:79F0  11 0E 12 14 0D 11 17 0D 21 5E F5 01 9B 55 5E 23 
    7832   00:7A00                          db  #56,#23,#1B,#7B,#CB,#3A,#1F,#0F,#0F,#3C,#E6,#3F,#57,#1C,#7B,#ED
    7832   00:7A00  56 23 1B 7B CB 3A 1F 0F 0F 3C E6 3F 57 1C 7B ED 
    7833   00:7A10                          db  #44,#E6,#07,#5F,#3E,#1A,#D3,#99,#3E,#91,#D3,#99,#DB,#99,#DB,#99
    7833   00:7A10  44 E6 07 5F 3E 1A D3 99 3E 91 D3 99 DB 99 DB 99 
    7834   00:7A20                          db  #E6,#20,#CA,#1E,#7A,#ED,#51,#ED,#59,#10,#D3,#11,#00,#1A,#CD,#4C
    7834   00:7A20  E6 20 CA 1E 7A ED 51 ED 59 10 D3 11 00 1A CD 4C 
    7835   00:7A30                          db  #7B,#11,#00,#1B,#CD,#4C,#7B,#C9,#3E,#02,#D3,#99,#3E,#8F,#D3,#99
    7835   00:7A30  7B 11 00 1B CD 4C 7B C9 3E 02 D3 99 3E 8F D3 99 
    7836   00:7A40                          db  #DB,#99,#E6,#40,#28,#FA,#DB,#99,#E6,#40,#20,#FA,#AF,#D3,#99,#3E
    7836   00:7A40  DB 99 E6 40 28 FA DB 99 E6 40 20 FA AF D3 99 3E 
    7837   00:7A50                          db  #8F,#D3,#99,#C9,#C9,#1C,#E8,#00,#00,#1C,#E8,#00,#00,#3C,#E8,#00
    7837   00:7A50  8F D3 99 C9 C9 1C E8 00 00 1C E8 00 00 3C E8 00 
    7838   00:7A60                          db  #00,#3C,#E8,#00,#00,#5C,#E8,#00,#00,#5C,#E8,#00,#00,#1C,#00,#04
    7838   00:7A60  00 3C E8 00 00 5C E8 00 00 5C E8 00 00 1C 00 04 
    7839   00:7A70                          db  #00,#3C,#00,#04,#00,#5C,#00,#04,#00,#D8,#00,#00,#00,#CD,#38,#7A
    7839   00:7A70  00 3C 00 04 00 5C 00 04 00 D8 00 00 00 CD 38 7A 
    7840   00:7A80                          db  #11,#23,#01,#CD,#4C,#7B,#CD,#28,#7C,#3E,#55,#21,#00,#00,#4D,#45
    7840   00:7A80  11 23 01 CD 4C 7B CD 28 7C 3E 55 21 00 00 4D 45 
    7841   00:7A90                          db  #CD,#75,#7B,#CD,#E1,#7B,#11,#05,#07,#CD,#4C,#7B,#21,#00,#78,#01
    7841   00:7A90  CD 75 7B CD E1 7B 11 05 07 CD 4C 7B 21 00 78 01 
    7842   00:7AA0                          db  #30,#00,#3E,#FF,#CD,#75,#7B,#21,#30,#78,#01,#10,#00,#3E,#F0,#CD
    7842   00:7AA0  30 00 3E FF CD 75 7B 21 30 78 01 10 00 3E F0 CD 
    7843   00:7AB0                          db  #75,#7B,#21,#00,#74,#3E,#05,#01,#00,#02,#CD,#75,#7B,#21,#55,#7A
    7843   00:7AB0  75 7B 21 00 74 3E 05 01 00 02 CD 75 7B 21 55 7A 
    7844   00:7AC0                          db  #11,#00,#76,#01,#28,#00,#CD,#88,#7B,#11,#03,#19,#CD,#4C,#7B,#11
    7844   00:7AC0  11 00 76 01 28 00 CD 88 7B 11 03 19 CD 4C 7B 11 
    7845   00:7AD0                          db  #3F,#02,#CD,#4C,#7B,#11,#00,#2D,#CD,#4C,#7B,#16,#2A,#CD,#4C,#7B
    7845   00:7AD0  3F 02 CD 4C 7B 11 00 2D CD 4C 7B 16 2A CD 4C 7B 
    7846   00:7AE0                          db  #14,#CD,#4C,#7B,#16,#27,#CD,#4C,#7B,#1E,#20,#21,#DE,#7C,#D9,#21
    7846   00:7AE0  14 CD 4C 7B 16 27 CD 4C 7B 1E 20 21 DE 7C D9 21 
    7847   00:7AF0                          db  #57,#7C,#D9,#3E,#03,#F5,#01,#2D,#00,#16,#26,#CD,#4C,#7B,#D9,#06
    7847   00:7AF0  57 7C D9 3E 03 F5 01 2D 00 16 26 CD 4C 7B D9 06 
    7848   00:7B00                          db  #08,#4E,#23,#D9,#CD,#BB,#7B,#7E,#23,#FE,#FE,#28,#37,#E5,#C5,#01
    7848   00:7B00  08 4E 23 D9 CD BB 7B 7E 23 FE FE 28 37 E5 C5 01 
    7849   00:7B10                          db  #A6,#01,#30,#03,#06,#00,#4F,#CD,#B7,#7B,#E1,#09,#4D,#44,#E1,#F1
    7849   00:7B10  A6 01 30 03 06 00 4F CD B7 7B E1 09 4D 44 E1 F1 
    7850   00:7B20                          db  #EE,#03,#CD,#C6,#7B,#F5,#CD,#CF,#7B,#D9,#CB,#21,#10,#04,#06,#08
    7850   00:7B20  EE 03 CD C6 7B F5 CD CF 7B D9 CB 21 10 04 06 08 
    7851   00:7B30                          db  #4E,#23,#D9,#30,#CF,#0B,#CD,#BB,#7B,#03,#3E,#02,#CD,#C6,#7B,#CD
    7851   00:7B30  4E 23 D9 30 CF 0B CD BB 7B 03 3E 02 CD C6 7B CD 
    7852   00:7B40                          db  #DC,#7B,#18,#C0,#1C,#F1,#7E,#FE,#FE,#20,#A8,#C9,#F5,#7B,#D3,#99
    7852   00:7B40  DC 7B 18 C0 1C F1 7E FE FE 20 A8 C9 F5 7B D3 99 
    7853   00:7B50                          db  #7A,#F6,#80,#D3,#99,#F1,#C9,#3E,#02,#CD,#61,#7B,#0F,#38,#F8,#07
    7853   00:7B50  7A F6 80 D3 99 F1 C9 3E 02 CD 61 7B 0F 38 F8 07 
    7854   00:7B60                          db  #C9,#D3,#99,#3E,#8F,#D3,#99,#E5,#E1,#DB,#99,#F5,#AF,#D3,#99,#3E
    7854   00:7B60  C9 D3 99 3E 8F D3 99 E5 E1 DB 99 F5 AF D3 99 3E 
    7855   00:7B70                          db  #8F,#D3,#99,#F1,#C9,#F5,#CD,#9D,#7B,#79,#B7,#28,#01,#04,#F1,#D3
    7855   00:7B70  8F D3 99 F1 C9 F5 CD 9D 7B 79 B7 28 01 04 F1 D3 
    7856   00:7B80                          db  #98,#0D,#C2,#7F,#7B,#10,#F8,#C9,#EB,#CD,#9D,#7B,#EB,#79,#B7,#78
    7856   00:7B80  98 0D C2 7F 7B 10 F8 C9 EB CD 9D 7B EB 79 B7 78 
    7857   00:7B90                          db  #41,#0E,#98,#28,#01,#3C,#ED,#B3,#3D,#20,#FB,#EB,#C9,#7C,#E6,#3F
    7857   00:7B90  41 0E 98 28 01 3C ED B3 3D 20 FB EB C9 7C E6 3F 
    7858   00:7BA0                          db  #F6,#40,#08,#7C,#E6,#C0,#07,#07,#D3,#99,#3E,#8E,#D3,#99,#7D,#D3
    7858   00:7BA0  F6 40 08 7C E6 C0 07 07 D3 99 3E 8E D3 99 7D D3 
    7859   00:7BB0                          db  #99,#08,#D3,#99,#E3,#E3,#C9,#16,#28,#18,#02,#16,#24,#D5,#59,#CD
    7859   00:7BB0  99 08 D3 99 E3 E3 C9 16 28 18 02 16 24 D5 59 CD 
    7860   00:7BC0                          db  #4C,#7B,#58,#14,#18,#04,#D5,#5F,#16,#2C,#CD,#4C,#7B,#D1,#C9,#D5
    7860   00:7BC0  4C 7B 58 14 18 04 D5 5F 16 2C CD 4C 7B D1 C9 D5 
    7861   00:7BD0                          db  #1E,#70,#16,#2E,#CD,#4C,#7B,#CD,#57,#7B,#D1,#C9,#D5,#1E,#50,#18
    7861   00:7BD0  1E 70 16 2E CD 4C 7B CD 57 7B D1 C9 D5 1E 50 18 
    7862   00:7BE0                          db  #F1,#3E,#0D,#D3,#B4,#DB,#B5,#E6,#0C,#F6,#02,#D3,#B5,#3E,#0B,#D3
    7862   00:7BE0  F1 3E 0D D3 B4 DB B5 E6 0C F6 02 D3 B5 3E 0B D3 
    7863   00:7BF0                          db  #B4,#DB,#B5,#07,#07,#E6,#0C,#4F,#06,#00,#21,#47,#7C,#09,#4E,#23
    7863   00:7BF0  B4 DB B5 07 07 E6 0C 4F 06 00 21 47 7C 09 4E 23 
    7864   00:7C00                          db  #46,#C5,#23,#5E,#23,#56,#EB,#11,#00,#10,#CD,#4C,#7B,#CD,#1D,#7C
    7864   00:7C00  46 C5 23 5E 23 56 EB 11 00 10 CD 4C 7B CD 1D 7C 
    7865   00:7C10                          db  #E1,#CD,#1D,#7C,#21,#44,#04,#CD,#1D,#7C,#21,#77,#07,#C5,#0E,#9A
    7865   00:7C10  E1 CD 1D 7C 21 44 04 CD 1D 7C 21 77 07 C5 0E 9A 
    7866   00:7C20                          db  #ED,#69,#E3,#E3,#ED,#61,#C1,#C9,#06,#08,#21,#37,#7C,#56,#23,#5E
    7866   00:7C20  ED 69 E3 E3 ED 61 C1 C9 06 08 21 37 7C 56 23 5E 
    7867   00:7C30                          db  #23,#CD,#4C,#7B,#10,#F7,#C9,#00,#08,#01,#23,#08,#28,#09,#00,#02
    7867   00:7C30  23 CD 4C 7B 10 F7 C9 00 08 01 23 08 28 09 00 02 
    7868   00:7C40                          db  #1F,#05,#EF,#0B,#00,#06,#0F,#07,#00,#00,#00,#20,#04,#27,#02,#72
    7868   00:7C40  1F 05 EF 0B 00 06 0F 07 00 00 00 20 04 27 02 72 
    7869   00:7C50                          db  #02,#56,#00,#70,#05,#70,#00,#00,#00,#00,#00,#00,#00,#00,#00,#00
    7869   00:7C50  02 56 00 70 05 70 00 00 00 00 00 00 00 00 00 00 
    7870   00:7C60                          db  #6E,#00,#9F,#00,#6F,#00,#9F,#00,#6F,#00,#9F,#00,#6F,#00,#9F,#00
    7870   00:7C60  6E 00 9F 00 6F 00 9F 00 6F 00 9F 00 6F 00 9F 00 
    7871   00:7C70                          db  #6F,#00,#9F,#00,#6F,#00,#9F,#00,#6F,#00,#FF,#00,#07,#00,#FC,#07
    7871   00:7C70  6F 00 9F 00 6F 00 9F 00 6F 00 FF 00 07 00 FC 07 
    7872   00:7C80                          db  #00,#F7,#00,#07,#00,#F3,#00,#07,#00,#F7,#00,#07,#00,#FF,#00,#07
    7872   00:7C80  00 F7 00 07 00 F3 00 07 00 F7 00 07 00 FF 00 07 
    7873   00:7C90                          db  #00,#FF,#00,#0F,#00,#FC,#3C,#FC,#3C,#FC,#3C,#87,#C0,#7B,#C0,#87
    7873   00:7C90  00 FF 00 0F 00 FC 3C FC 3C FC 3C 87 C0 7B C0 87 
    7874   00:7CA0                          db  #C0,#7B,#C0,#86,#C0,#7B,#C0,#86,#C0,#7A,#C0,#86,#C0,#78,#C0,#86
    7874   00:7CA0  C0 7B C0 86 C0 7B C0 86 C0 7A C0 86 C0 78 C0 86 
    7875   00:7CB0                          db  #90,#7A,#F0,#86,#F0,#7F,#C0,#83,#C0,#7F,#C0,#D7,#C0,#2F,#C0,#D7
    7875   00:7CB0  90 7A F0 86 F0 7F C0 83 C0 7F C0 D7 C0 2F C0 D7 
    7876   00:7CC0                          db  #C0,#2F,#C0,#D7,#C0,#2F,#C0,#D7,#C0,#2F,#C0,#D7,#C0,#2F,#C0,#D7
    7876   00:7CC0  C0 2F C0 D7 C0 2F C0 D7 C0 2F C0 D7 C0 2F C0 D7 
    7877   00:7CD0                          db  #C0,#2F,#C0,#D5,#80,#00,#00,#00,#00,#00,#00,#00,#00,#00,#FF,#FE
    7877   00:7CD0  C0 2F C0 D5 80 00 00 00 00 00 00 00 00 00 FF FE 
    7878   00:7CE0                          db  #FF,#FE,#FF,#FE,#FF,#FE,#FF,#FE,#FF,#FE,#FF,#FE,#FF,#FE,#FF,#FE
    7878   00:7CE0  FF FE FF FE FF FE FF FE FF FE FF FE FF FE FF FE 
    7879   00:7CF0                          db  #44,#1D,#1D,#1C,#30,#67,#2B,#28,#22,#FE,#44,#1D,#1C,#1E,#2A,#6D
    7879   00:7CF0  44 1D 1D 1C 30 67 2B 28 22 FE 44 1D 1C 1E 2A 6D 
    7880   00:7D00                          db  #29,#29,#22,#FE,#43,#1F,#1B,#1E,#26,#73,#25,#29,#24,#FE,#43,#1F
    7880   00:7D00  29 29 22 FE 43 1F 1B 1E 26 73 25 29 24 FE 43 1F 
    7881   00:7D10                          db  #1A,#20,#22,#77,#23,#29,#25,#FE,#42,#21,#19,#20,#1F,#7C,#1F,#29
    7881   00:7D10  1A 20 22 77 23 29 25 FE 42 21 19 20 1F 7C 1F 29 
    7882   00:7D20                          db  #27,#FE,#42,#21,#18,#22,#1B,#80,#1D,#29,#28,#FE,#41,#23,#17,#22
    7882   00:7D20  27 FE 42 21 18 22 1B 80 1D 29 28 FE 41 23 17 22 
    7883   00:7D30                          db  #19,#84,#1A,#28,#2A,#FE,#41,#23,#16,#24,#17,#86,#17,#29,#2B,#FE
    7883   00:7D30  19 84 1A 28 2A FE 41 23 16 24 17 86 17 29 2B FE 
    7884   00:7D40                          db  #40,#25,#15,#24,#15,#8A,#14,#28,#2D,#FE,#40,#25,#14,#26,#13,#8C
    7884   00:7D40  40 25 15 24 15 8A 14 28 2D FE 40 25 14 26 13 8C 
    7885   00:7D50                          db  #11,#29,#2E,#FE,#3F,#27,#13,#26,#12,#8F,#0E,#29,#2F,#FE,#3F,#27
    7885   00:7D50  11 29 2E FE 3F 27 13 26 12 8F 0E 29 2F FE 3F 27 
    7886   00:7D60                          db  #12,#28,#10,#91,#0C,#28,#31,#FE,#3E,#29,#11,#28,#0F,#94,#08,#29
    7886   00:7D60  12 28 10 91 0C 28 31 FE 3E 29 11 28 0F 94 08 29 
    7887   00:7D70                          db  #32,#FE,#3E,#2A,#0F,#2A,#0D,#96,#06,#28,#34,#FE,#3D,#2B,#0E,#2B
    7887   00:7D70  32 FE 3E 2A 0F 2A 0D 96 06 28 34 FE 3D 2B 0E 2B 
    7888   00:7D80                          db  #0C,#99,#02,#29,#35,#FE,#3D,#2C,#0D,#2C,#0B,#C2,#37,#FE,#3C,#2D
    7888   00:7D80  0C 99 02 29 35 FE 3D 2C 0D 2C 0B C2 37 FE 3C 2D 
    7889   00:7D90                          db  #0C,#2D,#0A,#26,#4C,#50,#38,#FE,#3C,#2E,#0B,#2E,#09,#23,#51,#4C
    7889   00:7D90  0C 2D 0A 26 4C 50 38 FE 3C 2E 0B 2E 09 23 51 4C 
    7890   00:7DA0                          db  #3A,#FE,#3B,#2F,#0A,#2F,#09,#21,#54,#4A,#3B,#FE,#3B,#30,#09,#30
    7890   00:7DA0  3A FE 3B 2F 0A 2F 09 21 54 4A 3B FE 3B 30 09 30 
    7891   00:7DB0                          db  #08,#20,#57,#46,#3D,#FE,#3A,#31,#08,#31,#08,#21,#57,#44,#3E,#FE
    7891   00:7DB0  08 20 57 46 3D FE 3A 31 08 31 08 21 57 44 3E FE 
    7892   00:7DC0                          db  #3A,#32,#07,#32,#07,#23,#57,#41,#3F,#FE,#39,#33,#06,#33,#07,#26
    7892   00:7DC0  3A 32 07 32 07 23 57 41 3F FE 39 33 06 33 07 26 
    7893   00:7DD0                          db  #55,#3E,#41,#FE,#39,#34,#05,#34,#07,#46,#36,#3B,#42,#FE,#38,#35
    7893   00:7DD0  55 3E 41 FE 39 34 05 34 07 46 36 3B 42 FE 38 35 
    7894   00:7DE0                          db  #04,#35,#07,#4B,#32,#38,#44,#FE,#38,#36,#03,#36,#07,#4E,#30,#35
    7894   00:7DE0  04 35 07 4B 32 38 44 FE 38 36 03 36 07 4E 30 35 
    7895   00:7DF0                          db  #45,#FE,#37,#37,#02,#37,#08,#50,#2E,#32,#47,#FE,#37,#71,#08,#52
    7895   00:7DF0  45 FE 37 37 02 37 08 50 2E 32 47 FE 37 71 08 52 
    7896   00:7E00                          db  #2D,#2F,#48,#FE,#36,#72,#09,#54,#2B,#2C,#4A,#FE,#36,#73,#09,#55
    7896   00:7E00  2D 2F 48 FE 36 72 09 54 2B 2C 4A FE 36 73 09 55 
    7897   00:7E10                          db  #2B,#29,#4B,#FE,#35,#74,#0A,#55,#29,#2A,#4B,#FE,#35,#75,#0B,#55
    7897   00:7E10  2B 29 4B FE 35 74 0A 55 29 2A 4B FE 35 75 0B 55 
    7898   00:7E20                          db  #25,#2D,#4A,#FE,#34,#76,#0C,#55,#23,#30,#48,#FE,#34,#1F,#01,#37
    7898   00:7E20  25 2D 4A FE 34 76 0C 55 23 30 48 FE 34 1F 01 37 
    7899   00:7E30                          db  #01,#1F,#0D,#54,#20,#33,#47,#FE,#33,#20,#02,#36,#02,#1E,#10,#52
    7899   00:7E30  01 1F 0D 54 20 33 47 FE 33 20 02 36 02 1E 10 52 
    7900   00:7E40                          db  #1E,#36,#45,#FE,#33,#1F,#03,#35,#03,#1F,#12,#50,#1B,#39,#44,#FE
    7900   00:7E40  1E 36 45 FE 33 1F 03 35 03 1F 12 50 1B 39 44 FE 
    7901   00:7E50                          db  #32,#20,#04,#34,#04,#1E,#15,#4E,#19,#3C,#42,#FE,#32,#1F,#05,#33
    7901   00:7E50  32 20 04 34 04 1E 15 4E 19 3C 42 FE 32 1F 05 33 
    7902   00:7E60                          db  #05,#1F,#18,#4A,#18,#3E,#41,#FE,#31,#20,#06,#32,#06,#1E,#1D,#46
    7902   00:7E60  05 1F 18 4A 18 3E 41 FE 31 20 06 32 06 1E 1D 46 
    7903   00:7E70                          db  #15,#42,#3F,#FE,#31,#1F,#07,#31,#07,#1F,#3C,#26,#14,#44,#3E,#FE
    7903   00:7E70  15 42 3F FE 31 1F 07 31 07 1F 3C 26 14 44 3E FE 
    7904   00:7E80                          db  #30,#20,#08,#30,#08,#1E,#40,#22,#12,#48,#3C,#FE,#30,#1F,#09,#2F
    7904   00:7E80  30 20 08 30 08 1E 40 22 12 48 3C FE 30 1F 09 2F 
    7905   00:7E90                          db  #09,#1F,#41,#20,#11,#4A,#3B,#FE,#2F,#20,#0A,#2E,#0A,#1E,#41,#20
    7905   00:7E90  09 1F 41 20 11 4A 3B FE 2F 20 0A 2E 0A 1E 41 20 
    7906   00:7EA0                          db  #0F,#4E,#39,#FE,#2F,#1F,#0B,#2D,#0B,#1F,#40,#20,#0E,#28,#01,#27
    7906   00:7EA0  0F 4E 39 FE 2F 1F 0B 2D 0B 1F 40 20 0E 28 01 27 
    7907   00:7EB0                          db  #38,#FE,#2E,#20,#0C,#2C,#0C,#1E,#3E,#22,#0C,#29,#04,#27,#36,#FE
    7907   00:7EB0  38 FE 2E 20 0C 2C 0C 1E 3E 22 0C 29 04 27 36 FE 
    7908   00:7EC0                          db  #2E,#1F,#0D,#2B,#0D,#1F,#39,#26,#0B,#29,#06,#27,#35,#FE,#2D,#20
    7908   00:7EC0  2E 1F 0D 2B 0D 1F 39 26 0B 29 06 27 35 FE 2D 20 
    7909   00:7ED0                          db  #0E,#2A,#0E,#7D,#0A,#28,#0A,#27,#33,#FE,#2D,#1F,#0F,#29,#0F,#7C
    7909   00:7ED0  0E 2A 0E 7D 0A 28 0A 27 33 FE 2D 1F 0F 29 0F 7C 
    7910   00:7EE0                          db  #09,#29,#0C,#27,#32,#FE,#2C,#20,#10,#28,#10,#7B,#08,#28,#10,#27
    7910   00:7EE0  09 29 0C 27 32 FE 2C 20 10 28 10 7B 08 28 10 27 
    7911   00:7EF0                          db  #30,#FE,#2C,#1F,#11,#27,#11,#7A,#07,#29,#12,#27,#2F,#FE,#2B,#1F
    7911   00:7EF0  30 FE 2C 1F 11 27 11 7A 07 29 12 27 2F FE 2B 1F 
    7912   00:7F00                          db  #13,#25,#13,#78,#07,#28,#16,#27,#2D,#FE,#2B,#1F,#13,#25,#13,#77
    7912   00:7F00  13 25 13 78 07 28 16 27 2D FE 2B 1F 13 25 13 77 
    7913   00:7F10                          db  #06,#29,#18,#27,#2C,#FE,#2A,#1F,#15,#23,#15,#75,#06,#28,#1C,#27
    7913   00:7F10  06 29 18 27 2C FE 2A 1F 15 23 15 75 06 28 1C 27 
    7914   00:7F20                          db  #2A,#FE,#2A,#1F,#15,#23,#15,#74,#06,#27,#1F,#27,#29,#FE,#29,#1F
    7914   00:7F20  2A FE 2A 1F 15 23 15 74 06 27 1F 27 29 FE 29 1F 
    7915   00:7F30                          db  #17,#21,#17,#71,#06,#28,#22,#27,#27,#FE,#29,#1F,#17,#21,#17,#70
    7915   00:7F30  17 21 17 71 06 28 22 27 27 FE 29 1F 17 21 17 70 
    7916   00:7F40                          db  #06,#27,#25,#27,#26,#FE,#28,#1F,#19,#1F,#19,#6D,#06,#28,#28,#27
    7916   00:7F40  06 27 25 27 26 FE 28 1F 19 1F 19 6D 06 28 28 27 
    7917   00:7F50                          db  #24,#FE,#28,#1F,#19,#1F,#19,#6A,#08,#27,#2B,#27,#23,#FE,#27,#1F
    7917   00:7F50  24 FE 28 1F 19 1F 19 6A 08 27 2B 27 23 FE 27 1F 
    7918   00:7F60                          db  #1B,#1D,#1B,#66,#09,#28,#2E,#27,#21,#FE,#27,#1F,#1B,#1D,#1B,#63
    7918   00:7F60  1B 1D 1B 66 09 28 2E 27 21 FE 27 1F 1B 1D 1B 63 
    7919   00:7F70                          db  #0B,#27,#31,#27,#20,#FE,#26,#1F,#1D,#1B,#1D,#5F,#0C,#28,#34,#27
    7919   00:7F70  0B 27 31 27 20 FE 26 1F 1D 1B 1D 5F 0C 28 34 27 
    7920   00:7F80                          db  #1E,#FE,#26,#1F,#1D,#1B,#1D,#5A,#0F,#28,#37,#27,#1D,#FE,#FF,#FE
    7920   00:7F80  1E FE 26 1F 1D 1B 1D 5A 0F 28 37 27 1D FE FF FE 
    7921   00:7F90                          db  #FF,#FE,#FF,#FE,#FF,#FE,#FF,#FE,#FF,#FE,#FF,#FE,#FF,#FE,#FF,#FE
    7921   00:7F90  FF FE FF FE FF FE FF FE FF FE FF FE FF FE FF FE 
    7922   00:7FA0                          db  #FE,#FF,#FF,#FF,#FF,#FF,#FF,#FF,#FF,#FF,#FF,#FF,#FF,#FF,#FF,#FF
    7922   00:7FA0  FE FF FF FF FF FF FF FF FF FF FF FF FF FF FF FF 
    7923   00:7FB0                          db  #FF,#FF,#FF,#FF,#FF,#FF,#FF,#FF,#FF,#FF,#FF,#FF,#FF,#FF,#FF,#FF
    7923   00:7FB0  FF FF FF FF FF FF FF FF FF FF FF FF FF FF FF FF 
    7924   00:7FC0                          db  #FF,#FF,#FF,#FF,#FF,#FF,#FF,#FF,#FF,#FF,#FF,#FF,#FF,#FF,#FF,#FF
    7924   00:7FC0  FF FF FF FF FF FF FF FF FF FF FF FF FF FF FF FF 
    7925   00:7FD0                          db  #FF,#FF,#FF,#FF,#FF,#FF,#FF,#FF,#FF,#FF,#FF,#FF,#FF,#FF,#FF,#FF
    7925   00:7FD0  FF FF FF FF FF FF FF FF FF FF FF FF FF FF FF FF 
    7926   00:7FE0                      BUILD_NAME:             db  "[ ESPUNAPI.ROM ]"
    7926   00:7FE0  5B 20 45 53 50 55 4E 41 50 49 2E 52 4F 4D 20 5D 
    7927   00:7FF0                          endif
    7928   00:7FF0                      
    7929   00:7FF0                      ;--- Build date to be viewed via Hex Editor (16 bytes)
    7930   00:7FF0                      BUILD_TYPE:
    7931   00:7FF0  42 55 49 4C 44 20       db  "BUILD "
    7932   00:7FF6                      BUILD_DATE:             db  "2026/09/24"
    7932   00:7FF6  32 30 32 36 2F 30 39 2F 32 34 
    7933   00:8000                      
    7934   00:8000                      SEG_CODE_END:
    7935   00:8000                      ; Final size must be 16384 bytes

    LABELS
-------------------------------------------------
00:00000000 X NON_VERBOSE_ROM
00:00000000 X USE_MEM_IO
00:00000001 X TURBO_R_LOGO
00:0000005F   CHGMOD
00:0000009C   CHSNS
00:0000009F   CHGET
00:000000A2   CHPUT
00:000000C0   BEEP
00:00000141   SNSMAT
00:00000156   KILBUF
00:0000F3B0   LINLEN
00:0000F3DB   CLIKSW
00:0000F3E1   REG2SAV
00:0000F3E3   REG4SAV
00:0000F676   TXTTAB
00:0000F847   ARG
00:0000FB20   HOKVLD
00:0000FC4A   HIMEM
00:0000FCA9   CSRSW
00:0000FCC1   EXPTBL
00:0000FD09   SLTWRK
00:0000FD9F   H_TIMI
00:0000FED0 X H_CLEA
00:0000FFCA   EXTBIO
00:00007F06 X MEM_OUT_CMD_PORT
00:00007F07 X MEM_OUT_TX_PORT
00:00007F06 X MEM_IN_DATA_PORT
00:00007F07 X MEM_IN_STS_PORT
00:00007F05 X MEM_PORT_F2
00:00000006   OUT_CMD_PORT
00:00000007   OUT_TX_PORT
00:00000006   IN_DATA_PORT
00:00000007   IN_STS_PORT
00:000000F2   PORT_F2
00:00000001   API_V_P
00:00000002   API_V_S
00:00000001   ROM_V_P
00:00000003   ROM_V_S
00:0000001E   HIMEM_RESERVED_SIZE
00:00000000 X H_TIM_BACKUP_OFFSET
00:00000005   MEMORY_COUNTER_OFFSET
00:00000007   MEMORY_SB_VAR_OFFSET
00:00000008   MEMORY_DNS_READY_OFFSET
00:00000009   MEMORY_DNS_RES_OFFSET
00:0000000B   MEMORY_DB_VAR_OFFSET
00:0000000D   MEMORY_REGBACKUP_OFFSET
00:0000000D   MEMORY_BCBACKUP_OFFSET
00:0000000F X MEMORY_DEBACKUP_OFFSET
00:00000011   MEMORY_HLBACKUP_OFFSET
00:00000013 X MEMORY_ESP32_OFFSET
00:00000001   ESPFLAG_ESP32
00:00000002   ESPFLAG_SSH
00:00000080   ESPFLAG_SSH_PROBED
00:00000008   SCAN_MAX_PAGE_SIZE
00:0000001D   MAX_FN
00:0000000B   MAX_FN_S
00:00000000 X ERR_OK
00:00000001   ERR_NOT_IMP
00:00000002 X ERR_NO_NETWORK
00:00000003 X ERR_NO_DATA
00:00000004   ERR_INV_PARAM
00:00000005 X ERR_QUERY_EXISTS
00:00000006 X ERR_INV_IP
00:00000007 X ERR_NO_DNS
00:00000008   ERR_DNS
00:00000009 X ERR_NO_FREE_CONN
00:0000000A X ERR_CONN_EXISTS
00:0000000B   ERR_NO_CONN
00:0000000C X ERR_CONN_STATE
00:0000000D X ERR_BUFFER
00:0000000E X ERR_LARGE_DGRAM
00:0000000F   ERR_INV_OPER
00:00000000 X UNAPI_TCPIP_NS_CLOSED
00:00000001 X UNAPI_TCPIP_NS_OPENING
00:00000002 X UNAPI_TCPIP_NS_OPEN
00:000000FF X UNAPI_TCPIP_NS_UNKNOWN
00:00004010   INIT
00:00004032   SCREEN_SETUP
00:00004038   IS_SCREEN1
00:0000405B   NOT_DISABLED_BY_F2
00:00004072   F2_IS_NOT_F0
00:00004088   WAIT_2S
00:00004090   BOOT_FROM_POWER_OFF
00:000040AA   NOT32_1
00:000040BB   BOOT_FROM_POWER_OFF.1
00:000040C1   BOOT_FROM_POWER_OFF.2
00:000040CB   F2_IS_PRESSED
00:000040D7   ESP_NOT_FOUND
00:000040E1   INIT_F_MSG
00:000040E4 X INIT_F_WAIT
00:000040E6   INIT_F_LOOP_WAIT
00:000040E9 X AND_DONE
00:000040EE   INIT_UNAPI
00:00004117   INIT_UNAPI2
00:00004131   TRY_AGAIN
00:0000414A   STOP_TRYING
00:00004152   WAIT_4S
00:00004158   INIT_CLOCKUPDATE
00:00004193   INIT_NOCLOCKUPDATE
00:0000419B   INIT_NOCLOCKUPDAT2
00:000041AD   SAVE_HOOK2
00:000041C0   PATCH
00:000041D6   PATCH2
00:000041E0 X INIT_OK
00:000041E8   HIMEM_ALLOC
00:00004208 X PATCH_H_TIMI
00:00004225   ESPSETUP.EXIT
00:0000422D   ENTERING_ESPSETUP
00:00004247   ESPSETUP
00:0000425E   NOT32_2
00:0000426F   ESPSETUP.2NF
00:00004275   ESPSETUP.3NF
00:0000427B   ESPSETUP_NEXT
00:000042B9   ESPSETUP_NEXT.2F
00:000042C5   ESPSETUP_NEXT.1G
00:000042CB   MM_CURSOR_BLINK
00:000042CE   CONN_CHG_LOOP
00:000042E6   MM_WAIT_INPUT
00:0000430C   MM_CURSOR_SW
00:00004320   GET_AP_STAT
00:00004336   CLK_MSX1_GO
00:0000434E   CLK_MSX1_ADAPTERDIS
00:00004354   CLK_MSX1_OPT
00:0000435A   CLK_MSX1_WAIT_OPT_INPUT
00:00004372   CLK_MSX1_SEND_CMD
00:00004387   START_CLK_AUTO
00:00004396 X CLK_AUTO_GO
00:000043AD   CLK_AUTO_CHK1
00:000043B8   CLK_AUTO_CHK2
00:000043C3   CLK_AUTO_3
00:000043CB   CLK_AUTO_GMT
00:000043E0   CLK_AUTO_GMTP
00:000043E5   CLK_AUTO_GMTM
00:000043FB   CLK_AUTO_GMTD
00:00004406   CLK_AUTO_GMT_OPT
00:0000440C   CLK_AUTO_WAIT_OPT_INPUT
00:0000442E   CLK_AUTO_WAIT_GMT
00:0000444D   CLK_AUTO_WAIT_GMT_INPUT
00:00004471   CLK_AUTO_GMT_CHK_BS
00:0000447C   CLK_AUTO_GMT_CHK_BS_MIN
00:00004480   CLK_AUTO_GMT_CHK_DIGIT
00:00004492   CLK_AUTO_GMT_BAD_INPUT
00:000044A0   CLK_AUTO_GMT_CHK_INPUT
00:000044B6   CLK_AUTO_GMT_CHK_CR
00:000044C9   CLK_AUTO_GMT_CHK_CD
00:000044E2   CLK_AUTO_SKIP_SIGN
00:000044E7   CLK_AUTO_GMT_CHK_CD.1
00:000044F0   CLK_AUTO_GMT_CHK_CSD
00:00004508   CLK_AUTO_GMT_CHK_CSD1
00:00004519   CLK_AUTO_GMT_CHK_CSD2
00:00004525   CLK_AUTO_GMT_CHK_DONE
00:0000455F   CLK_AUTO_GMT_CHK_RESULT
00:00004565   START_WIFI_SCAN
00:0000456D   START_WIFI_RESCAN
00:00004581   WIFI_SCAN_WAIT_END
00:0000459A   WIFI_SCAN_WAITHS
00:000045A7   WIFI_SCAN_SHOW_LIST
00:000045B3   WIFI_LIST_LOOP
00:000045CA   PRT_APNAMELP
00:000045DD   PRT_APNAMELP_CUT
00:000045E6   PRT_APENC
00:000045F7   PRT_APNOTENC
00:000045FF   PRT_AP_CHKLOOP
00:0000460F   APLIST_OVERFLOW
00:0000461F   APLIST_NO_OVERFLOW
00:00004622   APLIST_NOFLW
00:00004629   WIFI_SELECT_AP
00:00004647   WIFI_SELECT_SPACEBAR
00:00004654   WIFI_CONNECT_ME_CHOOSEN
00:0000465F   WIFI_CONNECT_MANUAL_ENTRY
00:00004680   WIFI_CONNECT_ME_CHKPRT2
00:00004686   WIFI_CONNECT_ME_CHKPRTD
00:0000468C   WIFI_CONNECT_ME_0_TERM
00:000046A8   WIFI_CONNECT_ME_PWD_Y
00:000046AF   WIFI_CONNECT_ME_PWD
00:000046C0   WIFI_CONNECT_ME_BS
00:000046D7   WIFI_ME_CHECK_INPUT
00:000046DE   WIFI_CONNECT_SELECTION_OK
00:000046F2 X WIFI_CONNECT_AP_SRCH
00:000046F4   WIFI_CONNECT_AP_SRCH.1
00:00004702   WIFI_CONNECT_AP_PWDQ
00:00004707   WIFI_CONNECT_APSIZE
00:00004722   WIFI_CONNECT_RCV_PWD
00:00004739   WIFI_CONNECT_RCV_PWD_STR
00:00004754   WIFI_CONNECT_RCV_PWD_CHAR
00:0000475D   WIFI_CONNECT_RCV_CHKPRT2
00:00004763   WIFI_CONNECT_RCV_CHKPRTD
00:00004769   WIFI_CONNECT_RCV_PWDH
00:0000477D   WIFI_CONNECT_RCV_PWD_BS
00:0000479A   WIFI_PWD_CHECK_INPUT
00:000047A1   WIFI_CONNECT_SENDCMD
00:000047BF   WIFI_CONNECT_SENDCMDLP
00:000047DD   WIFI_CONNECT_FAIL
00:000047E6   INPUT_WFSAP_BAD_INPUT
00:000047FC   WIFI_SCAN_NONETWORKS
00:00004805   WIFI_SCAN_TIMEOUT
00:0000480E   SET_WIFI_TIMEOUT
00:00004837   WIFI_SET_ALWAYS_ON
00:00004847   INPUT_TIMEOUT
00:00004875   INPUT_TIMEOUT_BAD_INPUT
00:0000487B   SET_WIFI_BS_INPUT
00:00004895   SET_WIFI_CHECK_INPUT
00:000048D1   SET_WIFI_EXECUTE_SET_COMMAND
00:000048D4   SET_NAGLE
00:000048ED   SET_NAGLE_WI_ON
00:00004905   NAGLE_IS_ON
00:0000490B   SET_NAGLE_WI_OFF
00:00004923   SET_ESP_WIFI_TIMEOUT
00:0000495D   SET_NAGLE_OFF
00:0000498C   STARTWIFISCAN
00:000049A8   SET_NAGLE_ON
00:000049D7   WAIT_4S_AND_THEN_MAINMENU
00:000049DB   WAIT_2S_AND_THEN_MAINMENU
00:000049DD   WAIT_AND_THEN_MAINMENU
00:000049E3   WAIT_250MS_AND_THEN_CONTINUE
00:000049E5   WAIT_BEFORE_CONTINUING
00:000049EA   ISCLKAUTO
00:00004A04   CHECKNAGLE
00:00004A37   CHECK_NAGLE_OFF
00:00004A50   CHECKTIMEOUT
00:00004A80   CHECKTIMEOUT.1
00:00004A91   CHECKTIMEOUT.2
00:00004AB7   CHECKTIMEOUT.3
00:00004AF0   CHECKTIMEOUT.END
00:00004AF4   MENU_SUB_BAD_END_1S
00:00004AF5   MENU_SUB_BAD_END
00:00004AF6   MENU_BAD_END
00:00004AFF   WAIT_MENU_QCMD_RESPONSE
00:00004B01   WAIT_MENU_QCMD_RESPONSE_ST1
00:00004B14   WAIT_MENU_QCMD_RESPONSE_ST1.1
00:00004B19   WAIT_MENU_QCMD_RESPONSE_RC
00:00004B27   WAIT_MENU_QCMD_RESPONSE_RC.1
00:00004B2D X WAIT_MENU_QCMD_RESPONSE_END_OK
00:00004B30   WAIT_MENU_QCMD_RESPONSE_END
00:00004B32   WAIT_MENU_QCMD_RESPONSE_END_NOK
00:00004B38   WAIT_MENU_CMD_RESPONSE
00:00004B3C   WAIT_MENU_CMD_RESPONSE_ST1
00:00004B4F   WAIT_MENU_CMD_RESPONSE_ST1.1
00:00004B54   WAIT_MENU_CMD_RESPONSE_RC
00:00004B62   WAIT_MENU_CMD_RESPONSE_RC.1
00:00004B68   WAIT_MENU_CMD_RESPONSE_ST2A
00:00004B76   WAIT_MENU_CMD_RESPONSE_ST2A.1
00:00004B79   WAIT_MENU_CMD_RESPONSE_ST2B
00:00004B87   WAIT_MENU_CMD_RESPONSE_ST2B.1
00:00004B8F   WAIT_MENU_CMD_RESPONSE_GET_DATA
00:00004B9D   WAIT_MENU_CMD_RESPONSE_GET_DATA.1
00:00004BA9   WAIT_MENU_CMD_RESPONSE_END_OK
00:00004BB0   WAIT_MENU_CMD_RESPONSE_END
00:00004BB6   WAIT_MENU_CMD_RESPONSE_END_NOK
00:00004BBF   WAIT_MENU_SCMD_RESPONSE
00:00004BC3   WAIT_MENU_SCMD_RESPONSE_ST1
00:00004BD6   WAIT_MENU_SCMD_RESPONSE_ST1.1
00:00004BDB   WAIT_MENU_SCMD_RESPONSE_RC
00:00004BE9   WAIT_MENU_SCMD_RESPONSE_RC.1
00:00004BEF   WAIT_MENU_SCMD_RESPONSE_ST2A
00:00004BFD   WAIT_MENU_SCMD_RESPONSE_ST2A.1
00:00004C01   WAIT_MENU_SCMD_RESPONSE_ST2B
00:00004C0F   WAIT_MENU_SCMD_RESPONSE_ST2B.1
00:00004C19   WAIT_MENU_SCMD_RESPONSE_GET_ENC
00:00004C27   WAIT_MENU_SCMD_RESPONSE_GET_ENC.1
00:00004C35 X WAIT_MENU_SCMD_RESPONSE_END_OK
00:00004C39   WAIT_MENU_SCMD_RESPONSE_END
00:00004C3D   WAIT_MENU_SCMD_RESPONSE_END_NOK
00:00004C46   HLTIMEOUT
00:00004C4C   PRINTHL
00:00004C56   PRINTHLINE
00:00004C59   PHLINEL
00:00004C7C   PHLINESPC
00:00004C83   PHLINELR
00:00004C8D   DO_HTIMI
00:00004C99   DO_HTIMI_END
00:00004CA1   DO_EXTBIO
00:00004CB4   LOOP
00:00004CD6   DO_EXTBIO2
00:00004CE6   DO_EXTBIO3
00:00004CEB   SSH_CHECK
00:00004CF1   LOOPSSH
00:00004D1A   DO_EXTBIO2SSH
00:00004D2A   DO_EXTBIO3SSH
00:00004D2F   JUMP_OLD2
00:00004D32   JUMP_OLD
00:00004D3E   UNAPI_ENTRY
00:00004D4E   OK_FNUM
00:00004D5C   UNDEFINED
00:00004D5F   FN_TABLE
00:00004D5F X FN_0
00:00004D61 X FN_1
00:00004D63 X FN_2
00:00004D65 X FN_3
00:00004D67 X FN_4
00:00004D69 X FN_5
00:00004D6B X FN_6
00:00004D6D X FN_7
00:00004D6F X FN_8
00:00004D71 X FN_9
00:00004D73 X FN_10
00:00004D75 X FN_11
00:00004D77 X FN_12
00:00004D79 X FN_13
00:00004D7B X FN_14
00:00004D7D X FN_15
00:00004D7F X FN_16
00:00004D81 X FN_17
00:00004D83 X FN_18
00:00004D85 X FN_19
00:00004D87 X FN_20
00:00004D89 X FN_21
00:00004D8B X FN_22
00:00004D8D X FN_23
00:00004D8F X FN_24
00:00004D91 X FN_25
00:00004D93 X FN_26
00:00004D95 X FN_27
00:00004D97 X FN_28
00:00004D99 X FN_29
00:00004D9B   UNAPI2_ENTRY
00:00004DAB   OK_FNUM_S
00:00004DB9   FN_TABLE_S
00:00004DB9 X FN_0_S
00:00004DBB X FN_1_S
00:00004DBD X FN_2_S
00:00004DBF X FN_3_S
00:00004DC1 X FN_4_S
00:00004DC3 X FN_5_S
00:00004DC5 X FN_6_S
00:00004DC7 X FN_7_S
00:00004DC9 X FN_8_S
00:00004DCB X FN_9_S
00:00004DCD X FN_10_S
00:00004DCF X FN_11_S
00:00004DD1   FN_NOT_IMP
00:00004DD4   END_OK
00:00004DD6   TCPIP_GENERIC_CHECK_TIME_OUT
00:00004DE6   UNAPI_GET_INFO
00:00004DF1   UNAPI_GET_INFO_SSH
00:00004DFC   SSH_GET_CAPAB
00:00004E0F   SSH_GET_CAPAB_ST1
00:00004E1A   SSH_GET_CAPAB_ST1.1
00:00004E20   SSH_GET_CAPAB_RC
00:00004E2B   SSH_GET_CAPAB_RC.1
00:00004E31   SSH_GET_CAPAB_ST2
00:00004E3C   SSH_GET_CAPAB_ST2.1
00:00004E41   SSH_GET_CAPAB_BLK1_ST1
00:00004E4C   SSH_GET_CAPAB_BLK1_ST1.1
00:00004E4F   SSH_GET_CAPAB_BLK1_ST2
00:00004E5A   SSH_GET_CAPAB_BLK1_ST2.1
00:00004E5D   SSH_GET_CAPAB_BLK1_ST3
00:00004E68   SSH_GET_CAPAB_BLK1_ST3.1
00:00004E6B   SSH_GET_CAPAB_BLK1_ST4
00:00004E76   SSH_GET_CAPAB_BLK1_ST4.1
00:00004E79   SSH_GET_CAPAB_BLK1_ST5
00:00004E84   SSH_GET_CAPAB_BLK1_ST5.1
00:00004E87   SSH_GET_CAPAB_BLK1_ST6
00:00004E92   SSH_GET_CAPAB_BLK1_ST6.1
00:00004E97   TCPIP_GET_CAPAB
00:00004EAB   TCPIP_GET_CAPAB_ST1
00:00004EB6   TCPIP_GET_CAPAB_ST1.1
00:00004EBC   TCPIP_GET_CAPAB_RC
00:00004EC7   TCPIP_GET_CAPAB_RC.1
00:00004ECD   TCPIP_GET_CAPAB_ST2
00:00004ED8   TCPIP_GET_CAPAB_ST2.1
00:00004EEF   TCPIP_GET_CAPAB_BLK3
00:00004EEF   TCPIP_GET_CAPAB_BLK3_ST1
00:00004EFA   TCPIP_GET_CAPAB_BLK3_ST1.1
00:00004EFD   TCPIP_GET_CAPAB_BLK3_ST2
00:00004F08   TCPIP_GET_CAPAB_BLK3_ST2.1
00:00004F0B   TCPIP_GET_CAPAB_BLK3_ST3
00:00004F16   TCPIP_GET_CAPAB_BLK3_ST3.1
00:00004F19   TCPIP_GET_CAPAB_BLK3_ST4
00:00004F24   TCPIP_GET_CAPAB_BLK3_ST4.1
00:00004F29   TCPIP_GET_CAPAB_BLK2
00:00004F29   TCPIP_GET_CAPAB_BLK2_ST1
00:00004F34   TCPIP_GET_CAPAB_BLK2_ST1.1
00:00004F37   TCPIP_GET_CAPAB_BLK2_ST2
00:00004F42   TCPIP_GET_CAPAB_BLK2_ST2.1
00:00004F45   TCPIP_GET_CAPAB_BLK2_ST3
00:00004F50   TCPIP_GET_CAPAB_BLK2_ST3.1
00:00004F53   TCPIP_GET_CAPAB_BLK2_ST4
00:00004F5E   TCPIP_GET_CAPAB_BLK2_ST4.1
00:00004F61   TCPIP_GET_CAPAB_BLK2_ST5
00:00004F6C   TCPIP_GET_CAPAB_BLK2_ST5.1
00:00004F6F   TCPIP_GET_CAPAB_BLK2_ST6
00:00004F7A   TCPIP_GET_CAPAB_BLK2_ST6.1
00:00004F7F   TCPIP_GET_CAPAB_BLK1
00:00004F7F   TCPIP_GET_CAPAB_BLK1_ST1
00:00004F8A   TCPIP_GET_CAPAB_BLK1_ST1.1
00:00004F8D   TCPIP_GET_CAPAB_BLK1_ST2
00:00004F98   TCPIP_GET_CAPAB_BLK1_ST2.1
00:00004F9B   TCPIP_GET_CAPAB_BLK1_ST3
00:00004FA6   TCPIP_GET_CAPAB_BLK1_ST3.1
00:00004FA9   TCPIP_GET_CAPAB_BLK1_ST4
00:00004FB4   TCPIP_GET_CAPAB_BLK1_ST4.1
00:00004FB7   TCPIP_GET_CAPAB_BLK1_ST5
00:00004FC2   TCPIP_GET_CAPAB_BLK1_ST5.1
00:00004FC7   TCPIP_GET_IPINFO
00:00004FD8   TCPIP_GET_IPINFO_ST1
00:00004FE3   TCPIP_GET_IPINFO_ST1.1
00:00004FE9   TCPIP_GET_IPINFO_RC
00:00004FF4   TCPIP_GET_IPINFO_RC.1
00:00004FFA   TCPIP_GET_IPINFO_ST2
00:00005005   TCPIP_GET_IPINFO_ST2.1
00:0000500A   TCPIP_GET_IPINFO_IP_ST1
00:00005015   TCPIP_GET_IPINFO_IP_ST1.1
00:00005018   TCPIP_GET_IPINFO_IP_ST2
00:00005023   TCPIP_GET_IPINFO_IP_ST2.1
00:00005026   TCPIP_GET_IPINFO_IP_ST3
00:00005031   TCPIP_GET_IPINFO_IP_ST3.1
00:00005034   TCPIP_GET_IPINFO_IP_ST4
00:0000503F   TCPIP_GET_IPINFO_IP_ST4.1
00:00005044   TCPIP_NET_STATE
00:00005051   TCPIP_NET_STATE_ST1
00:0000505C   TCPIP_NET_STATE_ST1.1
00:00005062   TCPIP_NET_STATE_RC
00:0000506D   TCPIP_NET_STATE_RC.1
00:00005073   TCPIP_NET_STATE_ST2
00:0000507E   TCPIP_NET_STATE_ST2.1
00:00005083   TCPIP_NET_STATE_NS_ST1
00:0000508E   TCPIP_NET_STATE_NS_ST1.1
00:00005093   TCPIP_DNS_Q
00:00005097   TCPIP_DNS_Q_SIZE_LOOP
00:000050A0   TCPIP_DNS_Q_SEND
00:000050BB   TCPIP_DNS_Q_SENDLP
00:000050C4   TCPIP_DNS_Q_WAIT_RSP
00:000050CA   TCPIP_DNSQ_SEND_ST1
00:000050D5   TCPIP_DNSQ_SEND_ST1.1
00:000050DB   TCPIP_DNSQ_SEND_RC
00:000050E6   TCPIP_DNSQ_SEND_RC.1
00:000050EE   TCPIP_DNSQ_SEND_RC_ST2
00:000050F9   TCPIP_DNSQ_SEND_RC_ST2.1
00:000050FE   TCPIP_DNSQ_IP_ST1
00:00005109   TCPIP_DNSQ_IP_ST1.1
00:0000510C   TCPIP_DNSQ_IP_ST2
00:00005117   TCPIP_DNSQ_IP_ST2.1
00:0000511A   TCPIP_DNSQ_IP_ST3
00:00005125   TCPIP_DNSQ_IP_ST3.1
00:00005128   TCPIP_DNSQ_IP_ST4
00:00005133   TCPIP_DNSQ_IP_ST4.1
00:00005142   TCPIP_DNS_S
00:00005158   TCP_IP_DNS_S_NOCLR
00:0000515D   TCPIP_DNS_S_HASRESULT
00:00005168   TCP_IP_DNS_S_RES_NOCLR
00:0000516B   TCPIP_DNS_S_NORESULT
00:0000516F   TCPIP_UDP_OPEN
00:00005187   TCPIP_UDP_OPEN_ST1
00:00005192   TCPIP_UDP_OPEN_ST1.1
00:00005198   TCPIP_UDP_OPEN_RC
00:000051A3   TCPIP_UDP_OPEN_RC.1
00:000051A9   TCPIP_UDP_OPEN_ST2
00:000051B4   TCPIP_UDP_OPEN_ST2.1
00:000051B9   TCPIP_UDP_OPEN_CONN_ST1
00:000051C4   TCPIP_UDP_OPEN_CONN_ST1.1
00:000051C9   TCPIP_UDP_CLOSE
00:000051DB   TCPIP_UDP_CLOSE_ST1
00:000051E6   TCPIP_UDP_CLOSE_ST1.1
00:000051EC   TCPIP_UDP_CLOSE_RC
00:000051F7   TCPIP_UDP_CLOSE_RC.1
00:000051FD   TCPIP_UDP_CLOSE_ST2
00:00005208   TCPIP_UDP_CLOSE_ST2.1
00:0000520F   TCPIP_UDP_STATE
00:00005220   TCPIP_UDP_STATE_ST1
00:0000522B   TCPIP_UDP_STATE_ST1.1
00:00005231   TCPIP_UDP_STATE_RC
00:0000523C   TCPIP_UDP_STATE_RC.1
00:00005242   TCPIP_UDP_STATE_ST2
00:0000524D   TCPIP_UDP_STATE_ST2.1
00:00005252   TCPIP_UDP_STATE_RESP_ST1
00:0000525D   TCPIP_UDP_STATE_RESP_ST1.1
00:00005260   TCPIP_UDP_STATE_RESP_ST2
00:0000526B   TCPIP_UDP_STATE_RESP_ST2.1
00:0000526E   TCPIP_UDP_STATE_RESP_ST3
00:00005279   TCPIP_UDP_STATE_RESP_ST3.1
00:0000527C   TCPIP_UDP_STATE_RESP_ST4
00:00005287   TCPIP_UDP_STATE_RESP_ST4.1
00:0000528A   TCPIP_UDP_STATE_RESP_ST5
00:00005295   TCPIP_UDP_STATE_RESP_ST5.1
00:0000529A   TCPIP_UDP_SEND
00:000052D9   TCPIP_UDP_SEND_R
00:000052E4   TCPIP_UDP_SEND_ST1
00:000052EF   TCPIP_UDP_SEND_ST1.1
00:000052F5   TCPIP_UDP_SEND_RC
00:00005300   TCPIP_UDP_SEND_RC.1
00:00005306   TCPIP_UDP_SEND_ST2
00:00005311   TCPIP_UDP_SEND_ST2.1
00:00005318   TCPIP_UDP_RCV_CHECK_TIME_OUT
00:00005325   TCPIP_TCP_UDP_RETRY_QRCV
00:00005336   TCPIP_UDP_RCV_CHECK_TIME_OUT.NORXRETRY
00:00005339   TCPIP_UDP_RCV
00:00005355   TCPIP_UDP_RCV.RXRETRY
00:0000535B   TCPIP_UDP_RCV_ST1
00:00005366   TCPIP_UDP_RCV_ST1.1
00:00005374   TCPIP_UDP_RCV_RC
00:0000537F   TCPIP_UDP_RCV_RC.1
00:00005383   TCPIP_UDP_RCV_ST2A
00:0000538E   TCPIP_UDP_RCV_ST2A.1
00:00005391   TCPIP_UDP_RCV_ST2B
00:0000539C   TCPIP_UDP_RCV_ST2B.1
00:000053A7   TCPIP_UDP_RCV_IP_ST1
00:000053B2   TCPIP_UDP_RCV_IP_ST1.1
00:000053B5   TCPIP_UDP_RCV_IP_ST2
00:000053C0   TCPIP_UDP_RCV_IP_ST2.1
00:000053C3   TCPIP_UDP_RCV_IP_ST3
00:000053CE   TCPIP_UDP_RCV_IP_ST3.1
00:000053D1   TCPIP_UDP_RCV_IP_ST4
00:000053DC   TCPIP_UDP_RCV_IP_ST4.1
00:000053DF   TCPIP_UDP_RCV_PORT_ST1
00:000053EA   TCPIP_UDP_RCV_PORT_ST1.1
00:000053EE   TCPIP_UDP_RCV_PORT_ST2
00:000053F9   TCPIP_UDP_RCV_PORT_ST2.1
00:00005410   TCPIP_UDP_RCV_R
00:00005421   TCPIP_UDP_RCV_R_NSF
00:0000542C   TCPIP_UDP_RCV_R_NSF.1
00:00005438   TCPIP_TCP_OPEN_ERROR
00:0000543B   TCPIP_TCP_OPEN_ERROR2
00:00005446   TCPIP_TCP_OPEN_ERROR2.1
00:00005450   TCPIP_TCP_OPEN_ERROR3
00:0000545B   TCPIP_TCP_OPEN_ERROR3.1
00:0000545E   TCPIP_TCP_OPEN_ERROR4
00:00005462   TCPIP_TCP_OPEN
00:0000548E   TCPIP_TCP_OPEN_CHECK_HOSTOF
00:00005495 X TCPIP_TCP_OPEN_HOSTNAME_SENDCMDWITHHOSTNAME
00:000054C6   TCPIP_TCP_OPEN_SENDHOSTNAME
00:000054D0   TCPIP_TCP_OPEN_NO_TLS
00:000054D0   TCPIP_TCP_OPEN_NO_CHECKHOST
00:000054E5   TCPIP_TCP_OPEN_R
00:000054EC   TCPIP_TCP_OPEN_WAIT_RESPONSE
00:000054F2   TCPIP_TCP_OPEN_ST1
00:000054FD   TCPIP_TCP_OPEN_ST1.1
00:00005503   TCPIP_TCP_OPEN_RC
00:0000550E   TCPIP_TCP_OPEN_RC.1
00:00005516   TCPIP_TCP_OPEN_ST2
00:00005521   TCPIP_TCP_OPEN_ST2.1
00:00005526   TCPIP_TCP_OPEN_CONN_ST1
00:00005531   TCPIP_TCP_OPEN_CONN_ST1.1
00:00005536   TCPIP_TCP_CLOSE
00:00005548   TCPIP_TCP_CLOSE_ST1
00:00005553   TCPIP_TCP_CLOSE_ST1.1
00:00005559   TCPIP_TCP_CLOSE_RC
00:00005564   TCPIP_TCP_CLOSE_RC.1
00:0000556A   TCPIP_TCP_CLOSE_ST2
00:00005575   TCPIP_TCP_CLOSE_ST2.1
00:0000557C   SSH_OPEN
00:00005584   SSH_OPEN_1
00:00005587   SSH_OPEN_CHECK_USER
00:0000558E   SSH_OPEN_CHECK_PASS
00:00005595 X SSH_OPEN_SENDCMD
00:000055A6   SSH_OPEN_SENDDATA
00:000055B3   SSH_OPEN_ST1
00:000055BE   SSH_OPEN_ST1.1
00:000055C4   SSH_OPEN_RC
00:000055CF   SSH_OPEN_RC.1
00:000055DA   SSH_OPEN_ST2
00:000055E5   SSH_OPEN_ST2.1
00:000055EA   SSH_OPEN_CONN_ST1
00:000055F5   SSH_OPEN_CONN_ST1.1
00:000055FA   SSH_OPEN_HOSTHASH
00:00005605   SSH_OPEN_HOSTHASH.1
00:00005608   SSH_OPEN_HOSTHASHB
00:00005613   SSH_OPEN_HOSTHASHB.1
00:0000561B   SSH_OPEN_HOSTHASH_CONN
00:00005626   SSH_OPEN_HOSTHASH_CONN.1
00:00005632   SSH_OPEN_HOSTHASH_NSF
00:0000563D   SSH_OPEN_HOSTHASH_NSF.1
00:00005648   SSH_ADD_KNOWN_HOST
00:0000565C   SSH_ADD_KNOWN_HOST_ST1
00:00005667   SSH_ADD_KNOWN_HOST_ST1.1
00:0000566D   SSH_ADD_KNOWN_HOST_RC
00:00005678   SSH_ADD_KNOWN_HOST_RC.1
00:0000567E   SSH_ADD_KNOWN_HOST_ST2
00:00005689   SSH_ADD_KNOWN_HOST_ST2.1
00:00005690   SSH_CLOSE
00:000056A4   SSH_CLOSE_ST1
00:000056AF   SSH_CLOSE_ST1.1
00:000056B5   SSH_CLOSE_RC
00:000056C0   SSH_CLOSE_RC.1
00:000056C6   SSH_CLOSE_ST2
00:000056D1   SSH_CLOSE_ST2.1
00:000056D8   SSH_STATE
00:000056EC   SSH_STATE_ST1
00:000056F7   SSH_STATE_ST1.1
00:000056FD   SSH_STATE_RC
00:00005708   SSH_STATE_RC.1
00:0000570E   SSH_STATE_ST2
00:00005719   SSH_STATE_ST2.1
00:0000571E   SSH_STATE_REG_B
00:00005729   SSH_STATE_REG_B.1
00:0000572C   SSH_STATE_REG_L
00:00005737   SSH_STATE_REG_L.1
00:0000573A   SSH_STATE_REG_H
00:00005745   SSH_STATE_REG_H.1
00:0000574A   SSH_TERM_TYPE
00:00005761   SSH_TERM_TYPE_SET
00:0000576B   SSH_TERM_TYPE_ST0
00:00005771   SSH_TERM_TYPE_ST1
00:0000577C   SSH_TERM_TYPE_ST1.1
00:00005782   SSH_TERM_TYPE_RC
00:0000578D   SSH_TERM_TYPE_RC.1
00:00005798   SSH_TERM_TYPE_ST2
00:000057A3   SSH_TERM_TYPE_ST2.1
00:000057A8   SSH_TERM_TYPE_REGD
00:000057B3   SSH_TERM_TYPE_REGD.1
00:000057B8   SSH_WIN_SIZE
00:000057CF   SSH_WIN_SIZE_SET
00:000057DC   SSH_WIN_SIZE_ST0
00:000057E2   SSH_WIN_SIZE_ST1
00:000057ED   SSH_WIN_SIZE_ST1.1
00:000057F3   SSH_WIN_SIZE_RC
00:000057FE   SSH_WIN_SIZE_RC.1
00:00005809   SSH_WIN_SIZE_ST2
00:00005814   SSH_WIN_SIZE_ST2.1
00:00005819   SSH_WIN_SIZE_REGH
00:00005824   SSH_WIN_SIZE_REGH.1
00:00005827   SSH_WIN_SIZE_REGL
00:00005832   SSH_WIN_SIZE_REGL.1
00:00005837   TCPIP_TCP_ABORT
00:00005849   TCPIP_TCP_ABORT_ST1
00:00005854   TCPIP_TCP_ABORT_ST1.1
00:0000585A   TCPIP_TCP_ABORT_RC
00:00005865   TCPIP_TCP_ABORT_RC.1
00:0000586B   TCPIP_TCP_ABORT_ST2
00:00005876   TCPIP_TCP_ABORT_ST2.1
00:0000587D   TCPIP_TCP_STATE_ERROR
00:00005880   TCPIP_TCP_STATE_ERROR2
00:0000588B   TCPIP_TCP_STATE_ERROR2.1
00:000058A0   TCPIP_TCP_STATE
00:000058AA   TCPIP_TCP_STATE_NOINFOBLOCK
00:000058C0   TCPIP_TCP_STATE_ST1
00:000058CB   TCPIP_TCP_STATE_ST1.1
00:000058D1   TCPIP_TCP_STATE_RC
00:000058DC   TCPIP_TCP_STATE_RC.1
00:000058E3   TCPIP_TCP_STATE_ST2
00:000058EE   TCPIP_TCP_STATE_ST2.1
00:000058F3   TCPIP_TCP_STATE_RESP_ST1
00:000058FE   TCPIP_TCP_STATE_RESP_ST1.1
00:00005901   TCPIP_TCP_STATE_RESP_ST2
00:0000590C   TCPIP_TCP_STATE_RESP_ST2.1
00:0000590F   TCPIP_TCP_STATE_RESP_ST3
00:0000591A   TCPIP_TCP_STATE_RESP_ST3.1
00:0000591D   TCPIP_TCP_STATE_RESP_ST4
00:00005928   TCPIP_TCP_STATE_RESP_ST4.1
00:0000592B   TCPIP_TCP_STATE_RESP_ST5
00:00005936   TCPIP_TCP_STATE_RESP_ST5.1
00:00005939   TCPIP_TCP_STATE_RESP_ST6
00:00005944   TCPIP_TCP_STATE_RESP_ST6.1
00:00005947   TCPIP_TCP_STATE_RESP_ST7
00:00005952   TCPIP_TCP_STATE_RESP_ST7.1
00:00005956   TCPIP_TCP_STATE_RESP_ST8
00:00005961   TCPIP_TCP_STATE_RESP_ST8.1
00:00005970   TCPIP_TCP_STATE_DISCARD_IBLOCK
00:0000597B   TCPIP_TCP_STATE_DISCARD_IBLOCK.1
00:00005985   TCPIP_TCP_STATE_GET_IBLOCK
00:0000598B   TCPIP_TCP_STATE_SAVE_IBLOCK
00:00005996   TCPIP_TCP_STATE_SAVE_IBLOCK.1
00:000059A5   TCPIP_TCP_SEND
00:000059C0   TCPIP_TCP_SEND_R
00:000059CD   TCPIP_TCP_SEND_ST1
00:000059D8   TCPIP_TCP_SEND_R.1
00:000059DE   TCPIP_TCP_SEND_RC
00:000059E9   TCPIP_TCP_SEND_RC.1
00:000059EF   TCPIP_TCP_SEND_ST2
00:000059FA   TCPIP_TCP_SEND_ST2.1
00:00005A01   SSH_SEND
00:00005A16   SSH_SEND_R
00:00005A23   SSH_SEND_ST1
00:00005A2E   SSH_SEND_R.1
00:00005A34   SSH_SEND_RC
00:00005A3F   SSH_SEND_RC.1
00:00005A45   SSH_SEND_ST2
00:00005A50   SSH_SEND_ST2.1
00:00005A57   SSH_AUTH_RESPOND
00:00005A6C   SSH_AUTH_RESPOND_R
00:00005A79   SSH_AUTH_RESPOND_ST1
00:00005A84   SSH_AUTH_RESPOND_R.1
00:00005A8A   SSH_AUTH_RESPOND_RC
00:00005A95   SSH_AUTH_RESPOND_RC.1
00:00005A9B   SSH_AUTH_RESPOND_ST2
00:00005AA6   SSH_AUTH_RESPOND_ST2.1
00:00005AAD   TCPIP_TCP_RCV_CHECK_TIME_OUT
00:00005ABA   TCPIP_TCP_RCV_RETRY_QRCV
00:00005ACB   TCPIP_TCP_RCV_CHECK_TIME_OUT.NORXRETRY
00:00005ACE   TCPIP_TCP_RCV_RET_ERR
00:00005AD1   TCPIP_TCP_RCV_RET_ERR2
00:00005ADC   TCPIP_TCP_RCV_RET_ERR2.1
00:00005AE2   TCPIP_TCP_RCV_RET_NODATA
00:00005AE9   TCPIP_TCP_RCV
00:00005B07   TCPIP_TCP_RCV.RXRETRY
00:00005B0D   TCPIP_TCP_RCV_ST1
00:00005B18   TCPIP_TCP_RCV_ST1.1
00:00005B26   TCPIP_TCP_RCV_RC
00:00005B31   TCPIP_TCP_RCV_RC.1
00:00005B36   TCPIP_TCP_RCV_ST2A
00:00005B41   TCPIP_TCP_RCV_ST2A.1
00:00005B44   TCPIP_TCP_RCV_ST2B
00:00005B4F   TCPIP_TCP_RCV_ST2B.1
00:00005B5C   TCPIP_TCP_RCV_UDC_ST1
00:00005B67   TCPIP_TCP_RCV_UDC_ST1.1
00:00005B69   TCPIP_TCP_RCV_UDC_ST2
00:00005B74   TCPIP_TCP_RCV_UDC_ST2.1
00:00005B88   TCPIP_TCP_RCV_R
00:00005B9C   TCPIP_TCP_RCV_R_NSF
00:00005BA7   TCPIP_TCP_RCV_R_NSF.1
00:00005BB6   SSH_RCV_RETRY_QRCV
00:00005BC7   SSH_RCV_CHECK_TIME_OUT.NORXRETRY
00:00005BCA   SSH_RCV
00:00005BE8   SSH_RCV.RXRETRY
00:00005BEE   SSH_RCV_ST1
00:00005BF9   SSH_RCV_ST1.1
00:00005C07   SSH_RCV_RC
00:00005C12   SSH_RCV_RC.1
00:00005C1B   SSH_RCV_ST2A
00:00005C26   SSH_RCV_ST2A.1
00:00005C29   SSH_RCV_ST2B
00:00005C34   SSH_RCV_ST2B.1
00:00005C4F   SSH_RCV_R
00:00005C63   SSH_RCV_R_NSF
00:00005C6E   SSH_RCV_R_NSF.1
00:00005C7D   SSH_AUTH_GET_CHALLENGE_RETRY_QRCV
00:00005C8E   SSH_AUTH_GET_CHALLENGE_CHECK_TIME_OUT.NORXRETRY
00:00005C91   SSH_AUTH_GET_CHALLENGE
00:00005CAF   SSH_AUTH_GET_CHALLENGE.RXRETRY
00:00005CB5   SSH_AUTH_GET_CHALLENGE_ST1
00:00005CC0   SSH_AUTH_GET_CHALLENGE_ST1.1
00:00005CCE   SSH_AUTH_GET_CHALLENGE_RC
00:00005CD9   SSH_AUTH_GET_CHALLENGE_RC.1
00:00005CEE   SSH_AUTH_GET_CHALLENGE_ST2A
00:00005CF9   SSH_AUTH_GET_CHALLENGE_ST2A.1
00:00005CFC   SSH_AUTH_GET_CHALLENGE_ST2B
00:00005D07   SSH_AUTH_GET_CHALLENGE_ST2B.1
00:00005D11   SSH_AUTH_GET_CHALLENGE_BUFERRA
00:00005D1C   SSH_AUTH_GET_CHALLENGE_BUFERRA.1
00:00005D1F   SSH_AUTH_GET_CHALLENGE_BUFERRB
00:00005D2A   SSH_AUTH_GET_CHALLENGE_BUFERRB.1
00:00005D30   SSH_AUTH_GET_CHALLENGE_ST2BB.1
00:00005D35   SSH_AUTH_GET_CHALLENGE_FLAGSA
00:00005D40   SSH_AUTH_GET_CHALLENGE_FLAGSA.1
00:00005D43   SSH_AUTH_GET_CHALLENGE_FLAGSB
00:00005D4E   SSH_AUTH_GET_CHALLENGE_FLAGSB.1
00:00005D68   SSH_AUTH_GET_CHALLENGE_R
00:00005D7C   SSH_AUTH_GET_CHALLENGE_R_NSF
00:00005D87   SSH_AUTH_GET_CHALLENGE_R_NSF.1
00:00005D96   TCPIP_CONFIG_AUTOIP
00:00005DAB   TCPIP_CONFIG_AUTOIP_ST1
00:00005DB6   TCPIP_CONFIG_AUTOIP_ST1.1
00:00005DBC   TCPIP_CONFIG_AUTOIP_RC
00:00005DC7   TCPIP_CONFIG_AUTOIP_RC.1
00:00005DCD   TCPIP_CONFIG_AUTOIP_ST2
00:00005DD8   TCPIP_CONFIG_AUTOIP_ST2.1
00:00005DDD   TCPIP_CONFIG_AUTOIP_CONF_ST1
00:00005DE8   TCPIP_CONFIG_AUTOIP_CONF_ST1.1
00:00005DED   TCPIP_CONFIG_IP
00:00005E0B   TCPIP_CONFIG_IP_ST1
00:00005E16   TCPIP_CONFIG_IP_ST1.1
00:00005E1C   TCPIP_CONFIG_IP_RC
00:00005E27   TCPIP_CONFIG_IP_RC.1
00:00005E2A   TCPIP_CONFIG_TTL
00:00005E3C   TCPIP_CONFIG_PING
00:00005E4C   GETSLT
00:00005E6C   GETSLTT
00:00005E8D   GETSLTT1
00:00005EA1   GETSLTTRET
00:00005EA5   GETWRK
00:00005EB9   GETMEMPOINTERADDR
00:00005ECC   GETMEM_1
00:00005ED5   GETMEMPOINTER
00:00005EDD   GETCOUNTER
00:00005EEC   SETCOUNTER
00:00005EFC   GETBYTE
00:00005F0E   SETBYTE
00:00005F22   GETWORD
00:00005F35   SETWORD
00:00005F4A   REGRESTORE
00:00005F61   REGBACKUP
00:00005F83   BCRESTORE
00:00005F95   BCBACKUP
00:00005FA9   HLRESTORE
00:00005FBC   HLBACKUP
00:00005FD1   GETESPTYPE
00:00005FED   GETESPFLAGS
00:00005FFF   GETDNSREADY
00:00006011   SETDNSREADY
00:00006025   GETDNSRESULT
00:0000603B   SETDNSRESULT
00:00006055   TOUPPER
00:0000605E   WRFE_WAIT_DATA
00:0000606A   WRFE_STS_NOT_AVAILABLE
00:0000606F   WRFE_COMPARE
00:00006075   WAIT_RESPONSE_FROM_ESP
00:00006078 X WRFE_ST1
00:0000607A   WRFE_LOOP
00:00006086   WRFE_LOOP.1
00:00006088 X WRFE_IDXCMD
00:00006094   WRFE_RSP_MATCH
00:0000609D   WRFE_RET_OK
00:000060A0   WRFE_RET_ERROR
00:000060A4   CHECK_ESP_TYPE
00:000060D8   CHECK_ESP_TYPE_NO32
00:000060DB   CHECK_ESP_TYPE_END
00:000060E2   PROBE_ESP_SSH
00:00006107   PROBE_ESP_SSH_ST1
00:00006114   PROBE_ESP_SSH_ST1.1
00:0000611A   PROBE_ESP_SSH_ST2
00:00006127   PROBE_ESP_SSH_ST2.1
00:00006130   PROBE_ESP_SSH_OK
00:00006134   PROBE_ESP_SSH_END
00:00006140   PRINT_INSTALLED_MSG
00:00006189   PRINT_INST_32
00:00006191   PRINT_INST_8266
00:00006197   PRINT_INST_END
00:0000619E   RESET_ESP
00:000061B9   RESET_ESP_INIT
00:000061BB   RESET_ESP_LOOP
00:000061D9 X RESET_CHK_IF_INSTALLED
00:000061DC   SET_TIME
00:000061F3   SET_TIME_ERR
00:000061F6   SET_RTC_TIME
00:00006209   SET_DATE
00:00006227   SET_DATE1
00:00006234   SET_DATE2
00:00006241   SET_DATE_ERR
00:00006244   DAYS_IN_MONTH
00:00006250   DAYS_IN_FEBRUARY_LEAP
00:00006251   STOP_RTC_COUNT_SET_MODE0
00:0000625C   RTC_SAVE_REGISTERPAIR
00:00006260   RTC_SAVE_REGISTERPAIR.1
00:0000626D   SET_RTC_REG
00:00006276   SET_RTC_DATE
00:0000628C   SET_RTC_DATE.1
00:000062A3   PATTERN_SETUP
00:000062B1   OUTI_TO_VRAM_TMS9918
00:000062B7   PATTERN_DATA
00:00006317   SET_VDP_WRITE
00:00000052 X CMD_RESET_ESP
00:00000062   CMD_GET_FW_TYPE
00:00000057   CMD_WRESET_ESP
00:00000048   CMD_WIFIHOLD_ESP
00:00000068   CMD_WIFIRELEASE_ESP
00:00000047   CMD_GET_TIME
00:00000063   CMD_QUERY_ACLK_SETTINGS
00:00000043   CMD_SET_ACLK_SETTINGS
00:00000051   CMD_QUERY_ESP_SETTINGS
00:00000054   CMD_TIMER_SET
00:00000044   CMD_NAGLE_ON
00:0000004E   CMD_NAGLE_OFF
00:0000004F   CMD_WIFI_OFF
00:00000041   CMD_WIFI_CONNECT
00:00000053   CMD_SCAN_START
00:00000073   CMD_SCAN_RESULTS
00:00000067   CMD_AP_STS
00:00000056 X CMD_GET_ESP_VER
00:00006333   RSP_CMD_RESET_ESP
00:00000005   RSP_CMD_RESET_ESP_SIZE
00:0000003F   CMD_QUERY_ESP
00:00006338   RSP_CMD_QUERY_ESP
00:00000002   RSP_CMD_QUERY_ESP_SIZE
00:00000000   STTERMINATOR
00:0000000A   LF
00:0000000B   HOME
00:0000000C   CLS
00:0000000D   CR
00:0000001C   GORIGHT
00:0000001D   GOLEFT
00:0000633A   ENTERING_WIFI_SETUP
00:00006356   WELCOME
00:000063A0   WELCOME32
00:000063EE   WELCOME_SF
00:0000640A   WELCOME_SF2
00:0000642A   WELCOME_CS
00:00006454   WELCOME_NEXT
00:0000645A X WELCOME_S_NEXT
00:0000645E   WELCOME_SF_NEXT
00:00006461   WELCOME_CS0_NEXT
00:0000648B   WELCOME_CS1_NEXT
00:00006494   WELCOME_CS2_NEXT
00:000064BE   WELCOME_CS3_NEXT
00:000064E8   WELCOME_CS4_NEXT
00:00006512   WELCOME_CS5_NEXT
00:0000653C   MMENU_S_NEXT
00:000065CB   MMENU_CLOCK_MSX2
00:0000672B   MMENU_CLOCK_MSX1
00:000067BF   MMENU_CLOCK_0
00:000067D1   MMENU_CLOCK_1
00:000067EB   MMENU_CLOCK_2
00:00006805   MMENU_CLOCK_3
00:00006818   MMENU_CLOCK_OPT
00:00006842   MMENU_GMT_OPT
00:0000685B   MMENU_MANUALENTRY
00:000068BC   MENU_MANUALENTRY_PWD
00:000068D7   MMENU_SCAN
00:00006925   MMENU_SCANF
00:00006945   MMENU_SCANN
00:0000695C   MMENU_SCANS
00:00006992   MMENU_CONNECTING
00:000069D6   MMENU_ASKPWD
00:00006A19   MMENU_SCANQ
00:00006A84   MMENU_SCANQM
00:00006AF3   SCAN_TERMINATOR_CUT
00:00006AFA   SCAN_TERMINATOR_OPEN
00:00006B01   SCAN_TERMINATOR_ENC
00:00006B08   MMENU_TIMEOUT
00:00006BEA   MMENU_TIMEOUT_ALWAYSON
00:00006C3F   MMENU_TIMEOUT_NOTALWAYSON1
00:00006C55   MMENU_TIMEOUT_NOTALWAYSON2
00:00006C8D   MMENU_NAGLE
00:00006D82   MMENU_NAGLE_ON
00:00006DC2   MMENU_NAGLE_OFF
00:00006E03   STR_SENDING
00:00006E1E   STR_SENDING_OK
00:00006E37   STR_SENDING_OK_JN
00:00006E59   STR_SENDING_NOK_JN
00:00006E9B   STR_SENDING_FAIL
00:00006EB0   STR_CLKUPDT_FAIL
00:00006F1E   OK_S
00:00006F39   OK_ESP8266
00:00006F5C   OK_ESP32
00:00006F7D   OK_INST_PRE
00:00006F88   OK_INST_SUF
00:00006F9A   FAIL_S
00:00006FE4   FAIL_F
00:00006FFF   STR_WAITING
00:0000701F   STR_OOPS
00:0000705A   UNAPI_ID
00:00007061 X UNAPI_ID_END
00:00007061   UNAPI_ID2
00:00007065 X UNAPI_ID2_END
00:00007065   APIINFO
00:00007076   APIINFO_SSH
00:00007084   ID_END
00:00007FE0 X BUILD_NAME
00:00007FF0 X BUILD_TYPE
00:00007FF6 X BUILD_DATE
00:00008000 X SEG_CODE_END


 Output: ESPUNAPI_IO.rom
-------------------------------------------------

 Page: 00
  Org: 00004000  Size: *  Used: 00004000

   Address   Length Align   Label
   00004000   16384         INIT
