Sjasm Z80 Assembler v0.42c - www.xl2s.tk             [2026.09.24 - 19:02:34]

ESPUNAPI.asm
Errors: 0

       1   00:4000                      ; ESPUNAPI TCP/IP SSH UNAPI BIOS v.1.0
       2   00:4000                      ; Oduvaldo Pavan Junior
       3   00:4000                      ; ducasp@gmail.com
       4   00:4000                      ;    This code implements TCP/IP and SSH UNAPI SpecificationM
       5   00:4000                      ;
       6   00:4000                      ; Pieces of this code were based on DENYOTCP.ASM (Denyonet ROM)
       7   00:4000                      ; made by Konamiman
       8   00:4000                      ;
       9   00:4000                      ; This code also has contributions from KdL, most specifically in the Wi-Fi
      10   00:4000                      ; setup menus and functionality, he has helped quite a lot to get it to the
      11   00:4000                      ; final format and functionality, thanks!
      12   00:4000                      ;
      13   00:4000                      ; This code has contribution from Jeroen Taverne that helped making some
      14   00:4000                      ; MACROs on the fixed / non speed optimized loop I/O parts of the code so
      15   00:4000                      ; we can easily switch this from I/O based to Memory Based.
      16   00:4000                      ;
      17   00:4000                      ; Note: this implementation depends upon ESP having the UNAPI
      18   00:4000                      ; firmware flashed. This firmware has been developed by me as well.
      19   00:4000                      ;
      20   00:4000                      ; Usage is free as long as you publish your code changes. If you make a profit
      21   00:4000                      ; selling something using this code, a suggestion is that you donate one or two
      22   00:4000                      ; pieces of the hardware to the MSX DEV contest to be awarded to MSX DEV winners
      23   00:4000                      ; as this shouldn't cost much and perhaps will bring interest on developers to
      24   00:4000                      ; make games that support internet :)
      25   00:4000                      ;
      26   00:4000                      ; Design details:
      27   00:4000                      ; There are five instances of this ROM
      28   00:4000                      ;
      29   00:4000                      ; 1 - If configured as disabled in set-up menu item 4, or through setting F2
      30   00:4000                      ;     device to EF or keeping DEL pressed during boot, it won't load at all.
      31   00:4000                      ; 2 - F1 is pressed during boot, or through setting F2 device to F1, it will
      32   00:4000                      ;     show a setup menu, ESC resume boot.
      33   00:4000                      ; 3 - F2 is pressed during a soft reset, or trhough setting F2 device to F2 it
      34   00:4000                      ;     will force re-set of the ESP and re-connection to the AP.
      35   00:4000                      ; 4 - No key is pressed during a warm boot and F2 device is set to F0, UNAPI 
      36   00:4000                      ;     is enabled (default), EXTBIO HOOK for UNAPI calls is installed and HTIM_I
      37   00:4000                      ;     hook for internal usage and a few bytes at top of TPA are reserved upon
      38   00:4000                      ;     the first UNAPI function being called. No ESP reset or tries to set-up the
      39   00:4000                      ;     the RTC are done, so it is a quick warm-boot.
      40   00:4000                      ; 5 - No key is pressed during a cold boot or F2 is set to FE or any unknown
      41   00:4000                      ;     value, UNAPI is enabled (default), EXTBIO HOOK for UNAPI calls is installed
      42   00:4000                      ;     and HTIM_I hook for internal usage and a few bytes at top of TPA are reserved
      43   00:4000                      ;     upon the first UNAPI function being called. ESP is reset and if BIOS is set
      44   00:4000                      ;     up to do so, SNTP connection attempt is made and RTC is updated
      45   00:4000                      ;
      46   00:4000                      ; As a ROM, our segment is read only, so for RAM needs we need to use RAM not
      47   00:4000                      ; in our page. This ROM will do the following:
      48   00:4000                      ;
      49   00:4000                      ; If running the SETUP menu, we are going to "borrow" BASIC program area, that
      50   00:4000                      ; is saved at TXTTAB. We can't allocate memory at this point as any possible
      51   00:4000                      ; disk rom might be sitting on a slot that has not been initialized and results
      52   00:4000                      ; could be bad. The BASIC program area trick should be safe, unless some other
      53   00:4000                      ; cartridge runs a BASIC software for something (i.e.: wait disks be initialized
      54   00:4000                      ; ), in such case, that BASIC software or trick will most likely be corrupted
      55   00:4000                      ; after running our setup.
      56   00:4000                      ;
      57   00:4000                      ; After boot, we need RAM in the 4th page. We have the SLOT WORK AREA for free,
      58   00:4000                      ; it is 8 bytes reserved for our slot, and that is certainly not enough, just
      59   00:4000                      ; the EXTBIOS HOOK backup cost us 5 bytes, so we have three bytes remaining. Of
      60   00:4000                      ; those, we use two to indicate the bottom of the memory reserved in the 4th
      61   00:4000                      ; page. Whenever more memory is needed, HIMEM_RESERVED_SIZE must change, just
      62   00:4000                      ; remember that more memory reserved means less memory available to
      63   00:4000                      ; applications and BASIC, so use it wisely.
      64   00:4000                      ;
      65   00:4000                      ; Slot Work Area Details
      66   00:4000                      ; 0000 - 0004   : EXTBIO hook backup
      67   00:4000                      ; 0005 - 0006   : HIMEM Allocated area (starts with 00 xx, once allocated goes
      68   00:4000                      ;                 to Fxxx or Exxx so checking 0005 if 00 is enough)
      69   00:4000                      ; 007           : Flags: bit 0 ESP32, bit 1 SSH supported, bit 7 probed
      70   00:4000                      ;
      71   00:4000                      ; Current HIMEM mapping offset related to the address stored in the 6th and 7th
      72   00:4000                      ; bytes of our slot work area:
      73   00:4000                      ;
      74   00:4000                      ; 0000 - 0004   : HTIM_I hook backup
      75   00:4000                      ; 0005 - 0006   : Counter that our HTIM_I hook updates
      76   00:4000                      ; 0007          : Store Single Byte some functions need
      77   00:4000                      ; 0008          : Stores whether DNS is ready or not
      78   00:4000                      ; 0009 - 000A   : Stores last DNS result
      79   00:4000                      ; 000B - 000C   : Stores a 16 bits value
      80   00:4000                      ; 000D - 0012   : Store a backup of BC / DE / HL
      81   00:4000                      ;   000D - 000E : C and B
      82   00:4000                      ;   000F - 0010 : D and E
      83   00:4000                      ;   0011 - 0012 : H and L
      84   00:4000                      ; 0014 - 001D   : Unused
      85   00:4000                      ;
      86   00:4000                      ; As this is sitting on a slot, there is a resoanable chance that this is initialized
      87   00:4000                      ; before any disk controllers. If that is the case, allocating memory at HIMEM is bad
      88   00:4000                      ; and might have two bad behaviors:
      89   00:4000                      ;
      90   00:4000                      ; 1 - Disk Controller is smart enough to determine HIMEM was moved and simply do not
      91   00:4000                      ; initialize. No disk available...
      92   00:4000                      ; 2 - Disk Controller doesn't care and simply wipe-out memory below original HIMEM at
      93   00:4000                      ; boot to create the disk interfaces static work area, thus, causing our allocated
      94   00:4000                      ; memory to be overwritten and MSX will most likely crash on ther first VDP interrupt
      95   00:4000                      ; after that...
      96   00:4000                      ;
      97   00:4000                      ; So, allocating memory at cartridge startup will make MSX freeze or misbehave or not
      98   00:4000                      ; have the disk available if our ROM is sitting in a slot lower than the disk. There
      99   00:4000                      ; are a few possibilities:
     100   00:4000                      ;
     101   00:4000                      ; 1 - Hook to H_STKE, it is called once all slots have been initialized... But, using
     102   00:4000                      ; this hook will make ESE SCSI to not work and halt with a "No enough memory" message,
     103   00:4000                      ; so I do not consider it a good option as the intention is to re-use code for other
     104   00:4000                      ; adapters.
     105   00:4000                      ; 2 - On any UNAPI call check the slot work area if the allocated area is other than 00
     106   00:4000                      ; and if it is, execute, otherwise, first execute our allocation routine. This has an
     107   00:4000                      ; overhead of a dozen instructions at every UNAPI function we execute, does not seem to
     108   00:4000                      ; impact performance compared to the UNAPI RAM driver that doesn't has it
     109   00:4000                      ; 3 - Try to go crazy and check for dos roms on slots above us, initialize those first
     110   00:4000                      ; if found... Too much trouble for a dozen instructions.
     111   00:4000                      ;
     112   00:4000                      ; So, for the moment the design decision is option #2
     113   00:4000                      ;
     114   00:4000                      ; F2 Device by KdL
     115   00:4000                      ; That device, present on recent OCM implementations, allow a byte to be saved and
     116   00:4000                      ; read from IO address F2. It has FF on start-up, and KdL devised the following
     117   00:4000                      ; values/states:
     118   00:4000                      ;
     119   00:4000                      ; FF - Default, meaning cold boot
     120   00:4000                      ; FE - Set this when an unexpected error occurred
     121   00:4000                      ; F2 - Equivalent to keeping F2 pressed at boot time, force the next warm boot
     122   00:4000                      ;      to try to detect the ESP8266
     123   00:4000                      ; F1 - Will force the Wi-Fi setup at next warm boot, so it is not needed to
     124   00:4000                      ;      keep F1 pressed
     125   00:4000                      ; F0 - Means that RTC has date and time, so the next warm boot doesn't check
     126   00:4000                      ;      for F1/F2 or try to update RTC, being faster
     127   00:4000                      ; EF - Set when ESP was not found or by user at runtime to disable UNAPI
     128   00:4000                      ;      next warm boot
     129   00:4000                      ;
     130   00:4000                      ; MSX Pico also implements the F2 device
     131   00:4000                      
     132   00:4000                      ;*************************
     133   00:4000                      ;***  BUILD DEFINITIONS **
     134   00:4000                      ;*************************
     135   00:4000                      
     136   00:4000                      ;--- verbose rom...?
     137   00:4000  (00:0000)           NON_VERBOSE_ROM:        equ 0
     138   00:4000                      ;--- Use memory mapped IO or not...
     139   00:4000  (00:0001)           USE_MEM_IO:             equ 1
     140   00:4000                      ;--- FPGA Version can have the Turbo-R logo incorporated or not...
     141   00:4000  (00:0001)           TURBO_R_LOGO:           equ 1
     142   00:4000                      ;*******************
     143   00:4000                      ;***  CONSTANTS  ***
     144   00:4000                      ;*******************
     145   00:4000                      
     146   00:4000                      ;--- System variables and routines:
     147   00:4000  (00:005F)           CHGMOD:                 equ #005F
     148   00:4000  (00:009C)           CHSNS:                  equ #009C
     149   00:4000  (00:009F)           CHGET:                  equ #009F
     150   00:4000  (00:00A2)           CHPUT:                  equ #00A2
     151   00:4000  (00:00C0)           BEEP:                   equ #00C0
     152   00:4000  (00:0141)           SNSMAT:                 equ #0141
     153   00:4000  (00:0156)           KILBUF:                 equ #0156
     154   00:4000  (00:F3B0)           LINLEN:                 equ #F3B0
     155   00:4000  (00:F3DB)           CLIKSW:                 equ #F3DB
     156   00:4000  (00:F3E1)           REG2SAV:                equ #F3E1
     157   00:4000  (00:F3E3)           REG4SAV:                equ #F3E3
     158   00:4000  (00:F676)           TXTTAB:                 equ #F676
     159   00:4000  (00:F847)           ARG:                    equ #F847
     160   00:4000  (00:FB20)           HOKVLD:                 equ #FB20
     161   00:4000  (00:FC4A)           HIMEM:                  equ #FC4A
     162   00:4000  (00:FCA9)           CSRSW:                  equ #FCA9
     163   00:4000  (00:FCC1)           EXPTBL:                 equ #FCC1
     164   00:4000  (00:FD09)           SLTWRK:                 equ #FD09
     165   00:4000  (00:FD9F)           H_TIMI:                 equ #FD9F
     166   00:4000  (00:FED0)           H_CLEA:                 equ #FED0
     167   00:4000  (00:FFCA)           EXTBIO:                 equ #FFCA
     168   00:4000                      
     169   00:4000                      
     170   00:4000                      ;--- Memory ports:
     171   00:4000  (00:7F06)           MEM_OUT_CMD_PORT:       equ #7F06
     172   00:4000  (00:7F07)           MEM_OUT_TX_PORT:        equ #7F07
     173   00:4000  (00:7F06)           MEM_IN_DATA_PORT:       equ #7F06
     174   00:4000  (00:7F07)           MEM_IN_STS_PORT:        equ #7F07
     175   00:4000  (00:7F05)           MEM_PORT_F2:            equ #7F05
     176   00:4000                      
     177   00:4000                      ;--- I/O ports:
     178   00:4000  (00:0006)           OUT_CMD_PORT:           equ #06
     179   00:4000  (00:0007)           OUT_TX_PORT:            equ #07
     180   00:4000  (00:0006)           IN_DATA_PORT:           equ #06
     181   00:4000  (00:0007)           IN_STS_PORT:            equ #07
     182   00:4000  (00:00F2)           PORT_F2:                equ #F2
     183   00:4000                      
     184   00:4000                      
     185   00:4000                          if USE_MEM_IO = 1
     186   00:4000                        MACRO SET_SPEED
     187   00:4000                    <     xor a
     188   00:4000                    <     ld  (MEM_OUT_CMD_PORT),a            ; Clear UART
     189   00:4000                    <   ENDM
     190   00:4000                      
     191   00:4000                        MACRO CLEAR_UART
     192   00:4000                    <     ld  a,20
     193   00:4000                    <     ld  (MEM_OUT_CMD_PORT),a            ; Clear UART
     194   00:4000                    <   ENDM
     195   00:4000                      
     196   00:4000                        MACRO SEND_DATA
     197   00:4000                    <     ld  (MEM_OUT_TX_PORT),a             ; Just send, no need to wait response
     198   00:4000                    <   ENDM
     199   00:4000                      
     200   00:4000                        MACRO RECEIVE_DATA
     201   00:4000                    <     ld a,(MEM_IN_DATA_PORT)
     202   00:4000                    <   ENDM
     203   00:4000                      
     204   00:4000                        MACRO LOAD_STS_PORT_IN_A
     205   00:4000                    <     ld  a,(MEM_IN_STS_PORT)
     206   00:4000                    <   ENDM
     207   00:4000                      
     208   00:4000                        MACRO CHECK_DATA
     209   00:4000                    <     ld  a,(MEM_IN_STS_PORT)
     210   00:4000                    <     bit 0,a                         ; If nz has data
     211   00:4000                    <   ENDM
     212   00:4000                      
     213   00:4000                        MACRO CHECK_QUICK_RECEIVE
     214   00:4000                    <     ld  a,(MEM_IN_STS_PORT)
     215   00:4000                    <     bit 3,a                         ; Quick Receive Supported?
     216   00:4000                    <   ENDM
     217   00:4000                      
     218   00:4000                        MACRO CHECK_BUFFER_UNDERRUN
     219   00:4000                    <     ld  a,(MEM_IN_STS_PORT)
     220   00:4000                    <     bit 4,a                         ; Buffer underrun?
     221   00:4000                    <   ENDM
     222   00:4000                      
     223   00:4000                        MACRO READ_F2
     224   00:4000                    <     ld  a,(MEM_PORT_F2)
     225   00:4000                    <   ENDM
     226   00:4000                      
     227   00:4000                        MACRO WRITE_F2
     228   00:4000                    <     ld  (MEM_PORT_F2),a
     229   00:4000                    <   ENDM
     230   00:4000                          else
     231   00:4000                    ~ 
     232   00:4000                    ~   MACRO SET_SPEED
     233   00:4000                    ~     xor a
     234   00:4000                    ~     out (OUT_CMD_PORT),a            ; Clear UART
     235   00:4000                    ~   ENDM
     236   00:4000                    ~ 
     237   00:4000                    ~   MACRO CLEAR_UART
     238   00:4000                    ~     ld  a,20
     239   00:4000                    ~     out (OUT_CMD_PORT),a            ; Clear UART
     240   00:4000                    ~   ENDM
     241   00:4000                    ~ 
     242   00:4000                    ~   MACRO SEND_DATA
     243   00:4000                    ~     out (OUT_TX_PORT),a             ; Just send, no need to wait response
     244   00:4000                    ~   ENDM
     245   00:4000                    ~ 
     246   00:4000                    ~   MACRO RECEIVE_DATA
     247   00:4000                    ~     in a,(IN_DATA_PORT)
     248   00:4000                    ~   ENDM
     249   00:4000                    ~ 
     250   00:4000                    ~   MACRO LOAD_STS_PORT_IN_A
     251   00:4000                    ~     in  a,(IN_STS_PORT)
     252   00:4000                    ~   ENDM
     253   00:4000                    ~ 
     254   00:4000                    ~   MACRO CHECK_DATA
     255   00:4000                    ~     in  a,(IN_STS_PORT)
     256   00:4000                    ~     bit 0,a                         ; If nz has data
     257   00:4000                    ~   ENDM
     258   00:4000                    ~ 
     259   00:4000                    ~   MACRO CHECK_QUICK_RECEIVE
     260   00:4000                    ~     in  a,(IN_STS_PORT)
     261   00:4000                    ~     bit 3,a                         ; Quick Receive Supported?
     262   00:4000                    ~   ENDM
     263   00:4000                    ~ 
     264   00:4000                    ~   MACRO CHECK_BUFFER_UNDERRUN
     265   00:4000                    ~     in  a,(IN_STS_PORT)
     266   00:4000                    ~     bit 4,a                         ; Buffer underrun?
     267   00:4000                    ~   ENDM
     268   00:4000                    ~ 
     269   00:4000                    ~   MACRO READ_F2
     270   00:4000                    ~     in  a,(PORT_F2)
     271   00:4000                    ~   ENDM
     272   00:4000                    ~ 
     273   00:4000                    ~   MACRO WRITE_F2
     274   00:4000                    ~     out (PORT_F2),a
     275   00:4000                    ~   ENDM
     276   00:4000                    ~     endif
     277   00:4000                      
     278   00:4000                      ;--- API version and implementation version:
     279   00:4000  (00:0001)           API_V_P:                equ 1
     280   00:4000  (00:0002)           API_V_S:                equ 2
     281   00:4000  (00:0001)           ROM_V_P:                equ 1
     282   00:4000  (00:0003)           ROM_V_S:                equ 3
     283   00:4000                      
     284   00:4000                      ;--- Size of memory to reserve in upper TPA:
     285   00:4000  (00:001E)           HIMEM_RESERVED_SIZE     equ 30
     286   00:4000                      
     287   00:4000                      ;--- Layout of our TPA area:
     288   00:4000  (00:0000)           H_TIM_BACKUP_OFFSET     equ 0
     289   00:4000  (00:0005)           MEMORY_COUNTER_OFFSET   equ 5
     290   00:4000  (00:0007)           MEMORY_SB_VAR_OFFSET    equ 7
     291   00:4000  (00:0008)           MEMORY_DNS_READY_OFFSET equ 8
     292   00:4000  (00:0009)           MEMORY_DNS_RES_OFFSET   equ 9
     293   00:4000  (00:000B)           MEMORY_DB_VAR_OFFSET    equ #0B
     294   00:4000  (00:000D)           MEMORY_REGBACKUP_OFFSET equ #0D
     295   00:4000  (00:000D)           MEMORY_BCBACKUP_OFFSET  equ #0D
     296   00:4000  (00:000F)           MEMORY_DEBACKUP_OFFSET  equ #0F
     297   00:4000  (00:0011)           MEMORY_HLBACKUP_OFFSET  equ #11
     298   00:4000  (00:0013)           MEMORY_ESP32_OFFSET     equ #13
     299   00:4000                      
     300   00:4000                      ;--- Flags stored on our slot work area byte 7:
     301   00:4000  (00:0001)           ESPFLAG_ESP32:          equ %00000001    ; ESP32 detected
     302   00:4000  (00:0002)           ESPFLAG_SSH:            equ %00000010    ; ESP supports SSH commands
     303   00:4000  (00:0080)           ESPFLAG_SSH_PROBED:     equ %10000000    ; SSH support already probed
     304   00:4000                      
     305   00:4000                      ;--- Scan Page Size
     306   00:4000  (00:0008)           SCAN_MAX_PAGE_SIZE      equ 8
     307   00:4000                      
     308   00:4000                      ;--- Maximum number of available standard and implementation-specific function
     309   00:4000                      ;--- numbers. Must be 0 to 127.
     310   00:4000                      ;--- TCP-IP Functions
     311   00:4000  (00:001D)           MAX_FN:                 equ 29
     312   00:4000                      ;--- SSH Functions
     313   00:4000  (00:000B)           MAX_FN_S:               equ 11
     314   00:4000                      
     315   00:4000                      ;--- TCP/IP UNAPI error codes:
     316   00:4000  (00:0000)           ERR_OK:                 equ 0
     317   00:4000  (00:0001)           ERR_NOT_IMP:            equ 1
     318   00:4000  (00:0002)           ERR_NO_NETWORK:         equ 2
     319   00:4000  (00:0003)           ERR_NO_DATA:            equ 3
     320   00:4000  (00:0004)           ERR_INV_PARAM:          equ 4
     321   00:4000  (00:0005)           ERR_QUERY_EXISTS:       equ 5
     322   00:4000  (00:0006)           ERR_INV_IP:             equ 6
     323   00:4000  (00:0007)           ERR_NO_DNS:             equ 7
     324   00:4000  (00:0008)           ERR_DNS:                equ 8
     325   00:4000  (00:0009)           ERR_NO_FREE_CONN:       equ 9
     326   00:4000  (00:000A)           ERR_CONN_EXISTS:        equ 10
     327   00:4000  (00:000B)           ERR_NO_CONN:            equ 11
     328   00:4000  (00:000C)           ERR_CONN_STATE:         equ 12
     329   00:4000  (00:000D)           ERR_BUFFER:             equ 13
     330   00:4000  (00:000E)           ERR_LARGE_DGRAM:        equ 14
     331   00:4000  (00:000F)           ERR_INV_OPER:           equ 15
     332   00:4000                      
     333   00:4000                      ;--- TCP/IP UNAPI connection Status
     334   00:4000  (00:0000)           UNAPI_TCPIP_NS_CLOSED   equ 0
     335   00:4000  (00:0001)           UNAPI_TCPIP_NS_OPENING  equ 1
     336   00:4000  (00:0002)           UNAPI_TCPIP_NS_OPEN     equ 2
     337   00:4000  (00:00FF)           UNAPI_TCPIP_NS_UNKNOWN  equ 255
     338   00:4000                      
     339   00:4000                      ;************************
     340   00:4000                      ;***  MSX ROM HEADER  ***
     341   00:4000                      ;************************
     342   00:4000                          org #4000
     343   00:4000  41 42                   db                  #41,#42
     344   00:4002  10 40                   dw                  INIT        ; Initialize ESP, if not found, won't install hook
     345   00:4004  00 00                   dw                  0           ; Statement
     346   00:4006  00 00                   dw                  0           ; Device
     347   00:4008  00 00                   dw                  0           ; Text
     348   00:400A  00 (6)                  ds                  6           ; Reserved
     349   00:4010                      
     350   00:4010                      ;==================
     351   00:4010                      ;===  Start-up  ===
     352   00:4010                      ;==================
     353   00:4010                      
     354   00:4010                      INIT:
     355   00:4010  7C                      ld  a,h                         ; Let's test if we are mirrored and being executed in wrong page
     356   00:4011  FE 40                   cp  #40                         ; is MSB 0x40?
     357   00:4013  C0                      ret nz                          ; if not, return, it is a mirror
     358   00:4014                          ; Let's set some System Variables
     359   00:4014  AF                      xor a                           ; a = #00
     360   00:4015  32 A9 FC                ld  (CSRSW),a                   ; cursor display is disabled
     361   00:4018  32 DB F3                ld  (CLIKSW),a                  ; when key press, key click disabled
     362   00:401B                          ; Let's intercept [DEL] key
     363   00:401B  3E 08                   ld  a,8
     364   00:401D  CD 41 01                call    SNSMAT
     365   00:4020  CB 5F                   bit 3,a                         ; Test [DEL]
     366   00:4022  C8                      ret z                           ; If DEL is pressed, UNAPI driver is not loaded and exits
     367   00:4023                          ; Let's check the Screen Mode, ref. https://www.msx.org/wiki/VDP_Table_Base_Address_Registers
     368   00:4023  3A E1 F3                ld  a,(REG2SAV)
     369   00:4026  FE 02                   cp  2
     370   00:4028  CA 32 40                jp  z,SCREEN_SETUP              ; If yes, is SCREEN 3
     371   00:402B  3A E3 F3                ld  a,(REG4SAV)
     372   00:402E  FE 00                   cp  0
     373   00:4030  28 06                   jr  z,IS_SCREEN1                ; If yes, is SCREEN 1
     374   00:4032                      SCREEN_SETUP:
     375   00:4032                          ; Let's set the SCREEN 1
     376   00:4032  3E 01                   ld  a,1                         ; a = #01
     377   00:4034  F7                      rst #30
     378   00:4035  00                      db  0
     379   00:4036  5F 00                   dw  CHGMOD                      ; SCREEN 1
     380   00:4038                      IS_SCREEN1:
     381   00:4038  3E 1D                   ld  a,29                        ; WIDTH 29
     382   00:403A  32 B0 F3                ld  (LINLEN),a
     383   00:403D                          ; We check if the Port F2 device is available
     384   00:403D                          READ_F2                         ; a = #FF, default value if it comes from power off or hard reset
     384   00:403D  3A 05 7F          >     ld  a,(MEM_PORT_F2)
     385   00:4040  2F                      cpl                             ; a = #FF - a
     386   00:4041  4F                      ld  c,a                         ; c = #00
     387   00:4042                          WRITE_F2                        ; a = #00
     387   00:4042  32 05 7F          >     ld  (MEM_PORT_F2),a
     388   00:4045                          ; Wait 250ms to ensure a successful hard reset even if you press the button very quickly
     389   00:4045  CD 16 4A                call    WAIT_250MS_AND_THEN_CONTINUE
     390   00:4048                          READ_F2                         ; a = #00?
     390   00:4048  3A 05 7F          >     ld  a,(MEM_PORT_F2)
     391   00:404B  2F                      cpl                             ; a = #FF - a
     392   00:404C                          WRITE_F2                        ; a = #FF?
     392   00:404C  32 05 7F          >     ld  (MEM_PORT_F2),a
     393   00:404F  F5                      push    af
     394   00:4050  3E FE                   ld  a,#FE                       ; Preset #FE, unexpected error
     395   00:4052                          WRITE_F2                        ; on port #F2
     395   00:4052  32 05 7F          >     ld  (MEM_PORT_F2),a
     396   00:4055  F1                      pop af
     397   00:4056  B9                      cp  c                           ; If not a = c, port #F2 is writable and available
     398   00:4057  28 3D                   jr  z,BOOT_FROM_POWER_OFF       ; If a = c, port #F2 is not available, let's proceed as "boot from power off"
     399   00:4059                          ; Ok, Port F2 device available
     400   00:4059  FE EF                   cp  #EF                         ; UNAPI driver has been disabled
     401   00:405B  20 04                   jr  nz,NOT_DISABLED_BY_F2       ; No, let's continue checking
     402   00:405D                          WRITE_F2                        ; If yes, UNAPI driver is not loaded and exits, but need to restore F2 port to not have a false error
     402   00:405D  32 05 7F          >     ld  (MEM_PORT_F2),a
     403   00:4060  C9                      ret                             ; And our work is done
     404   00:4061                      NOT_DISABLED_BY_F2:
     405   00:4061  FE F0                   cp  #F0                         ; UNAPI driver has been loaded at least once
     406   00:4063  C2 78 40                jp  nz, F2_IS_NOT_F0            ; Ok, has not been loaded
     407   00:4066                          ; Let's intercept [F1] key
     408   00:4066  3E 06                   ld  a,6
     409   00:4068  CD 41 01                call    SNSMAT
     410   00:406B  CB 6F                   bit 5,a                         ; Test [F1]
     411   00:406D  CA 42 42                jp  z,ENTERING_ESPSETUP         ; If F1 is pressed, let's execute our setup menu
     412   00:4070                          ; F1 is not pressed, continue
     413   00:4070  CB 77                   bit 6,a                         ; Test [F2]
     414   00:4072  C2 F6 40                jp  nz,INIT_UNAPI               ; If F2 is not pressed, let's proceed to INIT_UNAPI
     415   00:4075                          ; F2 is not pressed, continue
     416   00:4075  C3 AF 41                jp  INIT_NOCLOCKUPDAT2          ; If yes, proceed without affecting the connection or the date and time
     417   00:4078                      F2_IS_NOT_F0:
     418   00:4078  FE F1                   cp  #F1                         ; User requested to go directly to Wi-Fi Setup
     419   00:407A  CA 42 42                jp  z,ENTERING_ESPSETUP         ; If yes, let's execute our setup menu
     420   00:407D  FE F2                   cp  #F2                         ; User forces to check if ESP is installed
     421   00:407F  CA D2 40                jp  z,F2_IS_PRESSED             ; If yes, let's go check it out
     422   00:4082  FE FE                   cp  #FE                         ; Unexpected error from the previous reboot
     423   00:4084  20 10                   jr  nz,BOOT_FROM_POWER_OFF      ; If no one is confirmed, let's proceed as "boot from power off"
     424   00:4086                          ; Oops! An unexpected error occurred on the last reboot
     425   00:4086  21 7E 72                ld  hl,STR_OOPS                 ; Print Oops! An unexpected error message
     426   00:4089  CD 9D 4C                call    PRINTHL                 ; and let's proceed as "boot from power off"
     427   00:408C  06 78                   ld  b,120                       ; Wait 2 seconds with message on screen
     428   00:408E                      WAIT_2S:
     429   00:408E  76                      halt
     430   00:408F  10 FD                   djnz    WAIT_2S                 ; If not zero, our time out has not elapsed
     431   00:4091  3E 0C                   ld  a,CLS
     432   00:4093  CD A2 00                call    CHPUT
     433   00:4096                      BOOT_FROM_POWER_OFF:
     434   00:4096                          ; Let's intercept [F1] key
     435   00:4096  3E 06                   ld  a,6
     436   00:4098  CD 41 01                call    SNSMAT
     437   00:409B  CB 6F                   bit 5,a                         ; Test [F1]
     438   00:409D  CA 42 42                jp  z,ENTERING_ESPSETUP         ; If F1 is pressed, let's execute our setup menu
     439   00:40A0                          ; F1 is not pressed, continue
     440   00:40A0  CD F0 62                call    CHECK_ESP_TYPE          ; Always detect ESP type and SSH support
     441   00:40A3                          if  NON_VERBOSE_ROM = 0
     442   00:40A3  CD 37 62                call    GETESPFLAGS
     443   00:40A6  E6 02                   and ESPFLAG_SSH
     444   00:40A8  21 B5 65                ld  hl,WELCOME
     445   00:40AB  28 03                   jr  z,NOT32_1
     446   00:40AD  21 FF 65                ld  hl,WELCOME32
     447   00:40B0                      NOT32_1:
     448   00:40B0  CD 9D 4C                call    PRINTHL
     449   00:40B3                          CHECK_QUICK_RECEIVE
     449   00:40B3  3A 07 7F          >     ld  a,(MEM_IN_STS_PORT)
     449   00:40B6  CB 5F             >     bit 3,a
     450   00:40B8  20 08                   jr  nz,BOOT_FROM_POWER_OFF.1    ; QR Supported
     451   00:40BA  21 69 66                ld  hl,WELCOME_SF2
     452   00:40BD  CD 9D 4C                call    PRINTHL
     453   00:40C0  18 06                   jr  BOOT_FROM_POWER_OFF.2
     454   00:40C2                      BOOT_FROM_POWER_OFF.1:
     455   00:40C2  21 4D 66                ld  hl,WELCOME_SF
     456   00:40C5  CD 9D 4C                call    PRINTHL
     457   00:40C8                      BOOT_FROM_POWER_OFF.2:
     458   00:40C8                          endif
     459   00:40C8  3E 06                   ld  a,6
     460   00:40CA  CD 41 01                call    SNSMAT
     461   00:40CD  CB 77                   bit 6,a                         ; Test [F2]
     462   00:40CF  C2 F6 40                jp  nz,INIT_UNAPI               ; If F2 is not pressed, let's proceed to INIT_UNAPI
     463   00:40D2                          ; F2 is pressed, continue
     464   00:40D2                      F2_IS_PRESSED:
     465   00:40D2  CD F8 63                call    RESET_ESP
     466   00:40D5  B7                      or  a
     467   00:40D6  20 06                   jr  nz,ESP_NOT_FOUND
     468   00:40D8  21 7D 71                ld  hl,OK_S                     ; Properly detected
     469   00:40DB  C3 E8 40                jp  INIT_F_MSG                  ; Well, if reset successful, continue
     470   00:40DE                      ESP_NOT_FOUND:
     471   00:40DE                          ; If here, ESP was not found, so, exit with an error message
     472   00:40DE  78                      ld  a,b
     473   00:40DF  B7                      or  a
     474   00:40E0  21 F9 71                ld  hl,FAIL_S                   ; If 0, non responsive
     475   00:40E3  28 03                   jr  z,INIT_F_MSG
     476   00:40E5  21 43 72                ld  hl,FAIL_F                   ; Otherwise, firmware is old
     477   00:40E8                      INIT_F_MSG:
     478   00:40E8  CD 9D 4C                call    PRINTHL
     479   00:40EB                      INIT_F_WAIT:
     480   00:40EB  06 B4                   ld  b,180                       ; 3s
     481   00:40ED                      INIT_F_LOOP_WAIT:
     482   00:40ED  76                      halt
     483   00:40EE  10 FD                   djnz    INIT_F_LOOP_WAIT
     484   00:40F0                      AND_DONE:
     485   00:40F0  3E EF                   ld  a,#EF                       ; Set #EF, ESP Not Found
     486   00:40F2                          WRITE_F2                        ; on port #F2
     486   00:40F2  32 05 7F          >     ld  (MEM_PORT_F2),a
     487   00:40F5  C9                      ret                             ; And done
     488   00:40F6                      INIT_UNAPI:
     489   00:40F6                          CLEAR_UART
     489   00:40F6  3E 14             >     ld  a,20
     489   00:40F8  32 06 7F          >     ld  (MEM_OUT_CMD_PORT),a
     490   00:40FB  3E 63                   ld  a,CMD_QUERY_ACLK_SETTINGS
     491   00:40FD                          SEND_DATA
     491   00:40FD  32 07 7F          >     ld  (MEM_OUT_TX_PORT),a
     492   00:4100  21 3C 00                ld  hl,60                       ; Wait Up To 1s
     493   00:4103  ED 5B 76 F6             ld  de,(TXTTAB)                 ; We will borrow Basic Program memory area for now...
     494   00:4107  DD 6B                   ld  ixl,e
     495   00:4109  DD 62                   ld  ixh,d                       ; Address in IX
     496   00:410B  CD 75 4B                call    WAIT_MENU_CMD_RESPONSE
     497   00:410E  CA A5 41                jp  z,INIT_NOCLOCKUPDATE        ; If error, just skip
     498   00:4111                          ; Response received, IX+0 and IX+1 has Auto Clock and GMT
     499   00:4111  3E 03                   ld  a,3
     500   00:4113  DD BE 00                cp  (ix+0)
     501   00:4116  20 0B                   jr  nz,INIT_UNAPI2              ; If not disabled continue on INIT_UNAPI2
     502   00:4118                          ; Disabled, ok, so let's ensure connection is not locked (just in case it was setup as disabled right now)
     503   00:4118                          CLEAR_UART
     503   00:4118  3E 14             >     ld  a,20
     503   00:411A  32 06 7F          >     ld  (MEM_OUT_CMD_PORT),a
     504   00:411D  3E 68                   ld  a,CMD_WIFIRELEASE_ESP
     505   00:411F                          SEND_DATA                       ; Just send, no need to wait response
     505   00:411F  32 07 7F          >     ld  (MEM_OUT_TX_PORT),a
     506   00:4122  C9                      ret
     507   00:4123                      INIT_UNAPI2:
     508   00:4123  3A 2D 00                ld  a,(#002D)                   ; Check MSX Version
     509   00:4126  B7                      or  a
     510   00:4127  28 7C                   jr  z,INIT_NOCLOCKUPDATE        ; If zero, MSX1, can't set clock
     511   00:4129  AF                      xor a
     512   00:412A  DD B6 00                or  (ix+0)
     513   00:412D  28 76                   jr  z,INIT_NOCLOCKUPDATE        ; if turned off, skip
     514   00:412F                          ; Ok, not zero, so we are going to simply request the time, it might take up to 10s
     515   00:412F  DD 23                   inc ix
     516   00:4131  DD 23                   inc ix                          ; ok, leave IX+0 and IX+1 intact
     517   00:4133                          ; b = number of response check attempts
     518   00:4133  06 05                   ld  b,5                         ; 5 * 2s = 10s
     519   00:4135                          CLEAR_UART
     519   00:4135  3E 14             >     ld  a,20
     519   00:4137  32 06 7F          >     ld  (MEM_OUT_CMD_PORT),a
     520   00:413A  3E 47                   ld  a,CMD_GET_TIME
     521   00:413C                          SEND_DATA
     521   00:413C  32 07 7F          >     ld  (MEM_OUT_TX_PORT),a
     522   00:413F                      TRY_AGAIN:
     523   00:413F  C5                      push    bc
     524   00:4140  21 78 00                ld  hl,120                      ; Wait Up To 2s per attempt
     525   00:4143  CD 75 4B                call    WAIT_MENU_CMD_RESPONSE
     526   00:4146  20 1E                   jr  nz,INIT_CLOCKUPDATE         ; if ok, follow up
     527   00:4148  21 5E 72                ld  hl,STR_WAITING              ; Print Waiting for connection message
     528   00:414B  CD 9D 4C                call    PRINTHL
     529   00:414E  3E FF                   ld  a,#ff
     530   00:4150  B8                      cp  b                           ; Was time-out the failure reason?
     531   00:4151  C1                      pop bc                          ; Restore stack ballance and retry counter
     532   00:4152  20 04                   jr  nz,STOP_TRYING              ; If error return code and not time-out, no more checks needed
     533   00:4154  3E 47                   ld  a,CMD_GET_TIME              ; Needed for retries
     534   00:4156  10 E7                   djnz    TRY_AGAIN
     535   00:4158                      STOP_TRYING:
     536   00:4158                          ; Leave a message that clock has not been updated
     537   00:4158  21 0F 71                ld  hl,STR_CLKUPDT_FAIL
     538   00:415B  CD 9D 4C                call    PRINTHL
     539   00:415E  3E F0                   ld  a,240                       ; Wait 4 seconds with message on screen
     540   00:4160                      WAIT_4S:
     541   00:4160  76                      halt
     542   00:4161  3D                      dec a
     543   00:4162                          ; If not zero, our time out has not elapsed
     544   00:4162  20 FC                   jr  nz,WAIT_4S
     545   00:4164  18 3F                   jr  INIT_NOCLOCKUPDATE          ; error, just skip to not set garbage in clock
     546   00:4166                      INIT_CLOCKUPDATE:
     547   00:4166  C1                      pop bc
     548   00:4167  DD 2B                   dec ix
     549   00:4169  DD 2B                   dec ix                          ; ix back where it should
     550   00:416B                          ; ix + 0 -> 0 If no need to set clock, 1 if set clock, 2 if set clock and request to turn Wi-Fi Off
     551   00:416B                          ; ix + 1 -> GMT setting, well, not going to use it
     552   00:416B                          ; ix + 2 -> Seconds
     553   00:416B                          ; ix + 3 -> Minutes
     554   00:416B                          ; ix + 4 -> Hours
     555   00:416B                          ; ix + 5 -> Day
     556   00:416B                          ; ix + 6 -> Month
     557   00:416B                          ; ix + 7 -> Year LSB
     558   00:416B                          ; ix + 8 -> Year MSB
     559   00:416B  DD 66 04                ld  h,(ix+4)
     560   00:416E  DD 6E 03                ld  l,(ix+3)
     561   00:4171  DD 56 02                ld  d,(ix+2)
     562   00:4174  CD 3B 64                call    SET_TIME
     563   00:4177  20 2C                   jr  nz,INIT_NOCLOCKUPDATE       ; if error, just skip
     564   00:4179  DD 66 08                ld  h,(ix+8)
     565   00:417C  DD 6E 07                ld  l,(ix+7)
     566   00:417F  DD 56 06                ld  d,(ix+6)
     567   00:4182  DD 5E 05                ld  e,(ix+5)
     568   00:4185  CD 68 64                call    SET_DATE
     569   00:4188  3E 02                   ld  a,2
     570   00:418A  DD BE 00                cp  (ix+0)
     571   00:418D  20 16                   jr  nz,INIT_NOCLOCKUPDATE
     572   00:418F                          ; First, release any hold to Wi-Fi Connection
     573   00:418F                          CLEAR_UART
     573   00:418F  3E 14             >     ld  a,20
     573   00:4191  32 06 7F          >     ld  (MEM_OUT_CMD_PORT),a
     574   00:4194  3E 68                   ld  a,CMD_WIFIRELEASE_ESP
     575   00:4196                          SEND_DATA                       ; Just send, no need to wait response
     575   00:4196  32 07 7F          >     ld  (MEM_OUT_TX_PORT),a
     576   00:4199                          ; And, turn off Wi-Fi Immediatelly
     577   00:4199                          CLEAR_UART
     577   00:4199  3E 14             >     ld  a,20
     577   00:419B  32 06 7F          >     ld  (MEM_OUT_CMD_PORT),a
     578   00:419E  3E 4F                   ld  a,CMD_WIFI_OFF
     579   00:41A0                          SEND_DATA                       ; Just send, no need to wait response
     579   00:41A0  32 07 7F          >     ld  (MEM_OUT_TX_PORT),a
     580   00:41A3  18 0A                   jr  INIT_NOCLOCKUPDAT2
     581   00:41A5                      INIT_NOCLOCKUPDATE:
     582   00:41A5                          ; Release any hold to Wi-Fi Connection
     583   00:41A5                          CLEAR_UART
     583   00:41A5  3E 14             >     ld  a,20
     583   00:41A7  32 06 7F          >     ld  (MEM_OUT_CMD_PORT),a
     584   00:41AA  3E 68                   ld  a,CMD_WIFIRELEASE_ESP
     585   00:41AC                          SEND_DATA                       ; Just send, no need to wait response
     585   00:41AC  32 07 7F          >     ld  (MEM_OUT_TX_PORT),a
     586   00:41AF                      INIT_NOCLOCKUPDAT2:
     587   00:41AF                          ; Save existing EXTBIO hook if it exists
     588   00:41AF  3A 20 FB                ld  a,(HOKVLD)
     589   00:41B2  CB 47                   bit 0,a
     590   00:41B4  20 0B                   jr  nz,SAVE_HOOK2               ; HOKVLD tells us if there is an extended BIOS already or not, if yes, save it
     591   00:41B6                          ; If here, no extended BIOS
     592   00:41B6  CD 96 60                call    GETSLT
     593   00:41B9  CD EF 60                call    GETWRK                  ; Our ROM work area address is at HL (we can use up to 8 bytes)
     594   00:41BC  3E C9                   ld  a,#c9                       ; RET, as we are the first extended BIOS
     595   00:41BE  77                      ld  (hl),a
     596   00:41BF  18 13                   jr  PATCH                       ; And now all we need to do is patch the EXTBIO hook :)
     597   00:41C1                      
     598   00:41C1                      SAVE_HOOK2:
     599   00:41C1                          ; If here, we are not the first to extend bios, so we need to save the previous one
     600   00:41C1  CD 96 60                call    GETSLT
     601   00:41C4  CD EF 60                call    GETWRK                  ; Our ROM work area address is at HL (we can use up to 8 bytes)
     602   00:41C7  EB                      ex  de,hl                       ; It is the destination for....
     603   00:41C8  21 CA FF                ld  hl,EXTBIO                   ; The actual EXTBIO hook
     604   00:41CB  01 05 00                ld  bc,5                        ; That is 5 bytes large
     605   00:41CE  ED B0                   ldir                            ; And move to our work area
     606   00:41D0  AF                      xor a
     607   00:41D1  12                      ld  (de),a                      ; Not initialized (de is at the sixth byte) of our slot work area
     608   00:41D2  13                      inc de
     609   00:41D3  12                      ld  (de),a                      ; Not initialized (de is at the seventh byte) of our slot work area
     610   00:41D4                      
     611   00:41D4                          ; Patch EXTBIO
     612   00:41D4                      PATCH:
     613   00:41D4  3E F7                   ld  a,#F7                       ; RST #30
     614   00:41D6  32 CA FF                ld  (EXTBIO),a                  ; In EXTBIO hook
     615   00:41D9  CD 96 60                call    GETSLT                  ; Our Slot in A
     616   00:41DC  32 CB FF                ld  (EXTBIO+1),a                ; Next EXTBIO hook byte
     617   00:41DF  21 F2 4C                ld  hl,DO_EXTBIO                ; Our EXTBIO routine address
     618   00:41E2  22 CC FF                ld  (EXTBIO+2),hl               ; Goes to the following two bytes in the hook
     619   00:41E5                      
     620   00:41E5  21 CF FF                ld  hl,EXTBIO+5                 ; Must patch DISINT and ENAINT as well
     621   00:41E8  06 0A                   ld  b,5*2
     622   00:41EA                      PATCH2:
     623   00:41EA  36 C9                   ld  (hl),#C9
     624   00:41EC  23                      inc hl
     625   00:41ED  10 FB                   djnz    PATCH2                  ; So patch all 10 bytes with return
     626   00:41EF                      
     627   00:41EF  21 20 FB                ld  hl,HOKVLD
     628   00:41F2  CB C6                   set 0,(hl)                      ; And set HOKVLD properly to indicate an EXTBIOS is installed
     629   00:41F4                      INIT_OK:
     630   00:41F4                          if  NON_VERBOSE_ROM = 0
     631   00:41F4  CD 98 63                call    PRINT_INSTALLED_MSG     ; All done and set, nice exit message
     632   00:41F7                          endif
     633   00:41F7  3E F0                   ld  a,#F0                       ; Set #F0, UNAPI driver has been loaded at least once
     634   00:41F9                          WRITE_F2
     634   00:41F9  32 05 7F          >     ld  (MEM_PORT_F2),a
     635   00:41FC  C9                      ret
     636   00:41FD                      
     637   00:41FD                      ;==============================
     638   00:41FD                      ;===  TPA Memory Allocation  ==
     639   00:41FD                      ;==============================
     640   00:41FD                      HIMEM_ALLOC:
     641   00:41FD                          ; Now let's reserve memory in the 4th page for our usage
     642   00:41FD  2A 4A FC                ld hl,(HIMEM)                   ; Get HIMEM
     643   00:4200  B7                      or  a                           ; Clear Carry
     644   00:4201  11 1E 00                ld  de,HIMEM_RESERVED_SIZE      ; Reserve How much memory we need
     645   00:4204  ED 52                   sbc hl,de                       ; New HIMEM
     646   00:4206  22 4A FC                ld  (HIMEM),hl                  ; Save it
     647   00:4209  23                      inc hl                          ; To be safe
     648   00:420A  EB                      ex  de,hl                       ; now in DE
     649   00:420B  CD 96 60                call    GETSLT
     650   00:420E  CD 03 61                call    GETMEMPOINTERADDR       ; This is where we are going to store our memory area address
     651   00:4211                          ; GETSLT and GETMEMPOINTER do not change DE, so it still has the our memory area address
     652   00:4211  73                      ld  (hl),e
     653   00:4212  23                      inc hl
     654   00:4213  72                      ld  (hl),d                      ; And save our memory area there
     655   00:4214                          ; Ok, DE has our memory area, let's save old H_TIMI hook there
     656   00:4214  21 9F FD                ld  hl,H_TIMI                   ; The actual H_TIMI hook
     657   00:4217  01 05 00                ld  bc,5                        ; That is 5 bytes large
     658   00:421A  ED B0                   ldir                            ; And move to our memory area
     659   00:421C  F3                      di                              ; Turn of interrupts as we are going to patch H_TIMI
     660   00:421D                      PATCH_H_TIMI:
     661   00:421D  3E F7                   ld  a,#F7                       ; RST #30
     662   00:421F  32 9F FD                ld  (H_TIMI),a                  ; In H_TIMI hook
     663   00:4222  CD 96 60                call    GETSLT                  ; Our Slot in A
     664   00:4225  32 A0 FD                ld  (H_TIMI+1),a                ; Next H_TIMI hook byte
     665   00:4228  21 DE 4C                ld  hl,DO_HTIMI                 ; Our H_TIMI routine address
     666   00:422B  22 A1 FD                ld  (H_TIMI+2),hl               ; Goes to the following two bytes in the hook
     667   00:422E  FB                      ei                              ; done, so re-enable interrupts
     668   00:422F                      
     669   00:422F                          ; Set DNS_READY to zero
     670   00:422F  AF                      xor a
     671   00:4230  CD 5B 62                call    SETDNSREADY
     672   00:4233                          ; Set TIME-OUT counter to zero
     673   00:4233  21 00 00                ld  hl,0
     674   00:4236  CD 36 61                call    SETCOUNTER
     675   00:4239  C9                      ret
     676   00:423A                      
     677   00:423A                      ;============================
     678   00:423A                      ;===  SETUP Menu Routines  ==
     679   00:423A                      ;===       Main Menu       ==
     680   00:423A                      ;============================
     681   00:423A                      ESPSETUP.EXIT:
     682   00:423A  3E 0C                   ld  a,CLS
     683   00:423C  CD A2 00                call    CHPUT
     684   00:423F  C3 F6 40                jp  INIT_UNAPI                  ; When done, resume initialization
     685   00:4242                      ENTERING_ESPSETUP:
     686   00:4242  21 99 65                ld  hl,ENTERING_WIFI_SETUP
     687   00:4245  CD 9D 4C                call    PRINTHL
     688   00:4248  CD 02 65                call    PATTERN_SETUP
     689   00:424B  CD 16 4A                call    WAIT_250MS_AND_THEN_CONTINUE
     690   00:424E                          ; Hold Wi-Fi Connection On
     691   00:424E                          CLEAR_UART
     691   00:424E  3E 14             >     ld  a,20
     691   00:4250  32 06 7F          >     ld  (MEM_OUT_CMD_PORT),a
     692   00:4253  3E 48                   ld  a,CMD_WIFIHOLD_ESP
     693   00:4255                          SEND_DATA
     693   00:4255  32 07 7F          >     ld  (MEM_OUT_TX_PORT),a
     694   00:4258  21 3C 00                ld  hl,60                       ; Up to 1s time-out
     695   00:425B  CD 75 4B                call    WAIT_MENU_CMD_RESPONSE  ; Wait response
     696   00:425E                          ; We do not want to error here, just in case user still need to upgrade ESP firmware
     697   00:425E                      ESPSETUP:
     698   00:425E  CD F8 63                call    RESET_ESP
     699   00:4261  B7                      or  a
     700   00:4262  C2 DE 40                jp  nz,ESP_NOT_FOUND            ; Not well, ESP was not found
     701   00:4265                          ; Well, if reset successful, continue
     702   00:4265  CD F0 62                call    CHECK_ESP_TYPE          ; Detect ESP type and SSH support
     703   00:4268  CD 37 62                call    GETESPFLAGS
     704   00:426B  E6 02                   and ESPFLAG_SSH
     705   00:426D  21 B5 65                ld  hl,WELCOME
     706   00:4270  28 03                   jr  z,NOT32_2
     707   00:4272  21 FF 65                ld  hl,WELCOME32
     708   00:4275                      NOT32_2:
     709   00:4275  CD 9D 4C                call    PRINTHL
     710   00:4278                          CHECK_QUICK_RECEIVE
     710   00:4278  3A 07 7F          >     ld  a,(MEM_IN_STS_PORT)
     710   00:427B  CB 5F             >     bit 3,a
     711   00:427D  20 08                   jr  nz,ESPSETUP.2NF             ; If yes, tells Quick Receive support
     712   00:427F  21 69 66                ld  hl,WELCOME_SF2
     713   00:4282  CD 9D 4C                call    PRINTHL                 ; Print Welcome message no QR
     714   00:4285  18 06                   jr  ESPSETUP.3NF
     715   00:4287                      ESPSETUP.2NF:
     716   00:4287  21 4D 66                ld  hl,WELCOME_SF
     717   00:428A  CD 9D 4C                call    PRINTHL                 ; Print Welcome message QR
     718   00:428D                      ESPSETUP.3NF:
     719   00:428D  21 89 66                ld  hl,WELCOME_CS
     720   00:4290  CD 9D 4C                call    PRINTHL                 ; Print Wi-Fi is reconnecting to:
     721   00:4293                      ESPSETUP_NEXT:
     722   00:4293  CD 56 01                call    KILBUF                  ; Clear Keyboard Buffer
     723   00:4296  21 B3 66                ld  hl,WELCOME_NEXT
     724   00:4299  CD 9D 4C                call    PRINTHL
     725   00:429C  21 BD 66                ld  hl,WELCOME_SF_NEXT
     726   00:429F  CD 9D 4C                call    PRINTHL                 ; Print Empty Welcome message
     727   00:42A2  CD 38 43                call    GET_AP_STAT
     728   00:42A5  CA DD 42                jp  z,ESPSETUP_NEXT.1G          ; Won't block in case of error
     729   00:42A8                          ; Success, so connection state is in IX+0, then, zero terminated string with SSID starting at IX+1
     730   00:42A8  DD 7E 00                ld  a,(ix+0)
     731   00:42AB  21 C0 66                ld  hl,WELCOME_CS0_NEXT
     732   00:42AE  FE 00                   cp  0
     733   00:42B0  28 1F                   jr  z,ESPSETUP_NEXT.2F
     734   00:42B2  21 EA 66                ld  hl,WELCOME_CS1_NEXT
     735   00:42B5  FE 01                   cp  1
     736   00:42B7  28 18                   jr  z,ESPSETUP_NEXT.2F
     737   00:42B9  21 F3 66                ld  hl,WELCOME_CS2_NEXT
     738   00:42BC  FE 02                   cp  2
     739   00:42BE  28 11                   jr  z,ESPSETUP_NEXT.2F
     740   00:42C0  21 1D 67                ld  hl,WELCOME_CS3_NEXT
     741   00:42C3  FE 03                   cp  3
     742   00:42C5  28 0A                   jr  z,ESPSETUP_NEXT.2F
     743   00:42C7  21 47 67                ld  hl,WELCOME_CS4_NEXT
     744   00:42CA  FE 04                   cp  4
     745   00:42CC  28 03                   jr  z,ESPSETUP_NEXT.2F
     746   00:42CE  21 71 67                ld  hl,WELCOME_CS5_NEXT
     747   00:42D1                      ESPSETUP_NEXT.2F:
     748   00:42D1  FD 67                   ld  iyh,a                       ; Save current conn status in iyh
     749   00:42D3  CD 9D 4C                call    PRINTHL                 ; Print Status
     750   00:42D6  DD E5                   push    ix
     751   00:42D8  E1                      pop hl
     752   00:42D9  23                      inc hl                          ; HL has AP Name
     753   00:42DA  CD A7 4C                call    PRINTHLINE              ; Print AP Name
     754   00:42DD                      ESPSETUP_NEXT.1G:
     755   00:42DD  21 9B 67                ld  hl,MMENU_S_NEXT
     756   00:42E0  CD 9D 4C                call    PRINTHL                 ; Print Main Menu
     757   00:42E3                      MM_CURSOR_BLINK:
     758   00:42E3  CD 24 43                call    MM_CURSOR_SW            ; Cursor On
     759   00:42E6                      CONN_CHG_LOOP:
     760   00:42E6  CD 9C 00                call    CHSNS
     761   00:42E9  20 13                   jr  nz,MM_WAIT_INPUT            ; If not zero, there is a key in buffer
     762   00:42EB                          ; Ok, there is not, we can check if connection status changed
     763   00:42EB  CD 38 43                call    GET_AP_STAT
     764   00:42EE  CA E6 42                jp  z,CONN_CHG_LOOP             ; Won't block in case of error
     765   00:42F1                          ; Success, so connection state is in IX+0
     766   00:42F1  DD 7E 00                ld  a,(ix+0)
     767   00:42F4  FD BC                   cp  iyh                         ; If same, zero
     768   00:42F6  28 EE                   jr  z,CONN_CHG_LOOP             ; Keep loop
     769   00:42F8  CD 24 43                call    MM_CURSOR_SW            ; Cursor Off
     770   00:42FB  C3 93 42                jp  ESPSETUP_NEXT               ; Changed, re-build menu
     771   00:42FE                      MM_WAIT_INPUT:
     772   00:42FE  CD 9F 00                call    CHGET
     773   00:4301  FE 1B                   cp  #1b                         ; ESC?
     774   00:4303  CA 3A 42                jp  z,ESPSETUP.EXIT             ; When done, resume initialization
     775   00:4306  FE 31                   cp  '1'                         ; Setup Nagle?
     776   00:4308  CA FB 48                jp  z,SET_NAGLE
     777   00:430B  FE 32                   cp  '2'                         ; Setup Wi-Fi On Period?
     778   00:430D  CA 35 48                jp  z,SET_WIFI_TIMEOUT
     779   00:4310  FE 33                   cp  '3'                         ; Scan networks?
     780   00:4312  CA 85 45                jp  z,START_WIFI_SCAN
     781   00:4315  FE 34                   cp  '4'                         ; Automatic Setting of Clock?
     782   00:4317  CA A1 43                jp  z,START_CLK_AUTO
     783   00:431A  CD C0 00                call    BEEP                    ; Wrong Input, beep
     784   00:431D  CD 24 43                call    MM_CURSOR_SW            ; Cursor Off
     785   00:4320  76                      halt
     786   00:4321  C3 E3 42                jp  MM_CURSOR_BLINK             ; And return, waiting another key
     787   00:4324                      MM_CURSOR_SW:                       ; Cursor workaround for CONN_CHG_LOOP
     788   00:4324  3E 1D                   ld  a,GOLEFT
     789   00:4326  CD A2 00                call    CHPUT
     790   00:4329  3E 01                   ld  a,1
     791   00:432B  32 A9 FC                ld  (CSRSW),a
     792   00:432E  3E 20                   ld  a,' '
     793   00:4330  CD A2 00                call    CHPUT                   ; Switch the cursor display mode
     794   00:4333  AF                      xor a
     795   00:4334  32 A9 FC                ld  (CSRSW),a
     796   00:4337  C9                      ret
     797   00:4338                      GET_AP_STAT:                        ; Use 'call GET_AP_STAT'
     798   00:4338                          CLEAR_UART
     798   00:4338  3E 14             >     ld  a,20
     798   00:433A  32 06 7F          >     ld  (MEM_OUT_CMD_PORT),a
     799   00:433D  3E 67                   ld  a,CMD_AP_STS
     800   00:433F                          SEND_DATA                       ; Get AP conn status and name
     800   00:433F  32 07 7F          >     ld  (MEM_OUT_TX_PORT),a
     801   00:4342  21 3C 00                ld  hl,60                       ; Wait Up To 1s
     802   00:4345  ED 5B 76 F6             ld  de,(TXTTAB)                 ; We will borrow Basic Program memory area for now...
     803   00:4349  DD 6B                   ld  ixl,e
     804   00:434B  DD 62                   ld  ixh,d                       ; Address in IX
     805   00:434D  C3 75 4B                jp  WAIT_MENU_CMD_RESPONSE
     806   00:4350                      
     807   00:4350                      ;============================
     808   00:4350                      ;===  SETUP Menu Routines  ==
     809   00:4350                      ;===  Wi-Fi and Clock Menu ==
     810   00:4350                      ;============================
     811   00:4350                      CLK_MSX1_GO:
     812   00:4350  21 8A 69                ld  hl,MMENU_CLOCK_MSX1
     813   00:4353  CD 9D 4C                call    PRINTHL                 ; Print Main Clock MSX1 message
     814   00:4356  CD 1D 4A                call    ISCLKAUTO
     815   00:4359  DD 7E 00                ld  a,(ix+0)                    ; Auto Clock Current setting
     816   00:435C  FE 03                   cp  3                           ; If 3 adapter disabled
     817   00:435E  28 08                   jr  z,CLK_MSX1_ADAPTERDIS
     818   00:4360  21 1E 6A                ld  hl,MMENU_CLOCK_0
     819   00:4363  CD 9D 4C                call    PRINTHL
     820   00:4366  18 06                   jr  CLK_MSX1_OPT
     821   00:4368                      CLK_MSX1_ADAPTERDIS:
     822   00:4368  21 64 6A                ld  hl,MMENU_CLOCK_3
     823   00:436B  CD 9D 4C                call    PRINTHL
     824   00:436E                      CLK_MSX1_OPT:
     825   00:436E  21 77 6A                ld  hl,MMENU_CLOCK_OPT
     826   00:4371  CD 9D 4C                call    PRINTHL
     827   00:4374                      CLK_MSX1_WAIT_OPT_INPUT:
     828   00:4374  CD 9F 00                call    CHGET
     829   00:4377  FE 1B                   cp  #1b                         ; ESC?
     830   00:4379  CA 5E 42                jp  z,ESPSETUP                  ; Back to main menu
     831   00:437C  FE 30                   cp  '0'
     832   00:437E  CA 8C 43                jp  z,CLK_MSX1_SEND_CMD
     833   00:4381  FE 33                   cp  '3'
     834   00:4383  CA 48 44                jp  z,CLK_AUTO_WAIT_GMT
     835   00:4386  CD C0 00                call    BEEP                    ; Wrong Input, beep
     836   00:4389  C3 74 43                jp  CLK_MSX1_WAIT_OPT_INPUT     ; And return, waiting another key
     837   00:438C                      CLK_MSX1_SEND_CMD:
     838   00:438C  CD A2 00                call    CHPUT                   ; Print option
     839   00:438F  D6 30                   sub '0'                         ; Adjust format
     840   00:4391  DD 77 00                ld  (ix+0),a                    ; Save it
     841   00:4394  3E 0D                   ld  a,#0d
     842   00:4396  CD A2 00                call    CHPUT
     843   00:4399  3E 0A                   ld  a,#0a
     844   00:439B  CD A2 00                call    CHPUT
     845   00:439E  C3 3F 45                jp  CLK_AUTO_GMT_CHK_DONE       ; And sending the command will be done there
     846   00:43A1                      
     847   00:43A1                      START_CLK_AUTO:
     848   00:43A1  3E 34                   ld  a,'4'
     849   00:43A3  CD A2 00                call    CHPUT
     850   00:43A6  CD 16 4A                call    WAIT_250MS_AND_THEN_CONTINUE
     851   00:43A9  3A 2D 00                ld  a,(#002D)                   ; Check MSX Version
     852   00:43AC  B7                      or  a
     853   00:43AD  CA 50 43                jp  z,CLK_MSX1_GO               ; If zero, MSX1, so can just enable or disable adapter
     854   00:43B0                      CLK_AUTO_GO:
     855   00:43B0  21 2A 68                ld  hl,MMENU_CLOCK_MSX2
     856   00:43B3  CD 9D 4C                call    PRINTHL                 ; Print Main Clock MSX2 message
     857   00:43B6  CD 1D 4A                call    ISCLKAUTO
     858   00:43B9  DD 7E 00                ld  a,(ix+0)                    ; Auto Clock Current setting
     859   00:43BC  B7                      or  a                           ; If zero, off
     860   00:43BD  20 08                   jr  nz,CLK_AUTO_CHK1
     861   00:43BF  21 1E 6A                ld  hl,MMENU_CLOCK_0
     862   00:43C2  CD 9D 4C                call    PRINTHL
     863   00:43C5  18 59                   jr  CLK_AUTO_GMT_OPT
     864   00:43C7                      CLK_AUTO_CHK1:
     865   00:43C7  3D                      dec a                           ; If 1, on and keep wifi on
     866   00:43C8  20 08                   jr  nz,CLK_AUTO_CHK2
     867   00:43CA  21 30 6A                ld  hl,MMENU_CLOCK_1
     868   00:43CD  CD 9D 4C                call    PRINTHL
     869   00:43D0  18 13                   jr  CLK_AUTO_GMT
     870   00:43D2                      CLK_AUTO_CHK2:
     871   00:43D2  3D                      dec a                           ; If 2, on and turn wifi off
     872   00:43D3  20 08                   jr  nz,CLK_AUTO_3
     873   00:43D5  21 4A 6A                ld  hl,MMENU_CLOCK_2
     874   00:43D8  CD 9D 4C                call    PRINTHL
     875   00:43DB  18 08                   jr  CLK_AUTO_GMT
     876   00:43DD                      CLK_AUTO_3:
     877   00:43DD  21 64 6A                ld  hl,MMENU_CLOCK_3
     878   00:43E0  CD 9D 4C                call    PRINTHL
     879   00:43E3  18 3B                   jr  CLK_AUTO_GMT_OPT
     880   00:43E5                      CLK_AUTO_GMT:
     881   00:43E5  DD 66 01                ld  h,(ix+1)                    ; Save it for now
     882   00:43E8  DD 7E 01                ld  a,(ix+1)                    ; GMT current setting
     883   00:43EB  CB 7F                   bit 7,a                         ; If set, is -
     884   00:43ED  28 0B                   jr  z,CLK_AUTO_GMTP
     885   00:43EF  3E 2D                   ld  a,'-'
     886   00:43F1  CD A2 00                call    CHPUT
     887   00:43F4  DD CB 01 BE             res 7,(ix+1)                    ; Clear - indicator
     888   00:43F8  18 05                   jr  CLK_AUTO_GMTM
     889   00:43FA                      CLK_AUTO_GMTP:
     890   00:43FA  3E 2B                   ld  a,'+'
     891   00:43FC  CD A2 00                call    CHPUT
     892   00:43FF                      CLK_AUTO_GMTM:
     893   00:43FF  3E 09                   ld  a,9
     894   00:4401  DD BE 01                cp  (ix+1)                      ; Greater than 9?
     895   00:4404  30 0F                   jr  nc,CLK_AUTO_GMTD            ; If not, just print what is in A + '0'
     896   00:4406  3E 31                   ld  a,'1'                       ; It is 1
     897   00:4408  CD A2 00                call    CHPUT
     898   00:440B  DD 7E 01                ld  a,(ix+1)
     899   00:440E  C6 26                   add '0'-10                      ; Need to subtract 10 and add '0' to print
     900   00:4410  CD A2 00                call    CHPUT
     901   00:4413  18 0B                   jr  CLK_AUTO_GMT_OPT
     902   00:4415                      CLK_AUTO_GMTD:
     903   00:4415  3E 30                   ld  a,'0'
     904   00:4417  DD 86 01                add a,(ix+1)                    ; Our value
     905   00:441A  CD A2 00                call    CHPUT
     906   00:441D  DD 74 01                ld  (ix+1),h                    ; Restore original value
     907   00:4420                      CLK_AUTO_GMT_OPT:
     908   00:4420  21 77 6A                ld  hl,MMENU_CLOCK_OPT
     909   00:4423  CD 9D 4C                call    PRINTHL
     910   00:4426                      CLK_AUTO_WAIT_OPT_INPUT:
     911   00:4426  CD 9F 00                call    CHGET
     912   00:4429  FE 1B                   cp  #1b                         ; ESC?
     913   00:442B  CA 5E 42                jp  z,ESPSETUP                  ; Back to main menu
     914   00:442E  FE 30                   cp  '0'
     915   00:4430  CA 48 44                jp  z,CLK_AUTO_WAIT_GMT
     916   00:4433  FE 31                   cp  '1'
     917   00:4435  CA 48 44                jp  z,CLK_AUTO_WAIT_GMT
     918   00:4438  FE 32                   cp  '2'
     919   00:443A  CA 48 44                jp  z,CLK_AUTO_WAIT_GMT
     920   00:443D  FE 33                   cp  '3'
     921   00:443F  CA 48 44                jp  z,CLK_AUTO_WAIT_GMT
     922   00:4442  CD C0 00                call    BEEP                    ; Wrong Input, beep
     923   00:4445  C3 26 44                jp  CLK_AUTO_WAIT_OPT_INPUT     ; And return, waiting another key
     924   00:4448                      CLK_AUTO_WAIT_GMT:
     925   00:4448  CD A2 00                call    CHPUT                   ; Print option
     926   00:444B  D6 30                   sub '0'                         ; Adjust format
     927   00:444D  DD 77 00                ld  (ix+0),a                    ; Save it
     928   00:4450  B7                      or  a
     929   00:4451  CA 3F 45                jp  z,CLK_AUTO_GMT_CHK_DONE     ; And send the command if just disabling clock auto set
     930   00:4454  FE 03                   cp  3
     931   00:4456  CA 3F 45                jp  z,CLK_AUTO_GMT_CHK_DONE     ; Or send the command if just disabling the adapter
     932   00:4459  21 A1 6A                ld  hl,MMENU_GMT_OPT
     933   00:445C  CD 9D 4C                call    PRINTHL
     934   00:445F  16 00                   ld  d,0                         ; # of digits entered
     935   00:4461  1E 00                   ld  e,0                         ; # of characters printed
     936   00:4463  DD 36 01 00             ld  (ix+1),0                    ; GMT 0
     937   00:4467                      CLK_AUTO_WAIT_GMT_INPUT:
     938   00:4467  CD 9F 00                call    CHGET
     939   00:446A  FE 1B                   cp  #1b                         ; ESC?
     940   00:446C  CA 5E 42                jp  z,ESPSETUP                  ; Back to main menu
     941   00:446F  FE 0D                   cp  #0d                         ; ENTER?
     942   00:4471  CA BA 44                jp  z,CLK_AUTO_GMT_CHK_INPUT    ; Check if ok to send command
     943   00:4474  FE 08                   cp  #08                         ; Backspace?
     944   00:4476  CA 8B 44                jp  z,CLK_AUTO_GMT_CHK_BS       ; Check if there is something to erase
     945   00:4479  FE 2D                   cp  '-'                         ; Negative value?
     946   00:447B  CA BA 44                jp  z,CLK_AUTO_GMT_CHK_INPUT
     947   00:447E  FE 30                   cp  '0'                         ; >=0?
     948   00:4480  DA AC 44                jp  c,CLK_AUTO_GMT_BAD_INPUT    ; If not, bad input
     949   00:4483  FE 3A                   cp  '9'+1                       ; <= 9
     950   00:4485  D2 AC 44                jp  nc,CLK_AUTO_GMT_BAD_INPUT   ; If not, bad input
     951   00:4488  C3 BA 44                jp  CLK_AUTO_GMT_CHK_INPUT      ; Otherwise, validate digit
     952   00:448B                      CLK_AUTO_GMT_CHK_BS:
     953   00:448B  AF                      xor a
     954   00:448C  BB                      cp  e                           ; Anything on screen?
     955   00:448D  28 1D                   jr  z,CLK_AUTO_GMT_BAD_INPUT    ; Nothing to erase
     956   00:448F  1D                      dec e                           ; One less character on the screen
     957   00:4490  BA                      cp  d                           ; Any digit?
     958   00:4491  28 03                   jr  z,CLK_AUTO_GMT_CHK_BS_MIN   ; If not, just erase - sign
     959   00:4493                          ; There is, so it is one less digit
     960   00:4493  15                      dec d
     961   00:4494  18 04                   jr  CLK_AUTO_GMT_CHK_DIGIT
     962   00:4496                      CLK_AUTO_GMT_CHK_BS_MIN:
     963   00:4496  DD 36 01 00             ld  (ix+1),0                    ; Reset sign
     964   00:449A                      CLK_AUTO_GMT_CHK_DIGIT:
     965   00:449A  3E 08                   ld  a,8                         ; Backspace
     966   00:449C  CD A2 00                call    CHPUT                   ; Print it
     967   00:449F  3E 20                   ld  a,' '                       ; Space
     968   00:44A1  CD A2 00                call    CHPUT                   ; Print it
     969   00:44A4  3E 08                   ld  a,8                         ; Backspace
     970   00:44A6  CD A2 00                call    CHPUT                   ; Print it
     971   00:44A9  C3 67 44                jp  CLK_AUTO_WAIT_GMT_INPUT     ; Return
     972   00:44AC                      CLK_AUTO_GMT_BAD_INPUT:
     973   00:44AC                          ; Beep might use sub rom, and if so, all registers will be messed up, better save
     974   00:44AC  C5                      push    bc
     975   00:44AD  D5                      push    de
     976   00:44AE  F5                      push    af
     977   00:44AF  E5                      push    hl
     978   00:44B0  CD C0 00                call    BEEP                    ; Wrong Input, beep
     979   00:44B3  E1                      pop hl
     980   00:44B4  F1                      pop af
     981   00:44B5  D1                      pop de
     982   00:44B6  C1                      pop bc
     983   00:44B7  C3 67 44                jp  CLK_AUTO_WAIT_GMT_INPUT     ; And return, waiting another key
     984   00:44BA                      CLK_AUTO_GMT_CHK_INPUT:
     985   00:44BA  4F                      ld  c,a                         ; Save in C for printing if needed
     986   00:44BB  FE 2D                   cp  '-'                         ; - sign?
     987   00:44BD  20 11                   jr  nz,CLK_AUTO_GMT_CHK_CR      ; If not, check if enter
     988   00:44BF                          ; - sign
     989   00:44BF  3E 00                   ld  a,0
     990   00:44C1  BB                      cp  e                           ; If not the first character, can't accept
     991   00:44C2  20 E8                   jr  nz,CLK_AUTO_GMT_BAD_INPUT
     992   00:44C4                          ; It is the first, so let's print it
     993   00:44C4  79                      ld  a,c
     994   00:44C5  CD A2 00                call    CHPUT
     995   00:44C8  DD 36 01 80             ld  (ix+1),0x80                 ; Set the - sign bit, for now rest is zero
     996   00:44CC  1C                      inc e                           ; Increase # of characters printed
     997   00:44CD  C3 67 44                jp  CLK_AUTO_WAIT_GMT_INPUT     ; Continue waiting input
     998   00:44D0                      CLK_AUTO_GMT_CHK_CR:
     999   00:44D0  FE 0D                   cp  #0d                         ; ENTER?
    1000   00:44D2  20 0F                   jr  nz,CLK_AUTO_GMT_CHK_CD      ; If not, check if digit is valid
    1001   00:44D4                          ; Enter
    1002   00:44D4  3E 00                   ld  a,0
    1003   00:44D6  BA                      cp  d                           ; Ok, at least one digit entered?
    1004   00:44D7  28 D3                   jr  z,CLK_AUTO_GMT_BAD_INPUT    ; No, so, enter is no good now
    1005   00:44D9                          ; It is, if it had a digit entered and did not send, it was 1, so...
    1006   00:44D9  3E 01                   ld  a,1
    1007   00:44DB  DD B6 01                or  a,(ix+1)                    ; Adjust sign, if needed
    1008   00:44DE  DD 77 01                ld  (ix+1),a                    ; Save
    1009   00:44E1  18 5C                   jr  CLK_AUTO_GMT_CHK_DONE       ; Ok, ready to send
    1010   00:44E3                      CLK_AUTO_GMT_CHK_CD:
    1011   00:44E3                          ; Ok, it is a digit
    1012   00:44E3  06 30                   ld  b,'0'
    1013   00:44E5  90                      sub a,b                         ; A has digit value
    1014   00:44E6  47                      ld  b,a                         ; Save in B
    1015   00:44E7  3E 00                   ld  a,0
    1016   00:44E9  BA                      cp  d
    1017   00:44EA  20 1E                   jr  nz,CLK_AUTO_GMT_CHK_CSD     ; If not zero, it is second digit, so almost done
    1018   00:44EC                          ; 1st digit, let's check if it is other than 1, if it is, we are almost done
    1019   00:44EC  3E 01                   ld  a,1
    1020   00:44EE  B8                      cp  b
    1021   00:44EF  28 10                   jr  z,CLK_AUTO_GMT_CHK_CD.1     ; If it is 1, wait next digit or enter
    1022   00:44F1                          ; Not 1, so just adjust ix+1 and go
    1023   00:44F1  79                      ld  a,c
    1024   00:44F2  CD A2 00                call    CHPUT                   ; Print it
    1025   00:44F5  78                      ld  a,b
    1026   00:44F6  B7                      or  a
    1027   00:44F7  28 03                   jr  z,CLK_AUTO_SKIP_SIGN
    1028   00:44F9  DD B6 01                or  a,(ix+1)                    ; Adjust sign, if needed
    1029   00:44FC                      CLK_AUTO_SKIP_SIGN:
    1030   00:44FC  DD 77 01                ld  (ix+1),a                    ; Save
    1031   00:44FF  18 3E                   jr  CLK_AUTO_GMT_CHK_DONE       ; Ok, ready to send
    1032   00:4501                      CLK_AUTO_GMT_CHK_CD.1:
    1033   00:4501  79                      ld  a,c
    1034   00:4502  CD A2 00                call    CHPUT                   ; Print it
    1035   00:4505  14                      inc d                           ; Digits entered now is 1
    1036   00:4506  1C                      inc e                           ; Digits printed increased
    1037   00:4507  C3 67 44                jp  CLK_AUTO_WAIT_GMT_INPUT     ; Continue waiting input
    1038   00:450A                      CLK_AUTO_GMT_CHK_CSD:
    1039   00:450A                          ; Second digit, easy... First was 1, now need to check if it is 0, 1 or 2, otherwise, bad entry
    1040   00:450A  78                      ld  a,b
    1041   00:450B  06 03                   ld  b,3
    1042   00:450D  B8                      cp  b
    1043   00:450E  D2 AC 44                jp  nc,CLK_AUTO_GMT_BAD_INPUT   ; 3 or more, so, not valid
    1044   00:4511  B7                      or  a                           ; Is it zero?
    1045   00:4512  20 0E                   jr  nz,CLK_AUTO_GMT_CHK_CSD1    ; If not, check for 1
    1046   00:4514                          ; It was zero
    1047   00:4514  3E 0A                   ld  a,10                        ; So, 10
    1048   00:4516  DD B6 01                or  a,(ix+1)                    ; Adjust sign, if needed
    1049   00:4519  DD 77 01                ld  (ix+1),a                    ; Save
    1050   00:451C  79                      ld  a,c
    1051   00:451D  CD A2 00                call    CHPUT                   ; Print it
    1052   00:4520  18 1D                   jr  CLK_AUTO_GMT_CHK_DONE       ; Ready to
    1053   00:4522                      CLK_AUTO_GMT_CHK_CSD1:
    1054   00:4522  3D                      dec a                           ; Is it one?
    1055   00:4523  20 0E                   jr  nz,CLK_AUTO_GMT_CHK_CSD2
    1056   00:4525                          ; It was one
    1057   00:4525  3E 0B                   ld  a,11                        ; So, eleven
    1058   00:4527  DD B6 01                or  a,(ix+1)                    ; Adjust sign, if needed
    1059   00:452A  DD 77 01                ld  (ix+1),a                    ; Save
    1060   00:452D  79                      ld  a,c
    1061   00:452E  CD A2 00                call    CHPUT                   ; Print it
    1062   00:4531  18 0C                   jr  CLK_AUTO_GMT_CHK_DONE       ; Ready to send
    1063   00:4533                      CLK_AUTO_GMT_CHK_CSD2:
    1064   00:4533                          ; It was two
    1065   00:4533  3E 0C                   ld  a,12                        ; So, twelve
    1066   00:4535  DD B6 01                or  a,(ix+1)                    ; Adjust sign, if needed
    1067   00:4538  DD 77 01                ld  (ix+1),a                    ; Save
    1068   00:453B  79                      ld  a,c
    1069   00:453C  CD A2 00                call    CHPUT                   ; Print it
    1070   00:453F                          ; And send command
    1071   00:453F                      CLK_AUTO_GMT_CHK_DONE:
    1072   00:453F  3E 0D                   ld  a,#0d
    1073   00:4541  CD A2 00                call    CHPUT
    1074   00:4544  3E 0A                   ld  a,#0a
    1075   00:4546  CD A2 00                call    CHPUT
    1076   00:4549  21 62 70                ld  hl,STR_SENDING
    1077   00:454C  CD 9D 4C                call    PRINTHL
    1078   00:454F                          CLEAR_UART
    1078   00:454F  3E 14             >     ld  a,20
    1078   00:4551  32 06 7F          >     ld  (MEM_OUT_CMD_PORT),a
    1079   00:4554  3E 43                   ld  a,CMD_SET_ACLK_SETTINGS
    1080   00:4556                          SEND_DATA
    1080   00:4556  32 07 7F          >     ld  (MEM_OUT_TX_PORT),a
    1081   00:4559  3E 00                   ld  a,0                         ; Size MSB is 0
    1082   00:455B                          SEND_DATA
    1082   00:455B  32 07 7F          >     ld  (MEM_OUT_TX_PORT),a
    1083   00:455E  3E 02                   ld  a,2                         ; Size LSB is 2
    1084   00:4560                          SEND_DATA
    1084   00:4560  32 07 7F          >     ld  (MEM_OUT_TX_PORT),a
    1085   00:4563  DD 7E 00                ld  a,(ix+0)                    ; Option
    1086   00:4566                          SEND_DATA
    1086   00:4566  32 07 7F          >     ld  (MEM_OUT_TX_PORT),a
    1087   00:4569  DD 7E 01                ld  a,(ix+1)                    ; GMT
    1088   00:456C                          SEND_DATA
    1088   00:456C  32 07 7F          >     ld  (MEM_OUT_TX_PORT),a
    1089   00:456F  21 3C 00                ld  hl,60                       ; Wait Up To 1s
    1090   00:4572  3E 43                   ld  a,CMD_SET_ACLK_SETTINGS
    1091   00:4574  CD 38 4B                call    WAIT_MENU_QCMD_RESPONSE
    1092   00:4577  21 7D 70                ld  hl,STR_SENDING_OK
    1093   00:457A  20 03                   jr  nz,CLK_AUTO_GMT_CHK_RESULT
    1094   00:457C  21 FA 70                ld  hl,STR_SENDING_FAIL
    1095   00:457F                      CLK_AUTO_GMT_CHK_RESULT:
    1096   00:457F  CD 9D 4C                call    PRINTHL
    1097   00:4582  C3 0E 4A                jp  WAIT_2S_AND_THEN_MAINMENU
    1098   00:4585                      
    1099   00:4585                      ;============================
    1100   00:4585                      ;===  SETUP Menu Routines  ==
    1101   00:4585                      ;===    Wi-Fi Scan Menu    ==
    1102   00:4585                      ;============================
    1103   00:4585                      START_WIFI_SCAN:
    1104   00:4585  3E 33                   ld  a,'3'
    1105   00:4587  CD A2 00                call    CHPUT
    1106   00:458A  CD 16 4A                call    WAIT_250MS_AND_THEN_CONTINUE
    1107   00:458D                      START_WIFI_RESCAN:
    1108   00:458D  21 36 6B                ld  hl,MMENU_SCAN
    1109   00:4590  CD 9D 4C                call    PRINTHL                 ; Print Main Scan message
    1110   00:4593  CD BB 49                call    STARTWIFISCAN           ; Request Wi-Fi Scan to start
    1111   00:4596  ED 5B 76 F6             ld  de,(TXTTAB)                 ; We will borrow Basic Program memory area for now...
    1112   00:459A  DD 6B                   ld  ixl,e
    1113   00:459C  DD 62                   ld  ixh,d                       ; Address in IX
    1114   00:459E  11 14 00                ld  de,20                       ; At least 10s waiting scan to finish, retry 20 times waiting 0.5s between attempts
    1115   00:45A1                      WIFI_SCAN_WAIT_END:
    1116   00:45A1                          CLEAR_UART
    1116   00:45A1  3E 14             >     ld  a,20
    1116   00:45A3  32 06 7F          >     ld  (MEM_OUT_CMD_PORT),a
    1117   00:45A6  3E 73                   ld  a,CMD_SCAN_RESULTS
    1118   00:45A8                          SEND_DATA
    1118   00:45A8  32 07 7F          >     ld  (MEM_OUT_TX_PORT),a
    1119   00:45AB  21 3C 00                ld  hl,60                       ; Wait Up To 1s
    1120   00:45AE  CD 06 4C                call    WAIT_MENU_SCMD_RESPONSE
    1121   00:45B1  C2 C9 45                jp  nz,WIFI_SCAN_SHOW_LIST      ; if success show the list
    1122   00:45B4  78                      ld  a,b
    1123   00:45B5  FE 02                   cp  2                           ; If 2, scan is done and nothing found
    1124   00:45B7  CA 23 48                jp  z,WIFI_SCAN_NONETWORKS
    1125   00:45BA  2E 1E                   ld  l,30
    1126   00:45BC                      WIFI_SCAN_WAITHS:
    1127   00:45BC  76                      halt
    1128   00:45BD  2D                      dec l
    1129   00:45BE  20 FC                   jr  nz,WIFI_SCAN_WAITHS
    1130   00:45C0  1B                      dec de
    1131   00:45C1  7B                      ld  a,e
    1132   00:45C2  B2                      or  d
    1133   00:45C3  CA 2C 48                jp  z,WIFI_SCAN_TIMEOUT
    1134   00:45C6  C3 A1 45                jp  WIFI_SCAN_WAIT_END
    1135   00:45C9                      WIFI_SCAN_SHOW_LIST:
    1136   00:45C9  57                      ld  d,a                         ; Save access point counter here
    1137   00:45CA  1E 00                   ld  e,0                         ; And here how many were printed
    1138   00:45CC  21 BB 6B                ld  hl,MMENU_SCANS
    1139   00:45CF  CD 9D 4C                call    PRINTHL
    1140   00:45D2  DD E5                   push    ix
    1141   00:45D4  E1                      pop hl                          ; IX in HL
    1142   00:45D5                      WIFI_LIST_LOOP:
    1143   00:45D5  7B                      ld  a,e
    1144   00:45D6  C6 30                   add a,'0'                       ; Convert to number
    1145   00:45D8  CD A2 00                call    CHPUT
    1146   00:45DB  3E 20                   ld  a,' '                       ; Space
    1147   00:45DD  CD A2 00                call    CHPUT
    1148   00:45E0  3E 2D                   ld  a,'-'                       ; Dash
    1149   00:45E2  CD A2 00                call    CHPUT
    1150   00:45E5  3E 20                   ld  a,' '                       ; Space
    1151   00:45E7  CD A2 00                call    CHPUT
    1152   00:45EA  06 18                   ld  b,24                        ; Cuts AP names > 23 chars
    1153   00:45EC                      PRT_APNAMELP:
    1154   00:45EC  7E                      ld  a,(hl)
    1155   00:45ED  B7                      or  a
    1156   00:45EE  CA 08 46                jp  z,PRT_APENC
    1157   00:45F1  CD A2 00                call    CHPUT
    1158   00:45F4  23                      inc hl
    1159   00:45F5  10 F5                   djnz    PRT_APNAMELP
    1160   00:45F7  E5                      push    hl
    1161   00:45F8  21 52 6D                ld  hl,SCAN_TERMINATOR_CUT
    1162   00:45FB  CD 9D 4C                call    PRINTHL
    1163   00:45FE  E1                      pop hl
    1164   00:45FF                      PRT_APNAMELP_CUT:
    1165   00:45FF  7E                      ld  a,(hl)
    1166   00:4600  B7                      or  a
    1167   00:4601  CA 08 46                jp  z,PRT_APENC
    1168   00:4604  23                      inc hl
    1169   00:4605  C3 FF 45                jp  PRT_APNAMELP_CUT
    1170   00:4608                      PRT_APENC:
    1171   00:4608  23                      inc hl
    1172   00:4609  7E                      ld  a,(hl)
    1173   00:460A  B7                      or  a
    1174   00:460B  CA 19 46                jp  z,PRT_APNOTENC
    1175   00:460E  E5                      push    hl
    1176   00:460F  21 60 6D                ld  hl,SCAN_TERMINATOR_ENC
    1177   00:4612  CD 9D 4C                call    PRINTHL
    1178   00:4615  E1                      pop hl
    1179   00:4616  C3 21 46                jp  PRT_AP_CHKLOOP
    1180   00:4619                      PRT_APNOTENC:
    1181   00:4619  E5                      push    hl
    1182   00:461A  21 59 6D                ld  hl,SCAN_TERMINATOR_OPEN
    1183   00:461D  CD 9D 4C                call    PRINTHL
    1184   00:4620  E1                      pop hl
    1185   00:4621                      PRT_AP_CHKLOOP:
    1186   00:4621  23                      inc hl
    1187   00:4622  1C                      inc e
    1188   00:4623  3E 08                   ld  a,SCAN_MAX_PAGE_SIZE
    1189   00:4625  BB                      cp  e
    1190   00:4626  CA 31 46                jp  z,APLIST_OVERFLOW
    1191   00:4629  15                      dec d
    1192   00:462A  C2 D5 45                jp  nz,WIFI_LIST_LOOP
    1193   00:462D  06 00                   ld  b,0                         ; Signal no more list data
    1194   00:462F  18 10                   jr  APLIST_NO_OVERFLOW
    1195   00:4631                      APLIST_OVERFLOW:
    1196   00:4631  15                      dec d                           ; Update remaining items
    1197   00:4632  AF                      xor a
    1198   00:4633  B2                      or  d                           ; Still has items?
    1199   00:4634  28 0B                   jr  z,APLIST_NO_OVERFLOW        ; No more items
    1200   00:4636  06 01                   ld  b,1                         ; Signal that there still is data pending to list in another page
    1201   00:4638  E5                      push    hl
    1202   00:4639  FD E1                   pop iy                          ; Save in IY the address to continue from
    1203   00:463B  4A                      ld  c,d                         ; And C has the remaining AP count
    1204   00:463C  21 E3 6C                ld  hl,MMENU_SCANQM
    1205   00:463F  18 03                   jr  APLIST_NOFLW
    1206   00:4641                      APLIST_NO_OVERFLOW:
    1207   00:4641                          ; If here, current page has been printed
    1208   00:4641                          ; E has the maximum allowable AP number
    1209   00:4641                          ; B will indicate if there are more items for a next page
    1210   00:4641                          ; IY will hold the address of the following items
    1211   00:4641                          ; Let's ask which one to connect
    1212   00:4641  21 78 6C                ld  hl,MMENU_SCANQ
    1213   00:4644                      APLIST_NOFLW:
    1214   00:4644  CD 9D 4C                call    PRINTHL                 ; Show message asking which network to connect
    1215   00:4647  3E 30                   ld  a,'0'
    1216   00:4649  83                      add a,e
    1217   00:464A  5F                      ld  e,a                         ; To make it easy in the selection screen
    1218   00:464B                      WIFI_SELECT_AP:
    1219   00:464B  CD 9F 00                call    CHGET
    1220   00:464E  FE 1B                   cp  #1b                         ; ESC?
    1221   00:4650  CA 5E 42                jp  z,ESPSETUP                  ; When done, back to main setup
    1222   00:4653  FE 20                   cp  #20                         ; Spacebar?
    1223   00:4655  CA 69 46                jp  z,WIFI_SELECT_SPACEBAR      ; Check if re-scan or next page
    1224   00:4658  FE 0D                   cp  CR                          ; ENTER?
    1225   00:465A  CA 76 46                jp  z,WIFI_CONNECT_ME_CHOOSEN   ; Request AP Name and Password if needed
    1226   00:465D  FE 30                   cp  '0'                         ; Check if A is less than 0
    1227   00:465F  DA 0D 48                jp  c,INPUT_WFSAP_BAD_INPUT     ; If it is, ignore
    1228   00:4662  BB                      cp  e                           ; Check if a is greater than what is in E
    1229   00:4663  D2 0D 48                jp  nc,INPUT_WFSAP_BAD_INPUT    ; If it is, ignore
    1230   00:4666  C3 00 47                jp  WIFI_CONNECT_SELECTION_OK   ; Selection Ok if here
    1231   00:4669                      
    1232   00:4669                      WIFI_SELECT_SPACEBAR:
    1233   00:4669  AF                      xor a
    1234   00:466A  B2                      or  d                           ; D = AP counter
    1235   00:466B  CA 8D 45                jp  z,START_WIFI_RESCAN         ; Rescan if no more items
    1236   00:466E                          ; Otherwise, more items, start at IY
    1237   00:466E  FD E5                   push    iy
    1238   00:4670  DD E1                   pop ix                          ; Restore the list from where we finished last time
    1239   00:4672  79                      ld  a,c                         ; Restore the remaining APs to list
    1240   00:4673  C3 C9 45                jp  WIFI_SCAN_SHOW_LIST         ; And show
    1241   00:4676                      
    1242   00:4676                      WIFI_CONNECT_ME_CHOOSEN:
    1243   00:4676  21 BA 6A                ld  hl,MMENU_MANUALENTRY
    1244   00:4679  CD 9D 4C                call    PRINTHL                 ; Show message asking AP details....
    1245   00:467C                          ; IX has the AP list, we don't care, but that address is ours to use to handle SSID Entry
    1246   00:467C  DD E5                   push    ix
    1247   00:467E  E1                      pop hl                          ; HL has the address
    1248   00:467F  0E 00                   ld  c,0                         ; AP name size
    1249   00:4681                      WIFI_CONNECT_MANUAL_ENTRY:
    1250   00:4681  CD 9F 00                call    CHGET
    1251   00:4684  FE 1B                   cp  #1b                         ; ESC?
    1252   00:4686  CA 5E 42                jp  z,ESPSETUP                  ; Back to main setup
    1253   00:4689  FE 08                   cp  #08                         ; Backspace?
    1254   00:468B  28 55                   jr  z,WIFI_CONNECT_ME_BS        ; Check if there is something to erase
    1255   00:468D  FE 0D                   cp  #0d                         ; ENTER?
    1256   00:468F  28 68                   jr  z,WIFI_ME_CHECK_INPUT       ; Check if ok
    1257   00:4691                          ; Otherwise it is a digit
    1258   00:4691  77                      ld  (hl),a
    1259   00:4692  79                      ld  a,c
    1260   00:4693  D6 20                   sub 32                          ; SSID maximum is 32 characters
    1261   00:4695  28 EA                   jr  z,WIFI_CONNECT_MANUAL_ENTRY
    1262   00:4697  7E                      ld  a,(hl)
    1263   00:4698  0C                      inc c
    1264   00:4699  23                      inc hl
    1265   00:469A  FE 20                   cp  32
    1266   00:469C  30 04                   jr  nc,WIFI_CONNECT_ME_CHKPRT2  ; Ok, not below space, but is it delete?
    1267   00:469E  3E 3F                   ld  a,'?'                       ; Prints a question mark
    1268   00:46A0  18 06                   jr  WIFI_CONNECT_ME_CHKPRTD
    1269   00:46A2                      WIFI_CONNECT_ME_CHKPRT2:
    1270   00:46A2  FE 7F                   cp  #7f
    1271   00:46A4  20 02                   jr  nz,WIFI_CONNECT_ME_CHKPRTD
    1272   00:46A6  3E 3F                   ld  a,'?'                       ; Prints a question mark if it is delete
    1273   00:46A8                      WIFI_CONNECT_ME_CHKPRTD:
    1274   00:46A8  CD A2 00                call    CHPUT                   ; Print a char
    1275   00:46AB  C3 81 46                jp  WIFI_CONNECT_MANUAL_ENTRY
    1276   00:46AE                      WIFI_CONNECT_ME_0_TERM:
    1277   00:46AE  AF                      xor a
    1278   00:46AF  77                      ld  (hl),a
    1279   00:46B0  23                      inc hl
    1280   00:46B1  E5                      push    hl                      ; Save it
    1281   00:46B2  21 1B 6B                ld  hl,MENU_MANUALENTRY_PWD
    1282   00:46B5  CD 9D 4C                call    PRINTHL                 ; We are asking if password is needed
    1283   00:46B8  E1                      pop hl                          ; Restore it
    1284   00:46B9  CD 9F 00                call    CHGET                   ; Get key, if Y or y, needed, otherwise not
    1285   00:46BC  CB AF                   res 5,a                         ; Force upper case
    1286   00:46BE  FE 59                   cp  'Y'
    1287   00:46C0  28 08                   jr  z,WIFI_CONNECT_ME_PWD_Y     ; And tell using encryption
    1288   00:46C2  3E 6E                   ld  a,'n'
    1289   00:46C4  CD A2 00                call    CHPUT                   ; Overwrite what was typed with 'n'
    1290   00:46C7  AF                      xor a                           ; Ok, if here, no pwd, so no encryption
    1291   00:46C8  18 07                   jr  WIFI_CONNECT_ME_PWD
    1292   00:46CA                      WIFI_CONNECT_ME_PWD_Y:
    1293   00:46CA  3E 79                   ld  a,'y'
    1294   00:46CC  CD A2 00                call    CHPUT                   ; Print 'y'
    1295   00:46CF  3E 01                   ld  a,1                         ; Do not change flags, pwd needed
    1296   00:46D1                      WIFI_CONNECT_ME_PWD:
    1297   00:46D1  77                      ld  (hl),a                      ; Save if encryption is expected
    1298   00:46D2  DD E5                   push    ix
    1299   00:46D4  E1                      pop hl                          ; HL containing the beginning of SSID name
    1300   00:46D5  3E 0D                   ld  a,#0d
    1301   00:46D7  CD A2 00                call    CHPUT
    1302   00:46DA  3E 0A                   ld  a,#0a
    1303   00:46DC  CD A2 00                call    CHPUT
    1304   00:46DF  C3 24 47                jp  WIFI_CONNECT_AP_PWDQ        ; And the rest is handled like if menu selected
    1305   00:46E2                      WIFI_CONNECT_ME_BS:
    1306   00:46E2  AF                      xor a
    1307   00:46E3  B9                      cp  c                           ; Has any data to delete?
    1308   00:46E4  28 9B                   jr  z,WIFI_CONNECT_MANUAL_ENTRY ; No
    1309   00:46E6                          ; Yes
    1310   00:46E6  2B                      dec hl                          ; Decrement pointer
    1311   00:46E7  0D                      dec c                           ; Decrement counter
    1312   00:46E8  3E 08                   ld  a,8                         ; Backspace
    1313   00:46EA  CD A2 00                call    CHPUT                   ; Print it
    1314   00:46ED  3E 20                   ld  a,' '                       ; Space
    1315   00:46EF  CD A2 00                call    CHPUT                   ; Print it
    1316   00:46F2  3E 08                   ld  a,8                         ; Backspace
    1317   00:46F4  CD A2 00                call    CHPUT                   ; Print it
    1318   00:46F7  18 88                   jr  WIFI_CONNECT_MANUAL_ENTRY   ; Return
    1319   00:46F9                      WIFI_ME_CHECK_INPUT:
    1320   00:46F9  AF                      xor a
    1321   00:46FA  B9                      cp  c                           ; Has received any data?
    1322   00:46FB  28 84                   jr  z,WIFI_CONNECT_MANUAL_ENTRY ; No
    1323   00:46FD  C3 AE 46                jp  WIFI_CONNECT_ME_0_TERM      ; Yes, so handle SSID input termination
    1324   00:4700                      
    1325   00:4700                      WIFI_CONNECT_SELECTION_OK:
    1326   00:4700  CD A2 00                call    CHPUT                   ; Valid input, print it
    1327   00:4703  1E 30                   ld  e,'0'
    1328   00:4705  93                      sub a,e                         ; Get in decimal
    1329   00:4706  5F                      ld  e,a                         ; Back in E
    1330   00:4707                          ; IX has the AP list, A which one has been selected, now our routine will do it
    1331   00:4707  3E 0D                   ld  a,#0d
    1332   00:4709  CD A2 00                call    CHPUT
    1333   00:470C  3E 0A                   ld  a,#0a
    1334   00:470E  CD A2 00                call    CHPUT
    1335   00:4711  DD E5                   push    ix
    1336   00:4713  E1                      pop hl                          ; put IX in HL
    1337   00:4714                      WIFI_CONNECT_AP_SRCH:
    1338   00:4714  7B                      ld  a,e
    1339   00:4715  B7                      or  a
    1340   00:4716                      WIFI_CONNECT_AP_SRCH.1:
    1341   00:4716  CA 24 47                jp  z,WIFI_CONNECT_AP_PWDQ
    1342   00:4719  7E                      ld  a,(hl)
    1343   00:471A  23                      inc hl
    1344   00:471B  B7                      or  a
    1345   00:471C  C2 16 47                jp  nz,WIFI_CONNECT_AP_SRCH.1   ; Find string terminator
    1346   00:471F                          ; Found, jump encryption byte
    1347   00:471F  23                      inc hl
    1348   00:4720  1D                      dec e                           ; Decrement selection, if 0 we are done
    1349   00:4721  C2 16 47                jp  nz,WIFI_CONNECT_AP_SRCH.1
    1350   00:4724                      WIFI_CONNECT_AP_PWDQ:
    1351   00:4724                          ; HL has the address of AP name string
    1352   00:4724  54                      ld  d,h
    1353   00:4725  5D                      ld  e,l                         ; Save copy in D
    1354   00:4726  01 00 00                ld  bc,0                        ; BC will have the ap connection data length
    1355   00:4729                      WIFI_CONNECT_APSIZE:
    1356   00:4729  03                      inc bc
    1357   00:472A  1A                      ld  a,(de)
    1358   00:472B  13                      inc de
    1359   00:472C  B7                      or  a
    1360   00:472D  C2 29 47                jp  nz,WIFI_CONNECT_APSIZE      ; Count size, including zero terminator
    1361   00:4730                          ; Check for encryption
    1362   00:4730  1A                      ld  a,(de)
    1363   00:4731  B7                      or  a
    1364   00:4732  CA C3 47                jp  z,WIFI_CONNECT_SENDCMD      ; If no password requested, good to go
    1365   00:4735                          ; Shoot, need to request password, well, let's do it
    1366   00:4735  E5                      push    hl                      ; Save HL
    1367   00:4736  21 35 6C                ld  hl,MMENU_ASKPWD
    1368   00:4739  CD 9D 4C                call    PRINTHL                 ; Inform that user need to input PWD
    1369   00:473C  E1                      pop hl                          ; Restore HL
    1370   00:473D  FD 21 00 00             ld  iy,0                        ; IY will help in backspacing
    1371   00:4741  DD 26 01                ld  ixh,1                       ; Start hidden
    1372   00:4744                      WIFI_CONNECT_RCV_PWD:
    1373   00:4744  CD 9F 00                call    CHGET
    1374   00:4747  FE 1B                   cp  #1b                         ; ESC?
    1375   00:4749  CA 5E 42                jp  z,ESPSETUP                  ; When done, back to main setup
    1376   00:474C  FE 08                   cp  #08                         ; Backspace?
    1377   00:474E  CA 9F 47                jp  z,WIFI_CONNECT_RCV_PWD_BS   ; Check if there is something to erase
    1378   00:4751  FE 0D                   cp  #0d                         ; ENTER?
    1379   00:4753  CA BC 47                jp  z,WIFI_PWD_CHECK_INPUT      ; Check if ok
    1380   00:4756  FE 7F                   cp  #7f                         ; Delete?
    1381   00:4758  CA 8B 47                jp  z,WIFI_CONNECT_RCV_PWDH     ; Change password from clear to hidden or vice versa
    1382   00:475B                      WIFI_CONNECT_RCV_PWD_STR:
    1383   00:475B                          ; Ok, so it is a digit and store
    1384   00:475B  12                      ld  (de),a
    1385   00:475C  FD 7D                   ld  a,iyl
    1386   00:475E  D6 3F                   sub 63                          ; 63 chars password limit (WPA2 encryption)
    1387   00:4760  28 E2                   jr  z,WIFI_CONNECT_RCV_PWD
    1388   00:4762  1A                      ld  a,(de)
    1389   00:4763  03                      inc bc
    1390   00:4764  13                      inc de
    1391   00:4765  FD 23                   inc iy                          ; Increment counters and pointer
    1392   00:4767  F5                      push    af                      ; Save A
    1393   00:4768  DD 7C                   ld  a,ixh
    1394   00:476A  B7                      or  a                           ; If zero, print char, otherwise print *
    1395   00:476B  28 09                   jr  z,WIFI_CONNECT_RCV_PWD_CHAR
    1396   00:476D  F1                      pop af
    1397   00:476E  3E 2A                   ld  a,'*'                       ; Print * and keep password hidden
    1398   00:4770  CD A2 00                call    CHPUT
    1399   00:4773  C3 44 47                jp  WIFI_CONNECT_RCV_PWD        ; And back to receiving digits
    1400   00:4776                      WIFI_CONNECT_RCV_PWD_CHAR:
    1401   00:4776  F1                      pop af
    1402   00:4777  FE 20                   cp  32
    1403   00:4779  30 04                   jr  nc,WIFI_CONNECT_RCV_CHKPRT2 ; Ok, not below space, but is it delete?
    1404   00:477B  3E 3F                   ld  a,'?'                       ; Prints a question mark
    1405   00:477D  18 06                   jr  WIFI_CONNECT_RCV_CHKPRTD
    1406   00:477F                      WIFI_CONNECT_RCV_CHKPRT2:
    1407   00:477F  FE 7F                   cp  #7f
    1408   00:4781  20 02                   jr  nz,WIFI_CONNECT_RCV_CHKPRTD
    1409   00:4783  3E 3F                   ld  a,'?'                       ; Prints a question mark if it is delete
    1410   00:4785                      WIFI_CONNECT_RCV_CHKPRTD:
    1411   00:4785  CD A2 00                call    CHPUT                   ; Print a char
    1412   00:4788  C3 44 47                jp  WIFI_CONNECT_RCV_PWD        ; And back to receiving digits
    1413   00:478B                      
    1414   00:478B                      WIFI_CONNECT_RCV_PWDH:
    1415   00:478B  FD 7D                   ld  a,iyl
    1416   00:478D  FD B4                   or  iyh
    1417   00:478F  C2 5B 47                jp  nz,WIFI_CONNECT_RCV_PWD_STR ; If digits entered, can't change password behavior, so it is a pass phrase char
    1418   00:4792  AF                      xor a
    1419   00:4793  DD B4                   or  ixh
    1420   00:4795  DD 26 01                ld  ixh,1
    1421   00:4798  28 AA                   jr  z,WIFI_CONNECT_RCV_PWD      ; Return if it was 0
    1422   00:479A  DD 26 00                ld  ixh,0
    1423   00:479D  28 A5                   jr  z,WIFI_CONNECT_RCV_PWD      ; Otherwise set to 0 and return
    1424   00:479F                      
    1425   00:479F                      WIFI_CONNECT_RCV_PWD_BS:
    1426   00:479F  FD 7D                   ld  a,iyl
    1427   00:47A1  FD B4                   or  iyh
    1428   00:47A3  CA 44 47                jp  z,WIFI_CONNECT_RCV_PWD      ; If no digits entered, nothing to erase
    1429   00:47A6  FD 2B                   dec iy                          ; Decrement counter
    1430   00:47A8  0B                      dec bc                          ; Decrement counter
    1431   00:47A9  1B                      dec de                          ; Decrement pointer
    1432   00:47AA  3E 08                   ld  a,8                         ; Backspace
    1433   00:47AC  CD A2 00                call    CHPUT                   ; Print it
    1434   00:47AF  3E 20                   ld  a,' '                       ; Space
    1435   00:47B1  CD A2 00                call    CHPUT                   ; Print it
    1436   00:47B4  3E 08                   ld  a,8                         ; Backspace
    1437   00:47B6  CD A2 00                call    CHPUT                   ; Print it
    1438   00:47B9  C3 44 47                jp  WIFI_CONNECT_RCV_PWD        ; Return
    1439   00:47BC                      
    1440   00:47BC                      WIFI_PWD_CHECK_INPUT:
    1441   00:47BC  FD 7D                   ld  a,iyl
    1442   00:47BE  FD B4                   or  iyh
    1443   00:47C0  CA 44 47                jp  z,WIFI_CONNECT_RCV_PWD      ; If no digits entered, no password to send
    1444   00:47C3                          ; Otherwise done and ready to send
    1445   00:47C3                      WIFI_CONNECT_SENDCMD:
    1446   00:47C3  CD 16 4A                call    WAIT_250MS_AND_THEN_CONTINUE
    1447   00:47C6  E5                      push    hl
    1448   00:47C7  21 F1 6B                ld  HL,MMENU_CONNECTING
    1449   00:47CA  CD 9D 4C                call    PRINTHL
    1450   00:47CD  E1                      pop hl
    1451   00:47CE                          ; Print AP name
    1452   00:47CE  E5                      push    hl
    1453   00:47CF  CD A7 4C                call    PRINTHLINE              ; Print AP Name
    1454   00:47D2  E1                      pop hl
    1455   00:47D3                          ; HL has the address of our data, BC the data size, so it is just needed to send the command
    1456   00:47D3                          CLEAR_UART
    1456   00:47D3  3E 14             >     ld  a,20
    1456   00:47D5  32 06 7F          >     ld  (MEM_OUT_CMD_PORT),a
    1457   00:47D8  3E 41                   ld  a,CMD_WIFI_CONNECT
    1458   00:47DA                          SEND_DATA
    1458   00:47DA  32 07 7F          >     ld  (MEM_OUT_TX_PORT),a
    1459   00:47DD  78                      ld  a,b                         ; Size MSB is in B
    1460   00:47DE                          SEND_DATA
    1460   00:47DE  32 07 7F          >     ld  (MEM_OUT_TX_PORT),a
    1461   00:47E1  79                      ld  a,c                         ; Size LSB is in c
    1462   00:47E2                          SEND_DATA
    1462   00:47E2  32 07 7F          >     ld  (MEM_OUT_TX_PORT),a
    1463   00:47E5                      WIFI_CONNECT_SENDCMDLP:
    1464   00:47E5  7E                      ld  a,(hl)
    1465   00:47E6                          SEND_DATA
    1465   00:47E6  32 07 7F          >     ld  (MEM_OUT_TX_PORT),a
    1466   00:47E9  23                      inc hl
    1467   00:47EA  0B                      dec bc
    1468   00:47EB  78                      ld  a,b
    1469   00:47EC  B1                      or  c
    1470   00:47ED  C2 E5 47                jp  nz,WIFI_CONNECT_SENDCMDLP
    1471   00:47F0  21 58 02                ld  hl,600                      ; Wait Up To 10s
    1472   00:47F3  3E 41                   ld  a,CMD_WIFI_CONNECT          ; Our command
    1473   00:47F5  CD 38 4B                call    WAIT_MENU_QCMD_RESPONSE
    1474   00:47F8  CA 04 48                jp  z,WIFI_CONNECT_FAIL
    1475   00:47FB  21 96 70                ld  hl,STR_SENDING_OK_JN        ; Success
    1476   00:47FE  CD 9D 4C                call    PRINTHL
    1477   00:4801  C3 0E 4A                jp  WAIT_2S_AND_THEN_MAINMENU
    1478   00:4804                      WIFI_CONNECT_FAIL:
    1479   00:4804  21 B8 70                ld  hl,STR_SENDING_NOK_JN       ; Failure
    1480   00:4807  CD 9D 4C                call    PRINTHL
    1481   00:480A  C3 0A 4A                jp  WAIT_4S_AND_THEN_MAINMENU
    1482   00:480D                      
    1483   00:480D                      INPUT_WFSAP_BAD_INPUT:
    1484   00:480D  C5                      push    bc
    1485   00:480E  D5                      push    de
    1486   00:480F  F5                      push    af
    1487   00:4810  E5                      push    hl
    1488   00:4811  DD E5                   push    ix
    1489   00:4813  FD E5                   push    iy
    1490   00:4815  CD C0 00                call    BEEP                    ; Wrong Input, beep
    1491   00:4818  FD E1                   pop iy
    1492   00:481A  DD E1                   pop ix
    1493   00:481C  E1                      pop hl
    1494   00:481D  F1                      pop af
    1495   00:481E  D1                      pop de
    1496   00:481F  C1                      pop bc
    1497   00:4820  C3 4B 46                jp WIFI_SELECT_AP               ; Return
    1498   00:4823                      
    1499   00:4823                      WIFI_SCAN_NONETWORKS:
    1500   00:4823  21 A4 6B                ld  hl,MMENU_SCANN
    1501   00:4826  CD 9D 4C                call    PRINTHL
    1502   00:4829  C3 0A 4A                jp  WAIT_4S_AND_THEN_MAINMENU
    1503   00:482C                      
    1504   00:482C                      WIFI_SCAN_TIMEOUT:
    1505   00:482C  21 84 6B                ld  hl,MMENU_SCANF
    1506   00:482F  CD 9D 4C                call    PRINTHL
    1507   00:4832  C3 0A 4A                jp  WAIT_4S_AND_THEN_MAINMENU
    1508   00:4835                      
    1509   00:4835                      SET_WIFI_TIMEOUT:
    1510   00:4835  3E 32                   ld  a,'2'
    1511   00:4837  CD A2 00                call    CHPUT
    1512   00:483A  CD 16 4A                call    WAIT_250MS_AND_THEN_CONTINUE
    1513   00:483D  21 67 6D                ld  hl,MMENU_TIMEOUT
    1514   00:4840  CD 9D 4C                call    PRINTHL                 ; Print Main Timeout message
    1515   00:4843  CD 87 4A                call    CHECKTIMEOUT            ; TimeOut is on or off?
    1516   00:4846  CA 5E 48                jp  z,WIFI_SET_ALWAYS_ON        ; If 0, always on
    1517   00:4849                          ; Otherwise there is a timeout
    1518   00:4849  E5                      push    hl
    1519   00:484A  21 9E 6E                ld hl,MMENU_TIMEOUT_NOTALWAYSON1
    1520   00:484D  CD 9D 4C                call    PRINTHL
    1521   00:4850  E1                      pop hl
    1522   00:4851  CD 9D 4C                call    PRINTHL
    1523   00:4854  21 B4 6E                ld hl,MMENU_TIMEOUT_NOTALWAYSON2
    1524   00:4857  CD 9D 4C                call    PRINTHL
    1525   00:485A  16 00                   ld  d,0                         ; Count digits
    1526   00:485C  18 10                   jr  INPUT_TIMEOUT
    1527   00:485E                      WIFI_SET_ALWAYS_ON:
    1528   00:485E  21 49 6E                ld  hl,MMENU_TIMEOUT_ALWAYSON
    1529   00:4861  CD 9D 4C                call    PRINTHL
    1530   00:4864  ED 5B 76 F6             ld  de,(TXTTAB)                 ; We will borrow Basic Program memory area for now...
    1531   00:4868  DD 6B                   ld  ixl,e
    1532   00:486A  DD 62                   ld  ixh,d                       ; Address in IX
    1533   00:486C  16 00                   ld  d,0                         ; Count digits
    1534   00:486E                      INPUT_TIMEOUT:
    1535   00:486E  CD 9F 00                call    CHGET
    1536   00:4871  FE 1B                   cp  #1b                         ; ESC?
    1537   00:4873  CA 5E 42                jp  z,ESPSETUP                  ; When done, back to main setup
    1538   00:4876  FE 0D                   cp  #0d                         ; ENTER?
    1539   00:4878  CA BC 48                jp  z,SET_WIFI_CHECK_INPUT      ; Check if ok
    1540   00:487B  FE 08                   cp  #08                         ; Backspace?
    1541   00:487D  CA A2 48                jp  z,SET_WIFI_BS_INPUT         ; Check if there is something to erase
    1542   00:4880  FE 30                   cp  '0'                         ; Check if A is less than 0
    1543   00:4882  DA 9C 48                jp  c,INPUT_TIMEOUT_BAD_INPUT   ; if it is, ignore
    1544   00:4885  FE 3A                   cp  '9'+1                       ; Check if a is greater than  9
    1545   00:4887  D2 9C 48                jp  nc,INPUT_TIMEOUT_BAD_INPUT  ; If it is, ignore
    1546   00:488A  DD 77 00                ld  (ix+0),a                    ; Save it
    1547   00:488D  CD A2 00                call    CHPUT                   ; It is valid, so print it
    1548   00:4890  14                      inc d                           ; Increment digit count
    1549   00:4891  DD 23                   inc ix                          ; Increment pointer
    1550   00:4893  3E 03                   ld  a,3
    1551   00:4895  BA                      cp  d
    1552   00:4896  CA BC 48                jp  z,SET_WIFI_CHECK_INPUT      ; All we can do is accept up to 3 digits, check if ok
    1553   00:4899  C3 6E 48                jp  INPUT_TIMEOUT               ; Not done yet, so continue
    1554   00:489C                      
    1555   00:489C                      INPUT_TIMEOUT_BAD_INPUT:
    1556   00:489C  CD C0 00                call    BEEP                    ; Wrong Input, beep
    1557   00:489F  C3 6E 48                jp INPUT_TIMEOUT                ; Return
    1558   00:48A2                      
    1559   00:48A2                      SET_WIFI_BS_INPUT:
    1560   00:48A2  AF                      xor a
    1561   00:48A3  B2                      or  d                           ; Counter has any digit?
    1562   00:48A4  CA 6E 48                jp  z,INPUT_TIMEOUT             ; Nope, so just continue
    1563   00:48A7  15                      dec d                           ; Decrement counter
    1564   00:48A8  DD 2B                   dec ix                          ; Decrement pointer
    1565   00:48AA  3E 08                   ld  a,8                         ; Backspace
    1566   00:48AC  CD A2 00                call    CHPUT                   ; Print it
    1567   00:48AF  3E 20                   ld  a,' '                       ; Space
    1568   00:48B1  CD A2 00                call    CHPUT                   ; Print it
    1569   00:48B4  3E 08                   ld  a,8                         ; Backspace
    1570   00:48B6  CD A2 00                call    CHPUT                   ; Print it
    1571   00:48B9  C3 6E 48                jp  INPUT_TIMEOUT               ; Return
    1572   00:48BC                      
    1573   00:48BC                      SET_WIFI_CHECK_INPUT:
    1574   00:48BC  AF                      xor a
    1575   00:48BD  B2                      or  d                           ; Counter has any digits
    1576   00:48BE  CA 6E 48                jp  z,INPUT_TIMEOUT             ; Nope, so just continue
    1577   00:48C1                          ; IX is pointing one position after last digit, so revert
    1578   00:48C1  DD 2B                   dec ix
    1579   00:48C3  DD 7E 00                ld  a,(ix+0)                    ; Digit in A
    1580   00:48C6  D6 30                   sub '0'                         ; Convert it to decimal
    1581   00:48C8  26 00                   ld  h,0                         ; First digit, so H is 0
    1582   00:48CA  6F                      ld  l,a                         ; And L has the digit
    1583   00:48CB  15                      dec d                           ; If digits finished, just set
    1584   00:48CC  CA F8 48                jp  z,SET_WIFI_EXECUTE_SET_COMMAND
    1585   00:48CF  DD 2B                   dec ix
    1586   00:48D1  DD 7E 00                ld  a,(ix+0)                    ; Digit in A
    1587   00:48D4  D6 30                   sub '0'                         ; Convert it to decimal
    1588   00:48D6  87                      add a,a                         ; A*2
    1589   00:48D7  4F                      ld  c,a                         ; A*2 in C
    1590   00:48D8  87                      add a,a                         ; A*4
    1591   00:48D9  87                      add a,a                         ; A*8
    1592   00:48DA  81                      add a,c                         ; A*10
    1593   00:48DB                          ; Up to here, we can get 90 + 9, 99, won't go to H anyway, just add to L
    1594   00:48DB  85                      add a,l                         ; L has the first digit
    1595   00:48DC  6F                      ld  l,a                         ; And now L has the two digits
    1596   00:48DD  15                      dec d                           ; If digits finished, just set
    1597   00:48DE  CA F8 48                jp  z,SET_WIFI_EXECUTE_SET_COMMAND
    1598   00:48E1  DD 2B                   dec ix
    1599   00:48E3  DD 7E 00                ld  a,(ix+0)                    ; Digit in A
    1600   00:48E6  D6 30                   sub '0'                         ; Convert it to decimal
    1601   00:48E8  87                      add a,a                         ; A*2
    1602   00:48E9  4F                      ld  c,a                         ; A*2 in C
    1603   00:48EA  87                      add a,a                         ; A*4
    1604   00:48EB  87                      add a,a                         ; A*8
    1605   00:48EC  81                      add a,c                         ; A*10
    1606   00:48ED  EB                      ex  de,hl                       ; Get the two digits results in de
    1607   00:48EE  6F                      ld  l,a
    1608   00:48EF  26 00                   ld  h,0                         ; HL = A*10
    1609   00:48F1  29                      add hl,hl                       ; HL = A*20
    1610   00:48F2  4D                      ld  c,l
    1611   00:48F3  44                      ld  b,h                         ; BC = A*20
    1612   00:48F4  29                      add hl,hl                       ; HL = A*40
    1613   00:48F5  29                      add hl,hl                       ; HL = A*80
    1614   00:48F6  09                      add hl,bc                       ; HL = A*100
    1615   00:48F7  19                      add hl,de                       ; HL = three digits result
    1616   00:48F8                          ; This was the last digit, up to three
    1617   00:48F8                      SET_WIFI_EXECUTE_SET_COMMAND:
    1618   00:48F8  C3 4A 49                jp  SET_ESP_WIFI_TIMEOUT        ; And set and done
    1619   00:48FB                      
    1620   00:48FB                      ;============================
    1621   00:48FB                      ;===  SETUP Menu Routines  ==
    1622   00:48FB                      ;===      NAGLE Menu       ==
    1623   00:48FB                      ;============================
    1624   00:48FB                      SET_NAGLE:
    1625   00:48FB  3E 31                   ld  a,'1'
    1626   00:48FD  CD A2 00                call    CHPUT
    1627   00:4900  CD 16 4A                call    WAIT_250MS_AND_THEN_CONTINUE
    1628   00:4903  21 EC 6E                ld  hl,MMENU_NAGLE
    1629   00:4906  CD 9D 4C                call    PRINTHL                 ; Print Main Nagle message
    1630   00:4909  CD 39 4A                call    CHECKNAGLE              ; Nagle is on or off?
    1631   00:490C  20 1E                   jr  nz,NAGLE_IS_ON              ;
    1632   00:490E  21 21 70                ld  hl,MMENU_NAGLE_OFF          ; Show the menu telling nagle is off
    1633   00:4911  CD 9D 4C                call    PRINTHL                 ; Print options
    1634   00:4914                      SET_NAGLE_WI_ON:
    1635   00:4914  CD 9F 00                call    CHGET
    1636   00:4917  FE 1B                   cp  #1b                         ; ESC?
    1637   00:4919  CA 5E 42                jp  z,ESPSETUP                  ; When done, back to main setup
    1638   00:491C  FE 4F                   cp  'O'                         ; Toggle Nagle On
    1639   00:491E  CA D9 49                jp  z,SET_NAGLE_ON              ;
    1640   00:4921  FE 6F                   cp  'o'                         ; Toggle Nagle On
    1641   00:4923  CA D9 49                jp  z,SET_NAGLE_ON              ;
    1642   00:4926  CD C0 00                call    BEEP                    ; Wrong Input, beep
    1643   00:4929  C3 14 49                jp  SET_NAGLE_WI_ON             ; And return waiting key
    1644   00:492C                      
    1645   00:492C                      NAGLE_IS_ON:
    1646   00:492C  21 E1 6F                ld  hl,MMENU_NAGLE_ON           ; Show the menu telling nagle is on
    1647   00:492F  CD 9D 4C                call    PRINTHL                 ; Print options
    1648   00:4932                      SET_NAGLE_WI_OFF:
    1649   00:4932  CD 9F 00                call    CHGET
    1650   00:4935  FE 1B                   cp  #1b                         ; ESC?
    1651   00:4937  CA 5E 42                jp  z,ESPSETUP                  ; When done, back to main setup
    1652   00:493A  FE 4F                   cp  'O'                         ; Toggle Nagle Off
    1653   00:493C  CA 8A 49                jp  z,SET_NAGLE_OFF             ;
    1654   00:493F  FE 6F                   cp  'o'                         ; Toggle Nagle Off
    1655   00:4941  CA 8A 49                jp  z,SET_NAGLE_OFF             ;
    1656   00:4944  CD C0 00                call    BEEP                    ; Wrong Input, beep
    1657   00:4947  C3 32 49                jp  SET_NAGLE_WI_OFF            ; And return waiting key
    1658   00:494A                      
    1659   00:494A                      ;============================
    1660   00:494A                      ;===  SETUP Menu Routines  ==
    1661   00:494A                      ;===  Auxiliary Functions  ==
    1662   00:494A                      ;============================
    1663   00:494A                      SET_ESP_WIFI_TIMEOUT:
    1664   00:494A  EB                      ex  de,hl
    1665   00:494B  3E 0D                   ld  a,#0d
    1666   00:494D  CD A2 00                call    CHPUT
    1667   00:4950  3E 0A                   ld  a,#0a
    1668   00:4952  CD A2 00                call    CHPUT
    1669   00:4955  21 62 70                ld  hl,STR_SENDING              ; Indicate it is sending a command
    1670   00:4958  CD 9D 4C                call    PRINTHL
    1671   00:495B                          CLEAR_UART
    1671   00:495B  3E 14             >     ld  a,20
    1671   00:495D  32 06 7F          >     ld  (MEM_OUT_CMD_PORT),a
    1672   00:4960  3E 54                   ld  a,CMD_TIMER_SET
    1673   00:4962                          SEND_DATA
    1673   00:4962  32 07 7F          >     ld  (MEM_OUT_TX_PORT),a
    1674   00:4965  AF                      xor a                           ; Size MSB is 0
    1675   00:4966                          SEND_DATA
    1675   00:4966  32 07 7F          >     ld  (MEM_OUT_TX_PORT),a
    1676   00:4969  3E 02                   ld  a,2                         ; Size LSB is 2
    1677   00:496B                          SEND_DATA
    1677   00:496B  32 07 7F          >     ld  (MEM_OUT_TX_PORT),a
    1678   00:496E  7A                      ld  a,d                         ; Timeout MSB
    1679   00:496F                          SEND_DATA
    1679   00:496F  32 07 7F          >     ld  (MEM_OUT_TX_PORT),a
    1680   00:4972  7B                      ld  a,e                         ; Timeout LSB
    1681   00:4973                          SEND_DATA
    1681   00:4973  32 07 7F          >     ld  (MEM_OUT_TX_PORT),a
    1682   00:4976  21 3C 00                ld  hl,60                       ; Wait Up To 1s
    1683   00:4979  3E 54                   ld  a,CMD_TIMER_SET             ; Our command
    1684   00:497B  CD 38 4B                call    WAIT_MENU_QCMD_RESPONSE
    1685   00:497E  CA 2F 4B                jp  z,MENU_BAD_END
    1686   00:4981  21 7D 70                ld  hl,STR_SENDING_OK           ; Success
    1687   00:4984  CD 9D 4C                call    PRINTHL
    1688   00:4987  C3 0E 4A                jp  WAIT_2S_AND_THEN_MAINMENU
    1689   00:498A                      
    1690   00:498A                      SET_NAGLE_OFF:
    1691   00:498A  3E 4F                   ld  a,'O'
    1692   00:498C  CD A2 00                call    CHPUT
    1693   00:498F  3E 0D                   ld  a,#0d
    1694   00:4991  CD A2 00                call    CHPUT
    1695   00:4994  3E 0A                   ld  a,#0a
    1696   00:4996  CD A2 00                call    CHPUT
    1697   00:4999  21 62 70                ld  hl,STR_SENDING              ; Indicate it is sending a command
    1698   00:499C  CD 9D 4C                call    PRINTHL
    1699   00:499F                          CLEAR_UART
    1699   00:499F  3E 14             >     ld  a,20
    1699   00:49A1  32 06 7F          >     ld  (MEM_OUT_CMD_PORT),a
    1700   00:49A4  3E 4E                   ld  a,CMD_NAGLE_OFF
    1701   00:49A6                          SEND_DATA
    1701   00:49A6  32 07 7F          >     ld  (MEM_OUT_TX_PORT),a
    1702   00:49A9  21 3C 00                ld  hl,60                       ; Wait Up To 1s
    1703   00:49AC  CD 38 4B                call    WAIT_MENU_QCMD_RESPONSE
    1704   00:49AF  CA 2F 4B                jp  z,MENU_BAD_END
    1705   00:49B2  21 7D 70                ld  hl,STR_SENDING_OK           ; Success
    1706   00:49B5  CD 9D 4C                call    PRINTHL
    1707   00:49B8  C3 0E 4A                jp  WAIT_2S_AND_THEN_MAINMENU
    1708   00:49BB                      
    1709   00:49BB                      STARTWIFISCAN:
    1710   00:49BB                          CLEAR_UART
    1710   00:49BB  3E 14             >     ld  a,20
    1710   00:49BD  32 06 7F          >     ld  (MEM_OUT_CMD_PORT),a
    1711   00:49C0  3E 53                   ld  a,CMD_SCAN_START
    1712   00:49C2                          SEND_DATA
    1712   00:49C2  32 07 7F          >     ld  (MEM_OUT_TX_PORT),a
    1713   00:49C5  21 3C 00                ld  hl,60                       ; Wait Up To 1s
    1714   00:49C8  CD 38 4B                call    WAIT_MENU_QCMD_RESPONSE
    1715   00:49CB  C0                      ret nz                          ; If success return
    1716   00:49CC  3E 0D                   ld  a,CR
    1717   00:49CE  CD A2 00                call    CHPUT
    1718   00:49D1  3E 0A                   ld  a,LF
    1719   00:49D3  CD A2 00                call    CHPUT
    1720   00:49D6  C3 2E 4B                jp  MENU_SUB_BAD_END            ; If error, nothing much to do, main menu
    1721   00:49D9                      
    1722   00:49D9                      SET_NAGLE_ON:
    1723   00:49D9  3E 4F                   ld  a,'O'
    1724   00:49DB  CD A2 00                call    CHPUT
    1725   00:49DE  3E 0D                   ld  a,#0d
    1726   00:49E0  CD A2 00                call    CHPUT
    1727   00:49E3  3E 0A                   ld  a,#0a
    1728   00:49E5  CD A2 00                call    CHPUT
    1729   00:49E8  21 62 70                ld  hl,STR_SENDING              ; Indicate it is sending a command
    1730   00:49EB  CD 9D 4C                call    PRINTHL
    1731   00:49EE                          CLEAR_UART
    1731   00:49EE  3E 14             >     ld  a,20
    1731   00:49F0  32 06 7F          >     ld  (MEM_OUT_CMD_PORT),a
    1732   00:49F3  3E 44                   ld  a,CMD_NAGLE_ON
    1733   00:49F5                          SEND_DATA
    1733   00:49F5  32 07 7F          >     ld  (MEM_OUT_TX_PORT),a
    1734   00:49F8  21 3C 00                ld  hl,60                       ; Wait Up To 1s
    1735   00:49FB  CD 38 4B                call    WAIT_MENU_QCMD_RESPONSE
    1736   00:49FE  CA 2F 4B                jp  z,MENU_BAD_END
    1737   00:4A01  21 7D 70                ld  hl,STR_SENDING_OK           ; Success
    1738   00:4A04  CD 9D 4C                call    PRINTHL
    1739   00:4A07  C3 0E 4A                jp  WAIT_2S_AND_THEN_MAINMENU
    1740   00:4A0A                      
    1741   00:4A0A                      WAIT_4S_AND_THEN_MAINMENU:
    1742   00:4A0A  3E F0                   ld  a,240                       ; Wait 4 seconds with message on screen
    1743   00:4A0C  18 02                   jr  WAIT_AND_THEN_MAINMENU
    1744   00:4A0E                      WAIT_2S_AND_THEN_MAINMENU:
    1745   00:4A0E  3E 78                   ld  a,120                       ; Wait 2 seconds with message on screen
    1746   00:4A10                      WAIT_AND_THEN_MAINMENU:
    1747   00:4A10  CD 18 4A                call    WAIT_BEFORE_CONTINUING
    1748   00:4A13  C3 5E 42                jp  ESPSETUP                    ; When done, back to main setup
    1749   00:4A16                      WAIT_250MS_AND_THEN_CONTINUE:
    1750   00:4A16  3E 0F                   ld  a,15                        ; Wait 250 ms then continue
    1751   00:4A18                      WAIT_BEFORE_CONTINUING:
    1752   00:4A18  76                      halt
    1753   00:4A19  3D                      dec a
    1754   00:4A1A                          ; If not zero, our time out has not elapsed
    1755   00:4A1A  20 FC                   jr  nz,WAIT_BEFORE_CONTINUING
    1756   00:4A1C  C9                      ret                             ; Time out and continue
    1757   00:4A1D                      
    1758   00:4A1D                      ; Check Auto Clock
    1759   00:4A1D                      ISCLKAUTO:
    1760   00:4A1D                          CLEAR_UART
    1760   00:4A1D  3E 14             >     ld  a,20
    1760   00:4A1F  32 06 7F          >     ld  (MEM_OUT_CMD_PORT),a
    1761   00:4A22  3E 63                   ld  a,CMD_QUERY_ACLK_SETTINGS
    1762   00:4A24                          SEND_DATA
    1762   00:4A24  32 07 7F          >     ld  (MEM_OUT_TX_PORT),a
    1763   00:4A27  21 3C 00                ld  hl,60                       ; Wait Up To 1s
    1764   00:4A2A  ED 5B 76 F6             ld  de,(TXTTAB)                 ; We will borrow Basic Program memory area for now...
    1765   00:4A2E  DD 6B                   ld  ixl,e
    1766   00:4A30  DD 62                   ld  ixh,d                       ; address in IX
    1767   00:4A32  CD 75 4B                call    WAIT_MENU_CMD_RESPONSE
    1768   00:4A35  CA 2E 4B                jp  z,MENU_SUB_BAD_END
    1769   00:4A38                          ; Response received, IX+0 and IX+1 has Auto Clock and GMT, A
    1770   00:4A38  C9                      ret
    1771   00:4A39                      
    1772   00:4A39                      ; Check what is the current NAGLE setting
    1773   00:4A39                      CHECKNAGLE:
    1774   00:4A39                          CLEAR_UART
    1774   00:4A39  3E 14             >     ld  a,20
    1774   00:4A3B  32 06 7F          >     ld  (MEM_OUT_CMD_PORT),a
    1775   00:4A3E  3E 51                   ld  a,CMD_QUERY_ESP_SETTINGS
    1776   00:4A40                          SEND_DATA
    1776   00:4A40  32 07 7F          >     ld  (MEM_OUT_TX_PORT),a
    1777   00:4A43  21 3C 00                ld  hl,60                       ; Wait Up To 1s
    1778   00:4A46  ED 5B 76 F6             ld  de,(TXTTAB)                 ; We will borrow Basic Program memory area for now...
    1779   00:4A4A  DD 6B                   ld  ixl,e
    1780   00:4A4C  DD 62                   ld  ixh,d                       ; Address in IX
    1781   00:4A4E  CD 75 4B                call    WAIT_MENU_CMD_RESPONSE
    1782   00:4A51  CA 2E 4B                jp  z,MENU_SUB_BAD_END
    1783   00:4A54                          ; Response received, nagle is the first one, ON: or OFF:
    1784   00:4A54  3E 4F                   ld  a,'O'
    1785   00:4A56  DD BE 00                cp  (ix+0)
    1786   00:4A59  C2 2E 4B                jp  nz,MENU_SUB_BAD_END
    1787   00:4A5C  3E 4E                   ld  a,'N'
    1788   00:4A5E  DD BE 01                cp  (ix+1)
    1789   00:4A61  C2 6E 4A                jp  nz,CHECK_NAGLE_OFF
    1790   00:4A64  3E 3A                   ld  a,':'
    1791   00:4A66  DD BE 02                cp  (ix+2)
    1792   00:4A69  C2 2E 4B                jp  nz,MENU_SUB_BAD_END
    1793   00:4A6C  B7                      or  a                           ; It will make it NZ
    1794   00:4A6D  C9                      ret
    1795   00:4A6E                      CHECK_NAGLE_OFF:
    1796   00:4A6E  3E 46                   ld  a,'F'
    1797   00:4A70  DD BE 01                cp  (ix+1)
    1798   00:4A73  C2 2E 4B                jp  nz,MENU_SUB_BAD_END
    1799   00:4A76  3E 46                   ld  a,'F'
    1800   00:4A78  DD BE 02                cp  (ix+2)
    1801   00:4A7B  C2 2E 4B                jp  nz,MENU_SUB_BAD_END
    1802   00:4A7E  3E 3A                   ld  a,':'
    1803   00:4A80  DD BE 03                cp  (ix+3)
    1804   00:4A83  C2 2E 4B                jp  nz,MENU_SUB_BAD_END
    1805   00:4A86                          ; Already has zero, so just ret
    1806   00:4A86  C9                      ret
    1807   00:4A87                      
    1808   00:4A87                      ; Check what is the current TIMEOUT setting, return 0 if always on, otherwise there is a timeout
    1809   00:4A87                      ; Will return a zero terminated string @ HL that can be printed
    1810   00:4A87                      ; Will return the value in DE
    1811   00:4A87                      CHECKTIMEOUT:
    1812   00:4A87                          CLEAR_UART
    1812   00:4A87  3E 14             >     ld  a,20
    1812   00:4A89  32 06 7F          >     ld  (MEM_OUT_CMD_PORT),a
    1813   00:4A8C  3E 51                   ld  a,CMD_QUERY_ESP_SETTINGS
    1814   00:4A8E                          SEND_DATA
    1814   00:4A8E  32 07 7F          >     ld  (MEM_OUT_TX_PORT),a
    1815   00:4A91  21 3C 00                ld  hl,60                       ; Wait Up To 1s
    1816   00:4A94  ED 5B 76 F6             ld  de,(TXTTAB)                 ; We will borrow Basic Program memory area for now...
    1817   00:4A98  DD 6B                   ld  ixl,e
    1818   00:4A9A  DD 62                   ld  ixh,d                       ; Address in IX
    1819   00:4A9C  CD 75 4B                call    WAIT_MENU_CMD_RESPONSE
    1820   00:4A9F  CA 2E 4B                jp  z,MENU_SUB_BAD_END
    1821   00:4AA2                          ; Response received, nagle is the first one, ON: or OFF:
    1822   00:4AA2  3E 3A                   ld  a,':'
    1823   00:4AA4  DD 23                   inc ix
    1824   00:4AA6  DD 23                   inc ix                          ; Nagle response is two or three bytes long, let's check
    1825   00:4AA8  0B                      dec bc
    1826   00:4AA9  0B                      dec bc                          ; Remaining bytes
    1827   00:4AAA  DD BE 00                cp  (ix+0)
    1828   00:4AAD  CA B9 4A                jp  z,CHECKTIMEOUT.1
    1829   00:4AB0  DD 23                   inc ix
    1830   00:4AB2  0B                      dec bc                          ; Remaining bytes
    1831   00:4AB3  DD BE 00                cp  (ix+0)
    1832   00:4AB6  C2 2E 4B                jp  nz,MENU_SUB_BAD_END         ; If not here, sorry to say it is an error
    1833   00:4AB9                      CHECKTIMEOUT.1:
    1834   00:4AB9  78                      ld  a,b
    1835   00:4ABA  B1                      or  c                           ; All data read?
    1836   00:4ABB  CA 2E 4B                jp  z,MENU_SUB_BAD_END          ; If so, sorry to say it is an error
    1837   00:4ABE  DD 23                   inc ix                          ; At the first digit
    1838   00:4AC0  0B                      dec bc                          ; Remaining bytes
    1839   00:4AC1  78                      ld  a,b
    1840   00:4AC2  B1                      or  c                           ; All data read?
    1841   00:4AC3  CA 2E 4B                jp  z,MENU_SUB_BAD_END          ; If so, sorry to say it is an error
    1842   00:4AC6  DD E5                   push    ix                      ; This is the start of the string, save it
    1843   00:4AC8  26 00                   ld  h,0                         ; No digit so far
    1844   00:4ACA                          ; It can have up to three digits
    1845   00:4ACA                      CHECKTIMEOUT.2:
    1846   00:4ACA  3E 3A                   ld  a,':'
    1847   00:4ACC  DD BE 00                cp  (ix+0)                      ; Check if it is the separator
    1848   00:4ACF  CA F0 4A                jp  z,CHECKTIMEOUT.3            ; If it is routine will follow through
    1849   00:4AD2  DD 7E 00                ld  a,(ix+0)                    ; Get the supposed digit in A
    1850   00:4AD5  2E 3A                   ld  l,'9'+1
    1851   00:4AD7  BD                      cp  l
    1852   00:4AD8  D2 2D 4B                jp  nc,MENU_SUB_BAD_END_1S      ; If more than '9', sorry to say it is an error
    1853   00:4ADB  2E 30                   ld  l,'0'
    1854   00:4ADD  BD                      cp  l
    1855   00:4ADE  DA 2D 4B                jp  c,MENU_SUB_BAD_END_1S       ; If less than '0', sorry to say it is an error
    1856   00:4AE1  24                      inc h                           ; It is not, so it is a digit
    1857   00:4AE2  3E 03                   ld  a,3
    1858   00:4AE4  BC                      cp  h
    1859   00:4AE5  DA 2D 4B                jp  c,MENU_SUB_BAD_END_1S       ; If more than three digits, sorry to say it is an error
    1860   00:4AE8  DD 23                   inc ix                          ; Increase pointer
    1861   00:4AEA  0B                      dec bc                          ; Decrease remaining
    1862   00:4AEB  78                      ld  a,b
    1863   00:4AEC  B1                      or  c                           ; All data read?
    1864   00:4AED  C2 CA 4A                jp  nz,CHECKTIMEOUT.2           ; Not, so rinse and repeat
    1865   00:4AF0                      CHECKTIMEOUT.3:
    1866   00:4AF0  DD 36 00 00             ld  (ix+0),0                    ; Null terminate string value
    1867   00:4AF4  DD 2B                   dec ix
    1868   00:4AF6  DD 7E 00                ld  a,(ix+0)                    ; 1st Digit in A
    1869   00:4AF9  D6 30                   sub '0'                         ; Convert it to decimal value
    1870   00:4AFB  5F                      ld  e,a
    1871   00:4AFC  16 00                   ld  d,0                         ; DE has first digit
    1872   00:4AFE  25                      dec h                           ; Decrement digit counter
    1873   00:4AFF  28 28                   jr  z,CHECKTIMEOUT.END          ; If all digits, done
    1874   00:4B01                          ; Now second digit, multiply it by 10 and add to E, even if 90 + 9, still fits E
    1875   00:4B01  DD 2B                   dec ix
    1876   00:4B03  DD 7E 00                ld  a,(ix+0)                    ; 2nd Digit
    1877   00:4B06  D6 30                   sub '0'                         ; Convert it to decimal value
    1878   00:4B08  87                      add a,a                         ; A has *2
    1879   00:4B09  4F                      ld  c,a                         ; C has *2
    1880   00:4B0A  87                      add a,a                         ; A has *4
    1881   00:4B0B  87                      add a,a                         ; A has *8
    1882   00:4B0C  81                      add a,c                         ; A has *10
    1883   00:4B0D  83                      add a,e                         ; A has two digits result
    1884   00:4B0E  5F                      ld  e,a                         ; Back to E, DE has two digits results
    1885   00:4B0F  25                      dec h                           ; Decrement digit counter
    1886   00:4B10  28 17                   jr  z,CHECKTIMEOUT.END          ; If all digits, done
    1887   00:4B12                          ; Now Third digit, multiply it by 100 and add to DE
    1888   00:4B12  DD 2B                   dec ix
    1889   00:4B14  DD 7E 00                ld  a,(ix+0)                    ; 3rd Digit
    1890   00:4B17  D6 30                   sub '0'                         ; Convert it to decimal value
    1891   00:4B19  87                      add a,a                         ; A has *2
    1892   00:4B1A  4F                      ld  c,a                         ; C has *2
    1893   00:4B1B  87                      add a,a                         ; A has *4
    1894   00:4B1C  87                      add a,a                         ; A has *8
    1895   00:4B1D  81                      add a,c                         ; A has *10
    1896   00:4B1E  26 00                   ld  h,0
    1897   00:4B20  6F                      ld  l,a                         ; HL has *10
    1898   00:4B21  29                      add hl,hl                       ; HL has *20
    1899   00:4B22  44                      ld  b,h
    1900   00:4B23  4D                      ld  c,l                         ; BC has *20
    1901   00:4B24  29                      add hl,hl                       ; HL has *40
    1902   00:4B25  29                      add hl,hl                       ; HL has *80
    1903   00:4B26  09                      add hl,bc                       ; HL has *100
    1904   00:4B27  19                      add hl,de                       ; HL has three digit value
    1905   00:4B28  EB                      ex  de,hl                       ; now in DE
    1906   00:4B29                      CHECKTIMEOUT.END:
    1907   00:4B29  E1                      pop hl                          ; Restore address of string version of time count
    1908   00:4B2A  7A                      ld  a,d
    1909   00:4B2B  B3                      or  e                           ; Set zero flag according to the time out set
    1910   00:4B2C  C9                      ret
    1911   00:4B2D                      
    1912   00:4B2D                      MENU_SUB_BAD_END_1S:
    1913   00:4B2D  F1                      pop af                          ; 1 register was stacked, pop it
    1914   00:4B2E                      MENU_SUB_BAD_END:
    1915   00:4B2E  F1                      pop af                          ; It was a sub, so clear stack
    1916   00:4B2F                      MENU_BAD_END:
    1917   00:4B2F  21 FA 70                ld  hl,STR_SENDING_FAIL         ; error message
    1918   00:4B32  CD 9D 4C                call    PRINTHL
    1919   00:4B35  C3 0E 4A                jp  WAIT_2S_AND_THEN_MAINMENU
    1920   00:4B38                      
    1921   00:4B38                      ; WAIT an ESP quick command Response
    1922   00:4B38                      ; Inputs:
    1923   00:4B38                      ; A -> Command Code
    1924   00:4B38                      ; HL -> Timeout
    1925   00:4B38                      ;
    1926   00:4B38                      ; Returns:
    1927   00:4B38                      ; Flag Z is zero if failure, non zero if success
    1928   00:4B38                      ;
    1929   00:4B38                      ; Affect:
    1930   00:4B38                      ; AF and HL
    1931   00:4B38                      ;
    1932   00:4B38                      WAIT_MENU_QCMD_RESPONSE:
    1933   00:4B38  D5                      push    de
    1934   00:4B39  57                      ld  d,a                         ; Command to wait in D
    1935   00:4B3A                      WAIT_MENU_QCMD_RESPONSE_ST1:
    1936   00:4B3A                          LOAD_STS_PORT_IN_A
    1936   00:4B3A  3A 07 7F          >     ld  a,(MEM_IN_STS_PORT)
    1937   00:4B3D  CB 6F                   bit 5,a                         ; If nz Port #07 is not available
    1938   00:4B3F  C2 6F 4B                jp  nz,WAIT_MENU_QCMD_RESPONSE_END_NOK
    1939   00:4B42  CB 47                   bit 0,a                         ; If nz has data
    1940   00:4B44  20 08                   jr  nz,WAIT_MENU_QCMD_RESPONSE_ST1.1
    1941   00:4B46  CD 97 4C                call    HLTIMEOUT
    1942   00:4B49  20 EF                   jr  nz,WAIT_MENU_QCMD_RESPONSE_ST1
    1943   00:4B4B  C3 6D 4B                jp  WAIT_MENU_QCMD_RESPONSE_END ; If time out waiting, return
    1944   00:4B4E                      WAIT_MENU_QCMD_RESPONSE_ST1.1:
    1945   00:4B4E                          ; nz, check the data
    1946   00:4B4E                          RECEIVE_DATA
    1946   00:4B4E  3A 06 7F          >     ld a,(MEM_IN_DATA_PORT)
    1947   00:4B51  BA                      cp  d                           ; Is response of our command?
    1948   00:4B52  20 E6                   jr  nz,WAIT_MENU_QCMD_RESPONSE_ST1
    1949   00:4B54                          ; Now get return code, if return code other than 0, it is failure, otherwise success
    1950   00:4B54                      WAIT_MENU_QCMD_RESPONSE_RC:
    1951   00:4B54                          CHECK_DATA
    1951   00:4B54  3A 07 7F          >     ld  a,(MEM_IN_STS_PORT)
    1951   00:4B57  CB 47             >     bit 0,a
    1952   00:4B59  20 08                   jr  nz,WAIT_MENU_QCMD_RESPONSE_RC.1
    1953   00:4B5B  CD 97 4C                call    HLTIMEOUT
    1954   00:4B5E  20 F4                   jr  nz,WAIT_MENU_QCMD_RESPONSE_RC
    1955   00:4B60  C3 6D 4B                jp  WAIT_MENU_QCMD_RESPONSE_END ; If time-out waiting, return
    1956   00:4B63                      WAIT_MENU_QCMD_RESPONSE_RC.1:
    1957   00:4B63                          RECEIVE_DATA
    1957   00:4B63  3A 06 7F          >     ld a,(MEM_IN_DATA_PORT)
    1958   00:4B66  B7                      or  a                           ; 0?
    1959   00:4B67                          ; If not, done
    1960   00:4B67  C2 6F 4B                jp  nz,WAIT_MENU_QCMD_RESPONSE_END_NOK
    1961   00:4B6A                      WAIT_MENU_QCMD_RESPONSE_END_OK:
    1962   00:4B6A  3E 01                   ld  a,1
    1963   00:4B6C  B7                      or  a                           ; NZ to indicate success
    1964   00:4B6D                      WAIT_MENU_QCMD_RESPONSE_END:
    1965   00:4B6D  D1                      pop de
    1966   00:4B6E  C9                      ret
    1967   00:4B6F                      WAIT_MENU_QCMD_RESPONSE_END_NOK:
    1968   00:4B6F  21 00 00                ld  hl,0
    1969   00:4B72  AF                      xor a
    1970   00:4B73  D1                      pop de
    1971   00:4B74  C9                      ret
    1972   00:4B75                      
    1973   00:4B75                      ; WAIT an ESP regular command Response
    1974   00:4B75                      ; Inputs:
    1975   00:4B75                      ; A -> Command Code
    1976   00:4B75                      ; HL -> Timeout
    1977   00:4B75                      ; IX -> Where to store response
    1978   00:4B75                      ;
    1979   00:4B75                      ; Returns:
    1980   00:4B75                      ; Flag Z is zero if failure, non zero if success
    1981   00:4B75                      ; BC is the response size
    1982   00:4B75                      ;
    1983   00:4B75                      ; Affect:
    1984   00:4B75                      ; AF , BC and HL
    1985   00:4B75                      WAIT_MENU_CMD_RESPONSE:
    1986   00:4B75  D5                      push    de
    1987   00:4B76  DD E5                   push    ix
    1988   00:4B78  57                      ld  d,a                         ; Command to wait in D
    1989   00:4B79                      WAIT_MENU_CMD_RESPONSE_ST1:
    1990   00:4B79                          LOAD_STS_PORT_IN_A
    1990   00:4B79  3A 07 7F          >     ld  a,(MEM_IN_STS_PORT)
    1991   00:4B7C  CB 6F                   bit 5,a                         ; If nz Port #07 is not available
    1992   00:4B7E  C2 FD 4B                jp  nz,WAIT_MENU_CMD_RESPONSE_END_NOK
    1993   00:4B81  CB 47                   bit 0,a                         ; If nz has data
    1994   00:4B83  20 08                   jr  nz,WAIT_MENU_CMD_RESPONSE_ST1.1
    1995   00:4B85  CD 97 4C                call    HLTIMEOUT
    1996   00:4B88  20 EF                   jr  nz,WAIT_MENU_CMD_RESPONSE_ST1
    1997   00:4B8A  C3 F7 4B                jp  WAIT_MENU_CMD_RESPONSE_END  ; If time out waiting, return
    1998   00:4B8D                      WAIT_MENU_CMD_RESPONSE_ST1.1:
    1999   00:4B8D                          ; nz, check the data
    2000   00:4B8D                          RECEIVE_DATA
    2000   00:4B8D  3A 06 7F          >     ld a,(MEM_IN_DATA_PORT)
    2001   00:4B90  BA                      cp  d                           ; Is response of our command?
    2002   00:4B91  20 E6                   jr  nz,WAIT_MENU_CMD_RESPONSE_ST1
    2003   00:4B93                          ; Now get return code, if return code other than 0, it is finished
    2004   00:4B93                      WAIT_MENU_CMD_RESPONSE_RC:
    2005   00:4B93                          CHECK_DATA
    2005   00:4B93  3A 07 7F          >     ld  a,(MEM_IN_STS_PORT)
    2005   00:4B96  CB 47             >     bit 0,a
    2006   00:4B98  20 08                   jr  nz,WAIT_MENU_CMD_RESPONSE_RC.1
    2007   00:4B9A  CD 97 4C                call    HLTIMEOUT
    2008   00:4B9D  20 F4                   jr  nz,WAIT_MENU_CMD_RESPONSE_RC
    2009   00:4B9F  C3 F7 4B                jp  WAIT_MENU_CMD_RESPONSE_END  ; If time out waiting, return
    2010   00:4BA2                      WAIT_MENU_CMD_RESPONSE_RC.1:
    2011   00:4BA2                          RECEIVE_DATA
    2011   00:4BA2  3A 06 7F          >     ld a,(MEM_IN_DATA_PORT)
    2012   00:4BA5  B7                      or  a                           ; 0?
    2013   00:4BA6                          ; If not, done
    2014   00:4BA6  C2 FD 4B                jp  nz,WAIT_MENU_CMD_RESPONSE_END_NOK
    2015   00:4BA9                          ; Next two bytes are size bytes, save it to BC
    2016   00:4BA9                      WAIT_MENU_CMD_RESPONSE_ST2A:
    2017   00:4BA9                          CHECK_DATA
    2017   00:4BA9  3A 07 7F          >     ld  a,(MEM_IN_STS_PORT)
    2017   00:4BAC  CB 47             >     bit 0,a
    2018   00:4BAE  20 08                   jr  nz,WAIT_MENU_CMD_RESPONSE_ST2A.1
    2019   00:4BB0  CD 97 4C                call    HLTIMEOUT
    2020   00:4BB3  20 F4                   jr  nz,WAIT_MENU_CMD_RESPONSE_ST2A
    2021   00:4BB5  C3 F7 4B                jp  WAIT_MENU_CMD_RESPONSE_END  ; If time out waiting, return
    2022   00:4BB8                      WAIT_MENU_CMD_RESPONSE_ST2A.1:
    2023   00:4BB8                          RECEIVE_DATA
    2023   00:4BB8  3A 06 7F          >     ld a,(MEM_IN_DATA_PORT)
    2024   00:4BBB  47                      ld  b,a
    2025   00:4BBC                      WAIT_MENU_CMD_RESPONSE_ST2B:
    2026   00:4BBC                          CHECK_DATA
    2026   00:4BBC  3A 07 7F          >     ld  a,(MEM_IN_STS_PORT)
    2026   00:4BBF  CB 47             >     bit 0,a
    2027   00:4BC1  20 08                   jr  nz,WAIT_MENU_CMD_RESPONSE_ST2B.1
    2028   00:4BC3  CD 97 4C                call    HLTIMEOUT
    2029   00:4BC6  20 F4                   jr  nz,WAIT_MENU_CMD_RESPONSE_ST2B
    2030   00:4BC8  C3 F7 4B                jp  WAIT_MENU_CMD_RESPONSE_END  ; If time out waiting, return
    2031   00:4BCB                      WAIT_MENU_CMD_RESPONSE_ST2B.1:
    2032   00:4BCB                          RECEIVE_DATA
    2032   00:4BCB  3A 06 7F          >     ld a,(MEM_IN_DATA_PORT)
    2033   00:4BCE  4F                      ld  c,a
    2034   00:4BCF  B0                      or  b                           ; Zero size in response?
    2035   00:4BD0  28 1E                   jr  z,WAIT_MENU_CMD_RESPONSE_END_OK
    2036   00:4BD2  50                      ld  d,b
    2037   00:4BD3  59                      ld  e,c                         ; Copy to DE
    2038   00:4BD4                          ; Now loop getting the data until received everything or time-out
    2039   00:4BD4                      WAIT_MENU_CMD_RESPONSE_GET_DATA:
    2040   00:4BD4                          CHECK_DATA
    2040   00:4BD4  3A 07 7F          >     ld  a,(MEM_IN_STS_PORT)
    2040   00:4BD7  CB 47             >     bit 0,a
    2041   00:4BD9  20 08                   jr  nz,WAIT_MENU_CMD_RESPONSE_GET_DATA.1
    2042   00:4BDB  CD 97 4C                call    HLTIMEOUT
    2043   00:4BDE  20 F4                   jr  nz,WAIT_MENU_CMD_RESPONSE_GET_DATA
    2044   00:4BE0  C3 F7 4B                jp  WAIT_MENU_CMD_RESPONSE_END  ; If time out waiting, return
    2045   00:4BE3                      WAIT_MENU_CMD_RESPONSE_GET_DATA.1:
    2046   00:4BE3                          RECEIVE_DATA            ; Get data
    2046   00:4BE3  3A 06 7F          >     ld a,(MEM_IN_DATA_PORT)
    2047   00:4BE6  DD 77 00                ld  (ix+0),a                    ; Put it in the buffer
    2048   00:4BE9  DD 23                   inc ix                          ; Increment pointer
    2049   00:4BEB  1B                      dec de                          ; Decrement counter
    2050   00:4BEC  7A                      ld  a,d
    2051   00:4BED  B3                      or  e                           ; Is counter 0?
    2052   00:4BEE  20 E4                   jr  nz,WAIT_MENU_CMD_RESPONSE_GET_DATA
    2053   00:4BF0                      WAIT_MENU_CMD_RESPONSE_END_OK:
    2054   00:4BF0  3E 01                   ld  a,1
    2055   00:4BF2  B7                      or  a                           ; NZ to indicate success
    2056   00:4BF3  DD E1                   pop ix
    2057   00:4BF5  D1                      pop de
    2058   00:4BF6  C9                      ret
    2059   00:4BF7                      WAIT_MENU_CMD_RESPONSE_END:
    2060   00:4BF7  06 FF                   ld  b,#FF
    2061   00:4BF9  DD E1                   pop ix
    2062   00:4BFB  D1                      pop de
    2063   00:4BFC  C9                      ret
    2064   00:4BFD                      WAIT_MENU_CMD_RESPONSE_END_NOK:
    2065   00:4BFD  21 00 00                ld  hl,0
    2066   00:4C00  47                      ld  b,a                         ; Get result in B, 0xFF for time-out, otherwise was an error return code
    2067   00:4C01  AF                      xor a
    2068   00:4C02  DD E1                   pop ix
    2069   00:4C04  D1                      pop de
    2070   00:4C05  C9                      ret
    2071   00:4C06                      
    2072   00:4C06                      ; WAIT an ESP Wi-Fi Scan command Response
    2073   00:4C06                      ; Inputs:
    2074   00:4C06                      ; A -> Command Code
    2075   00:4C06                      ; HL -> Timeout
    2076   00:4C06                      ; IX -> Where to store response
    2077   00:4C06                      ;
    2078   00:4C06                      ; Returns:
    2079   00:4C06                      ; Flag Z is zero if failure, non zero if success
    2080   00:4C06                      ; A is the number of access points scanned
    2081   00:4C06                      ;
    2082   00:4C06                      ; Response is stored as:
    2083   00:4C06                      ; Access Point SSID zero terminated and after first 0
    2084   00:4C06                      ; 0 if Open otherwise requires a password to join
    2085   00:4C06                      ; And this repeats...
    2086   00:4C06                      ;
    2087   00:4C06                      ; Affect:
    2088   00:4C06                      ; AF , BC and HL
    2089   00:4C06                      ;
    2090   00:4C06                      WAIT_MENU_SCMD_RESPONSE:
    2091   00:4C06  D5                      push    de
    2092   00:4C07  DD E5                   push    ix
    2093   00:4C09  57                      ld  d,a                         ; Command to wait in D
    2094   00:4C0A                      WAIT_MENU_SCMD_RESPONSE_ST1:
    2095   00:4C0A                          LOAD_STS_PORT_IN_A
    2095   00:4C0A  3A 07 7F          >     ld  a,(MEM_IN_STS_PORT)
    2096   00:4C0D  CB 6F                   bit 5,a                         ; If nz Port #07 is not available
    2097   00:4C0F  C2 8E 4C                jp  nz,WAIT_MENU_SCMD_RESPONSE_END_NOK
    2098   00:4C12  CB 47                   bit 0,a                         ; If nz has data
    2099   00:4C14  20 08                   jr  nz,WAIT_MENU_SCMD_RESPONSE_ST1.1
    2100   00:4C16  CD 97 4C                call    HLTIMEOUT
    2101   00:4C19  20 EF                   jr  nz,WAIT_MENU_SCMD_RESPONSE_ST1
    2102   00:4C1B  C3 8A 4C                jp  WAIT_MENU_SCMD_RESPONSE_END ; If time out waiting, return
    2103   00:4C1E                      WAIT_MENU_SCMD_RESPONSE_ST1.1:
    2104   00:4C1E                          ; nz, check the data
    2105   00:4C1E                          RECEIVE_DATA
    2105   00:4C1E  3A 06 7F          >     ld a,(MEM_IN_DATA_PORT)
    2106   00:4C21  BA                      cp  d                           ; Is response of our command?
    2107   00:4C22  20 E6                   jr  nz,WAIT_MENU_SCMD_RESPONSE_ST1
    2108   00:4C24                          ; Now get return code, if return code other than 0, it is finished
    2109   00:4C24                      WAIT_MENU_SCMD_RESPONSE_RC:
    2110   00:4C24                          CHECK_DATA
    2110   00:4C24  3A 07 7F          >     ld  a,(MEM_IN_STS_PORT)
    2110   00:4C27  CB 47             >     bit 0,a
    2111   00:4C29  20 08                   jr  nz,WAIT_MENU_SCMD_RESPONSE_RC.1
    2112   00:4C2B  CD 97 4C                call    HLTIMEOUT
    2113   00:4C2E  20 F4                   jr  nz,WAIT_MENU_SCMD_RESPONSE_RC
    2114   00:4C30  C3 8A 4C                jp  WAIT_MENU_SCMD_RESPONSE_END ; If time out waiting, return
    2115   00:4C33                      WAIT_MENU_SCMD_RESPONSE_RC.1:
    2116   00:4C33                          RECEIVE_DATA
    2116   00:4C33  3A 06 7F          >     ld a,(MEM_IN_DATA_PORT)
    2117   00:4C36  B7                      or  a                           ; 0?
    2118   00:4C37                          ; If not, done
    2119   00:4C37  C2 8E 4C                jp  nz,WAIT_MENU_SCMD_RESPONSE_END_NOK
    2120   00:4C3A                          ; Next byte is how many access points are available
    2121   00:4C3A                      WAIT_MENU_SCMD_RESPONSE_ST2A:
    2122   00:4C3A                          CHECK_DATA
    2122   00:4C3A  3A 07 7F          >     ld  a,(MEM_IN_STS_PORT)
    2122   00:4C3D  CB 47             >     bit 0,a
    2123   00:4C3F  20 08                   jr  nz,WAIT_MENU_SCMD_RESPONSE_ST2A.1
    2124   00:4C41  CD 97 4C                call    HLTIMEOUT
    2125   00:4C44  20 F4                   jr  nz,WAIT_MENU_SCMD_RESPONSE_ST2A
    2126   00:4C46  C3 8A 4C                jp  WAIT_MENU_SCMD_RESPONSE_END ; If time out waiting, return
    2127   00:4C49                      WAIT_MENU_SCMD_RESPONSE_ST2A.1:
    2128   00:4C49                          RECEIVE_DATA
    2128   00:4C49  3A 06 7F          >     ld a,(MEM_IN_DATA_PORT)
    2129   00:4C4C  47                      ld  b,a                         ; Save in B
    2130   00:4C4D  4F                      ld  c,a                         ; And C as well
    2131   00:4C4E                          ; Now should loop this until c is 0, c will control access point received count
    2132   00:4C4E                      WAIT_MENU_SCMD_RESPONSE_ST2B:
    2133   00:4C4E                          CHECK_DATA
    2133   00:4C4E  3A 07 7F          >     ld  a,(MEM_IN_STS_PORT)
    2133   00:4C51  CB 47             >     bit 0,a
    2134   00:4C53  20 08                   jr  nz,WAIT_MENU_SCMD_RESPONSE_ST2B.1
    2135   00:4C55  CD 97 4C                call    HLTIMEOUT
    2136   00:4C58  20 F4                   jr  nz,WAIT_MENU_SCMD_RESPONSE_ST2B
    2137   00:4C5A  C3 8A 4C                jp  WAIT_MENU_SCMD_RESPONSE_END ; If time out waiting, return
    2138   00:4C5D                      WAIT_MENU_SCMD_RESPONSE_ST2B.1:
    2139   00:4C5D                          RECEIVE_DATA
    2139   00:4C5D  3A 06 7F          >     ld a,(MEM_IN_DATA_PORT)
    2140   00:4C60  DD 77 00                ld  (ix+0),a
    2141   00:4C63  DD 23                   inc ix                          ; Increment pointer
    2142   00:4C65  B7                      or  a                           ; Terminator of AP Name?
    2143   00:4C66  20 E6                   jr  nz,WAIT_MENU_SCMD_RESPONSE_ST2B
    2144   00:4C68                          ; Get encryption
    2145   00:4C68                      WAIT_MENU_SCMD_RESPONSE_GET_ENC:
    2146   00:4C68                          CHECK_DATA
    2146   00:4C68  3A 07 7F          >     ld  a,(MEM_IN_STS_PORT)
    2146   00:4C6B  CB 47             >     bit 0,a
    2147   00:4C6D  20 08                   jr  nz,WAIT_MENU_SCMD_RESPONSE_GET_ENC.1
    2148   00:4C6F  CD 97 4C                call    HLTIMEOUT
    2149   00:4C72  20 F4                   jr  nz,WAIT_MENU_SCMD_RESPONSE_GET_ENC
    2150   00:4C74  C3 8A 4C                jp  WAIT_MENU_SCMD_RESPONSE_END  ; If time out waiting, return
    2151   00:4C77                      WAIT_MENU_SCMD_RESPONSE_GET_ENC.1:
    2152   00:4C77                          RECEIVE_DATA            ; Get data
    2152   00:4C77  3A 06 7F          >     ld a,(MEM_IN_DATA_PORT)
    2153   00:4C7A  D6 4F                   sub 'O'                         ; If O, open, will be 0, otherwise, will be notzero
    2154   00:4C7C  DD 77 00                ld  (ix+0),a                    ; Put it in the buffer
    2155   00:4C7F  DD 23                   inc ix                          ; Increment pointer
    2156   00:4C81  0D                      dec c                           ; Decrement counter
    2157   00:4C82  AF                      xor a
    2158   00:4C83  B1                      or  c                           ; Is counter 0?
    2159   00:4C84                          ; If not continue getting more SSIDs
    2160   00:4C84  20 C8                   jr  nz,WAIT_MENU_SCMD_RESPONSE_ST2B
    2161   00:4C86                          ; It is zero, so, done
    2162   00:4C86                      WAIT_MENU_SCMD_RESPONSE_END_OK:
    2163   00:4C86  3E 01                   ld  a,1
    2164   00:4C88  B7                      or  a                           ; NZ to indicate success
    2165   00:4C89  78                      ld  a,b                         ; Number of APs in A
    2166   00:4C8A                      WAIT_MENU_SCMD_RESPONSE_END:
    2167   00:4C8A  DD E1                   pop ix
    2168   00:4C8C  D1                      pop de
    2169   00:4C8D  C9                      ret
    2170   00:4C8E                      WAIT_MENU_SCMD_RESPONSE_END_NOK:
    2171   00:4C8E  21 00 00                ld  hl,0
    2172   00:4C91  47                      ld  b,a                         ; Return code in B
    2173   00:4C92  AF                      xor a
    2174   00:4C93  DD E1                   pop ix
    2175   00:4C95  D1                      pop de
    2176   00:4C96  C9                      ret
    2177   00:4C97                      
    2178   00:4C97                      ; This routine will check if HL is 0, if it is, will return immediatelly
    2179   00:4C97                      ; If it is not, will decrease HL value and halt (wait one interrupt)
    2180   00:4C97                      HLTIMEOUT:
    2181   00:4C97  7C                      ld  a,h
    2182   00:4C98  B5                      or  l
    2183   00:4C99  C8                      ret z
    2184   00:4C9A  2B                      dec hl
    2185   00:4C9B  76                      halt
    2186   00:4C9C  C9                      ret
    2187   00:4C9D                      
    2188   00:4C9D                      ; Routine to print the string addressed by HL
    2189   00:4C9D                      PRINTHL:
    2190   00:4C9D  7E                      ld  a,(hl)
    2191   00:4C9E  B7                      or  a
    2192   00:4C9F  C8                      ret z                           ; When string is finished, done!
    2193   00:4CA0  CD A2 00                call    CHPUT
    2194   00:4CA3  23                      inc hl
    2195   00:4CA4  C3 9D 4C                jp  PRINTHL
    2196   00:4CA7                      
    2197   00:4CA7                      ; Routine to print the string addressed by HL on a line, if exceeding it, ends with ..
    2198   00:4CA7                      PRINTHLINE:
    2199   00:4CA7  C5                      push    bc
    2200   00:4CA8  06 18                   ld  b,24
    2201   00:4CAA                      PHLINEL:
    2202   00:4CAA  7E                      ld  a,(hl)
    2203   00:4CAB  B7                      or  a
    2204   00:4CAC  28 1F                   jr  z,PHLINESPC                 ; When string is finished, done!
    2205   00:4CAE  CD A2 00                call    CHPUT
    2206   00:4CB1  23                      inc hl
    2207   00:4CB2  10 F6                   djnz    PHLINEL
    2208   00:4CB4  3E 1D                   ld  a,GOLEFT
    2209   00:4CB6  CD A2 00                call    CHPUT
    2210   00:4CB9  CD A2 00                call    CHPUT
    2211   00:4CBC  3E 01                   ld  a,1
    2212   00:4CBE  CD A2 00                call    CHPUT
    2213   00:4CC1  3E 5B                   ld  a,91
    2214   00:4CC3  CD A2 00                call    CHPUT
    2215   00:4CC6  3E 20                   ld  a,' '
    2216   00:4CC8  CD A2 00                call    CHPUT
    2217   00:4CCB  18 07                   jr  PHLINELR
    2218   00:4CCD                      PHLINESPC:
    2219   00:4CCD  3E 20                   ld  a,' '
    2220   00:4CCF  CD A2 00                call    CHPUT
    2221   00:4CD2  10 F9                   djnz    PHLINESPC
    2222   00:4CD4                      PHLINELR:
    2223   00:4CD4  3E 1D                   ld  a,GOLEFT
    2224   00:4CD6  CD A2 00                call    CHPUT
    2225   00:4CD9  CD A2 00                call    CHPUT
    2226   00:4CDC  C1                      pop bc
    2227   00:4CDD  C9                      ret
    2228   00:4CDE                      
    2229   00:4CDE                      ;===============================
    2230   00:4CDE                      ;===  HTIM_I hook execution  ===
    2231   00:4CDE                      ;===============================
    2232   00:4CDE                      DO_HTIMI:
    2233   00:4CDE  F5                      push    af                      ; HTIM hook -> need to keep A value
    2234   00:4CDF  CD 27 61                call    GETCOUNTER              ; Counter in hl
    2235   00:4CE2  7D                      ld  a,l
    2236   00:4CE3  B4                      or  h                           ; In this operation, check if HL is 0
    2237   00:4CE4  28 04                   jr  z,DO_HTIMI_END              ; If it is, nothing to do
    2238   00:4CE6  2B                      dec hl                          ; Otherwise decrement it
    2239   00:4CE7  CD 36 61                call    SETCOUNTER              ; And save it
    2240   00:4CEA                      DO_HTIMI_END:
    2241   00:4CEA  CD 96 60                call    GETSLT
    2242   00:4CED                          ; Slot in A, now get the address of our counter
    2243   00:4CED  CD 1F 61                call    GETMEMPOINTER
    2244   00:4CF0                          ; HL has the address of our memory area, and there is where we should jump
    2245   00:4CF0  F1                      pop af                          ; Restore original A value
    2246   00:4CF1  E9                      jp  (hl)
    2247   00:4CF2                      
    2248   00:4CF2                      ;===============================
    2249   00:4CF2                      ;===  EXTBIO hook execution  ===
    2250   00:4CF2                      ;===============================
    2251   00:4CF2                      DO_EXTBIO:
    2252   00:4CF2  E5                      push    hl
    2253   00:4CF3  C5                      push    bc
    2254   00:4CF4  F5                      push    af
    2255   00:4CF5  7A                      ld  a,d
    2256   00:4CF6  FE 22                   cp  #22
    2257   00:4CF8  C2 83 4D                jp  nz,JUMP_OLD
    2258   00:4CFB  BB                      cp  e
    2259   00:4CFC  C2 83 4D                jp  nz,JUMP_OLD
    2260   00:4CFF                      
    2261   00:4CFF                          ; Check API ID TCP/IP
    2262   00:4CFF  21 B9 72                ld  hl,UNAPI_ID
    2263   00:4D02  11 47 F8                ld  de,ARG
    2264   00:4D05                      LOOP:
    2265   00:4D05  1A                      ld  a,(de)
    2266   00:4D06  CD 9F 62                call    TOUPPER
    2267   00:4D09  BE                      cp  (hl)
    2268   00:4D0A  20 30                   jr  nz,SSH_CHECK
    2269   00:4D0C  23                      inc hl
    2270   00:4D0D  13                      inc de
    2271   00:4D0E  B7                      or  a
    2272   00:4D0F  20 F4                   jr  nz,LOOP
    2273   00:4D11                      
    2274   00:4D11                          ; A=255: Jump to old hook
    2275   00:4D11                      
    2276   00:4D11  F1                      pop af
    2277   00:4D12  F5                      push    af
    2278   00:4D13  3C                      inc a
    2279   00:4D14  28 26                   jr  z,SSH_CHECK
    2280   00:4D16                      
    2281   00:4D16                          ; A=0: B=B+1 and jump to old hook
    2282   00:4D16                      
    2283   00:4D16  CD 96 60                call    GETSLT
    2284   00:4D19  CD EF 60                call    GETWRK
    2285   00:4D1C  F1                      pop af
    2286   00:4D1D  C1                      pop bc
    2287   00:4D1E  B7                      or  a
    2288   00:4D1F  20 06                   jr  nz,DO_EXTBIO2
    2289   00:4D21  04                      inc b
    2290   00:4D22  E3                      ex  (sp),hl
    2291   00:4D23  11 22 22                ld  de,#2222
    2292   00:4D26  C9                      ret
    2293   00:4D27                      
    2294   00:4D27                      DO_EXTBIO2:
    2295   00:4D27                          ; A=1: Return A=Slot, B=Segment, HL=UNAPI entry address
    2296   00:4D27                      
    2297   00:4D27  3D                      dec a
    2298   00:4D28  20 0D                   jr  nz,DO_EXTBIO3
    2299   00:4D2A  E1                      pop hl
    2300   00:4D2B  CD B6 60                call    GETSLTT                 ; GETSLTT is GETSLT that checks if our memory area @ HIMEM has been allocated, if not, allocate it
    2301   00:4D2E  06 FF                   ld  b,#FF
    2302   00:4D30  21 8F 4D                ld  hl,UNAPI_ENTRY
    2303   00:4D33  11 22 22                ld  de,#2222
    2304   00:4D36  C9                      ret
    2305   00:4D37                      
    2306   00:4D37                          ; A>1: A=A-1, and jump to old hook
    2307   00:4D37                      
    2308   00:4D37                      DO_EXTBIO3:                         ; A=A-1 already done
    2309   00:4D37  E3                      ex  (sp),hl
    2310   00:4D38  11 22 22                ld   de,#2222
    2311   00:4D3B  C9                      ret
    2312   00:4D3C                      
    2313   00:4D3C                      SSH_CHECK:
    2314   00:4D3C                          ; Check API ID SSH
    2315   00:4D3C  21 C0 72                ld  hl,UNAPI_ID2
    2316   00:4D3F  11 47 F8                ld  de,ARG
    2317   00:4D42                      LOOPSSH:
    2318   00:4D42  1A                      ld  a,(de)
    2319   00:4D43  CD 9F 62                call    TOUPPER
    2320   00:4D46  BE                      cp  (hl)
    2321   00:4D47  20 37                   jr  nz,JUMP_OLD2
    2322   00:4D49  23                      inc hl
    2323   00:4D4A  13                      inc de
    2324   00:4D4B  B7                      or  a
    2325   00:4D4C  20 F4                   jr  nz,LOOPSSH
    2326   00:4D4E                      
    2327   00:4D4E                          ; API ID matched, offer only if SSH support was determined at boot
    2328   00:4D4E  CD 37 62                call    GETESPFLAGS
    2329   00:4D51  E6 02                   and ESPFLAG_SSH
    2330   00:4D53  28 2B                   jr  z,JUMP_OLD2
    2331   00:4D55                      
    2332   00:4D55                          ; A=255: Jump to old hook
    2333   00:4D55                      
    2334   00:4D55  F1                      pop af
    2335   00:4D56  F5                      push    af
    2336   00:4D57  3C                      inc a
    2337   00:4D58  28 26                   jr  z,JUMP_OLD2
    2338   00:4D5A                      
    2339   00:4D5A                          ; A=0: B=B+1 and jump to old hook
    2340   00:4D5A                      
    2341   00:4D5A  CD 96 60                call    GETSLT
    2342   00:4D5D  CD EF 60                call    GETWRK
    2343   00:4D60  F1                      pop af
    2344   00:4D61  C1                      pop bc
    2345   00:4D62  B7                      or  a
    2346   00:4D63  20 06                   jr  nz,DO_EXTBIO2SSH
    2347   00:4D65  04                      inc b
    2348   00:4D66  E3                      ex  (sp),hl
    2349   00:4D67  11 22 22                ld  de,#2222
    2350   00:4D6A  C9                      ret
    2351   00:4D6B                      
    2352   00:4D6B                      DO_EXTBIO2SSH:
    2353   00:4D6B                          ; A=1: Return A=Slot, B=Segment, HL=UNAPI entry address
    2354   00:4D6B                      
    2355   00:4D6B  3D                      dec a
    2356   00:4D6C  20 0D                   jr  nz,DO_EXTBIO3SSH
    2357   00:4D6E  E1                      pop hl
    2358   00:4D6F  CD B6 60                call    GETSLTT                 ; GETSLTT is GETSLT that checks if our memory area @ HIMEM has been allocated, if not, allocate it
    2359   00:4D72  06 FF                   ld  b,#FF
    2360   00:4D74  21 EC 4D                ld  hl,UNAPI2_ENTRY
    2361   00:4D77  11 22 22                ld  de,#2222
    2362   00:4D7A  C9                      ret
    2363   00:4D7B                      
    2364   00:4D7B                          ; A>1: A=A-1, and jump to old hook
    2365   00:4D7B                      
    2366   00:4D7B                      DO_EXTBIO3SSH:                         ; A=A-1 already done
    2367   00:4D7B  E3                      ex  (sp),hl
    2368   00:4D7C  11 22 22                ld  de,#2222
    2369   00:4D7F  C9                      ret
    2370   00:4D80                      
    2371   00:4D80                      ; Jump here to execute old EXTBIO code
    2372   00:4D80                      JUMP_OLD2:
    2373   00:4D80  11 22 22                ld  de,#2222
    2374   00:4D83                      JUMP_OLD:                           ; Assumes "push hl,bc,af" done
    2375   00:4D83  D5                      push    de
    2376   00:4D84  CD 96 60                call    GETSLT
    2377   00:4D87  CD EF 60                call    GETWRK
    2378   00:4D8A  D1                      pop de
    2379   00:4D8B  F1                      pop af
    2380   00:4D8C  C1                      pop bc
    2381   00:4D8D  E3                      ex  (sp),hl
    2382   00:4D8E  C9                      ret
    2383   00:4D8F                      
    2384   00:4D8F                      ;====================================
    2385   00:4D8F                      ;===  Functions entry point code  ===
    2386   00:4D8F                      ;===            TCP/IP            ===
    2387   00:4D8F                      ;====================================
    2388   00:4D8F                      UNAPI_ENTRY:
    2389   00:4D8F  FB                      ei
    2390   00:4D90  E5                      push    hl
    2391   00:4D91  F5                      push    af
    2392   00:4D92  21 B0 4D                ld  hl,FN_TABLE
    2393   00:4D95  CB 7F                   bit 7,a
    2394   00:4D97  20 14                   jr  nz,UNDEFINED
    2395   00:4D99                      
    2396   00:4D99  FE 1D                   cp  MAX_FN
    2397   00:4D9B  28 02                   jr  z,OK_FNUM
    2398   00:4D9D  30 0E                   jr  nc,UNDEFINED
    2399   00:4D9F                      
    2400   00:4D9F                      OK_FNUM:
    2401   00:4D9F  87                      add a,a
    2402   00:4DA0  D5                      push    de
    2403   00:4DA1  5F                      ld  e,a
    2404   00:4DA2  16 00                   ld  d,0
    2405   00:4DA4  19                      add hl,de
    2406   00:4DA5  D1                      pop de
    2407   00:4DA6                      
    2408   00:4DA6  7E                      ld  a,(hl)
    2409   00:4DA7  23                      inc hl
    2410   00:4DA8  66                      ld  h,(hl)
    2411   00:4DA9  6F                      ld  l,a
    2412   00:4DAA                      
    2413   00:4DAA  F1                      pop af
    2414   00:4DAB  E3                      ex  (sp),hl
    2415   00:4DAC  C9                      ret
    2416   00:4DAD                      
    2417   00:4DAD                      ; Undefined function: return with registers unmodified
    2418   00:4DAD                      UNDEFINED:
    2419   00:4DAD  F1                      pop af
    2420   00:4DAE  E1                      pop hl
    2421   00:4DAF  C9                      ret
    2422   00:4DB0                      
    2423   00:4DB0                      ;===================================
    2424   00:4DB0                      ;===  Functions addresses table  ===
    2425   00:4DB0                      ;===            TCP/IP           ===
    2426   00:4DB0                      ;===================================
    2427   00:4DB0                      ;--- Implementation-specific routines addresses table
    2428   00:4DB0                      FN_TABLE:
    2429   00:4DB0  37 4E               FN_0:                   dw  UNAPI_GET_INFO
    2430   00:4DB2  FE 4E               FN_1:                   dw  TCPIP_GET_CAPAB
    2431   00:4DB4  56 50               FN_2:                   dw  TCPIP_GET_IPINFO
    2432   00:4DB6  E5 50               FN_3:                   dw  TCPIP_NET_STATE
    2433   00:4DB8                      ; TCPIP_SEND_ECHO not going to be implemented, ESP do not support ping like UNAPI specify
    2434   00:4DB8  22 4E               FN_4:                   dw  FN_NOT_IMP
    2435   00:4DBA                      ; TCPIP_RCV_ECHO not going to be implemented as SEND_ECHO is not implemented
    2436   00:4DBA  22 4E               FN_5:                   dw  FN_NOT_IMP
    2437   00:4DBC  3F 51               FN_6:                   dw  TCPIP_DNS_Q
    2438   00:4DBE  00 52               FN_7:                   dw  TCPIP_DNS_S
    2439   00:4DC0  2D 52               FN_8:                   dw  TCPIP_UDP_OPEN
    2440   00:4DC2  95 52               FN_9:                   dw  TCPIP_UDP_CLOSE
    2441   00:4DC4  E5 52               FN_10:                  dw  TCPIP_UDP_STATE
    2442   00:4DC6  84 53               FN_11:                  dw  TCPIP_UDP_SEND
    2443   00:4DC8  37 54               FN_12:                  dw  TCPIP_UDP_RCV
    2444   00:4DCA  88 55               FN_13:                  dw  TCPIP_TCP_OPEN
    2445   00:4DCC  5D 56               FN_14:                  dw  TCPIP_TCP_CLOSE
    2446   00:4DCE  C2 59               FN_15:                  dw  TCPIP_TCP_ABORT
    2447   00:4DD0  37 5A               FN_16:                  dw  TCPIP_TCP_STATE
    2448   00:4DD2  5A 5B               FN_17:                  dw  TCPIP_TCP_SEND
    2449   00:4DD4  C3 5C               FN_18:                  dw  TCPIP_TCP_RCV
    2450   00:4DD6                      ; TCPIP_TCP_FLUSH makes no sense as we do not use buffers to send, any buffer is internal to ESP and we can't delete
    2451   00:4DD6  22 4E               FN_19:                  dw  FN_NOT_IMP
    2452   00:4DD8                      ; TCPIP_RAW_OPEN not going to be implemented, ESP do not support RAW connections
    2453   00:4DD8  22 4E               FN_20:                  dw  FN_NOT_IMP
    2454   00:4DDA                      ; TCPIP_RAW_CLOSE not going to be implemented, ESP do not support RAW connections
    2455   00:4DDA  22 4E               FN_21:                  dw  FN_NOT_IMP
    2456   00:4DDC                      ; TCPIP_RAW_STATE not going to be implemented, ESP do not support RAW connections
    2457   00:4DDC  22 4E               FN_22:                  dw  FN_NOT_IMP
    2458   00:4DDE                      ; TCPIP_RAW_SEND not going to be implemented, ESP do not support RAW connections
    2459   00:4DDE  22 4E               FN_23:                  dw  FN_NOT_IMP
    2460   00:4DE0                      ; TCPIP_RAW_RCV not going to be implemented, ESP do not support RAW connections
    2461   00:4DE0  22 4E               FN_24:                  dw  FN_NOT_IMP
    2462   00:4DE2  C7 5F               FN_25:                  dw  TCPIP_CONFIG_AUTOIP
    2463   00:4DE4  2B 60               FN_26:                  dw  TCPIP_CONFIG_IP
    2464   00:4DE6  74 60               FN_27:                  dw  TCPIP_CONFIG_TTL
    2465   00:4DE8  86 60               FN_28:                  dw  TCPIP_CONFIG_PING
    2466   00:4DEA                      ; TCPIP_WAIT not needed for our implementation
    2467   00:4DEA  25 4E               FN_29:                  dw  END_OK
    2468   00:4DEC                      
    2469   00:4DEC                      ;====================================
    2470   00:4DEC                      ;===  Functions entry point code  ===
    2471   00:4DEC                      ;===             SSH              ===
    2472   00:4DEC                      ;====================================
    2473   00:4DEC                      UNAPI2_ENTRY:
    2474   00:4DEC  FB                      ei
    2475   00:4DED  E5                      push    hl
    2476   00:4DEE  F5                      push    af
    2477   00:4DEF  21 0A 4E                ld  hl,FN_TABLE_S
    2478   00:4DF2  CB 7F                   bit 7,a
    2479   00:4DF4  20 B7                   jr  nz,UNDEFINED
    2480   00:4DF6                      
    2481   00:4DF6  FE 0B                   cp  MAX_FN_S
    2482   00:4DF8  28 02                   jr  z,OK_FNUM_S
    2483   00:4DFA  30 B1                   jr  nc,UNDEFINED
    2484   00:4DFC                      
    2485   00:4DFC                      OK_FNUM_S:
    2486   00:4DFC  87                      add a,a
    2487   00:4DFD  D5                      push    de
    2488   00:4DFE  5F                      ld  e,a
    2489   00:4DFF  16 00                   ld  d,0
    2490   00:4E01  19                      add hl,de
    2491   00:4E02  D1                      pop de
    2492   00:4E03                      
    2493   00:4E03  7E                      ld  a,(hl)
    2494   00:4E04  23                      inc hl
    2495   00:4E05  66                      ld  h,(hl)
    2496   00:4E06  6F                      ld  l,a
    2497   00:4E07                      
    2498   00:4E07  F1                      pop af
    2499   00:4E08  E3                      ex  (sp),hl
    2500   00:4E09  C9                      ret
    2501   00:4E0A                      
    2502   00:4E0A                      ;===================================
    2503   00:4E0A                      ;===  Functions addresses table  ===
    2504   00:4E0A                      ;===             SSH             ===
    2505   00:4E0A                      ;===================================
    2506   00:4E0A                      ;--- Implementation-specific routines addresses table
    2507   00:4E0A                      
    2508   00:4E0A                      FN_TABLE_S:
    2509   00:4E0A  42 4E               FN_0_S:                 dw  UNAPI_GET_INFO_SSH
    2510   00:4E0C  4D 4E               FN_1_S:                 dw  SSH_GET_CAPAB
    2511   00:4E0E  AD 56               FN_2_S:                 dw  SSH_OPEN
    2512   00:4E10  E0 57               FN_3_S:                 dw  SSH_CLOSE
    2513   00:4E12  32 58               FN_4_S:                 dw  SSH_STATE
    2514   00:4E14  C2 5B               FN_5_S:                 dw  SSH_SEND
    2515   00:4E16  C2 5D               FN_6_S:                 dw  SSH_RCV
    2516   00:4E18  B4 58               FN_7_S:                 dw  SSH_TERM_TYPE
    2517   00:4E1A  31 59               FN_8_S:                 dw  SSH_WIN_SIZE
    2518   00:4E1C  A2 5E               FN_9_S:                 dw  SSH_AUTH_GET_CHALLENGE
    2519   00:4E1E  23 5C               FN_10_S:                dw  SSH_AUTH_RESPOND
    2520   00:4E20  8E 57               FN_11_S:                dw  SSH_ADD_KNOWN_HOST
    2521   00:4E22                      
    2522   00:4E22                      ;========================
    2523   00:4E22                      ;===  Functions code  ===
    2524   00:4E22                      ;========================
    2525   00:4E22                      FN_NOT_IMP:
    2526   00:4E22  3E 01                   ld  a,ERR_NOT_IMP
    2527   00:4E24  C9                      ret
    2528   00:4E25                      
    2529   00:4E25                      END_OK:
    2530   00:4E25  AF                      xor a
    2531   00:4E26  C9                      ret
    2532   00:4E27                      
    2533   00:4E27                      ; Most functions do not have special handling on time out and can use this.
    2534   00:4E27                      ; If there is a need to retry sending or receiving on time-out, then a custom
    2535   00:4E27                      ; time-out function must be done, check the examples of UDP and TCP receive
    2536   00:4E27                      TCPIP_GENERIC_CHECK_TIME_OUT:
    2537   00:4E27                          ; Save registers other than AF
    2538   00:4E27  C5                      push bc
    2539   00:4E28  D5                      push de
    2540   00:4E29  E5                      push hl
    2541   00:4E2A  CD 27 61                call    GETCOUNTER
    2542   00:4E2D  7D                      ld  a,l
    2543   00:4E2E  B4                      or  h
    2544   00:4E2F                          ; Restore registers, we are returning
    2545   00:4E2F  E1                      pop hl
    2546   00:4E30  D1                      pop de
    2547   00:4E31  C1                      pop bc
    2548   00:4E32  C0                      ret nz
    2549   00:4E33                          ; Ok, timeout...
    2550   00:4E33  F1                      pop af                          ; Get return address of who called this out of the stack
    2551   00:4E34  3E 0F                   ld  a,ERR_INV_OPER
    2552   00:4E36  C9                      ret                             ; and return the function itself
    2553   00:4E37                      
    2554   00:4E37                      ;========================
    2555   00:4E37                      ;===  UNAPI_GET_INFO  ===
    2556   00:4E37                      ;========================
    2557   00:4E37                      ; Obtain the implementation name and version for TCP/IP.
    2558   00:4E37                      ;
    2559   00:4E37                      ;    Input:  A  = 0
    2560   00:4E37                      ;    Output: HL = Descriptive string for this implementation, on this slot, zero terminated
    2561   00:4E37                      ;            DE = API version supported, D.E
    2562   00:4E37                      ;            BC = This implementation version, B.C.
    2563   00:4E37                      ;            A  = 0 and Cy = 0
    2564   00:4E37                      UNAPI_GET_INFO:
    2565   00:4E37  01 03 01                ld  bc,256*ROM_V_P+ROM_V_S
    2566   00:4E3A  11 02 01                ld  de,256*API_V_P+API_V_S
    2567   00:4E3D  21 C4 72                ld  hl,APIINFO
    2568   00:4E40  AF                      xor a
    2569   00:4E41  C9                      ret
    2570   00:4E42                      
    2571   00:4E42                      ;========================
    2572   00:4E42                      ;===  UNAPI_GET_INFO  ===
    2573   00:4E42                      ;========================
    2574   00:4E42                      ; Obtain the implementation name and version for SSH.
    2575   00:4E42                      ;
    2576   00:4E42                      ;    Input:  A  = 0
    2577   00:4E42                      ;    Output: HL = Descriptive string for this implementation, on this slot, zero terminated
    2578   00:4E42                      ;            DE = API version supported, D.E
    2579   00:4E42                      ;            BC = This implementation version, B.C.
    2580   00:4E42                      ;            A  = 0 and Cy = 0
    2581   00:4E42                      UNAPI_GET_INFO_SSH:
    2582   00:4E42  01 03 01                ld  bc,256*ROM_V_P+ROM_V_S
    2583   00:4E45  11 02 01                ld  de,256*API_V_P+API_V_S
    2584   00:4E48  21 D5 72                ld  hl,APIINFO_SSH
    2585   00:4E4B  AF                      xor a
    2586   00:4E4C  C9                      ret
    2587   00:4E4D                      
    2588   00:4E4D                      ;=========================
    2589   00:4E4D                      ;===   SSH_GET_CAPAB   ===
    2590   00:4E4D                      ;=========================
    2591   00:4E4D                      ; Get information about the SSH capabilities and features.
    2592   00:4E4D                      ;
    2593   00:4E4D                      ;    Input:  A = 1
    2594   00:4E4D                      ;            B = Index of information block to retrieve:
    2595   00:4E4D                      ;                1: Block 1 (only block supported, other blocks reserved for expansion)
    2596   00:4E4D                      ;    Output: A = Error code
    2597   00:4E4D                      ;        When information block 1 requested:
    2598   00:4E4D                      ;            HL = Capabilities flags
    2599   00:4E4D                      ;            B  = Maximum simultaneous SSH connections supported
    2600   00:4E4D                      ;            C  = Free SSH connections currently available
    2601   00:4E4D                      ;            DE = Maximum data per command
    2602   00:4E4D                      SSH_GET_CAPAB:
    2603   00:4E4D                          ; SSH functions start at 127 on ESP
    2604   00:4E4D  CB FF                   set 7,a
    2605   00:4E4F                          SEND_DATA                       ; Send the command
    2605   00:4E4F  32 07 7F          >     ld  (MEM_OUT_TX_PORT),a
    2606   00:4E52  AF                      xor a
    2607   00:4E53                          SEND_DATA                       ; Send the command size msb
    2607   00:4E53  32 07 7F          >     ld  (MEM_OUT_TX_PORT),a
    2608   00:4E56  3C                      inc a
    2609   00:4E57                          SEND_DATA                       ; Send the command size lsb
    2609   00:4E57  32 07 7F          >     ld  (MEM_OUT_TX_PORT),a
    2610   00:4E5A  78                      ld  a,b
    2611   00:4E5B                          SEND_DATA                       ; Send the parameter
    2611   00:4E5B  32 07 7F          >     ld  (MEM_OUT_TX_PORT),a
    2612   00:4E5E                      
    2613   00:4E5E                          ; Now wait up to 120 ticks to get response
    2614   00:4E5E  21 78 00                ld  hl,120
    2615   00:4E61  CD 36 61                call    SETCOUNTER
    2616   00:4E64                      SSH_GET_CAPAB_ST1:
    2617   00:4E64                          CHECK_DATA
    2617   00:4E64  3A 07 7F          >     ld  a,(MEM_IN_STS_PORT)
    2617   00:4E67  CB 47             >     bit 0,a
    2618   00:4E69  20 05                   jr  nz,SSH_GET_CAPAB_ST1.1
    2619   00:4E6B  CD 27 4E                call    TCPIP_GENERIC_CHECK_TIME_OUT
    2620   00:4E6E  18 F4                   jr  SSH_GET_CAPAB_ST1
    2621   00:4E70                      SSH_GET_CAPAB_ST1.1:
    2622   00:4E70                          ; nz, check the data
    2623   00:4E70                          RECEIVE_DATA
    2623   00:4E70  3A 06 7F          >     ld a,(MEM_IN_DATA_PORT)
    2624   00:4E73  FE 81                   cp  #81                         ; Is response of our command?
    2625   00:4E75  20 ED                   jr  nz,SSH_GET_CAPAB_ST1
    2626   00:4E77                          ; Now get return code, if return code other than 0, it is finished
    2627   00:4E77                      SSH_GET_CAPAB_RC:
    2628   00:4E77                          CHECK_DATA
    2628   00:4E77  3A 07 7F          >     ld  a,(MEM_IN_STS_PORT)
    2628   00:4E7A  CB 47             >     bit 0,a
    2629   00:4E7C  20 05                   jr  nz,SSH_GET_CAPAB_RC.1
    2630   00:4E7E  CD 27 4E                call    TCPIP_GENERIC_CHECK_TIME_OUT
    2631   00:4E81  18 F4                   jr  SSH_GET_CAPAB_RC
    2632   00:4E83                      SSH_GET_CAPAB_RC.1:
    2633   00:4E83                          ; nz, discard
    2634   00:4E83                          RECEIVE_DATA
    2634   00:4E83  3A 06 7F          >     ld a,(MEM_IN_DATA_PORT)
    2635   00:4E86  B7                      or  a                           ; 0?
    2636   00:4E87  C0                      ret nz                          ; If not, done
    2637   00:4E88                      
    2638   00:4E88                          ; Next two bytes are size bytes, don't care
    2639   00:4E88  06 02                   ld  b,2
    2640   00:4E8A                      SSH_GET_CAPAB_ST2:
    2641   00:4E8A                          CHECK_DATA
    2641   00:4E8A  3A 07 7F          >     ld  a,(MEM_IN_STS_PORT)
    2641   00:4E8D  CB 47             >     bit 0,a
    2642   00:4E8F  20 05                   jr  nz,SSH_GET_CAPAB_ST2.1
    2643   00:4E91  CD 27 4E                call    TCPIP_GENERIC_CHECK_TIME_OUT
    2644   00:4E94  18 F4                   jr  SSH_GET_CAPAB_ST2
    2645   00:4E96                      SSH_GET_CAPAB_ST2.1:
    2646   00:4E96                          ; Nz, discard
    2647   00:4E96                          RECEIVE_DATA
    2647   00:4E96  3A 06 7F          >     ld a,(MEM_IN_DATA_PORT)
    2648   00:4E99  05                      dec b
    2649   00:4E9A  20 EE                   jr  nz,SSH_GET_CAPAB_ST2
    2650   00:4E9C                      
    2651   00:4E9C                      SSH_GET_CAPAB_BLK1_ST1:
    2652   00:4E9C                          CHECK_DATA
    2652   00:4E9C  3A 07 7F          >     ld  a,(MEM_IN_STS_PORT)
    2652   00:4E9F  CB 47             >     bit 0,a
    2653   00:4EA1  20 05                   jr  nz,SSH_GET_CAPAB_BLK1_ST1.1
    2654   00:4EA3  CD 27 4E                call    TCPIP_GENERIC_CHECK_TIME_OUT
    2655   00:4EA6  18 F4                   jr  SSH_GET_CAPAB_BLK1_ST1
    2656   00:4EA8                      SSH_GET_CAPAB_BLK1_ST1.1:
    2657   00:4EA8                          ; nz, get it
    2658   00:4EA8                          RECEIVE_DATA
    2658   00:4EA8  3A 06 7F          >     ld a,(MEM_IN_DATA_PORT)
    2659   00:4EAB  6F                      ld  l,a
    2660   00:4EAC                      SSH_GET_CAPAB_BLK1_ST2:
    2661   00:4EAC                          CHECK_DATA
    2661   00:4EAC  3A 07 7F          >     ld  a,(MEM_IN_STS_PORT)
    2661   00:4EAF  CB 47             >     bit 0,a
    2662   00:4EB1  20 05                   jr  nz,SSH_GET_CAPAB_BLK1_ST2.1
    2663   00:4EB3  CD 27 4E                call    TCPIP_GENERIC_CHECK_TIME_OUT
    2664   00:4EB6  18 F4                   jr  SSH_GET_CAPAB_BLK1_ST2
    2665   00:4EB8                      SSH_GET_CAPAB_BLK1_ST2.1:
    2666   00:4EB8                          ; nz, get it
    2667   00:4EB8                          RECEIVE_DATA
    2667   00:4EB8  3A 06 7F          >     ld a,(MEM_IN_DATA_PORT)
    2668   00:4EBB  67                      ld  h,a
    2669   00:4EBC                      SSH_GET_CAPAB_BLK1_ST3:
    2670   00:4EBC                          CHECK_DATA
    2670   00:4EBC  3A 07 7F          >     ld  a,(MEM_IN_STS_PORT)
    2670   00:4EBF  CB 47             >     bit 0,a
    2671   00:4EC1  20 05                   jr  nz,SSH_GET_CAPAB_BLK1_ST3.1
    2672   00:4EC3  CD 27 4E                call    TCPIP_GENERIC_CHECK_TIME_OUT
    2673   00:4EC6  18 F4                   jr  SSH_GET_CAPAB_BLK1_ST3
    2674   00:4EC8                      SSH_GET_CAPAB_BLK1_ST3.1:
    2675   00:4EC8                          ; nz, get it
    2676   00:4EC8                          RECEIVE_DATA
    2676   00:4EC8  3A 06 7F          >     ld a,(MEM_IN_DATA_PORT)
    2677   00:4ECB  4F                      ld  c,a
    2678   00:4ECC                      SSH_GET_CAPAB_BLK1_ST4:
    2679   00:4ECC                          CHECK_DATA
    2679   00:4ECC  3A 07 7F          >     ld  a,(MEM_IN_STS_PORT)
    2679   00:4ECF  CB 47             >     bit 0,a
    2680   00:4ED1  20 05                   jr  nz,SSH_GET_CAPAB_BLK1_ST4.1
    2681   00:4ED3  CD 27 4E                call    TCPIP_GENERIC_CHECK_TIME_OUT
    2682   00:4ED6  18 F4                   jr  SSH_GET_CAPAB_BLK1_ST4
    2683   00:4ED8                      SSH_GET_CAPAB_BLK1_ST4.1:
    2684   00:4ED8                          ; nz, get it
    2685   00:4ED8                          RECEIVE_DATA
    2685   00:4ED8  3A 06 7F          >     ld a,(MEM_IN_DATA_PORT)
    2686   00:4EDB  47                      ld  b,a
    2687   00:4EDC                      SSH_GET_CAPAB_BLK1_ST5:
    2688   00:4EDC                          CHECK_DATA
    2688   00:4EDC  3A 07 7F          >     ld  a,(MEM_IN_STS_PORT)
    2688   00:4EDF  CB 47             >     bit 0,a
    2689   00:4EE1  20 05                   jr  nz,SSH_GET_CAPAB_BLK1_ST5.1
    2690   00:4EE3  CD 27 4E                call    TCPIP_GENERIC_CHECK_TIME_OUT
    2691   00:4EE6  18 F4                   jr  SSH_GET_CAPAB_BLK1_ST5
    2692   00:4EE8                      SSH_GET_CAPAB_BLK1_ST5.1:
    2693   00:4EE8                          ; nz, get it
    2694   00:4EE8                          RECEIVE_DATA
    2694   00:4EE8  3A 06 7F          >     ld a,(MEM_IN_DATA_PORT)
    2695   00:4EEB  5F                      ld  e,a
    2696   00:4EEC                      SSH_GET_CAPAB_BLK1_ST6:
    2697   00:4EEC                          CHECK_DATA
    2697   00:4EEC  3A 07 7F          >     ld  a,(MEM_IN_STS_PORT)
    2697   00:4EEF  CB 47             >     bit 0,a
    2698   00:4EF1  20 05                   jr  nz,SSH_GET_CAPAB_BLK1_ST6.1
    2699   00:4EF3  CD 27 4E                call    TCPIP_GENERIC_CHECK_TIME_OUT
    2700   00:4EF6  18 F4                   jr  SSH_GET_CAPAB_BLK1_ST6
    2701   00:4EF8                      SSH_GET_CAPAB_BLK1_ST6.1:
    2702   00:4EF8                          ; nz, get it
    2703   00:4EF8                          RECEIVE_DATA
    2703   00:4EF8  3A 06 7F          >     ld a,(MEM_IN_DATA_PORT)
    2704   00:4EFB  57                      ld  d,a
    2705   00:4EFC                          ; Done
    2706   00:4EFC  AF                      xor a
    2707   00:4EFD  C9                      ret
    2708   00:4EFE                      
    2709   00:4EFE                      
    2710   00:4EFE                      ;=========================
    2711   00:4EFE                      ;===  TCPIP_GET_CAPAB  ===
    2712   00:4EFE                      ;=========================
    2713   00:4EFE                      ; Get information about the TCP/IP capabilities and features.
    2714   00:4EFE                      ;
    2715   00:4EFE                      ;    Input:  A = 1
    2716   00:4EFE                      ;            B = Index of information block to retrieve:
    2717   00:4EFE                      ;                1: Capabilities and features flags, link level protocol
    2718   00:4EFE                      ;                2: Connection pool size and status
    2719   00:4EFE                      ;                3: Maximum datagram size allowed
    2720   00:4EFE                      ;                4: Second set of capabilities and features flags
    2721   00:4EFE                      ;    Output: A = Error code
    2722   00:4EFE                      ;        When information block 1 requested:
    2723   00:4EFE                      ;            HL = Capabilities flags
    2724   00:4EFE                      ;            DE = Features flags
    2725   00:4EFE                      ;            B  = Link level protocol used
    2726   00:4EFE                      ;        When information block 2 requested:
    2727   00:4EFE                      ;            B = Maximum simultaneous TCP connections supported
    2728   00:4EFE                      ;            C = Maximum simultaneous UDP connections supported
    2729   00:4EFE                      ;            D = Free TCP connections currently available
    2730   00:4EFE                      ;            E = Free UDP connections currently available
    2731   00:4EFE                      ;            H = Maximum simultaneous raw IP connections supported
    2732   00:4EFE                      ;            L = Free raw IP connections currently available
    2733   00:4EFE                      ;        When information block 3 requested:
    2734   00:4EFE                      ;            HL = Maximum incoming datagram size supported
    2735   00:4EFE                      ;            DE = Maximum outgoing datagram size supported
    2736   00:4EFE                      ;        When information block 4 requested:
    2737   00:4EFE                      ;            HL = Second set of capabilities flags
    2738   00:4EFE                      ;            DE = Second set of features flags (currently unused, always zero)
    2739   00:4EFE                      TCPIP_GET_CAPAB:
    2740   00:4EFE                          SEND_DATA                       ; Send the command
    2740   00:4EFE  32 07 7F          >     ld  (MEM_OUT_TX_PORT),a
    2741   00:4F01  AF                      xor a
    2742   00:4F02                          SEND_DATA                       ; Send the command size msb
    2742   00:4F02  32 07 7F          >     ld  (MEM_OUT_TX_PORT),a
    2743   00:4F05  3C                      inc a
    2744   00:4F06                          SEND_DATA                       ; Send the command size lsb
    2744   00:4F06  32 07 7F          >     ld  (MEM_OUT_TX_PORT),a
    2745   00:4F09  78                      ld  a,b
    2746   00:4F0A  CD 58 61                call    SETBYTE                 ; Save it, we are going to need it later
    2747   00:4F0D                          SEND_DATA                       ; Send the parameter
    2747   00:4F0D  32 07 7F          >     ld  (MEM_OUT_TX_PORT),a
    2748   00:4F10                      
    2749   00:4F10                          ; Now wait up to 120 ticks to get response
    2750   00:4F10  21 78 00                ld  hl,120
    2751   00:4F13  CD 36 61                call    SETCOUNTER
    2752   00:4F16                      TCPIP_GET_CAPAB_ST1:
    2753   00:4F16                          CHECK_DATA
    2753   00:4F16  3A 07 7F          >     ld  a,(MEM_IN_STS_PORT)
    2753   00:4F19  CB 47             >     bit 0,a
    2754   00:4F1B  20 05                   jr  nz,TCPIP_GET_CAPAB_ST1.1
    2755   00:4F1D  CD 27 4E                call    TCPIP_GENERIC_CHECK_TIME_OUT
    2756   00:4F20  18 F4                   jr  TCPIP_GET_CAPAB_ST1
    2757   00:4F22                      TCPIP_GET_CAPAB_ST1.1:
    2758   00:4F22                          ; nz, check the data
    2759   00:4F22                          RECEIVE_DATA
    2759   00:4F22  3A 06 7F          >     ld a,(MEM_IN_DATA_PORT)
    2760   00:4F25  FE 01                   cp  1                           ; Is response of our command?
    2761   00:4F27  20 ED                   jr  nz,TCPIP_GET_CAPAB_ST1
    2762   00:4F29                          ; Now get return code, if return code other than 0, it is finished
    2763   00:4F29                      TCPIP_GET_CAPAB_RC:
    2764   00:4F29                          CHECK_DATA
    2764   00:4F29  3A 07 7F          >     ld  a,(MEM_IN_STS_PORT)
    2764   00:4F2C  CB 47             >     bit 0,a
    2765   00:4F2E  20 05                   jr  nz,TCPIP_GET_CAPAB_RC.1
    2766   00:4F30  CD 27 4E                call    TCPIP_GENERIC_CHECK_TIME_OUT
    2767   00:4F33  18 F4                   jr  TCPIP_GET_CAPAB_RC
    2768   00:4F35                      TCPIP_GET_CAPAB_RC.1:
    2769   00:4F35                          ; nz, discard
    2770   00:4F35                          RECEIVE_DATA
    2770   00:4F35  3A 06 7F          >     ld a,(MEM_IN_DATA_PORT)
    2771   00:4F38  B7                      or  a                           ; 0?
    2772   00:4F39  C0                      ret nz                          ; If not, done
    2773   00:4F3A                      
    2774   00:4F3A                          ; Next two bytes are return code and size bytes, don't care
    2775   00:4F3A  06 02                   ld  b,2
    2776   00:4F3C                      TCPIP_GET_CAPAB_ST2:
    2777   00:4F3C                          CHECK_DATA
    2777   00:4F3C  3A 07 7F          >     ld  a,(MEM_IN_STS_PORT)
    2777   00:4F3F  CB 47             >     bit 0,a
    2778   00:4F41  20 05                   jr  nz,TCPIP_GET_CAPAB_ST2.1
    2779   00:4F43  CD 27 4E                call    TCPIP_GENERIC_CHECK_TIME_OUT
    2780   00:4F46  18 F4                   jr  TCPIP_GET_CAPAB_ST2
    2781   00:4F48                      TCPIP_GET_CAPAB_ST2.1:
    2782   00:4F48                          ; Nz, discard
    2783   00:4F48                          RECEIVE_DATA
    2783   00:4F48  3A 06 7F          >     ld a,(MEM_IN_DATA_PORT)
    2784   00:4F4B  05                      dec b
    2785   00:4F4C  20 EE                   jr  nz,TCPIP_GET_CAPAB_ST2
    2786   00:4F4E                      
    2787   00:4F4E                          ; Now check if block 1, 2 or 3
    2788   00:4F4E  CD 46 61                call    GETBYTE                 ; Get the parameter we saved at the start
    2789   00:4F51  3D                      dec a
    2790   00:4F52  CA 04 50                jp  z,TCPIP_GET_CAPAB_BLK1      ; 1
    2791   00:4F55  3D                      dec a
    2792   00:4F56  CA A2 4F                jp  z,TCPIP_GET_CAPAB_BLK2      ; 2
    2793   00:4F59  3D                      dec a
    2794   00:4F5A  CA 60 4F                jp  z,TCPIP_GET_CAPAB_BLK3      ; 3
    2795   00:4F5D                          ; Else, only block four, same as block 1
    2796   00:4F5D  C3 04 50                jp  TCPIP_GET_CAPAB_BLK1        ; 1
    2797   00:4F60                          ; Block 3 Handling, we will receive L, H, E and D
    2798   00:4F60                      TCPIP_GET_CAPAB_BLK3:
    2799   00:4F60                      TCPIP_GET_CAPAB_BLK3_ST1:
    2800   00:4F60                          CHECK_DATA
    2800   00:4F60  3A 07 7F          >     ld  a,(MEM_IN_STS_PORT)
    2800   00:4F63  CB 47             >     bit 0,a
    2801   00:4F65  20 05                   jr  nz,TCPIP_GET_CAPAB_BLK3_ST1.1
    2802   00:4F67  CD 27 4E                call    TCPIP_GENERIC_CHECK_TIME_OUT
    2803   00:4F6A  18 F4                   jr  TCPIP_GET_CAPAB_BLK3_ST1
    2804   00:4F6C                      TCPIP_GET_CAPAB_BLK3_ST1.1:
    2805   00:4F6C                          ; nz, get it
    2806   00:4F6C                          RECEIVE_DATA
    2806   00:4F6C  3A 06 7F          >     ld a,(MEM_IN_DATA_PORT)
    2807   00:4F6F  6F                      ld  l,a
    2808   00:4F70                      TCPIP_GET_CAPAB_BLK3_ST2:
    2809   00:4F70                          CHECK_DATA
    2809   00:4F70  3A 07 7F          >     ld  a,(MEM_IN_STS_PORT)
    2809   00:4F73  CB 47             >     bit 0,a
    2810   00:4F75  20 05                   jr  nz,TCPIP_GET_CAPAB_BLK3_ST2.1
    2811   00:4F77  CD 27 4E                call    TCPIP_GENERIC_CHECK_TIME_OUT
    2812   00:4F7A  18 F4                   jr  TCPIP_GET_CAPAB_BLK3_ST2
    2813   00:4F7C                      TCPIP_GET_CAPAB_BLK3_ST2.1:
    2814   00:4F7C                          ; nz, get it
    2815   00:4F7C                          RECEIVE_DATA
    2815   00:4F7C  3A 06 7F          >     ld a,(MEM_IN_DATA_PORT)
    2816   00:4F7F  67                      ld  h,a
    2817   00:4F80                      TCPIP_GET_CAPAB_BLK3_ST3:
    2818   00:4F80                          CHECK_DATA
    2818   00:4F80  3A 07 7F          >     ld  a,(MEM_IN_STS_PORT)
    2818   00:4F83  CB 47             >     bit 0,a
    2819   00:4F85  20 05                   jr  nz,TCPIP_GET_CAPAB_BLK3_ST3.1
    2820   00:4F87  CD 27 4E                call    TCPIP_GENERIC_CHECK_TIME_OUT
    2821   00:4F8A  18 F4                   jr  TCPIP_GET_CAPAB_BLK3_ST3
    2822   00:4F8C                      TCPIP_GET_CAPAB_BLK3_ST3.1:
    2823   00:4F8C                          ; nz, get it
    2824   00:4F8C                          RECEIVE_DATA
    2824   00:4F8C  3A 06 7F          >     ld a,(MEM_IN_DATA_PORT)
    2825   00:4F8F  5F                      ld  e,a
    2826   00:4F90                      TCPIP_GET_CAPAB_BLK3_ST4:
    2827   00:4F90                          CHECK_DATA
    2827   00:4F90  3A 07 7F          >     ld  a,(MEM_IN_STS_PORT)
    2827   00:4F93  CB 47             >     bit 0,a
    2828   00:4F95  20 05                   jr  nz,TCPIP_GET_CAPAB_BLK3_ST4.1
    2829   00:4F97  CD 27 4E                call    TCPIP_GENERIC_CHECK_TIME_OUT
    2830   00:4F9A  18 F4                   jr  TCPIP_GET_CAPAB_BLK3_ST4
    2831   00:4F9C                      TCPIP_GET_CAPAB_BLK3_ST4.1:
    2832   00:4F9C                          ; nz, get it
    2833   00:4F9C                          RECEIVE_DATA
    2833   00:4F9C  3A 06 7F          >     ld a,(MEM_IN_DATA_PORT)
    2834   00:4F9F  57                      ld  d,a
    2835   00:4FA0                          ; Done
    2836   00:4FA0  AF                      xor a
    2837   00:4FA1  C9                      ret
    2838   00:4FA2                      
    2839   00:4FA2                      TCPIP_GET_CAPAB_BLK2:
    2840   00:4FA2                          ; Block 2 Handling, we will receive B, C, D, E, H, L
    2841   00:4FA2                      TCPIP_GET_CAPAB_BLK2_ST1:
    2842   00:4FA2                          CHECK_DATA
    2842   00:4FA2  3A 07 7F          >     ld  a,(MEM_IN_STS_PORT)
    2842   00:4FA5  CB 47             >     bit 0,a
    2843   00:4FA7  20 05                   jr  nz,TCPIP_GET_CAPAB_BLK2_ST1.1
    2844   00:4FA9  CD 27 4E                call    TCPIP_GENERIC_CHECK_TIME_OUT
    2845   00:4FAC  18 F4                   jr  TCPIP_GET_CAPAB_BLK2_ST1
    2846   00:4FAE                      TCPIP_GET_CAPAB_BLK2_ST1.1:
    2847   00:4FAE                          ; nz, get it
    2848   00:4FAE                          RECEIVE_DATA
    2848   00:4FAE  3A 06 7F          >     ld a,(MEM_IN_DATA_PORT)
    2849   00:4FB1  47                      ld  b,a
    2850   00:4FB2                      TCPIP_GET_CAPAB_BLK2_ST2:
    2851   00:4FB2                          CHECK_DATA
    2851   00:4FB2  3A 07 7F          >     ld  a,(MEM_IN_STS_PORT)
    2851   00:4FB5  CB 47             >     bit 0,a
    2852   00:4FB7  20 05                   jr  nz,TCPIP_GET_CAPAB_BLK2_ST2.1
    2853   00:4FB9  CD 27 4E                call    TCPIP_GENERIC_CHECK_TIME_OUT
    2854   00:4FBC  18 F4                   jr  TCPIP_GET_CAPAB_BLK2_ST2
    2855   00:4FBE                      TCPIP_GET_CAPAB_BLK2_ST2.1:
    2856   00:4FBE                          ; nz, get it
    2857   00:4FBE                          RECEIVE_DATA
    2857   00:4FBE  3A 06 7F          >     ld a,(MEM_IN_DATA_PORT)
    2858   00:4FC1  4F                      ld  c,a
    2859   00:4FC2                      TCPIP_GET_CAPAB_BLK2_ST3:
    2860   00:4FC2                          CHECK_DATA
    2860   00:4FC2  3A 07 7F          >     ld  a,(MEM_IN_STS_PORT)
    2860   00:4FC5  CB 47             >     bit 0,a
    2861   00:4FC7  20 05                   jr  nz,TCPIP_GET_CAPAB_BLK2_ST3.1
    2862   00:4FC9  CD 27 4E                call    TCPIP_GENERIC_CHECK_TIME_OUT
    2863   00:4FCC  18 F4                   jr  TCPIP_GET_CAPAB_BLK2_ST3
    2864   00:4FCE                      TCPIP_GET_CAPAB_BLK2_ST3.1:
    2865   00:4FCE                          ; nz, get it
    2866   00:4FCE                          RECEIVE_DATA
    2866   00:4FCE  3A 06 7F          >     ld a,(MEM_IN_DATA_PORT)
    2867   00:4FD1  57                      ld  d,a
    2868   00:4FD2                      TCPIP_GET_CAPAB_BLK2_ST4:
    2869   00:4FD2                          CHECK_DATA
    2869   00:4FD2  3A 07 7F          >     ld  a,(MEM_IN_STS_PORT)
    2869   00:4FD5  CB 47             >     bit 0,a
    2870   00:4FD7  20 05                   jr  nz,TCPIP_GET_CAPAB_BLK2_ST4.1
    2871   00:4FD9  CD 27 4E                call    TCPIP_GENERIC_CHECK_TIME_OUT
    2872   00:4FDC  18 F4                   jr  TCPIP_GET_CAPAB_BLK2_ST4
    2873   00:4FDE                      TCPIP_GET_CAPAB_BLK2_ST4.1:
    2874   00:4FDE                          ; nz, get it
    2875   00:4FDE                          RECEIVE_DATA
    2875   00:4FDE  3A 06 7F          >     ld a,(MEM_IN_DATA_PORT)
    2876   00:4FE1  5F                      ld  e,a
    2877   00:4FE2                      TCPIP_GET_CAPAB_BLK2_ST5:
    2878   00:4FE2                          CHECK_DATA
    2878   00:4FE2  3A 07 7F          >     ld  a,(MEM_IN_STS_PORT)
    2878   00:4FE5  CB 47             >     bit 0,a
    2879   00:4FE7  20 05                   jr  nz,TCPIP_GET_CAPAB_BLK2_ST5.1
    2880   00:4FE9  CD 27 4E                call    TCPIP_GENERIC_CHECK_TIME_OUT
    2881   00:4FEC  18 F4                   jr  TCPIP_GET_CAPAB_BLK2_ST5
    2882   00:4FEE                      TCPIP_GET_CAPAB_BLK2_ST5.1:
    2883   00:4FEE                          ; nz, get it
    2884   00:4FEE                          RECEIVE_DATA
    2884   00:4FEE  3A 06 7F          >     ld a,(MEM_IN_DATA_PORT)
    2885   00:4FF1  67                      ld  h,a
    2886   00:4FF2                      TCPIP_GET_CAPAB_BLK2_ST6:
    2887   00:4FF2                          CHECK_DATA
    2887   00:4FF2  3A 07 7F          >     ld  a,(MEM_IN_STS_PORT)
    2887   00:4FF5  CB 47             >     bit 0,a
    2888   00:4FF7  20 05                   jr  nz,TCPIP_GET_CAPAB_BLK2_ST6.1
    2889   00:4FF9  CD 27 4E                call    TCPIP_GENERIC_CHECK_TIME_OUT
    2890   00:4FFC  18 F4                   jr  TCPIP_GET_CAPAB_BLK2_ST6
    2891   00:4FFE                      TCPIP_GET_CAPAB_BLK2_ST6.1:
    2892   00:4FFE                          ; nz, get it
    2893   00:4FFE                          RECEIVE_DATA
    2893   00:4FFE  3A 06 7F          >     ld a,(MEM_IN_DATA_PORT)
    2894   00:5001  6F                      ld  l,a
    2895   00:5002                          ; Done
    2896   00:5002  AF                      xor a
    2897   00:5003  C9                      ret
    2898   00:5004                      
    2899   00:5004                      TCPIP_GET_CAPAB_BLK1:
    2900   00:5004                          ; Block 1 Handling, we will receive L, H, E, D and B
    2901   00:5004                      TCPIP_GET_CAPAB_BLK1_ST1:
    2902   00:5004                          CHECK_DATA
    2902   00:5004  3A 07 7F          >     ld  a,(MEM_IN_STS_PORT)
    2902   00:5007  CB 47             >     bit 0,a
    2903   00:5009  20 05                   jr  nz,TCPIP_GET_CAPAB_BLK1_ST1.1
    2904   00:500B  CD 27 4E                call    TCPIP_GENERIC_CHECK_TIME_OUT
    2905   00:500E  18 F4                   jr  TCPIP_GET_CAPAB_BLK1_ST1
    2906   00:5010                      TCPIP_GET_CAPAB_BLK1_ST1.1:
    2907   00:5010                          ; nz, get it
    2908   00:5010                          RECEIVE_DATA
    2908   00:5010  3A 06 7F          >     ld a,(MEM_IN_DATA_PORT)
    2909   00:5013  6F                      ld  l,a
    2910   00:5014                      TCPIP_GET_CAPAB_BLK1_ST2:
    2911   00:5014                          CHECK_DATA
    2911   00:5014  3A 07 7F          >     ld  a,(MEM_IN_STS_PORT)
    2911   00:5017  CB 47             >     bit 0,a
    2912   00:5019  20 05                   jr  nz,TCPIP_GET_CAPAB_BLK1_ST2.1
    2913   00:501B  CD 27 4E                call    TCPIP_GENERIC_CHECK_TIME_OUT
    2914   00:501E  18 F4                   jr  TCPIP_GET_CAPAB_BLK1_ST2
    2915   00:5020                      TCPIP_GET_CAPAB_BLK1_ST2.1:
    2916   00:5020                          ; nz, get it
    2917   00:5020                          RECEIVE_DATA
    2917   00:5020  3A 06 7F          >     ld a,(MEM_IN_DATA_PORT)
    2918   00:5023  67                      ld  h,a
    2919   00:5024                      TCPIP_GET_CAPAB_BLK1_ST3:
    2920   00:5024                          CHECK_DATA
    2920   00:5024  3A 07 7F          >     ld  a,(MEM_IN_STS_PORT)
    2920   00:5027  CB 47             >     bit 0,a
    2921   00:5029  20 05                   jr  nz,TCPIP_GET_CAPAB_BLK1_ST3.1
    2922   00:502B  CD 27 4E                call    TCPIP_GENERIC_CHECK_TIME_OUT
    2923   00:502E  18 F4                   jr  TCPIP_GET_CAPAB_BLK1_ST3
    2924   00:5030                      TCPIP_GET_CAPAB_BLK1_ST3.1:
    2925   00:5030                          ; nz, get it
    2926   00:5030                          RECEIVE_DATA
    2926   00:5030  3A 06 7F          >     ld a,(MEM_IN_DATA_PORT)
    2927   00:5033  5F                      ld  e,a
    2928   00:5034                      TCPIP_GET_CAPAB_BLK1_ST4:
    2929   00:5034                          CHECK_DATA
    2929   00:5034  3A 07 7F          >     ld  a,(MEM_IN_STS_PORT)
    2929   00:5037  CB 47             >     bit 0,a
    2930   00:5039  20 05                   jr  nz,TCPIP_GET_CAPAB_BLK1_ST4.1
    2931   00:503B  CD 27 4E                call    TCPIP_GENERIC_CHECK_TIME_OUT
    2932   00:503E  18 F4                   jr  TCPIP_GET_CAPAB_BLK1_ST4
    2933   00:5040                      TCPIP_GET_CAPAB_BLK1_ST4.1:
    2934   00:5040                          ; nz, get it
    2935   00:5040                          RECEIVE_DATA
    2935   00:5040  3A 06 7F          >     ld a,(MEM_IN_DATA_PORT)
    2936   00:5043  57                      ld  d,a
    2937   00:5044                      TCPIP_GET_CAPAB_BLK1_ST5:
    2938   00:5044                          CHECK_DATA
    2938   00:5044  3A 07 7F          >     ld  a,(MEM_IN_STS_PORT)
    2938   00:5047  CB 47             >     bit 0,a
    2939   00:5049  20 05                   jr  nz,TCPIP_GET_CAPAB_BLK1_ST5.1
    2940   00:504B  CD 27 4E                call    TCPIP_GENERIC_CHECK_TIME_OUT
    2941   00:504E  18 F4                   jr  TCPIP_GET_CAPAB_BLK1_ST5
    2942   00:5050                      TCPIP_GET_CAPAB_BLK1_ST5.1:
    2943   00:5050                          ; nz, get it
    2944   00:5050                          RECEIVE_DATA
    2944   00:5050  3A 06 7F          >     ld a,(MEM_IN_DATA_PORT)
    2945   00:5053  47                      ld  b,a
    2946   00:5054                          ; Done
    2947   00:5054  AF                      xor a
    2948   00:5055  C9                      ret
    2949   00:5056                      
    2950   00:5056                      ;==========================
    2951   00:5056                      ;===  TCPIP_GET_IPINFO  ===
    2952   00:5056                      ;==========================
    2953   00:5056                      ;Get IP address.
    2954   00:5056                      ;
    2955   00:5056                      ;Input:  A = 2
    2956   00:5056                      ;        B = Index of address to obtain:
    2957   00:5056                      ;            1: Local IP address
    2958   00:5056                      ;            2: Peer IP address
    2959   00:5056                      ;            3: Subnet mask
    2960   00:5056                      ;            4: Default gateway
    2961   00:5056                      ;            5: Primary DNS server IP address
    2962   00:5056                      ;            6: Secondary DNS server IP address
    2963   00:5056                      ;Output: A = Error code
    2964   00:5056                      ;        L.H.E.D = Requested address
    2965   00:5056                      TCPIP_GET_IPINFO:
    2966   00:5056                          SEND_DATA                       ; Send the command
    2966   00:5056  32 07 7F          >     ld  (MEM_OUT_TX_PORT),a
    2967   00:5059  AF                      xor a
    2968   00:505A                          SEND_DATA                       ; Send the command size msb
    2968   00:505A  32 07 7F          >     ld  (MEM_OUT_TX_PORT),a
    2969   00:505D  3C                      inc a
    2970   00:505E                          SEND_DATA                       ; Send the command size lsb
    2970   00:505E  32 07 7F          >     ld  (MEM_OUT_TX_PORT),a
    2971   00:5061  78                      ld  a,b
    2972   00:5062                          SEND_DATA
    2972   00:5062  32 07 7F          >     ld  (MEM_OUT_TX_PORT),a
    2973   00:5065                      
    2974   00:5065                          ; Now wait up to 600 ticks to get response
    2975   00:5065  21 58 02                ld  hl,600
    2976   00:5068  CD 36 61                call    SETCOUNTER
    2977   00:506B                      TCPIP_GET_IPINFO_ST1:
    2978   00:506B                          CHECK_DATA
    2978   00:506B  3A 07 7F          >     ld  a,(MEM_IN_STS_PORT)
    2978   00:506E  CB 47             >     bit 0,a
    2979   00:5070  20 05                   jr  nz,TCPIP_GET_IPINFO_ST1.1
    2980   00:5072  CD 27 4E                call    TCPIP_GENERIC_CHECK_TIME_OUT
    2981   00:5075  18 F4                   jr  TCPIP_GET_IPINFO_ST1
    2982   00:5077                      TCPIP_GET_IPINFO_ST1.1:
    2983   00:5077                          ; nz, check the data
    2984   00:5077                          RECEIVE_DATA
    2984   00:5077  3A 06 7F          >     ld a,(MEM_IN_DATA_PORT)
    2985   00:507A  FE 02                   cp  2                           ; Is response of our command?
    2986   00:507C  20 ED                   jr  nz,TCPIP_GET_IPINFO_ST1
    2987   00:507E                          ; now get return code, if return code other than 0, it is finished
    2988   00:507E                      TCPIP_GET_IPINFO_RC:
    2989   00:507E                          CHECK_DATA
    2989   00:507E  3A 07 7F          >     ld  a,(MEM_IN_STS_PORT)
    2989   00:5081  CB 47             >     bit 0,a
    2990   00:5083  20 05                   jr  nz,TCPIP_GET_IPINFO_RC.1
    2991   00:5085  CD 27 4E                call    TCPIP_GENERIC_CHECK_TIME_OUT
    2992   00:5088  18 F4                   jr  TCPIP_GET_IPINFO_RC
    2993   00:508A                      TCPIP_GET_IPINFO_RC.1:
    2994   00:508A                          ; nz, discard
    2995   00:508A                          RECEIVE_DATA
    2995   00:508A  3A 06 7F          >     ld a,(MEM_IN_DATA_PORT)
    2996   00:508D  B7                      or  a                           ; 0?
    2997   00:508E  C0                      ret nz                          ; if not, done
    2998   00:508F                      
    2999   00:508F                          ; next two bytes are return code and size bytes, don't care, it is 4
    3000   00:508F  06 02                   ld  b,2
    3001   00:5091                      TCPIP_GET_IPINFO_ST2:
    3002   00:5091                          CHECK_DATA
    3002   00:5091  3A 07 7F          >     ld  a,(MEM_IN_STS_PORT)
    3002   00:5094  CB 47             >     bit 0,a
    3003   00:5096  20 05                   jr  nz,TCPIP_GET_IPINFO_ST2.1
    3004   00:5098  CD 27 4E                call    TCPIP_GENERIC_CHECK_TIME_OUT
    3005   00:509B  18 F4                   jr  TCPIP_GET_IPINFO_ST2
    3006   00:509D                      TCPIP_GET_IPINFO_ST2.1:
    3007   00:509D                          ; nz, discard
    3008   00:509D                          RECEIVE_DATA
    3008   00:509D  3A 06 7F          >     ld a,(MEM_IN_DATA_PORT)
    3009   00:50A0  05                      dec b
    3010   00:50A1  20 EE                   jr  nz,TCPIP_GET_IPINFO_ST2
    3011   00:50A3                      
    3012   00:50A3                          ; now just get the 4 bytes IP and order it in L, H, E and D
    3013   00:50A3                      TCPIP_GET_IPINFO_IP_ST1:
    3014   00:50A3                          CHECK_DATA
    3014   00:50A3  3A 07 7F          >     ld  a,(MEM_IN_STS_PORT)
    3014   00:50A6  CB 47             >     bit 0,a
    3015   00:50A8  20 05                   jr  nz,TCPIP_GET_IPINFO_IP_ST1.1
    3016   00:50AA  CD 27 4E                call    TCPIP_GENERIC_CHECK_TIME_OUT
    3017   00:50AD  18 F4                   jr  TCPIP_GET_IPINFO_IP_ST1
    3018   00:50AF                      TCPIP_GET_IPINFO_IP_ST1.1:
    3019   00:50AF                          ; nz, get it
    3020   00:50AF                          RECEIVE_DATA
    3020   00:50AF  3A 06 7F          >     ld a,(MEM_IN_DATA_PORT)
    3021   00:50B2  6F                      ld  l,a
    3022   00:50B3                      TCPIP_GET_IPINFO_IP_ST2:
    3023   00:50B3                          CHECK_DATA
    3023   00:50B3  3A 07 7F          >     ld  a,(MEM_IN_STS_PORT)
    3023   00:50B6  CB 47             >     bit 0,a
    3024   00:50B8  20 05                   jr  nz,TCPIP_GET_IPINFO_IP_ST2.1
    3025   00:50BA  CD 27 4E                call    TCPIP_GENERIC_CHECK_TIME_OUT
    3026   00:50BD  18 F4                   jr  TCPIP_GET_IPINFO_IP_ST2
    3027   00:50BF                      TCPIP_GET_IPINFO_IP_ST2.1:
    3028   00:50BF                          ; nz, get it
    3029   00:50BF                          RECEIVE_DATA
    3029   00:50BF  3A 06 7F          >     ld a,(MEM_IN_DATA_PORT)
    3030   00:50C2  67                      ld  h,a
    3031   00:50C3                      TCPIP_GET_IPINFO_IP_ST3:
    3032   00:50C3                          CHECK_DATA
    3032   00:50C3  3A 07 7F          >     ld  a,(MEM_IN_STS_PORT)
    3032   00:50C6  CB 47             >     bit 0,a
    3033   00:50C8  20 05                   jr  nz,TCPIP_GET_IPINFO_IP_ST3.1
    3034   00:50CA  CD 27 4E                call    TCPIP_GENERIC_CHECK_TIME_OUT
    3035   00:50CD  18 F4                   jr  TCPIP_GET_IPINFO_IP_ST3
    3036   00:50CF                      TCPIP_GET_IPINFO_IP_ST3.1:
    3037   00:50CF                          ; nz, get it
    3038   00:50CF                          RECEIVE_DATA
    3038   00:50CF  3A 06 7F          >     ld a,(MEM_IN_DATA_PORT)
    3039   00:50D2  5F                      ld  e,a
    3040   00:50D3                      TCPIP_GET_IPINFO_IP_ST4:
    3041   00:50D3                          CHECK_DATA
    3041   00:50D3  3A 07 7F          >     ld  a,(MEM_IN_STS_PORT)
    3041   00:50D6  CB 47             >     bit 0,a
    3042   00:50D8  20 05                   jr  nz,TCPIP_GET_IPINFO_IP_ST4.1
    3043   00:50DA  CD 27 4E                call    TCPIP_GENERIC_CHECK_TIME_OUT
    3044   00:50DD  18 F4                   jr  TCPIP_GET_IPINFO_IP_ST4
    3045   00:50DF                      TCPIP_GET_IPINFO_IP_ST4.1:
    3046   00:50DF                          ; nz, get it
    3047   00:50DF                          RECEIVE_DATA
    3047   00:50DF  3A 06 7F          >     ld a,(MEM_IN_DATA_PORT)
    3048   00:50E2  57                      ld  d,a
    3049   00:50E3                          ; done
    3050   00:50E3  AF                      xor a
    3051   00:50E4  C9                      ret
    3052   00:50E5                      
    3053   00:50E5                      ;=========================
    3054   00:50E5                      ;===  TCPIP_NET_STATE  ===
    3055   00:50E5                      ;=========================
    3056   00:50E5                      ;Get network state.
    3057   00:50E5                      ;
    3058   00:50E5                      ;Input:  A = 3
    3059   00:50E5                      ;Output: A = Error code
    3060   00:50E5                      ;        B = Current network state:
    3061   00:50E5                      ;            0: Closed
    3062   00:50E5                      ;            1: Opening
    3063   00:50E5                      ;            2: Open
    3064   00:50E5                      ;            3: Closing
    3065   00:50E5                      ;            255: Unknown
    3066   00:50E5                      TCPIP_NET_STATE:
    3067   00:50E5                          SEND_DATA                       ; Send the command
    3067   00:50E5  32 07 7F          >     ld  (MEM_OUT_TX_PORT),a
    3068   00:50E8  AF                      xor a
    3069   00:50E9                          SEND_DATA                       ; Send the command size msb
    3069   00:50E9  32 07 7F          >     ld  (MEM_OUT_TX_PORT),a
    3070   00:50EC                          SEND_DATA                       ; Send the command size lsb
    3070   00:50EC  32 07 7F          >     ld  (MEM_OUT_TX_PORT),a
    3071   00:50EF                      
    3072   00:50EF                          ; Now wait up to 720 ticks to get response
    3073   00:50EF  21 D0 02                ld  hl,720
    3074   00:50F2  CD 36 61                call    SETCOUNTER
    3075   00:50F5                      TCPIP_NET_STATE_ST1:
    3076   00:50F5                          CHECK_DATA
    3076   00:50F5  3A 07 7F          >     ld  a,(MEM_IN_STS_PORT)
    3076   00:50F8  CB 47             >     bit 0,a
    3077   00:50FA  20 05                   jr  nz,TCPIP_NET_STATE_ST1.1
    3078   00:50FC  CD 27 4E                call    TCPIP_GENERIC_CHECK_TIME_OUT
    3079   00:50FF  18 F4                   jr  TCPIP_NET_STATE_ST1
    3080   00:5101                      TCPIP_NET_STATE_ST1.1:
    3081   00:5101                          ; nz, check the data
    3082   00:5101                          RECEIVE_DATA
    3082   00:5101  3A 06 7F          >     ld a,(MEM_IN_DATA_PORT)
    3083   00:5104  FE 03                   cp  3                           ; Is response of our command?
    3084   00:5106  20 ED                   jr  nz,TCPIP_NET_STATE_ST1
    3085   00:5108                          ; now get return code, if return code other than 0, it is finished
    3086   00:5108                      TCPIP_NET_STATE_RC:
    3087   00:5108                          CHECK_DATA
    3087   00:5108  3A 07 7F          >     ld  a,(MEM_IN_STS_PORT)
    3087   00:510B  CB 47             >     bit 0,a
    3088   00:510D  20 05                   jr  nz,TCPIP_NET_STATE_RC.1
    3089   00:510F  CD 27 4E                call    TCPIP_GENERIC_CHECK_TIME_OUT
    3090   00:5112  18 F4                   jr  TCPIP_NET_STATE_RC
    3091   00:5114                      TCPIP_NET_STATE_RC.1:
    3092   00:5114                          ; nz, get it
    3093   00:5114                          RECEIVE_DATA
    3093   00:5114  3A 06 7F          >     ld a,(MEM_IN_DATA_PORT)
    3094   00:5117  B7                      or  a                           ; 0?
    3095   00:5118  C0                      ret nz                          ; if not, done
    3096   00:5119                      
    3097   00:5119                          ; next two bytes are return code and size bytes, don't care, it is 1
    3098   00:5119  06 02                   ld  b,2
    3099   00:511B                      TCPIP_NET_STATE_ST2:
    3100   00:511B                          CHECK_DATA
    3100   00:511B  3A 07 7F          >     ld  a,(MEM_IN_STS_PORT)
    3100   00:511E  CB 47             >     bit 0,a
    3101   00:5120  20 05                   jr  nz,TCPIP_NET_STATE_ST2.1
    3102   00:5122  CD 27 4E                call    TCPIP_GENERIC_CHECK_TIME_OUT
    3103   00:5125  18 F4                   jr  TCPIP_NET_STATE_ST2
    3104   00:5127                      TCPIP_NET_STATE_ST2.1:
    3105   00:5127                          ; nz, discard
    3106   00:5127                          RECEIVE_DATA
    3106   00:5127  3A 06 7F          >     ld a,(MEM_IN_DATA_PORT)
    3107   00:512A  05                      dec b
    3108   00:512B  20 EE                   jr  nz,TCPIP_NET_STATE_ST2
    3109   00:512D                      
    3110   00:512D                          ; now just get the 1 byte (NET STATE) IP and place it in B
    3111   00:512D                      TCPIP_NET_STATE_NS_ST1:
    3112   00:512D                          CHECK_DATA
    3112   00:512D  3A 07 7F          >     ld  a,(MEM_IN_STS_PORT)
    3112   00:5130  CB 47             >     bit 0,a
    3113   00:5132  20 05                   jr  nz,TCPIP_NET_STATE_NS_ST1.1
    3114   00:5134  CD 27 4E                call    TCPIP_GENERIC_CHECK_TIME_OUT
    3115   00:5137  18 F4                   jr  TCPIP_NET_STATE_NS_ST1
    3116   00:5139                      TCPIP_NET_STATE_NS_ST1.1:
    3117   00:5139                          ; nz, get it
    3118   00:5139                          RECEIVE_DATA
    3118   00:5139  3A 06 7F          >     ld a,(MEM_IN_DATA_PORT)
    3119   00:513C  47                      ld  b,a
    3120   00:513D                          ; done
    3121   00:513D  AF                      xor a
    3122   00:513E  C9                      ret
    3123   00:513F                      
    3124   00:513F                      ;=====================
    3125   00:513F                      ;===  TCPIP_DNS_Q  ===
    3126   00:513F                      ;=====================
    3127   00:513F                      ;Start a host name resolution query.
    3128   00:513F                      ;
    3129   00:513F                      ;Input:  A  = 6
    3130   00:513F                      ;        HL = Address of the host name to be resolved, zero terminated
    3131   00:513F                      ;        B  = Flags, when set to 1 they instruct the resolver to:
    3132   00:513F                      ;             bit 0: Only abort the query currently in progress, if there is any
    3133   00:513F                      ;                    (other flags and registers are then ignored)
    3134   00:513F                      ;             bit 1: Assume that the passed name is an IP address,
    3135   00:513F                      ;                    and return an error if this is not true
    3136   00:513F                      ;             bit 2: If there is a query in progress already,
    3137   00:513F                      ;                    do NOT abort it and return an error instead
    3138   00:513F                      ;Output:  A = Error code
    3139   00:513F                      ;         B = 0 if a query to a DNS server is in progress
    3140   00:513F                      ;             1 if the name represented an IP address
    3141   00:513F                      ;             2 if the name could be resolved locally
    3142   00:513F                      ;         L.H.E.D = Resolved IP address
    3143   00:513F                      ;                   (only if no error occurred and B=1 or 2 is returned)
    3144   00:513F                      ;RAM Buffer to store names to be resolved (and used also to translate IPs from ASCII to 32bits number)
    3145   00:513F                      ;Will store the result of the last DNS query
    3146   00:513F                      TCPIP_DNS_Q:
    3147   00:513F  E5                      push    hl                      ; Save HL
    3148   00:5140  AF                      xor a
    3149   00:5141  5F                      ld  e,a
    3150   00:5142  57                      ld  d,a                         ; Zero DE
    3151   00:5143                      TCPIP_DNS_Q_SIZE_LOOP:
    3152   00:5143  7E                      ld  a,(hl)                      ; so let's check the size of dns data
    3153   00:5144  B7                      or  a                           ; it is zero terminated
    3154   00:5145  28 05                   jr  z,TCPIP_DNS_Q_SEND          ; if zero, end of string
    3155   00:5147  13                      inc de                          ; ok, not zero, one more char
    3156   00:5148  23                      inc hl                          ; next
    3157   00:5149  C3 43 51                jp  TCPIP_DNS_Q_SIZE_LOOP       ; jp is a tad bit faster and we are not worried about code size
    3158   00:514C                      TCPIP_DNS_Q_SEND:
    3159   00:514C                          ; Here we send the query and wait the result
    3160   00:514C  13                      inc de                          ; add 1, we will send flag first
    3161   00:514D  3E CE                   ld  a,206                       ; DNS_Q_NEW
    3162   00:514F                          SEND_DATA                       ; Send the command
    3162   00:514F  32 07 7F          >     ld  (MEM_OUT_TX_PORT),a
    3163   00:5152  7A                      ld  a,d
    3164   00:5153                          SEND_DATA                       ; Send the command size msb
    3164   00:5153  32 07 7F          >     ld  (MEM_OUT_TX_PORT),a
    3165   00:5156  7B                      ld  a,e
    3166   00:5157                          SEND_DATA                       ; Send the command size lsb
    3166   00:5157  32 07 7F          >     ld  (MEM_OUT_TX_PORT),a
    3167   00:515A  78                      ld  a,b
    3168   00:515B                          SEND_DATA                       ; Send the flag byte
    3168   00:515B  32 07 7F          >     ld  (MEM_OUT_TX_PORT),a
    3169   00:515E                      
    3170   00:515E                          if USE_MEM_IO = 0
    3171   00:515E                    ~     ; now otir of DNS/DNS BUFFER DATA SIZE
    3172   00:515E                    ~     ld  c,OUT_TX_PORT               ; our data TX port
    3173   00:515E                    ~     endif
    3174   00:515E  E1                      pop hl                          ; string to try to resolve
    3175   00:515F  1B                      dec de                          ; we are sending just data addressed by HL, so revert count
    3176   00:5160  7A                      ld  a,d
    3177   00:5161  B3                      or  e                           ; if de zero, no string, wrong parameters, but let the ESP answer
    3178   00:5162  CA 74 51                jp  z,TCPIP_DNS_Q_WAIT_RSP
    3179   00:5165  AF                      xor a
    3180   00:5166                          ; Fast 16 bit variable size loop by GRAUW
    3181   00:5166  43                      ld  b,e
    3182   00:5167  1B                      dec de
    3183   00:5168  14                      inc d
    3184   00:5169                      TCPIP_DNS_Q_SENDLP:
    3185   00:5169                          ; send it
    3186   00:5169                          if USE_MEM_IO = 0
    3187   00:5169                    ~     outi
    3188   00:5169                    ~     jp  nz,TCPIP_DNS_Q_SENDLP
    3189   00:5169                    ~     else
    3190   00:5169  7E                      ld  a,(hl)
    3191   00:516A  32 07 7F                ld  (MEM_OUT_TX_PORT),a
    3192   00:516D  23                      inc hl
    3193   00:516E  10 F9                   djnz TCPIP_DNS_Q_SENDLP
    3194   00:5170                          endif
    3195   00:5170  15                      dec d
    3196   00:5171  C2 69 51                jp  nz,TCPIP_DNS_Q_SENDLP
    3197   00:5174                      TCPIP_DNS_Q_WAIT_RSP:
    3198   00:5174                          ; Now wait up to 900 ticks (15s@60Hz) to get response
    3199   00:5174  21 84 03                ld  hl,900
    3200   00:5177  CD 36 61                call    SETCOUNTER
    3201   00:517A                      TCPIP_DNSQ_SEND_ST1:
    3202   00:517A                          CHECK_DATA
    3202   00:517A  3A 07 7F          >     ld  a,(MEM_IN_STS_PORT)
    3202   00:517D  CB 47             >     bit 0,a
    3203   00:517F  20 05                   jr  nz,TCPIP_DNSQ_SEND_ST1.1
    3204   00:5181  CD 27 4E                call    TCPIP_GENERIC_CHECK_TIME_OUT
    3205   00:5184  18 F4                   jr  TCPIP_DNSQ_SEND_ST1
    3206   00:5186                      TCPIP_DNSQ_SEND_ST1.1:
    3207   00:5186                          ; nz, check the data
    3208   00:5186                          RECEIVE_DATA
    3208   00:5186  3A 06 7F          >     ld a,(MEM_IN_DATA_PORT)
    3209   00:5189  FE CE                   cp  206                         ; Is response of our command?
    3210   00:518B  20 ED                   jr  nz,TCPIP_DNSQ_SEND_ST1
    3211   00:518D                          ; now get return code, if return code other than 0, it is finished
    3212   00:518D                      TCPIP_DNSQ_SEND_RC:
    3213   00:518D                          CHECK_DATA
    3213   00:518D  3A 07 7F          >     ld  a,(MEM_IN_STS_PORT)
    3213   00:5190  CB 47             >     bit 0,a
    3214   00:5192  20 05                   jr  nz,TCPIP_DNSQ_SEND_RC.1
    3215   00:5194  CD 27 4E                call    TCPIP_GENERIC_CHECK_TIME_OUT
    3216   00:5197  18 F4                   jr  TCPIP_DNSQ_SEND_RC
    3217   00:5199                      TCPIP_DNSQ_SEND_RC.1:
    3218   00:5199                          ; nz, discard
    3219   00:5199                          RECEIVE_DATA
    3219   00:5199  3A 06 7F          >     ld a,(MEM_IN_DATA_PORT)
    3220   00:519C  B7                      or  a                           ; 0?
    3221   00:519D  06 00                   ld  b,0                         ; say in progress as there is no failure status
    3222   00:519F  C0                      ret nz                          ; if not, done, ERROR won't return data
    3223   00:51A0                      
    3224   00:51A0                          ; next two bytes are return code and size bytes, don't care, it is 4, resolved IP
    3225   00:51A0  06 02                   ld  b,2
    3226   00:51A2                      TCPIP_DNSQ_SEND_RC_ST2:
    3227   00:51A2                          CHECK_DATA
    3227   00:51A2  3A 07 7F          >     ld  a,(MEM_IN_STS_PORT)
    3227   00:51A5  CB 47             >     bit 0,a
    3228   00:51A7  20 05                   jr  nz,TCPIP_DNSQ_SEND_RC_ST2.1
    3229   00:51A9  CD 27 4E                call    TCPIP_GENERIC_CHECK_TIME_OUT
    3230   00:51AC  18 F4                   jr  TCPIP_DNSQ_SEND_RC_ST2
    3231   00:51AE                      TCPIP_DNSQ_SEND_RC_ST2.1:
    3232   00:51AE                          ; nz, discard
    3233   00:51AE                          RECEIVE_DATA
    3233   00:51AE  3A 06 7F          >     ld a,(MEM_IN_DATA_PORT)
    3234   00:51B1  05                      dec b
    3235   00:51B2  20 EE                   jr  nz,TCPIP_DNSQ_SEND_RC_ST2
    3236   00:51B4                      
    3237   00:51B4                          ; now just get the 4 bytes IP and place it in L H E D
    3238   00:51B4                      TCPIP_DNSQ_IP_ST1:
    3239   00:51B4                          CHECK_DATA
    3239   00:51B4  3A 07 7F          >     ld  a,(MEM_IN_STS_PORT)
    3239   00:51B7  CB 47             >     bit 0,a
    3240   00:51B9  20 05                   jr  nz,TCPIP_DNSQ_IP_ST1.1
    3241   00:51BB  CD 27 4E                call    TCPIP_GENERIC_CHECK_TIME_OUT
    3242   00:51BE  18 F4                   jr  TCPIP_DNSQ_IP_ST1
    3243   00:51C0                      TCPIP_DNSQ_IP_ST1.1:
    3244   00:51C0                          ; nz, get it
    3245   00:51C0                          RECEIVE_DATA
    3245   00:51C0  3A 06 7F          >     ld a,(MEM_IN_DATA_PORT)
    3246   00:51C3  6F                      ld  l,a
    3247   00:51C4                      TCPIP_DNSQ_IP_ST2:
    3248   00:51C4                          CHECK_DATA
    3248   00:51C4  3A 07 7F          >     ld  a,(MEM_IN_STS_PORT)
    3248   00:51C7  CB 47             >     bit 0,a
    3249   00:51C9  20 05                   jr  nz,TCPIP_DNSQ_IP_ST2.1
    3250   00:51CB  CD 27 4E                call    TCPIP_GENERIC_CHECK_TIME_OUT
    3251   00:51CE  18 F4                   jr  TCPIP_DNSQ_IP_ST2
    3252   00:51D0                      TCPIP_DNSQ_IP_ST2.1:
    3253   00:51D0                          ; nz, get it
    3254   00:51D0                          RECEIVE_DATA
    3254   00:51D0  3A 06 7F          >     ld a,(MEM_IN_DATA_PORT)
    3255   00:51D3  67                      ld  h,a
    3256   00:51D4                      TCPIP_DNSQ_IP_ST3:
    3257   00:51D4                          CHECK_DATA
    3257   00:51D4  3A 07 7F          >     ld  a,(MEM_IN_STS_PORT)
    3257   00:51D7  CB 47             >     bit 0,a
    3258   00:51D9  20 05                   jr  nz,TCPIP_DNSQ_IP_ST3.1
    3259   00:51DB  CD 27 4E                call    TCPIP_GENERIC_CHECK_TIME_OUT
    3260   00:51DE  18 F4                   jr  TCPIP_DNSQ_IP_ST3
    3261   00:51E0                      TCPIP_DNSQ_IP_ST3.1:
    3262   00:51E0                          ; nz, get it
    3263   00:51E0                          RECEIVE_DATA
    3263   00:51E0  3A 06 7F          >     ld a,(MEM_IN_DATA_PORT)
    3264   00:51E3  5F                      ld  e,a
    3265   00:51E4                      TCPIP_DNSQ_IP_ST4:
    3266   00:51E4                          CHECK_DATA
    3266   00:51E4  3A 07 7F          >     ld  a,(MEM_IN_STS_PORT)
    3266   00:51E7  CB 47             >     bit 0,a
    3267   00:51E9  20 05                   jr  nz,TCPIP_DNSQ_IP_ST4.1
    3268   00:51EB  CD 27 4E                call    TCPIP_GENERIC_CHECK_TIME_OUT
    3269   00:51EE  18 F4                   jr  TCPIP_DNSQ_IP_ST4
    3270   00:51F0                      TCPIP_DNSQ_IP_ST4.1:
    3271   00:51F0                          ; nz, get it
    3272   00:51F0                          RECEIVE_DATA
    3272   00:51F0  3A 06 7F          >     ld a,(MEM_IN_DATA_PORT)
    3273   00:51F3  57                      ld  d,a
    3274   00:51F4                          ; done
    3275   00:51F4  3E 01                   ld  a,1
    3276   00:51F6  CD 5B 62                call    SETDNSREADY             ; DNS done
    3277   00:51F9  CD 85 62                call    SETDNSRESULT            ; DNS RESULT
    3278   00:51FC  06 02                   ld  b,2
    3279   00:51FE  AF                      xor a
    3280   00:51FF  C9                      ret
    3281   00:5200                      
    3282   00:5200                      ;=====================
    3283   00:5200                      ;===  TCPIP_DNS_S  ===
    3284   00:5200                      ;=====================
    3285   00:5200                      ;Obtains the host name resolution process state and result.
    3286   00:5200                      ;
    3287   00:5200                      ;Input:  A = 7
    3288   00:5200                      ;        B = Flags, when set to 1 they instruct the resolver to:
    3289   00:5200                      ;            bit 0: Clear any existing result or error condition after the execution
    3290   00:5200                      ;                   (except if there is a query in progress)
    3291   00:5200                      ;Output: A = Error code
    3292   00:5200                      ;        B = DNS error code (when error is ERR_DNS)
    3293   00:5200                      ;        B = Current query status (when error is ERR_OK):
    3294   00:5200                      ;            0: There is no query in progress, nor any result nor error code available
    3295   00:5200                      ;            1: There is a query in progress
    3296   00:5200                      ;            2: Query is complete
    3297   00:5200                      ;        C = Current query sub status (when error is ERR_OK and B=1):
    3298   00:5200                      ;            0: Unknown
    3299   00:5200                      ;            1: Querying the primary DNS server
    3300   00:5200                      ;            2: Querying the secondary DNS server
    3301   00:5200                      ;            3: Querying another DNS server
    3302   00:5200                      ;        C = Resolution process type (when error is ERR_OK and B=2):
    3303   00:5200                      ;            0: The name was obtained by querying a DNS server
    3304   00:5200                      ;            1: The name was a direct representation of an IP address
    3305   00:5200                      ;            2: The name was resolved locally
    3306   00:5200                      ;       L.H.E.D = Resolved IP address (when error is ERR_OK and B=2)
    3307   00:5200                      TCPIP_DNS_S:
    3308   00:5200                          ;--- Is there a result?
    3309   00:5200  CD 49 62                call    GETDNSREADY             ; DNS done?
    3310   00:5203  B7                      or  a
    3311   00:5204  28 23                   jr  z,TCPIP_DNS_S_NORESULT      ; No DNS result
    3312   00:5206                          ;--- Ok, we have a result, is it success?
    3313   00:5206  3D                      dec a
    3314   00:5207  28 12                   jr  z,TCPIP_DNS_S_HASRESULT     ; If it is 1, it was not an error
    3315   00:5209                          ;--- Shoot, there is an error...
    3316   00:5209                          ;--- And sure thing, ESP do not tell us details, it is always failure :-P
    3317   00:5209  CB 40                   bit 0,b                         ;--- clear error after this?
    3318   00:520B  28 09                   jr  z,TCP_IP_DNS_S_NOCLR
    3319   00:520D                          ;--- Clear
    3320   00:520D  06 00                   ld b,0                          ;--- Like I've said, no details
    3321   00:520F  AF                      xor a
    3322   00:5210  CD 5B 62                call    SETDNSREADY             ; DNS not done
    3323   00:5213  3E 08                   ld  a,ERR_DNS;
    3324   00:5215  C9                      ret
    3325   00:5216                      TCP_IP_DNS_S_NOCLR:
    3326   00:5216                          ;--- Don't clear
    3327   00:5216  3E 08                   ld  a,ERR_DNS
    3328   00:5218  06 00                   ld  b,0                         ;--- Like I've said, no details
    3329   00:521A  C9                      ret
    3330   00:521B                          ;--- There is a result available...
    3331   00:521B                      TCPIP_DNS_S_HASRESULT:
    3332   00:521B                          ;--- Copy the result
    3333   00:521B  CD 6F 62                call    GETDNSRESULT
    3334   00:521E  AF                      xor a
    3335   00:521F  CB 40                   bit 0,b                         ;--- clear result after this?
    3336   00:5221  28 03                   jr  z,TCP_IP_DNS_S_RES_NOCLR    ;--- no, just return
    3337   00:5223                          ;--- Yes, clear
    3338   00:5223  CD 5B 62                call    SETDNSREADY             ; DNS not done
    3339   00:5226                      TCP_IP_DNS_S_RES_NOCLR:
    3340   00:5226  06 02                   ld  b,2
    3341   00:5228  C9                      ret
    3342   00:5229                      
    3343   00:5229                      TCPIP_DNS_S_NORESULT:
    3344   00:5229  AF                      xor a                           ;--- OK no query in progress, no result, means nothing in progress
    3345   00:522A  06 00                   ld  b,0                         ;--- No query in progress
    3346   00:522C  C9                      ret
    3347   00:522D                      
    3348   00:522D                      ;========================
    3349   00:522D                      ;===  TCPIP_UDP_OPEN  ===
    3350   00:522D                      ;========================
    3351   00:522D                      ;Open an UDP connection.
    3352   00:522D                      ;
    3353   00:522D                      ;Input:  A  = 8
    3354   00:522D                      ;        HL = Local port number (#FFFF=random)
    3355   00:522D                      ;        B  = Intended connection lifetime:
    3356   00:522D                      ;             0: Transient
    3357   00:522D                      ;             1: Resident
    3358   00:522D                      ;Output: A = Error code
    3359   00:522D                      ;        B = Connection number
    3360   00:522D                      TCPIP_UDP_OPEN:
    3361   00:522D                          SEND_DATA                       ; Send the command
    3361   00:522D  32 07 7F          >     ld  (MEM_OUT_TX_PORT),a
    3362   00:5230  AF                      xor a
    3363   00:5231                          SEND_DATA                       ; Send the command size msb
    3363   00:5231  32 07 7F          >     ld  (MEM_OUT_TX_PORT),a
    3364   00:5234  3E 03                   ld  a,3
    3365   00:5236                          SEND_DATA                       ; Send the command size lsb
    3365   00:5236  32 07 7F          >     ld  (MEM_OUT_TX_PORT),a
    3366   00:5239  7D                      ld  a,l
    3367   00:523A                          SEND_DATA                       ; Send the port LSB
    3367   00:523A  32 07 7F          >     ld  (MEM_OUT_TX_PORT),a
    3368   00:523D  7C                      ld  a,h
    3369   00:523E                          SEND_DATA                       ; Send the port MSB
    3369   00:523E  32 07 7F          >     ld  (MEM_OUT_TX_PORT),a
    3370   00:5241  78                      ld  a,b
    3371   00:5242                          SEND_DATA                       ; Send the connection transient/resident
    3371   00:5242  32 07 7F          >     ld  (MEM_OUT_TX_PORT),a
    3372   00:5245                      
    3373   00:5245                          ; Now wait up to 180 ticks to get response
    3374   00:5245  21 B4 00                ld  hl,180
    3375   00:5248  CD 36 61                call    SETCOUNTER
    3376   00:524B                      TCPIP_UDP_OPEN_ST1:
    3377   00:524B                          CHECK_DATA
    3377   00:524B  3A 07 7F          >     ld  a,(MEM_IN_STS_PORT)
    3377   00:524E  CB 47             >     bit 0,a
    3378   00:5250  20 05                   jr  nz,TCPIP_UDP_OPEN_ST1.1
    3379   00:5252  CD 27 4E                call    TCPIP_GENERIC_CHECK_TIME_OUT
    3380   00:5255  18 F4                   jr  TCPIP_UDP_OPEN_ST1
    3381   00:5257                      TCPIP_UDP_OPEN_ST1.1:
    3382   00:5257                          ; nz, check the data
    3383   00:5257                          RECEIVE_DATA
    3383   00:5257  3A 06 7F          >     ld a,(MEM_IN_DATA_PORT)
    3384   00:525A  FE 08                   cp  8                           ; Is response of our command?
    3385   00:525C  20 ED                   jr  nz,TCPIP_UDP_OPEN_ST1
    3386   00:525E                          ; now get return code, if return code other than 0, it is finished
    3387   00:525E                      TCPIP_UDP_OPEN_RC:
    3388   00:525E                          CHECK_DATA
    3388   00:525E  3A 07 7F          >     ld  a,(MEM_IN_STS_PORT)
    3388   00:5261  CB 47             >     bit 0,a
    3389   00:5263  20 05                   jr  nz,TCPIP_UDP_OPEN_RC.1
    3390   00:5265  CD 27 4E                call    TCPIP_GENERIC_CHECK_TIME_OUT
    3391   00:5268  18 F4                   jr  TCPIP_UDP_OPEN_RC
    3392   00:526A                      TCPIP_UDP_OPEN_RC.1:
    3393   00:526A                          ; nz, discard
    3394   00:526A                          RECEIVE_DATA
    3394   00:526A  3A 06 7F          >     ld a,(MEM_IN_DATA_PORT)
    3395   00:526D  B7                      or  a                           ; 0?
    3396   00:526E  C0                      ret nz                          ; if not, done
    3397   00:526F                      
    3398   00:526F                          ; next two bytes are return code and size bytes, don't care, it is 1, conn #
    3399   00:526F  06 02                   ld  b,2
    3400   00:5271                      TCPIP_UDP_OPEN_ST2:
    3401   00:5271                          CHECK_DATA
    3401   00:5271  3A 07 7F          >     ld  a,(MEM_IN_STS_PORT)
    3401   00:5274  CB 47             >     bit 0,a
    3402   00:5276  20 05                   jr  nz,TCPIP_UDP_OPEN_ST2.1
    3403   00:5278  CD 27 4E                call    TCPIP_GENERIC_CHECK_TIME_OUT
    3404   00:527B  18 F4                   jr  TCPIP_UDP_OPEN_ST2
    3405   00:527D                      TCPIP_UDP_OPEN_ST2.1:
    3406   00:527D                          ; nz, discard
    3407   00:527D                          RECEIVE_DATA
    3407   00:527D  3A 06 7F          >     ld a,(MEM_IN_DATA_PORT)
    3408   00:5280  05                      dec b
    3409   00:5281  20 EE                   jr  nz,TCPIP_UDP_OPEN_ST2
    3410   00:5283                      
    3411   00:5283                          ; now just get the 1 byte, conn#, should go to B
    3412   00:5283                      TCPIP_UDP_OPEN_CONN_ST1:
    3413   00:5283                          CHECK_DATA
    3413   00:5283  3A 07 7F          >     ld  a,(MEM_IN_STS_PORT)
    3413   00:5286  CB 47             >     bit 0,a
    3414   00:5288  20 05                   jr  nz,TCPIP_UDP_OPEN_CONN_ST1.1
    3415   00:528A  CD 27 4E                call    TCPIP_GENERIC_CHECK_TIME_OUT
    3416   00:528D  18 F4                   jr  TCPIP_UDP_OPEN_CONN_ST1
    3417   00:528F                      TCPIP_UDP_OPEN_CONN_ST1.1:
    3418   00:528F                          ; nz, get it
    3419   00:528F                          RECEIVE_DATA
    3419   00:528F  3A 06 7F          >     ld a,(MEM_IN_DATA_PORT)
    3420   00:5292  47                      ld  b,a
    3421   00:5293                          ; done
    3422   00:5293  AF                      xor a
    3423   00:5294  C9                      ret
    3424   00:5295                      
    3425   00:5295                      ;=========================
    3426   00:5295                      ;===  TCPIP_UDP_CLOSE  ===
    3427   00:5295                      ;=========================
    3428   00:5295                      ;Close a UDP connection.
    3429   00:5295                      ;
    3430   00:5295                      ;Input:  A = 9
    3431   00:5295                      ;        B = Connection number
    3432   00:5295                      ;            0 to close all open transient UDP connections
    3433   00:5295                      ;Output: A = Error code
    3434   00:5295                      TCPIP_UDP_CLOSE:
    3435   00:5295                          SEND_DATA                       ; Send the command
    3435   00:5295  32 07 7F          >     ld  (MEM_OUT_TX_PORT),a
    3436   00:5298  AF                      xor a
    3437   00:5299                          SEND_DATA                       ; Send the command size msb
    3437   00:5299  32 07 7F          >     ld  (MEM_OUT_TX_PORT),a
    3438   00:529C  3E 01                   ld  a,1
    3439   00:529E                          SEND_DATA                       ; Send the command size lsb
    3439   00:529E  32 07 7F          >     ld  (MEM_OUT_TX_PORT),a
    3440   00:52A1  78                      ld  a,b
    3441   00:52A2                          SEND_DATA                       ; Send the connection #
    3441   00:52A2  32 07 7F          >     ld  (MEM_OUT_TX_PORT),a
    3442   00:52A5                          ; Now wait up to 180 ticks to get response
    3443   00:52A5  21 B4 00                ld  hl,180
    3444   00:52A8  CD 36 61                call    SETCOUNTER
    3445   00:52AB                      TCPIP_UDP_CLOSE_ST1:
    3446   00:52AB                          CHECK_DATA
    3446   00:52AB  3A 07 7F          >     ld  a,(MEM_IN_STS_PORT)
    3446   00:52AE  CB 47             >     bit 0,a
    3447   00:52B0  20 05                   jr  nz,TCPIP_UDP_CLOSE_ST1.1
    3448   00:52B2  CD 27 4E                call    TCPIP_GENERIC_CHECK_TIME_OUT
    3449   00:52B5  18 F4                   jr  TCPIP_UDP_CLOSE_ST1
    3450   00:52B7                      TCPIP_UDP_CLOSE_ST1.1:
    3451   00:52B7                          ; nz, check the data
    3452   00:52B7                          RECEIVE_DATA
    3452   00:52B7  3A 06 7F          >     ld a,(MEM_IN_DATA_PORT)
    3453   00:52BA  FE 09                   cp  9                           ; Is response of our command?
    3454   00:52BC  20 ED                   jr  nz,TCPIP_UDP_CLOSE_ST1
    3455   00:52BE                          ; now get return code, if return code other than 0, it is finished
    3456   00:52BE                      TCPIP_UDP_CLOSE_RC:
    3457   00:52BE                          CHECK_DATA
    3457   00:52BE  3A 07 7F          >     ld  a,(MEM_IN_STS_PORT)
    3457   00:52C1  CB 47             >     bit 0,a
    3458   00:52C3  20 05                   jr  nz,TCPIP_UDP_CLOSE_RC.1
    3459   00:52C5  CD 27 4E                call    TCPIP_GENERIC_CHECK_TIME_OUT
    3460   00:52C8  18 F4                   jr  TCPIP_UDP_CLOSE_RC
    3461   00:52CA                      TCPIP_UDP_CLOSE_RC.1:
    3462   00:52CA                          ; nz, discard
    3463   00:52CA                          RECEIVE_DATA
    3463   00:52CA  3A 06 7F          >     ld a,(MEM_IN_DATA_PORT)
    3464   00:52CD  B7                      or  a                           ; 0?
    3465   00:52CE  C0                      ret nz                          ; if not, done
    3466   00:52CF                      
    3467   00:52CF                          ; next two bytes are return code and size bytes, don't care, it is 1, conn #
    3468   00:52CF  06 02                   ld  b,2
    3469   00:52D1                      TCPIP_UDP_CLOSE_ST2:
    3470   00:52D1                          CHECK_DATA
    3470   00:52D1  3A 07 7F          >     ld  a,(MEM_IN_STS_PORT)
    3470   00:52D4  CB 47             >     bit 0,a
    3471   00:52D6  20 05                   jr  nz,TCPIP_UDP_CLOSE_ST2.1
    3472   00:52D8  CD 27 4E                call    TCPIP_GENERIC_CHECK_TIME_OUT
    3473   00:52DB  18 F4                   jr  TCPIP_UDP_CLOSE_ST2
    3474   00:52DD                      TCPIP_UDP_CLOSE_ST2.1:
    3475   00:52DD                          ; nz, discard
    3476   00:52DD                          RECEIVE_DATA
    3476   00:52DD  3A 06 7F          >     ld a,(MEM_IN_DATA_PORT)
    3477   00:52E0  05                      dec b
    3478   00:52E1  20 EE                   jr  nz,TCPIP_UDP_CLOSE_ST2
    3479   00:52E3                      
    3480   00:52E3                          ; done, no return data other than return code
    3481   00:52E3  AF                      xor a
    3482   00:52E4  C9                      ret
    3483   00:52E5                      
    3484   00:52E5                      ;=========================
    3485   00:52E5                      ;===  TCPIP_UDP_STATE  ===
    3486   00:52E5                      ;=========================
    3487   00:52E5                      ;Get the state of a UDP connection.
    3488   00:52E5                      ;
    3489   00:52E5                      ;Input:  A = 10
    3490   00:52E5                      ;        B = Connection number
    3491   00:52E5                      ;Output: A  = Error code
    3492   00:52E5                      ;        HL = Local port number
    3493   00:52E5                      ;        B  = Number of pending incoming datagrams
    3494   00:52E5                      ;        DE = Size of oldest pending incoming datagram (data part only)
    3495   00:52E5                      TCPIP_UDP_STATE:
    3496   00:52E5                          SEND_DATA                       ; Send the command
    3496   00:52E5  32 07 7F          >     ld  (MEM_OUT_TX_PORT),a
    3497   00:52E8  AF                      xor a
    3498   00:52E9                          SEND_DATA                       ; Send the command size msb
    3498   00:52E9  32 07 7F          >     ld  (MEM_OUT_TX_PORT),a
    3499   00:52EC  3C                      inc a
    3500   00:52ED                          SEND_DATA                       ; Send the command size lsb
    3500   00:52ED  32 07 7F          >     ld  (MEM_OUT_TX_PORT),a
    3501   00:52F0  78                      ld  a,b
    3502   00:52F1                          SEND_DATA                       ; Send the parameter
    3502   00:52F1  32 07 7F          >     ld  (MEM_OUT_TX_PORT),a
    3503   00:52F4                      
    3504   00:52F4                          ; Now wait up to 60 ticks to get response
    3505   00:52F4  21 3C 00                ld  hl,60
    3506   00:52F7  CD 36 61                call    SETCOUNTER
    3507   00:52FA                      TCPIP_UDP_STATE_ST1:
    3508   00:52FA                          CHECK_DATA
    3508   00:52FA  3A 07 7F          >     ld  a,(MEM_IN_STS_PORT)
    3508   00:52FD  CB 47             >     bit 0,a
    3509   00:52FF  20 05                   jr  nz,TCPIP_UDP_STATE_ST1.1
    3510   00:5301  CD 27 4E                call    TCPIP_GENERIC_CHECK_TIME_OUT
    3511   00:5304  18 F4                   jr  TCPIP_UDP_STATE_ST1
    3512   00:5306                      TCPIP_UDP_STATE_ST1.1:
    3513   00:5306                          ; nz, check the data
    3514   00:5306                          RECEIVE_DATA
    3514   00:5306  3A 06 7F          >     ld a,(MEM_IN_DATA_PORT)
    3515   00:5309  FE 0A                   cp  10                          ; Is response of our command?
    3516   00:530B  20 ED                   jr  nz,TCPIP_UDP_STATE_ST1
    3517   00:530D                          ; now get return code, if return code other than 0, it is finished
    3518   00:530D                      TCPIP_UDP_STATE_RC:
    3519   00:530D                          CHECK_DATA
    3519   00:530D  3A 07 7F          >     ld  a,(MEM_IN_STS_PORT)
    3519   00:5310  CB 47             >     bit 0,a
    3520   00:5312  20 05                   jr  nz,TCPIP_UDP_STATE_RC.1
    3521   00:5314  CD 27 4E                call    TCPIP_GENERIC_CHECK_TIME_OUT
    3522   00:5317  18 F4                   jr  TCPIP_UDP_STATE_RC
    3523   00:5319                      TCPIP_UDP_STATE_RC.1:
    3524   00:5319                          ; nz, discard
    3525   00:5319                          RECEIVE_DATA
    3525   00:5319  3A 06 7F          >     ld a,(MEM_IN_DATA_PORT)
    3526   00:531C  B7                      or  a                           ; 0?
    3527   00:531D  C0                      ret nz                          ; if not, done
    3528   00:531E                      
    3529   00:531E                          ; next two bytes are return code and size bytes, don't care, it is 5
    3530   00:531E  06 02                   ld  b,2
    3531   00:5320                      TCPIP_UDP_STATE_ST2:
    3532   00:5320                          CHECK_DATA
    3532   00:5320  3A 07 7F          >     ld  a,(MEM_IN_STS_PORT)
    3532   00:5323  CB 47             >     bit 0,a
    3533   00:5325  20 05                   jr  nz,TCPIP_UDP_STATE_ST2.1
    3534   00:5327  CD 27 4E                call    TCPIP_GENERIC_CHECK_TIME_OUT
    3535   00:532A  18 F4                   jr  TCPIP_UDP_STATE_ST2
    3536   00:532C                      TCPIP_UDP_STATE_ST2.1:
    3537   00:532C                          ; nz, discard
    3538   00:532C                          RECEIVE_DATA
    3538   00:532C  3A 06 7F          >     ld a,(MEM_IN_DATA_PORT)
    3539   00:532F  05                      dec b
    3540   00:5330  20 EE                   jr  nz,TCPIP_UDP_STATE_ST2
    3541   00:5332                      
    3542   00:5332                          ; now just get the 5 bytes (Port LSB then MSB, # of packets, packet size LSB then MSB) and order it in L, H, B, E and D
    3543   00:5332                      TCPIP_UDP_STATE_RESP_ST1:
    3544   00:5332                          CHECK_DATA
    3544   00:5332  3A 07 7F          >     ld  a,(MEM_IN_STS_PORT)
    3544   00:5335  CB 47             >     bit 0,a
    3545   00:5337  20 05                   jr  nz,TCPIP_UDP_STATE_RESP_ST1.1
    3546   00:5339  CD 27 4E                call    TCPIP_GENERIC_CHECK_TIME_OUT
    3547   00:533C  18 F4                   jr  TCPIP_UDP_STATE_RESP_ST1
    3548   00:533E                      TCPIP_UDP_STATE_RESP_ST1.1:
    3549   00:533E                          ; nz, get it
    3550   00:533E                          RECEIVE_DATA
    3550   00:533E  3A 06 7F          >     ld a,(MEM_IN_DATA_PORT)
    3551   00:5341  6F                      ld  l,a
    3552   00:5342                      TCPIP_UDP_STATE_RESP_ST2:
    3553   00:5342                          CHECK_DATA
    3553   00:5342  3A 07 7F          >     ld  a,(MEM_IN_STS_PORT)
    3553   00:5345  CB 47             >     bit 0,a
    3554   00:5347  20 05                   jr  nz,TCPIP_UDP_STATE_RESP_ST2.1
    3555   00:5349  CD 27 4E                call    TCPIP_GENERIC_CHECK_TIME_OUT
    3556   00:534C  18 F4                   jr  TCPIP_UDP_STATE_RESP_ST2
    3557   00:534E                      TCPIP_UDP_STATE_RESP_ST2.1:
    3558   00:534E                          ; nz, get it
    3559   00:534E                          RECEIVE_DATA
    3559   00:534E  3A 06 7F          >     ld a,(MEM_IN_DATA_PORT)
    3560   00:5351  67                      ld  h,a
    3561   00:5352                      TCPIP_UDP_STATE_RESP_ST3:
    3562   00:5352                          CHECK_DATA
    3562   00:5352  3A 07 7F          >     ld  a,(MEM_IN_STS_PORT)
    3562   00:5355  CB 47             >     bit 0,a
    3563   00:5357  20 05                   jr  nz,TCPIP_UDP_STATE_RESP_ST3.1
    3564   00:5359  CD 27 4E                call    TCPIP_GENERIC_CHECK_TIME_OUT
    3565   00:535C  18 F4                   jr  TCPIP_UDP_STATE_RESP_ST3
    3566   00:535E                      TCPIP_UDP_STATE_RESP_ST3.1:
    3567   00:535E                          ; nz, get it
    3568   00:535E                          RECEIVE_DATA
    3568   00:535E  3A 06 7F          >     ld a,(MEM_IN_DATA_PORT)
    3569   00:5361  47                      ld  b,a
    3570   00:5362                      TCPIP_UDP_STATE_RESP_ST4:
    3571   00:5362                          CHECK_DATA
    3571   00:5362  3A 07 7F          >     ld  a,(MEM_IN_STS_PORT)
    3571   00:5365  CB 47             >     bit 0,a
    3572   00:5367  20 05                   jr  nz,TCPIP_UDP_STATE_RESP_ST4.1
    3573   00:5369  CD 27 4E                call    TCPIP_GENERIC_CHECK_TIME_OUT
    3574   00:536C  18 F4                   jr  TCPIP_UDP_STATE_RESP_ST4
    3575   00:536E                      TCPIP_UDP_STATE_RESP_ST4.1:
    3576   00:536E                          ; nz, get it
    3577   00:536E                          RECEIVE_DATA
    3577   00:536E  3A 06 7F          >     ld a,(MEM_IN_DATA_PORT)
    3578   00:5371  5F                      ld  e,a
    3579   00:5372                      TCPIP_UDP_STATE_RESP_ST5:
    3580   00:5372                          CHECK_DATA
    3580   00:5372  3A 07 7F          >     ld  a,(MEM_IN_STS_PORT)
    3580   00:5375  CB 47             >     bit 0,a
    3581   00:5377  20 05                   jr  nz,TCPIP_UDP_STATE_RESP_ST5.1
    3582   00:5379  CD 27 4E                call    TCPIP_GENERIC_CHECK_TIME_OUT
    3583   00:537C  18 F4                   jr  TCPIP_UDP_STATE_RESP_ST5
    3584   00:537E                      TCPIP_UDP_STATE_RESP_ST5.1:
    3585   00:537E                          ; nz, get it
    3586   00:537E                          RECEIVE_DATA
    3586   00:537E  3A 06 7F          >     ld a,(MEM_IN_DATA_PORT)
    3587   00:5381  57                      ld  d,a
    3588   00:5382                          ; done
    3589   00:5382  AF                      xor a
    3590   00:5383  C9                      ret
    3591   00:5384                      
    3592   00:5384                      ;========================
    3593   00:5384                      ;===  TCPIP_UDP_SEND  ===
    3594   00:5384                      ;========================
    3595   00:5384                      ;Send an UDP datagram.
    3596   00:5384                      ;
    3597   00:5384                      ;Input:  A = 11
    3598   00:5384                      ;        B = Connection number
    3599   00:5384                      ;        HL = Address of datagram data
    3600   00:5384                      ;        DE = Address of parameters block
    3601   00:5384                      ;Output: A = Error code
    3602   00:5384                      ;
    3603   00:5384                      ;Parameters block:
    3604   00:5384                      ;
    3605   00:5384                      ;    +0 (4): Destination IP address
    3606   00:5384                      ;    +4 (2): Destination port
    3607   00:5384                      ;    +6 (2): Data length
    3608   00:5384                      TCPIP_UDP_SEND:
    3609   00:5384  E5                      push    hl
    3610   00:5385  D5                      push    de
    3611   00:5386                          SEND_DATA                       ; Send the command
    3611   00:5386  32 07 7F          >     ld  (MEM_OUT_TX_PORT),a
    3612   00:5389                          ; prepare new data size, adding our 7 bytes overhead
    3613   00:5389  DD 62                   ld  ixh,d
    3614   00:538B  DD 6B                   ld  ixl,e
    3615   00:538D  11 07 00                ld  de,7
    3616   00:5390  DD 6E 06                ld  l,(ix+6)
    3617   00:5393  DD 66 07                ld  h,(ix+7)
    3618   00:5396  19                      add hl,de
    3619   00:5397  7C                      ld  a,h
    3620   00:5398                          SEND_DATA                       ; Send the command size msb
    3620   00:5398  32 07 7F          >     ld  (MEM_OUT_TX_PORT),a
    3621   00:539B  7D                      ld  a,l
    3622   00:539C                          SEND_DATA                       ; Send the command size lsb
    3622   00:539C  32 07 7F          >     ld  (MEM_OUT_TX_PORT),a
    3623   00:539F  78                      ld  a,b
    3624   00:53A0                          SEND_DATA                       ; Send the connection #
    3624   00:53A0  32 07 7F          >     ld  (MEM_OUT_TX_PORT),a
    3625   00:53A3  D1                      pop de
    3626   00:53A4  E1                      pop hl
    3627   00:53A5  1A                      ld  a,(de)
    3628   00:53A6                          SEND_DATA                       ; Send IP byte 1
    3628   00:53A6  32 07 7F          >     ld  (MEM_OUT_TX_PORT),a
    3629   00:53A9  13                      inc de
    3630   00:53AA  1A                      ld  a,(de)
    3631   00:53AB                          SEND_DATA                       ; Send IP byte 2
    3631   00:53AB  32 07 7F          >     ld  (MEM_OUT_TX_PORT),a
    3632   00:53AE  13                      inc de
    3633   00:53AF  1A                      ld  a,(de)
    3634   00:53B0                          SEND_DATA                       ; Send IP byte 3
    3634   00:53B0  32 07 7F          >     ld  (MEM_OUT_TX_PORT),a
    3635   00:53B3  13                      inc de
    3636   00:53B4  1A                      ld  a,(de)
    3637   00:53B5                          SEND_DATA                       ; Send IP byte 4
    3637   00:53B5  32 07 7F          >     ld  (MEM_OUT_TX_PORT),a
    3638   00:53B8  13                      inc de
    3639   00:53B9  1A                      ld  a,(de)
    3640   00:53BA                          SEND_DATA                       ; Send Port LSB
    3640   00:53BA  32 07 7F          >     ld  (MEM_OUT_TX_PORT),a
    3641   00:53BD  13                      inc de
    3642   00:53BE  1A                      ld  a,(de)
    3643   00:53BF                          SEND_DATA                       ; Send Port MSB
    3643   00:53BF  32 07 7F          >     ld  (MEM_OUT_TX_PORT),a
    3644   00:53C2                          ; now oti the data starting at hl, size is in next DE position
    3645   00:53C2  13                      inc de
    3646   00:53C3  1A                      ld  a,(de)
    3647   00:53C4  47                      ld  b,a                         ; save lsb in b
    3648   00:53C5  13                      inc de
    3649   00:53C6  1A                      ld  a,(de)                      ; msb
    3650   00:53C7  57                      ld  d,a                         ; put in D, there is no ld d,(de)
    3651   00:53C8  58                      ld  e,b                         ; lsb
    3652   00:53C9                          ; Grauw Optimized 16 bit loop, handy for us, mostly since we can use outi :-D
    3653   00:53C9                          ;ld b,e                         ; Number of loops originaly in DE, not needed, b already has e
    3654   00:53C9  1B                      dec de
    3655   00:53CA  14                      inc d
    3656   00:53CB                          if USE_MEM_IO = 0
    3657   00:53CB                    ~     ld  c,OUT_TX_PORT
    3658   00:53CB                    ~ TCPIP_UDP_SEND_R:
    3659   00:53CB                    ~     otir                            ; Send until B is 0
    3660   00:53CB                    ~     else
    3661   00:53CB                      TCPIP_UDP_SEND_R:
    3662   00:53CB  7E                      ld  a,(hl)
    3663   00:53CC  32 07 7F                ld  (MEM_OUT_TX_PORT),a
    3664   00:53CF  23                      inc hl
    3665   00:53D0  10 F9                   djnz TCPIP_UDP_SEND_R
    3666   00:53D2                          endif
    3667   00:53D2  15                      dec d                           ; decrement secondary counter
    3668   00:53D3  20 F6                   jr  nz,TCPIP_UDP_SEND_R         ; If still have another round, do it
    3669   00:53D5                          ; Now wait up to 600 ticks to get response
    3670   00:53D5  21 58 02                ld  hl,600
    3671   00:53D8  CD 36 61                call    SETCOUNTER
    3672   00:53DB                      TCPIP_UDP_SEND_ST1:
    3673   00:53DB                          CHECK_DATA
    3673   00:53DB  3A 07 7F          >     ld  a,(MEM_IN_STS_PORT)
    3673   00:53DE  CB 47             >     bit 0,a
    3674   00:53E0  20 05                   jr  nz,TCPIP_UDP_SEND_ST1.1
    3675   00:53E2  CD 27 4E                call    TCPIP_GENERIC_CHECK_TIME_OUT
    3676   00:53E5  18 F4                   jr  TCPIP_UDP_SEND_ST1
    3677   00:53E7                      TCPIP_UDP_SEND_ST1.1:
    3678   00:53E7                          ; nz, check the data
    3679   00:53E7                          RECEIVE_DATA
    3679   00:53E7  3A 06 7F          >     ld a,(MEM_IN_DATA_PORT)
    3680   00:53EA  FE 0B                   cp  11                          ; Is response of our command?
    3681   00:53EC  20 ED                   jr  nz,TCPIP_UDP_SEND_ST1
    3682   00:53EE                          ; now get return code, if return code other than 0, it is finished
    3683   00:53EE                      TCPIP_UDP_SEND_RC:
    3684   00:53EE                          CHECK_DATA
    3684   00:53EE  3A 07 7F          >     ld  a,(MEM_IN_STS_PORT)
    3684   00:53F1  CB 47             >     bit 0,a
    3685   00:53F3  20 05                   jr  nz,TCPIP_UDP_SEND_RC.1
    3686   00:53F5  CD 27 4E                call    TCPIP_GENERIC_CHECK_TIME_OUT
    3687   00:53F8  18 F4                   jr  TCPIP_UDP_SEND_RC
    3688   00:53FA                      TCPIP_UDP_SEND_RC.1:
    3689   00:53FA                          ; nz, discard
    3690   00:53FA                          RECEIVE_DATA
    3690   00:53FA  3A 06 7F          >     ld a,(MEM_IN_DATA_PORT)
    3691   00:53FD  B7                      or  a                           ; 0?
    3692   00:53FE  C0                      ret nz                          ; if not, done
    3693   00:53FF                      
    3694   00:53FF                          ; next two bytes are return code and size bytes, don't care, it is 0
    3695   00:53FF  06 02                   ld  b,2
    3696   00:5401                      TCPIP_UDP_SEND_ST2:
    3697   00:5401                          CHECK_DATA
    3697   00:5401  3A 07 7F          >     ld  a,(MEM_IN_STS_PORT)
    3697   00:5404  CB 47             >     bit 0,a
    3698   00:5406  20 05                   jr  nz,TCPIP_UDP_SEND_ST2.1
    3699   00:5408  CD 27 4E                call    TCPIP_GENERIC_CHECK_TIME_OUT
    3700   00:540B  18 F4                   jr  TCPIP_UDP_SEND_ST2
    3701   00:540D                      TCPIP_UDP_SEND_ST2.1:
    3702   00:540D                          ; nz, discard
    3703   00:540D                          RECEIVE_DATA
    3703   00:540D  3A 06 7F          >     ld a,(MEM_IN_DATA_PORT)
    3704   00:5410  05                      dec b
    3705   00:5411  20 EE                   jr  nz,TCPIP_UDP_SEND_ST2
    3706   00:5413                      
    3707   00:5413                          ; done, no return data other than return code
    3708   00:5413  AF                      xor a
    3709   00:5414  C9                      ret
    3710   00:5415                      
    3711   00:5415                      ;=======================
    3712   00:5415                      ;===  TCPIP_UDP_RCV  ===
    3713   00:5415                      ;=======================
    3714   00:5415                      ;Retrieve an incoming UDP datagram.
    3715   00:5415                      ;
    3716   00:5415                      ;Input:  A = 12
    3717   00:5415                      ;        B = Connection number
    3718   00:5415                      ;        HL = Address for datagram data
    3719   00:5415                      ;        DE = Maximum data size to retrieve
    3720   00:5415                      ;Output: A = Error code
    3721   00:5415                      ;        L.H.E.D = Source IP address
    3722   00:5415                      ;        IX = Source port
    3723   00:5415                      ;        BC = Actual received data size
    3724   00:5415                      
    3725   00:5415                      ; Customized TIME OUT routine: If time out receiving data, retry as received data
    3726   00:5415                      ; won't be re-sent as host is unaware of this
    3727   00:5415                      TCPIP_UDP_RCV_CHECK_TIME_OUT:
    3728   00:5415                          ; Save registers other than AF
    3729   00:5415  C5                      push bc
    3730   00:5416  D5                      push de
    3731   00:5417  E5                      push hl
    3732   00:5418  CD 27 61                call    GETCOUNTER
    3733   00:541B  7D                      ld  a,l
    3734   00:541C  B4                      or  h
    3735   00:541D                          ; Restore registers, we are returning
    3736   00:541D  E1                      pop hl
    3737   00:541E  D1                      pop de
    3738   00:541F  C1                      pop bc
    3739   00:5420  C0                      ret nz
    3740   00:5421                          ; Ok, timeout...
    3741   00:5421  F1                      pop af                          ; Get return address of who called this out of the stack, we will return from the function or re-start
    3742   00:5422                      TCPIP_TCP_UDP_RETRY_QRCV:
    3743   00:5422  CD 46 61                call    GETBYTE
    3744   00:5425  B7                      or  a
    3745   00:5426  28 0C                   jr  z,TCPIP_UDP_RCV_CHECK_TIME_OUT.NORXRETRY
    3746   00:5428                          ; Ok, so let's ask ESP to re-send the data and retry receiving it
    3747   00:5428  3D                      dec a
    3748   00:5429  CD 58 61                call    SETBYTE                 ; we are retrying it
    3749   00:542C  3E 72                   ld  a,'r'                       ; retry transmission command
    3750   00:542E                          SEND_DATA
    3750   00:542E  32 07 7F          >     ld  (MEM_OUT_TX_PORT),a
    3751   00:5431  C3 59 54                jp  TCPIP_UDP_RCV.RXRETRY       ; and retry it
    3752   00:5434                      TCPIP_UDP_RCV_CHECK_TIME_OUT.NORXRETRY:
    3753   00:5434  3E 0F                   ld  a,ERR_INV_OPER
    3754   00:5436  C9                      ret                             ; and return the function itself
    3755   00:5437                      
    3756   00:5437                      TCPIP_UDP_RCV:
    3757   00:5437  CD 7F 61                call    SETWORD                 ; Save for later the datagram address
    3758   00:543A  3E 0C                   ld  a,12
    3759   00:543C                          SEND_DATA                       ; Send the command
    3759   00:543C  32 07 7F          >     ld  (MEM_OUT_TX_PORT),a
    3760   00:543F  AF                      xor a
    3761   00:5440                          SEND_DATA                       ; Send the command size msb
    3761   00:5440  32 07 7F          >     ld  (MEM_OUT_TX_PORT),a
    3762   00:5443  3E 03                   ld  a,3
    3763   00:5445                          SEND_DATA                       ; Send the command size lsb
    3763   00:5445  32 07 7F          >     ld  (MEM_OUT_TX_PORT),a
    3764   00:5448  78                      ld  a,b
    3765   00:5449                          SEND_DATA                       ; Send the connection #
    3765   00:5449  32 07 7F          >     ld  (MEM_OUT_TX_PORT),a
    3766   00:544C  7B                      ld  a,e
    3767   00:544D                          SEND_DATA                       ; Send MAX rcv size LSB
    3767   00:544D  32 07 7F          >     ld  (MEM_OUT_TX_PORT),a
    3768   00:5450  7A                      ld  a,d
    3769   00:5451                          SEND_DATA                       ; Send MAX rcv size MSB
    3769   00:5451  32 07 7F          >     ld  (MEM_OUT_TX_PORT),a
    3770   00:5454  3E 03                   ld  a,3
    3771   00:5456  CD 58 61                call    SETBYTE                 ; Ok, retry up to three times
    3772   00:5459                      TCPIP_UDP_RCV.RXRETRY:
    3773   00:5459                          ; Now wait up to 600 ticks to get response
    3774   00:5459  21 58 02                ld  hl,600
    3775   00:545C  CD 36 61                call    SETCOUNTER
    3776   00:545F                      TCPIP_UDP_RCV_ST1:
    3777   00:545F                          CHECK_DATA
    3777   00:545F  3A 07 7F          >     ld  a,(MEM_IN_STS_PORT)
    3777   00:5462  CB 47             >     bit 0,a
    3778   00:5464  20 05                   jr  nz,TCPIP_UDP_RCV_ST1.1
    3779   00:5466  CD 15 54                call    TCPIP_UDP_RCV_CHECK_TIME_OUT
    3780   00:5469  18 F4                   jr  TCPIP_UDP_RCV_ST1
    3781   00:546B                      TCPIP_UDP_RCV_ST1.1:
    3782   00:546B                          ; nz, check the data
    3783   00:546B                          RECEIVE_DATA
    3783   00:546B  3A 06 7F          >     ld a,(MEM_IN_DATA_PORT)
    3784   00:546E  FE 0C                   cp  12                          ; Is response of our command?
    3785   00:5470  20 ED                   jr  nz,TCPIP_UDP_RCV_ST1
    3786   00:5472                          ; At this point, all data is being buffered, so 30 ticks, half second, is more than enough time-out
    3787   00:5472  F3                      di
    3788   00:5473  21 1E 00                ld  hl,30
    3789   00:5476  CD 36 61                call    SETCOUNTER
    3790   00:5479  FB                      ei
    3791   00:547A                          ; now get return code, if return code other than 0, it is finished
    3792   00:547A                      TCPIP_UDP_RCV_RC:
    3793   00:547A                          CHECK_DATA
    3793   00:547A  3A 07 7F          >     ld  a,(MEM_IN_STS_PORT)
    3793   00:547D  CB 47             >     bit 0,a
    3794   00:547F  20 05                   jr  nz,TCPIP_UDP_RCV_RC.1
    3795   00:5481  CD 15 54                call    TCPIP_UDP_RCV_CHECK_TIME_OUT
    3796   00:5484  18 F4                   jr  TCPIP_UDP_RCV_RC
    3797   00:5486                      TCPIP_UDP_RCV_RC.1:
    3798   00:5486                          ; nz, discard
    3799   00:5486                          RECEIVE_DATA
    3799   00:5486  3A 06 7F          >     ld a,(MEM_IN_DATA_PORT)
    3800   00:5489  B7                      or  a                           ; 0?
    3801   00:548A  C0                      ret nz                          ; if not, done
    3802   00:548B                          ; next two bytes are return code and size bytes, save it to BC
    3803   00:548B                      TCPIP_UDP_RCV_ST2A:
    3804   00:548B                          CHECK_DATA
    3804   00:548B  3A 07 7F          >     ld  a,(MEM_IN_STS_PORT)
    3804   00:548E  CB 47             >     bit 0,a
    3805   00:5490  20 05                   jr  nz,TCPIP_UDP_RCV_ST2A.1
    3806   00:5492  CD 15 54                call    TCPIP_UDP_RCV_CHECK_TIME_OUT
    3807   00:5495  18 F4                   jr  TCPIP_UDP_RCV_ST2A
    3808   00:5497                      TCPIP_UDP_RCV_ST2A.1:
    3809   00:5497                          ; nz, discard
    3810   00:5497                          RECEIVE_DATA
    3810   00:5497  3A 06 7F          >     ld a,(MEM_IN_DATA_PORT)
    3811   00:549A  67                      ld  h,a
    3812   00:549B                      TCPIP_UDP_RCV_ST2B:
    3813   00:549B                          CHECK_DATA
    3813   00:549B  3A 07 7F          >     ld  a,(MEM_IN_STS_PORT)
    3813   00:549E  CB 47             >     bit 0,a
    3814   00:54A0  20 05                   jr  nz,TCPIP_UDP_RCV_ST2B.1
    3815   00:54A2  CD 15 54                call    TCPIP_UDP_RCV_CHECK_TIME_OUT
    3816   00:54A5  18 F4                   jr  TCPIP_UDP_RCV_ST2B
    3817   00:54A7                      TCPIP_UDP_RCV_ST2B.1:
    3818   00:54A7                          ; nz, discard
    3819   00:54A7                          RECEIVE_DATA
    3819   00:54A7  3A 06 7F          >     ld a,(MEM_IN_DATA_PORT)
    3820   00:54AA  6F                      ld  l,a
    3821   00:54AB  01 06 00                ld  bc,6
    3822   00:54AE                          ; subtract 6 (IP and PORT)
    3823   00:54AE  AF                      xor a                           ; zero carry
    3824   00:54AF  ED 42                   sbc hl,bc
    3825   00:54B1  4D                      ld  c,l
    3826   00:54B2  44                      ld  b,h                         ; BC has effective received data size
    3827   00:54B3                          ; now just get the 4 bytes IP and place it in L H E D
    3828   00:54B3                      TCPIP_UDP_RCV_IP_ST1:
    3829   00:54B3                          CHECK_DATA
    3829   00:54B3  3A 07 7F          >     ld  a,(MEM_IN_STS_PORT)
    3829   00:54B6  CB 47             >     bit 0,a
    3830   00:54B8  20 05                   jr  nz,TCPIP_UDP_RCV_IP_ST1.1
    3831   00:54BA  CD 15 54                call    TCPIP_UDP_RCV_CHECK_TIME_OUT
    3832   00:54BD  18 F4                   jr  TCPIP_UDP_RCV_IP_ST1
    3833   00:54BF                      TCPIP_UDP_RCV_IP_ST1.1:
    3834   00:54BF                          ; nz, get it
    3835   00:54BF                          RECEIVE_DATA
    3835   00:54BF  3A 06 7F          >     ld a,(MEM_IN_DATA_PORT)
    3836   00:54C2  6F                      ld  l,a
    3837   00:54C3                      TCPIP_UDP_RCV_IP_ST2:
    3838   00:54C3                          CHECK_DATA
    3838   00:54C3  3A 07 7F          >     ld  a,(MEM_IN_STS_PORT)
    3838   00:54C6  CB 47             >     bit 0,a
    3839   00:54C8  20 05                   jr  nz,TCPIP_UDP_RCV_IP_ST2.1
    3840   00:54CA  CD 15 54                call    TCPIP_UDP_RCV_CHECK_TIME_OUT
    3841   00:54CD  18 F4                   jr  TCPIP_UDP_RCV_IP_ST2
    3842   00:54CF                      TCPIP_UDP_RCV_IP_ST2.1:
    3843   00:54CF                          ; nz, get it
    3844   00:54CF                          RECEIVE_DATA
    3844   00:54CF  3A 06 7F          >     ld a,(MEM_IN_DATA_PORT)
    3845   00:54D2  67                      ld  h,a
    3846   00:54D3                      TCPIP_UDP_RCV_IP_ST3:
    3847   00:54D3                          CHECK_DATA
    3847   00:54D3  3A 07 7F          >     ld  a,(MEM_IN_STS_PORT)
    3847   00:54D6  CB 47             >     bit 0,a
    3848   00:54D8  20 05                   jr  nz,TCPIP_UDP_RCV_IP_ST3.1
    3849   00:54DA  CD 15 54                call    TCPIP_UDP_RCV_CHECK_TIME_OUT
    3850   00:54DD  18 F4                   jr  TCPIP_UDP_RCV_IP_ST3
    3851   00:54DF                      TCPIP_UDP_RCV_IP_ST3.1:
    3852   00:54DF                          ; nz, get it
    3853   00:54DF                          RECEIVE_DATA
    3853   00:54DF  3A 06 7F          >     ld a,(MEM_IN_DATA_PORT)
    3854   00:54E2  5F                      ld  e,a
    3855   00:54E3                      TCPIP_UDP_RCV_IP_ST4:
    3856   00:54E3                          CHECK_DATA
    3856   00:54E3  3A 07 7F          >     ld  a,(MEM_IN_STS_PORT)
    3856   00:54E6  CB 47             >     bit 0,a
    3857   00:54E8  20 05                   jr  nz,TCPIP_UDP_RCV_IP_ST4.1
    3858   00:54EA  CD 15 54                call    TCPIP_UDP_RCV_CHECK_TIME_OUT
    3859   00:54ED  18 F4                   jr  TCPIP_UDP_RCV_IP_ST4
    3860   00:54EF                      TCPIP_UDP_RCV_IP_ST4.1:
    3861   00:54EF                          ; nz, get it
    3862   00:54EF                          RECEIVE_DATA
    3862   00:54EF  3A 06 7F          >     ld a,(MEM_IN_DATA_PORT)
    3863   00:54F2  57                      ld  d,a
    3864   00:54F3                          ; now get the 2 bytes port and place in IXL and IXH
    3865   00:54F3                      TCPIP_UDP_RCV_PORT_ST1:
    3866   00:54F3                          CHECK_DATA
    3866   00:54F3  3A 07 7F          >     ld  a,(MEM_IN_STS_PORT)
    3866   00:54F6  CB 47             >     bit 0,a
    3867   00:54F8  20 05                   jr  nz,TCPIP_UDP_RCV_PORT_ST1.1
    3868   00:54FA  CD 15 54                call    TCPIP_UDP_RCV_CHECK_TIME_OUT
    3869   00:54FD  18 F4                   jr  TCPIP_UDP_RCV_PORT_ST1
    3870   00:54FF                      TCPIP_UDP_RCV_PORT_ST1.1:
    3871   00:54FF                          ; nz, get it
    3872   00:54FF                          RECEIVE_DATA
    3872   00:54FF  3A 06 7F          >     ld a,(MEM_IN_DATA_PORT)
    3873   00:5502  DD 6F                   ld  ixl,a
    3874   00:5504                      TCPIP_UDP_RCV_PORT_ST2:
    3875   00:5504                          CHECK_DATA
    3875   00:5504  3A 07 7F          >     ld  a,(MEM_IN_STS_PORT)
    3875   00:5507  CB 47             >     bit 0,a
    3876   00:5509  20 05                   jr  nz,TCPIP_UDP_RCV_PORT_ST2.1
    3877   00:550B  CD 15 54                call    TCPIP_UDP_RCV_CHECK_TIME_OUT
    3878   00:550E  18 F4                   jr  TCPIP_UDP_RCV_PORT_ST2
    3879   00:5510                      TCPIP_UDP_RCV_PORT_ST2.1:
    3880   00:5510                          ; nz, get it
    3881   00:5510                          RECEIVE_DATA
    3881   00:5510  3A 06 7F          >     ld a,(MEM_IN_DATA_PORT)
    3882   00:5513  DD 67                   ld  ixh,a
    3883   00:5515                      
    3884   00:5515                          ; save the received data in memory
    3885   00:5515  CD AB 61                call    REGBACKUP               ; Save the data received so far, registers will change
    3886   00:5518                          ; will start moving at RCV_ADDRESS that was stored in our WORD
    3887   00:5518  CD 6C 61                call    GETWORD
    3888   00:551B                          ; size goes to DE
    3889   00:551B  50                      ld  d,b
    3890   00:551C  59                      ld  e,c
    3891   00:551D                          ; Grauw Optimized 16 bit loop, handy for us, mostly since we can use ini :-D
    3892   00:551D  43                      ld  b,e                         ; Number of loops originaly in DE
    3893   00:551E  1B                      dec de
    3894   00:551F  14                      inc d
    3895   00:5520                          if USE_MEM_IO = 0
    3896   00:5520                    ~     ld  c,IN_DATA_PORT
    3897   00:5520                    ~     endif
    3898   00:5520                          CHECK_QUICK_RECEIVE
    3898   00:5520  3A 07 7F          >     ld  a,(MEM_IN_STS_PORT)
    3898   00:5523  CB 5F             >     bit 3,a
    3899   00:5525  28 17                   jr  z,TCPIP_UDP_RCV_R_NSF       ; If not, go to the old, slower route
    3900   00:5527                          ; Otherwise, let's speed it up baby!
    3901   00:5527                      TCPIP_UDP_RCV_R:
    3902   00:5527                          if USE_MEM_IO = 0
    3903   00:5527                    ~     inir
    3904   00:5527                    ~     else
    3905   00:5527  3A 06 7F                ld  a,(MEM_IN_DATA_PORT)
    3906   00:552A  77                      ld  (hl),a
    3907   00:552B  23                      inc hl
    3908   00:552C  10 F9                   djnz TCPIP_UDP_RCV_R
    3909   00:552E                          endif
    3910   00:552E  15                      dec d
    3911   00:552F  20 F6                   jr  nz,TCPIP_UDP_RCV_R
    3912   00:5531                          CHECK_BUFFER_UNDERRUN
    3912   00:5531  3A 07 7F          >     ld  a,(MEM_IN_STS_PORT)
    3912   00:5534  CB 67             >     bit 4,a
    3913   00:5536  C2 22 54                jp  nz,TCPIP_TCP_UDP_RETRY_QRCV ; If yes, retry
    3914   00:5539                          ; Otherwise, done
    3915   00:5539                          ; done, restore return data in DE BC and HL
    3916   00:5539  CD 94 61                call    REGRESTORE
    3917   00:553C  AF                      xor a
    3918   00:553D  C9                      ret
    3919   00:553E                          ; Slower route if Interface doesn't implement quick receive
    3920   00:553E                      TCPIP_UDP_RCV_R_NSF:
    3921   00:553E                          CHECK_DATA
    3921   00:553E  3A 07 7F          >     ld  a,(MEM_IN_STS_PORT)
    3921   00:5541  CB 47             >     bit 0,a
    3922   00:5543  20 05                   jr  nz,TCPIP_UDP_RCV_R_NSF.1
    3923   00:5545  CD 15 54                call    TCPIP_UDP_RCV_CHECK_TIME_OUT
    3924   00:5548  18 F4                   jr  TCPIP_UDP_RCV_R_NSF
    3925   00:554A                      TCPIP_UDP_RCV_R_NSF.1:
    3926   00:554A                          if USE_MEM_IO = 0
    3927   00:554A                    ~     ini
    3928   00:554A                    ~     else
    3929   00:554A  3A 06 7F                ld  a,(MEM_IN_DATA_PORT)
    3930   00:554D  77                      ld  (hl),a
    3931   00:554E  23                      inc hl
    3932   00:554F  05                      dec b
    3933   00:5550                          endif
    3934   00:5550  20 EC                   jr  nz,TCPIP_UDP_RCV_R_NSF          ; We do not use INIR because we don't know if there is more data, avoiding geting a junk 0xFF
    3935   00:5552  15                      dec d
    3936   00:5553  20 E9                   jr  nz,TCPIP_UDP_RCV_R_NSF
    3937   00:5555                          ; done, restore return data in DE BC and HL
    3938   00:5555  CD 94 61                call    REGRESTORE
    3939   00:5558  AF                      xor a
    3940   00:5559  C9                      ret
    3941   00:555A                      
    3942   00:555A                      ;========================
    3943   00:555A                      ;===  TCPIP_TCP_OPEN  ===
    3944   00:555A                      ;========================
    3945   00:555A                      ;Open a TCP connection.
    3946   00:555A                      ;
    3947   00:555A                      ;Input:  A  = 13
    3948   00:555A                      ;        HL = Address of parameters block
    3949   00:555A                      ;Output: A = Error code
    3950   00:555A                      ;        B = Connection number
    3951   00:555A                      ;        C = Connection not open reason (mostly for TLS)
    3952   00:555A                      ;
    3953   00:555A                      ;Parameters block format:
    3954   00:555A                      ;
    3955   00:555A                      ;+0 (4): Remote IP address (0.0.0.0 for unspecified remote socket)
    3956   00:555A                      ;+4 (2): Remote port (ignored if unspecified remote socket)
    3957   00:555A                      ;+6 (2): Local port, 0FFFFh for a random value
    3958   00:555A                      ;+8 (2): Suggestion for user timeout value
    3959   00:555A                      ;+10 (1): Flags:
    3960   00:555A                      ;         bit 0: Set for passive connection
    3961   00:555A                      ;         bit 1: Set for resident connection
    3962   00:555A                      ;         bit 2: Set for TLS connection
    3963   00:555A                      ;         bit 3: Set for TLS connection validating host certificate
    3964   00:555A                      ;+11 (2): If 0000 no host name validation, otherwise the hostname string address (zero terminated)
    3965   00:555A                      ;TCP_OPEN_IP1               (ix+0)
    3966   00:555A                      ;TCP_OPEN_IP2               (ix+1)
    3967   00:555A                      ;TCP_OPEN_IP3               (ix+2)
    3968   00:555A                      ;TCP_OPEN_IP4               (ix+3)
    3969   00:555A                      ;TCP_OPEN_RP                (ix+4)
    3970   00:555A                      ;TCP_OPEN_LP                (ix+6)
    3971   00:555A                      ;TCP_OPEN_TO                (ix+8)
    3972   00:555A                      ;TCP_OPEN_CMD_FLAGS         (ix+10)
    3973   00:555A                      ;TCP_OPEN_CMD_HOST_LSB      (ix+11)
    3974   00:555A                      ;TCP_OPEN_CMD_HOST_MSB      (ix+12)
    3975   00:555A                      
    3976   00:555A                      ; When no connection, let's get the reason and put in register C, as agreed
    3977   00:555A                      ; with Nestor this will be the way to go in the next UNAPI revision
    3978   00:555A                      TCPIP_TCP_OPEN_ERROR:
    3979   00:555A                          ; next two bytes are return code and size bytes, don't care, it is 1, conn close reason
    3980   00:555A  47                      ld  b,a                         ; save error in b
    3981   00:555B  0E 02                   ld  c,2
    3982   00:555D                      TCPIP_TCP_OPEN_ERROR2:
    3983   00:555D                          CHECK_DATA
    3983   00:555D  3A 07 7F          >     ld  a,(MEM_IN_STS_PORT)
    3983   00:5560  CB 47             >     bit 0,a
    3984   00:5562  20 05                   jr  nz,TCPIP_TCP_OPEN_ERROR2.1
    3985   00:5564  CD 27 4E                call    TCPIP_GENERIC_CHECK_TIME_OUT
    3986   00:5567  18 F4                   jr  TCPIP_TCP_OPEN_ERROR2
    3987   00:5569                      TCPIP_TCP_OPEN_ERROR2.1:
    3988   00:5569                          ; nz, discard
    3989   00:5569                          RECEIVE_DATA
    3989   00:5569  3A 06 7F          >     ld a,(MEM_IN_DATA_PORT)
    3990   00:556C  0D                      dec c
    3991   00:556D  20 EE                   jr  nz,TCPIP_TCP_OPEN_ERROR2
    3992   00:556F  78                      ld  a,b
    3993   00:5570  FE 0B                   cp  ERR_NO_CONN
    3994   00:5572  20 10                   jr  nz,TCPIP_TCP_OPEN_ERROR4    ; other errors do not have extra bytes as result
    3995   00:5574                      ; now just get the 1 byte, close reason, should go to C
    3996   00:5574                      TCPIP_TCP_OPEN_ERROR3:
    3997   00:5574                          CHECK_DATA
    3997   00:5574  3A 07 7F          >     ld  a,(MEM_IN_STS_PORT)
    3997   00:5577  CB 47             >     bit 0,a
    3998   00:5579  20 05                   jr  nz,TCPIP_TCP_OPEN_ERROR3.1
    3999   00:557B  CD 27 4E                call    TCPIP_GENERIC_CHECK_TIME_OUT
    4000   00:557E  18 F4                   jr  TCPIP_TCP_OPEN_ERROR3
    4001   00:5580                      TCPIP_TCP_OPEN_ERROR3.1:
    4002   00:5580                          ; nz, get it
    4003   00:5580                          RECEIVE_DATA
    4003   00:5580  3A 06 7F          >     ld a,(MEM_IN_DATA_PORT)
    4004   00:5583  4F                      ld  c,a
    4005   00:5584                      TCPIP_TCP_OPEN_ERROR4:
    4006   00:5584                          ; now return w/ error that is saved in b
    4007   00:5584  78                      ld  a,b
    4008   00:5585  06 00                   ld  b,0                         ; no connection, so 0
    4009   00:5587  C9                      ret
    4010   00:5588                      
    4011   00:5588                      TCPIP_TCP_OPEN:
    4012   00:5588  E5                      push    hl                      ; save param block address
    4013   00:5589  7C                      ld  a,h
    4014   00:558A  DD 67                   ld  ixh,a
    4015   00:558C  7D                      ld  a,l
    4016   00:558D  DD 6F                   ld  ixl,a
    4017   00:558F                          ; IX now has the parameters area
    4018   00:558F                          ; most times it will be non tls, so this is the first test case
    4019   00:558F  21 0B 00                ld  hl,11
    4020   00:5592  CD 7F 61                call    SETWORD                 ; If it is non-TLS, send 11 bytes
    4021   00:5595  DD 7E 0A                ld  a,(ix+10)                   ; TCP_OPEN_CMD_FLAGS
    4022   00:5598  CB 57                   bit 2,a
    4023   00:559A  28 4F                   jr  z,TCPIP_TCP_OPEN_NO_TLS
    4024   00:559C                      
    4025   00:559C                          ; TLS, but, do we have host name?
    4026   00:559C  21 0C 00                ld  hl,12
    4027   00:559F  CD 7F 61                call    SETWORD                 ; If it is TLS without host name, send 12 bytes, one zero as host name suffice
    4028   00:55A2  DD 6E 0B                ld  l,(ix+11)                   ; TCP_OPEN_CMD_HOST_LSB
    4029   00:55A5  DD 7E 0C                ld  a,(ix+12)                   ; TCP_OPEN_CMD_HOST_MSB
    4030   00:55A8  B5                      or  l
    4031   00:55A9                          ; if TLS and next two bytes are 00 no host to check
    4032   00:55A9  28 40                   jr  z,TCPIP_TCP_OPEN_NO_CHECKHOST
    4033   00:55AB                          ; we are here, host to check
    4034   00:55AB  DD 66 0C                ld  h,(ix+12)                   ; TCP_OPEN_CMD_HOST_MSB
    4035   00:55AE  D1                      pop de                          ; Retrieve parameters address
    4036   00:55AF  E5                      push    hl                      ; Save host name address
    4037   00:55B0  D5                      push    de                      ; Save Parameters address (so it is in the order we are going to need)
    4038   00:55B1                          ; let's check how many bytes there are
    4039   00:55B1  11 0B 00                ld  de,11                       ; Start with 11, all params except host name
    4040   00:55B4                      TCPIP_TCP_OPEN_CHECK_HOSTOF:
    4041   00:55B4  7E                      ld  a,(hl)
    4042   00:55B5  13                      inc de                          ; Not zero, so increase size count
    4043   00:55B6  23                      inc hl                          ; And next hostname byte
    4044   00:55B7  B7                      or  a                           ; If zero, hostname terminated
    4045   00:55B8                          ; Loop until terminator (0) is found
    4046   00:55B8  C2 B4 55                jp  nz,TCPIP_TCP_OPEN_CHECK_HOSTOF
    4047   00:55BB                      
    4048   00:55BB                      TCPIP_TCP_OPEN_HOSTNAME_SENDCMDWITHHOSTNAME:
    4049   00:55BB                          ; Ok, so, DE has the full hostname size, let's start sending from here
    4050   00:55BB  3E 0D                   ld  a,13                        ; Function TCP OPEN
    4051   00:55BD                          SEND_DATA                       ; Send the command
    4051   00:55BD  32 07 7F          >     ld  (MEM_OUT_TX_PORT),a
    4052   00:55C0  7A                      ld  a,d
    4053   00:55C1                          SEND_DATA                       ; Send the command size msb
    4053   00:55C1  32 07 7F          >     ld  (MEM_OUT_TX_PORT),a
    4054   00:55C4  7B                      ld  a,e
    4055   00:55C5                          SEND_DATA                       ; Send the command size lsb
    4055   00:55C5  32 07 7F          >     ld  (MEM_OUT_TX_PORT),a
    4056   00:55C8  E1                      pop hl                          ; Restore the memory address for the parameters
    4057   00:55C9                          ; First send the 11 bytes parameters
    4058   00:55C9                          if USE_MEM_IO = 0
    4059   00:55C9                    ~     ld  c,OUT_TX_PORT
    4060   00:55C9                    ~     outi
    4061   00:55C9                    ~     outi
    4062   00:55C9                    ~     outi
    4063   00:55C9                    ~     outi
    4064   00:55C9                    ~     outi
    4065   00:55C9                    ~     outi
    4066   00:55C9                    ~     outi
    4067   00:55C9                    ~     outi
    4068   00:55C9                    ~     outi
    4069   00:55C9                    ~     outi
    4070   00:55C9                    ~     outi                            ; Unrolled outi is a bit faster :)
    4071   00:55C9                    ~     else
    4072   00:55C9  06 0B                   ld  b,11                        ; Send 11 bytes
    4073   00:55CB                      TCPIP_TCP_OPEN_HOSTNAME_SENDCMDWITHHOSTNAME_LOOP_PARAM:
    4074   00:55CB  7E                      ld  a,(hl)
    4075   00:55CC  32 07 7F                ld  (MEM_OUT_TX_PORT),a
    4076   00:55CF  23                      inc hl
    4077   00:55D0  10 F9                   djnz TCPIP_TCP_OPEN_HOSTNAME_SENDCMDWITHHOSTNAME_LOOP_PARAM
    4078   00:55D2                          endif
    4079   00:55D2  EB                      ex  de,hl                       ; Size in HL
    4080   00:55D3  11 0B 00                ld  de,11
    4081   00:55D6  B7                      or  a                           ; zero flag
    4082   00:55D7  ED 52                   sbc hl,de
    4083   00:55D9  EB                      ex de,hl                        ; and adjusted size back in de
    4084   00:55DA  E1                      pop hl                          ; Restore the memory address for hostname
    4085   00:55DB                      ; Grauw Optimized 16 bit loop, handy for us, mostly since we can use outi :-D
    4086   00:55DB  43                      ld  b,e                         ; Number of loops originaly in DE
    4087   00:55DC  1B                      dec de
    4088   00:55DD  14                      inc d
    4089   00:55DE                          if USE_MEM_IO = 0
    4090   00:55DE                    ~     ld  c,OUT_TX_PORT
    4091   00:55DE                    ~ TCPIP_TCP_OPEN_SENDHOSTNAME:
    4092   00:55DE                    ~     outi
    4093   00:55DE                    ~     jr  nz,TCPIP_TCP_OPEN_SENDHOSTNAME
    4094   00:55DE                    ~     else
    4095   00:55DE                      TCPIP_TCP_OPEN_SENDHOSTNAME:
    4096   00:55DE  7E                      ld  a,(hl)
    4097   00:55DF  32 07 7F                ld  (MEM_OUT_TX_PORT),a
    4098   00:55E2  23                      inc hl
    4099   00:55E3  10 F9                   djnz TCPIP_TCP_OPEN_SENDHOSTNAME
    4100   00:55E5                          endif
    4101   00:55E5  15                      dec d
    4102   00:55E6  20 F6                   jr  nz,TCPIP_TCP_OPEN_SENDHOSTNAME
    4103   00:55E8  C3 0B 56                jp  TCPIP_TCP_OPEN_WAIT_RESPONSE
    4104   00:55EB                      
    4105   00:55EB                      TCPIP_TCP_OPEN_NO_TLS:
    4106   00:55EB                      TCPIP_TCP_OPEN_NO_CHECKHOST:
    4107   00:55EB  3E 0D                   ld  a,13                        ; Function TCP OPEN
    4108   00:55ED                          SEND_DATA                       ; Send the command
    4108   00:55ED  32 07 7F          >     ld  (MEM_OUT_TX_PORT),a
    4109   00:55F0  CD 6C 61                call    GETWORD
    4110   00:55F3  7C                      ld  a,h
    4111   00:55F4  57                      ld  d,a
    4112   00:55F5                          SEND_DATA                       ; Send the command size msb
    4112   00:55F5  32 07 7F          >     ld  (MEM_OUT_TX_PORT),a
    4113   00:55F8  7D                      ld  a,l
    4114   00:55F9  5F                      ld  e,a
    4115   00:55FA                          SEND_DATA                       ; Send the command size lsb
    4115   00:55FA  32 07 7F          >     ld  (MEM_OUT_TX_PORT),a
    4116   00:55FD                      
    4117   00:55FD  E1                      pop hl                          ; Restore the memory address for the parameters
    4118   00:55FE                      ; Grauw Optimized 16 bit loop, handy for us, mostly since we can use outi :-D
    4119   00:55FE  43                      ld  b,e                         ; Number of loops originaly in DE
    4120   00:55FF  1B                      dec de
    4121   00:5600  14                      inc d
    4122   00:5601                          if USE_MEM_IO = 0
    4123   00:5601                    ~     ld  c,OUT_TX_PORT
    4124   00:5601                    ~ TCPIP_TCP_OPEN_R:
    4125   00:5601                    ~     outi
    4126   00:5601                    ~     jr  nz,TCPIP_TCP_OPEN_R
    4127   00:5601                    ~     else
    4128   00:5601                      TCPIP_TCP_OPEN_R:
    4129   00:5601  7E                      ld  a,(hl)
    4130   00:5602  32 07 7F                ld  (MEM_OUT_TX_PORT),a
    4131   00:5605  23                      inc hl
    4132   00:5606  10 F9                   djnz TCPIP_TCP_OPEN_R
    4133   00:5608                          endif
    4134   00:5608  15                      dec d
    4135   00:5609  20 F6                   jr  nz,TCPIP_TCP_OPEN_R
    4136   00:560B                      
    4137   00:560B                      TCPIP_TCP_OPEN_WAIT_RESPONSE:
    4138   00:560B                          ; Now wait up to 3600 (1 minute @ 60Hz) ticks to get response
    4139   00:560B                          ; TLS Connections might take SEVERAL seconds on TLS Handshake
    4140   00:560B                          ; Even more if certificates database is being indexed
    4141   00:560B  21 10 0E                ld  hl,3600
    4142   00:560E  CD 36 61                call    SETCOUNTER
    4143   00:5611                      TCPIP_TCP_OPEN_ST1:
    4144   00:5611                          CHECK_DATA
    4144   00:5611  3A 07 7F          >     ld  a,(MEM_IN_STS_PORT)
    4144   00:5614  CB 47             >     bit 0,a
    4145   00:5616  20 05                   jr  nz,TCPIP_TCP_OPEN_ST1.1
    4146   00:5618  CD 27 4E                call    TCPIP_GENERIC_CHECK_TIME_OUT
    4147   00:561B  18 F4                   jr  TCPIP_TCP_OPEN_ST1
    4148   00:561D                      TCPIP_TCP_OPEN_ST1.1:
    4149   00:561D                          ; nz, check the data
    4150   00:561D                          RECEIVE_DATA
    4150   00:561D  3A 06 7F          >     ld a,(MEM_IN_DATA_PORT)
    4151   00:5620  FE 0D                   cp  13                          ; Is response of our command?
    4152   00:5622  20 ED                   jr  nz,TCPIP_TCP_OPEN_ST1
    4153   00:5624                          ; now get return code, if return code other than 0, it is finished
    4154   00:5624                      TCPIP_TCP_OPEN_RC:
    4155   00:5624                          CHECK_DATA
    4155   00:5624  3A 07 7F          >     ld  a,(MEM_IN_STS_PORT)
    4155   00:5627  CB 47             >     bit 0,a
    4156   00:5629  20 05                   jr  nz,TCPIP_TCP_OPEN_RC.1
    4157   00:562B  CD 27 4E                call    TCPIP_GENERIC_CHECK_TIME_OUT
    4158   00:562E  18 F4                   jr  TCPIP_TCP_OPEN_RC
    4159   00:5630                      TCPIP_TCP_OPEN_RC.1:
    4160   00:5630                          ; nz, discard
    4161   00:5630                          RECEIVE_DATA
    4161   00:5630  3A 06 7F          >     ld a,(MEM_IN_DATA_PORT)
    4162   00:5633  B7                      or  a                           ; 0?
    4163   00:5634  C2 5A 55                jp  nz,TCPIP_TCP_OPEN_ERROR
    4164   00:5637                      
    4165   00:5637                          ; next two bytes are size bytes, don't care, it is 1, conn #
    4166   00:5637  06 02                   ld  b,2
    4167   00:5639                      TCPIP_TCP_OPEN_ST2:
    4168   00:5639                          CHECK_DATA
    4168   00:5639  3A 07 7F          >     ld  a,(MEM_IN_STS_PORT)
    4168   00:563C  CB 47             >     bit 0,a
    4169   00:563E  20 05                   jr  nz,TCPIP_TCP_OPEN_ST2.1
    4170   00:5640  CD 27 4E                call    TCPIP_GENERIC_CHECK_TIME_OUT
    4171   00:5643  18 F4                   jr  TCPIP_TCP_OPEN_ST2
    4172   00:5645                      TCPIP_TCP_OPEN_ST2.1:
    4173   00:5645                          ; nz, discard
    4174   00:5645                          RECEIVE_DATA
    4174   00:5645  3A 06 7F          >     ld a,(MEM_IN_DATA_PORT)
    4175   00:5648  05                      dec b
    4176   00:5649  20 EE                   jr  nz,TCPIP_TCP_OPEN_ST2
    4177   00:564B                      
    4178   00:564B                          ; now just get the 1 byte, conn#, should go to B
    4179   00:564B                      TCPIP_TCP_OPEN_CONN_ST1:
    4180   00:564B                          CHECK_DATA
    4180   00:564B  3A 07 7F          >     ld  a,(MEM_IN_STS_PORT)
    4180   00:564E  CB 47             >     bit 0,a
    4181   00:5650  20 05                   jr  nz,TCPIP_TCP_OPEN_CONN_ST1.1
    4182   00:5652  CD 27 4E                call    TCPIP_GENERIC_CHECK_TIME_OUT
    4183   00:5655  18 F4                   jr  TCPIP_TCP_OPEN_CONN_ST1
    4184   00:5657                      TCPIP_TCP_OPEN_CONN_ST1.1:
    4185   00:5657                          ; nz, get it
    4186   00:5657                          RECEIVE_DATA
    4186   00:5657  3A 06 7F          >     ld a,(MEM_IN_DATA_PORT)
    4187   00:565A  47                      ld  b,a
    4188   00:565B                          ; done
    4189   00:565B  AF                      xor a
    4190   00:565C  C9                      ret
    4191   00:565D                      
    4192   00:565D                      ;=========================
    4193   00:565D                      ;===  TCPIP_TCP_CLOSE  ===
    4194   00:565D                      ;=========================
    4195   00:565D                      ;Close a TCP connection.
    4196   00:565D                      ;
    4197   00:565D                      ;Input:  A = 14
    4198   00:565D                      ;        B = Connection number
    4199   00:565D                      ;            0 to close all open transient UDP connections
    4200   00:565D                      ;Output: A = Error code
    4201   00:565D                      TCPIP_TCP_CLOSE:
    4202   00:565D                          SEND_DATA                       ; Send the command
    4202   00:565D  32 07 7F          >     ld  (MEM_OUT_TX_PORT),a
    4203   00:5660  AF                      xor a
    4204   00:5661                          SEND_DATA                       ; Send the command size msb
    4204   00:5661  32 07 7F          >     ld  (MEM_OUT_TX_PORT),a
    4205   00:5664  3E 01                   ld  a,1
    4206   00:5666                          SEND_DATA                       ; Send the command size lsb
    4206   00:5666  32 07 7F          >     ld  (MEM_OUT_TX_PORT),a
    4207   00:5669  78                      ld  a,b
    4208   00:566A                          SEND_DATA                       ; Send the connection #
    4208   00:566A  32 07 7F          >     ld  (MEM_OUT_TX_PORT),a
    4209   00:566D                          ; Now wait up to 180 ticks to get response
    4210   00:566D  21 B4 00                ld  hl,180
    4211   00:5670  CD 36 61                call    SETCOUNTER
    4212   00:5673                      TCPIP_TCP_CLOSE_ST1:
    4213   00:5673                          CHECK_DATA
    4213   00:5673  3A 07 7F          >     ld  a,(MEM_IN_STS_PORT)
    4213   00:5676  CB 47             >     bit 0,a
    4214   00:5678  20 05                   jr  nz,TCPIP_TCP_CLOSE_ST1.1
    4215   00:567A  CD 27 4E                call    TCPIP_GENERIC_CHECK_TIME_OUT
    4216   00:567D  18 F4                   jr  TCPIP_TCP_CLOSE_ST1
    4217   00:567F                      TCPIP_TCP_CLOSE_ST1.1:
    4218   00:567F                          ; nz, check the data
    4219   00:567F                          RECEIVE_DATA
    4219   00:567F  3A 06 7F          >     ld a,(MEM_IN_DATA_PORT)
    4220   00:5682  FE 0E                   cp  14                          ; Is response of our command?
    4221   00:5684  20 ED                   jr  nz,TCPIP_TCP_CLOSE_ST1
    4222   00:5686                          ; now get return code, if return code other than 0, it is finished
    4223   00:5686                      TCPIP_TCP_CLOSE_RC:
    4224   00:5686                          CHECK_DATA
    4224   00:5686  3A 07 7F          >     ld  a,(MEM_IN_STS_PORT)
    4224   00:5689  CB 47             >     bit 0,a
    4225   00:568B  20 05                   jr  nz,TCPIP_TCP_CLOSE_RC.1
    4226   00:568D  CD 27 4E                call    TCPIP_GENERIC_CHECK_TIME_OUT
    4227   00:5690  18 F4                   jr  TCPIP_TCP_CLOSE_RC
    4228   00:5692                      TCPIP_TCP_CLOSE_RC.1:
    4229   00:5692                          ; nz, discard
    4230   00:5692                          RECEIVE_DATA
    4230   00:5692  3A 06 7F          >     ld a,(MEM_IN_DATA_PORT)
    4231   00:5695  B7                      or  a                           ; 0?
    4232   00:5696  C0                      ret nz                          ; if not, done
    4233   00:5697                      
    4234   00:5697                          ; next two bytes are return code and size bytes, don't care, it is 0
    4235   00:5697  06 02                   ld  b,2
    4236   00:5699                      TCPIP_TCP_CLOSE_ST2:
    4237   00:5699                          CHECK_DATA
    4237   00:5699  3A 07 7F          >     ld  a,(MEM_IN_STS_PORT)
    4237   00:569C  CB 47             >     bit 0,a
    4238   00:569E  20 05                   jr  nz,TCPIP_TCP_CLOSE_ST2.1
    4239   00:56A0  CD 27 4E                call    TCPIP_GENERIC_CHECK_TIME_OUT
    4240   00:56A3  18 F4                   jr  TCPIP_TCP_CLOSE_ST2
    4241   00:56A5                      TCPIP_TCP_CLOSE_ST2.1:
    4242   00:56A5                          ; nz, discard
    4243   00:56A5                          RECEIVE_DATA
    4243   00:56A5  3A 06 7F          >     ld a,(MEM_IN_DATA_PORT)
    4244   00:56A8  05                      dec b
    4245   00:56A9  20 EE                   jr  nz,TCPIP_TCP_CLOSE_ST2
    4246   00:56AB                      
    4247   00:56AB                          ; done, no return data other than return code
    4248   00:56AB  AF                      xor a
    4249   00:56AC  C9                      ret
    4250   00:56AD                      
    4251   00:56AD                      ;========================
    4252   00:56AD                      ;===     SSH_OPEN     ===
    4253   00:56AD                      ;========================
    4254   00:56AD                      ;Open a SSH connection.
    4255   00:56AD                      ;
    4256   00:56AD                      ;Input:  A  = 2
    4257   00:56AD                      ;        HL = Address of parameters block
    4258   00:56AD                      ;Output: A = Error code
    4259   00:56AD                      ;        B = Connection number
    4260   00:56AD                      ;
    4261   00:56AD                      ;Parameters block format:
    4262   00:56AD                      ;
    4263   00:56AD                      ;+0 (4): Remote IP address (0.0.0.0 for unspecified remote socket)
    4264   00:56AD                      ;+4 (2): Remote port (ignored if unspecified remote socket)
    4265   00:56AD                      ;+6 (1): Subsystem
    4266   00:56AD                      ;+7 (1): Flags
    4267   00:56AD                      ;+8 (variable): username (0 terminated) and then password or public key (0 terminated)
    4268   00:56AD                      ;
    4269   00:56AD                      ;Parameter block MUST have at least 32 bytes available if doing host key verification
    4270   00:56AD                      ;as unknown host key hash will be returned in it
    4271   00:56AD                      
    4272   00:56AD                      SSH_OPEN:
    4273   00:56AD  E5                      push    hl                      ; save param block address
    4274   00:56AE  3E 08                   ld  a,8
    4275   00:56B0  85                      add a,l
    4276   00:56B1  6F                      ld  l,a
    4277   00:56B2  30 01                   jr  nc,SSH_OPEN_1
    4278   00:56B4  24                      inc h
    4279   00:56B5                      SSH_OPEN_1:
    4280   00:56B5                          ; let's check how many bytes there are
    4281   00:56B5  11 08 00                ld  de,8                        ; Start with 8, all params except username and password
    4282   00:56B8                      SSH_OPEN_CHECK_USER:
    4283   00:56B8  7E                      ld  a,(hl)
    4284   00:56B9  13                      inc de                          ; Increase size count
    4285   00:56BA  23                      inc hl                          ; And next byte
    4286   00:56BB  B7                      or  a                           ; If zero, user terminated
    4287   00:56BC                          ; Loop until terminator (0) is found
    4288   00:56BC  C2 B8 56                jp  nz,SSH_OPEN_CHECK_USER
    4289   00:56BF                      SSH_OPEN_CHECK_PASS:
    4290   00:56BF  7E                      ld  a,(hl)
    4291   00:56C0  13                      inc de                          ; Increase size count
    4292   00:56C1  23                      inc hl                          ; And next byte
    4293   00:56C2  B7                      or  a                           ; If zero, password terminated
    4294   00:56C3                          ; Loop until terminator (0) is found
    4295   00:56C3  C2 BF 56                jp  nz,SSH_OPEN_CHECK_PASS
    4296   00:56C6                      
    4297   00:56C6                      SSH_OPEN_SENDCMD:
    4298   00:56C6                          ; Ok, so, DE has the full data size, let's start sending from here
    4299   00:56C6  3E 82                   ld  a,#82                       ; Function SSH OPEN
    4300   00:56C8                          SEND_DATA                       ; Send the command
    4300   00:56C8  32 07 7F          >     ld  (MEM_OUT_TX_PORT),a
    4301   00:56CB  7A                      ld  a,d
    4302   00:56CC                          SEND_DATA                       ; Send the command size msb
    4302   00:56CC  32 07 7F          >     ld  (MEM_OUT_TX_PORT),a
    4303   00:56CF  7B                      ld  a,e
    4304   00:56D0                          SEND_DATA                       ; Send the command size lsb
    4304   00:56D0  32 07 7F          >     ld  (MEM_OUT_TX_PORT),a
    4305   00:56D3  E1                      pop hl                          ; Restore the memory address for the parameters
    4306   00:56D4  E5                      push    hl                      ; we might need it later
    4307   00:56D5                      ; Grauw Optimized 16 bit loop, handy for us, mostly since we can use outi :-D
    4308   00:56D5  43                      ld  b,e                         ; Number of loops originaly in DE
    4309   00:56D6  1B                      dec de
    4310   00:56D7  14                      inc d
    4311   00:56D8                          if USE_MEM_IO = 0
    4312   00:56D8                    ~     ld  c,OUT_TX_PORT
    4313   00:56D8                    ~ SSH_OPEN_SENDDATA:
    4314   00:56D8                    ~     outi
    4315   00:56D8                    ~     jr  nz,SSH_OPEN_SENDDATA
    4316   00:56D8                    ~     else
    4317   00:56D8                      SSH_OPEN_SENDDATA:
    4318   00:56D8  7E                      ld  a,(hl)
    4319   00:56D9  32 07 7F                ld  (MEM_OUT_TX_PORT),a
    4320   00:56DC  23                      inc hl
    4321   00:56DD  10 F9                   djnz SSH_OPEN_SENDDATA
    4322   00:56DF                          endif
    4323   00:56DF  15                      dec d
    4324   00:56E0  20 F6                   jr  nz,SSH_OPEN_SENDDATA
    4325   00:56E2                          ; Now wait up to 3600 (1 minute @ 60Hz) ticks to get response
    4326   00:56E2  21 10 0E                ld  hl,3600
    4327   00:56E5  CD 36 61                call    SETCOUNTER
    4328   00:56E8                      SSH_OPEN_ST1:
    4329   00:56E8                          CHECK_DATA
    4329   00:56E8  3A 07 7F          >     ld  a,(MEM_IN_STS_PORT)
    4329   00:56EB  CB 47             >     bit 0,a
    4330   00:56ED  20 05                   jr  nz,SSH_OPEN_ST1.1
    4331   00:56EF  CD 27 4E                call    TCPIP_GENERIC_CHECK_TIME_OUT
    4332   00:56F2  18 F4                   jr  SSH_OPEN_ST1
    4333   00:56F4                      SSH_OPEN_ST1.1:
    4334   00:56F4                          ; nz, check the data
    4335   00:56F4                          RECEIVE_DATA
    4335   00:56F4  3A 06 7F          >     ld a,(MEM_IN_DATA_PORT)
    4336   00:56F7  FE 82                   cp  #82                         ; Is response of our command?
    4337   00:56F9  20 ED                   jr  nz,SSH_OPEN_ST1
    4338   00:56FB                          ; now get return code, if return code other than 0, it is finished
    4339   00:56FB                      SSH_OPEN_RC:
    4340   00:56FB                          CHECK_DATA
    4340   00:56FB  3A 07 7F          >     ld  a,(MEM_IN_STS_PORT)
    4340   00:56FE  CB 47             >     bit 0,a
    4341   00:5700  20 05                   jr  nz,SSH_OPEN_RC.1
    4342   00:5702  CD 27 4E                call    TCPIP_GENERIC_CHECK_TIME_OUT
    4343   00:5705  18 F4                   jr  SSH_OPEN_RC
    4344   00:5707                      SSH_OPEN_RC.1:
    4345   00:5707                          ; nz, discard
    4346   00:5707                          RECEIVE_DATA
    4346   00:5707  3A 06 7F          >     ld a,(MEM_IN_DATA_PORT)
    4347   00:570A  D1                      pop de                          ; restore memory area address in DE just in case it is needed
    4348   00:570B  FE 84                   cp  132
    4349   00:570D  28 28                   jr  z,SSH_OPEN_HOSTHASH
    4350   00:570F  B7                      or  a                           ; 0?
    4351   00:5710  C0                      ret nz
    4352   00:5711                      
    4353   00:5711                          ; next two bytes are size bytes, don't care, it is 1, conn #
    4354   00:5711  06 02                   ld  b,2
    4355   00:5713                      SSH_OPEN_ST2:
    4356   00:5713                          CHECK_DATA
    4356   00:5713  3A 07 7F          >     ld  a,(MEM_IN_STS_PORT)
    4356   00:5716  CB 47             >     bit 0,a
    4357   00:5718  20 05                   jr  nz,SSH_OPEN_ST2.1
    4358   00:571A  CD 27 4E                call    TCPIP_GENERIC_CHECK_TIME_OUT
    4359   00:571D  18 F4                   jr  SSH_OPEN_ST2
    4360   00:571F                      SSH_OPEN_ST2.1:
    4361   00:571F                          ; nz, discard
    4362   00:571F                          RECEIVE_DATA
    4362   00:571F  3A 06 7F          >     ld a,(MEM_IN_DATA_PORT)
    4363   00:5722  05                      dec b
    4364   00:5723  20 EE                   jr  nz,SSH_OPEN_ST2
    4365   00:5725                      
    4366   00:5725                          ; now just get the 1 byte, conn#, should go to B
    4367   00:5725                      SSH_OPEN_CONN_ST1:
    4368   00:5725                          CHECK_DATA
    4368   00:5725  3A 07 7F          >     ld  a,(MEM_IN_STS_PORT)
    4368   00:5728  CB 47             >     bit 0,a
    4369   00:572A  20 05                   jr  nz,SSH_OPEN_CONN_ST1.1
    4370   00:572C  CD 27 4E                call    TCPIP_GENERIC_CHECK_TIME_OUT
    4371   00:572F  18 F4                   jr  SSH_OPEN_CONN_ST1
    4372   00:5731                      SSH_OPEN_CONN_ST1.1:
    4373   00:5731                          ; nz, get it
    4374   00:5731                          RECEIVE_DATA
    4374   00:5731  3A 06 7F          >     ld a,(MEM_IN_DATA_PORT)
    4375   00:5734  47                      ld  b,a
    4376   00:5735                          ; done
    4377   00:5735  AF                      xor a
    4378   00:5736  C9                      ret
    4379   00:5737                      
    4380   00:5737                      SSH_OPEN_HOSTHASH:
    4381   00:5737                          ; HL has memory area to write host fingerprint / hash
    4382   00:5737                          ; we will receive size, should be 33, 1 byte for connection ID
    4383   00:5737                          ; 32 bytes for fingerprint / hash
    4384   00:5737                          CHECK_DATA
    4384   00:5737  3A 07 7F          >     ld  a,(MEM_IN_STS_PORT)
    4384   00:573A  CB 47             >     bit 0,a
    4385   00:573C  20 05                   jr  nz,SSH_OPEN_HOSTHASH.1
    4386   00:573E  CD 84 5C                call    TCPIP_TCP_RCV_CHECK_TIME_OUT
    4387   00:5741  18 F4                   jr  SSH_OPEN_HOSTHASH
    4388   00:5743                      SSH_OPEN_HOSTHASH.1:
    4389   00:5743                          ; nz, high byte count of bytes to receive
    4390   00:5743                          RECEIVE_DATA
    4390   00:5743  3A 06 7F          >     ld a,(MEM_IN_DATA_PORT)
    4391   00:5746  67                      ld h,a
    4392   00:5747                      SSH_OPEN_HOSTHASHB:
    4393   00:5747                          CHECK_DATA
    4393   00:5747  3A 07 7F          >     ld  a,(MEM_IN_STS_PORT)
    4393   00:574A  CB 47             >     bit 0,a
    4394   00:574C  20 05                   jr  nz,SSH_OPEN_HOSTHASHB.1
    4395   00:574E  CD 84 5C                call    TCPIP_TCP_RCV_CHECK_TIME_OUT
    4396   00:5751  18 F4                   jr  SSH_OPEN_HOSTHASHB
    4397   00:5753                      SSH_OPEN_HOSTHASHB.1:
    4398   00:5753                          ; nz, low byte count of bytes to receive
    4399   00:5753                          RECEIVE_DATA
    4399   00:5753  3A 06 7F          >     ld a,(MEM_IN_DATA_PORT)
    4400   00:5756  6F                      ld  l,a
    4401   00:5757  B4                      or  h
    4402   00:5758                          ; if it was 0, no data
    4403   00:5758                          if USE_MEM_IO = 1
    4404   00:5758  CA BC 5C                jp  z,TCPIP_TCP_RCV_RET_NODATA  ; not a typo, no need to make the same code again
    4405   00:575B                          else
    4406   00:575B                    ~     jp  z,TCPIP_TCP_RCV_RET_NODATA  ; not a typo, no need to make the same code again
    4407   00:575B                    ~     endif
    4408   00:575B  2B                      dec hl                          ; decrement one byte, first is connection will go to B
    4409   00:575C                          ; Now get connection number and save it 
    4410   00:575C                      SSH_OPEN_HOSTHASH_CONN:
    4411   00:575C                          CHECK_DATA
    4411   00:575C  3A 07 7F          >     ld  a,(MEM_IN_STS_PORT)
    4411   00:575F  CB 47             >     bit 0,a
    4412   00:5761  20 05                   jr  nz,SSH_OPEN_HOSTHASH_CONN.1
    4413   00:5763  CD 84 5C                call    TCPIP_TCP_RCV_CHECK_TIME_OUT
    4414   00:5766  18 F4                   jr  SSH_OPEN_HOSTHASH_CONN
    4415   00:5768                      SSH_OPEN_HOSTHASH_CONN.1:
    4416   00:5768                          ; nz, connection number
    4417   00:5768                          RECEIVE_DATA
    4417   00:5768  3A 06 7F          >     ld a,(MEM_IN_DATA_PORT)
    4418   00:576B  47                      ld b,a
    4419   00:576C  C5                      push    bc                      ; save it
    4420   00:576D                      
    4421   00:576D  4D                      ld  c,l
    4422   00:576E  44                      ld  b,h                         ; BC has effective received data size, as well as HL
    4423   00:576F                      
    4424   00:576F                          ; put effective data size in de
    4425   00:576F  EB                      ex  de,hl
    4426   00:5770                          ; address was in de, now in HL, BC effective received size
    4427   00:5770                      
    4428   00:5770                          ; Grauw Optimized 16 bit loop, handy for us, mostly since we can use ini :-D
    4429   00:5770  43                      ld  b,e                         ; Number of loops originaly in DE
    4430   00:5771  1B                      dec de
    4431   00:5772  14                      inc d
    4432   00:5773                          if USE_MEM_IO = 0
    4433   00:5773                    ~     ld  c,IN_DATA_PORT
    4434   00:5773                    ~     endif
    4435   00:5773                      SSH_OPEN_HOSTHASH_NSF:
    4436   00:5773                          CHECK_DATA
    4436   00:5773  3A 07 7F          >     ld  a,(MEM_IN_STS_PORT)
    4436   00:5776  CB 47             >     bit 0,a
    4437   00:5778  20 05                   jr  nz,SSH_OPEN_HOSTHASH_NSF.1
    4438   00:577A  CD 84 5C                call    TCPIP_TCP_RCV_CHECK_TIME_OUT
    4439   00:577D  18 F4                   jr  SSH_OPEN_HOSTHASH_NSF
    4440   00:577F                      SSH_OPEN_HOSTHASH_NSF.1:
    4441   00:577F                          if USE_MEM_IO = 0
    4442   00:577F                    ~     ini
    4443   00:577F                    ~     else
    4444   00:577F  3A 06 7F                ld  a,(MEM_IN_DATA_PORT)
    4445   00:5782  77                      ld  (hl),a
    4446   00:5783  23                      inc hl
    4447   00:5784  05                      dec b
    4448   00:5785                          endif
    4449   00:5785  20 EC                   jr  nz,SSH_OPEN_HOSTHASH_NSF
    4450   00:5787  15                      dec d
    4451   00:5788  20 E9                   jr nz,SSH_OPEN_HOSTHASH_NSF
    4452   00:578A                          ; restore BC to get conn # in B
    4453   00:578A  C1                      pop bc
    4454   00:578B                          ; if we are here, return code is 132, unknown host
    4455   00:578B  3E 84                   ld  a,132
    4456   00:578D  C9                      ret
    4457   00:578E                      
    4458   00:578E                      ;==========================
    4459   00:578E                      ;=== SSH_ADD_KNOWN_HOST ===
    4460   00:578E                      ;==========================
    4461   00:578E                      ;Add an unknown host whose connection we tried to open as known
    4462   00:578E                      ;
    4463   00:578E                      ;Input:  A = 11
    4464   00:578E                      ;        B = Connection number
    4465   00:578E                      ;Output: A = Error code
    4466   00:578E                      
    4467   00:578E                      SSH_ADD_KNOWN_HOST:
    4468   00:578E  CB FF                   set 7,a                         ; ESP SSH commands start at #80
    4469   00:5790                          SEND_DATA                       ; Send the command
    4469   00:5790  32 07 7F          >     ld  (MEM_OUT_TX_PORT),a
    4470   00:5793  AF                      xor a
    4471   00:5794                          SEND_DATA                       ; Send the command size msb
    4471   00:5794  32 07 7F          >     ld  (MEM_OUT_TX_PORT),a
    4472   00:5797  3E 01                   ld  a,1
    4473   00:5799                          SEND_DATA                       ; Send the command size lsb
    4473   00:5799  32 07 7F          >     ld  (MEM_OUT_TX_PORT),a
    4474   00:579C  78                      ld  a,b
    4475   00:579D                          SEND_DATA                       ; Send the connection #
    4475   00:579D  32 07 7F          >     ld  (MEM_OUT_TX_PORT),a
    4476   00:57A0                          ; Now wait up to 180 ticks to get response
    4477   00:57A0  21 B4 00                ld  hl,180
    4478   00:57A3  CD 36 61                call    SETCOUNTER
    4479   00:57A6                      SSH_ADD_KNOWN_HOST_ST1:
    4480   00:57A6                          CHECK_DATA
    4480   00:57A6  3A 07 7F          >     ld  a,(MEM_IN_STS_PORT)
    4480   00:57A9  CB 47             >     bit 0,a
    4481   00:57AB  20 05                   jr  nz,SSH_ADD_KNOWN_HOST_ST1.1
    4482   00:57AD  CD 27 4E                call    TCPIP_GENERIC_CHECK_TIME_OUT
    4483   00:57B0  18 F4                   jr  SSH_ADD_KNOWN_HOST_ST1
    4484   00:57B2                      SSH_ADD_KNOWN_HOST_ST1.1:
    4485   00:57B2                          ; nz, check the data
    4486   00:57B2                          RECEIVE_DATA
    4486   00:57B2  3A 06 7F          >     ld a,(MEM_IN_DATA_PORT)
    4487   00:57B5  FE 8B                   cp  #8b                         ; Is response of our command?
    4488   00:57B7  20 ED                   jr  nz,SSH_ADD_KNOWN_HOST_ST1
    4489   00:57B9                          ; now get return code, if return code other than 0, it is finished
    4490   00:57B9                      SSH_ADD_KNOWN_HOST_RC:
    4491   00:57B9                          CHECK_DATA
    4491   00:57B9  3A 07 7F          >     ld  a,(MEM_IN_STS_PORT)
    4491   00:57BC  CB 47             >     bit 0,a
    4492   00:57BE  20 05                   jr  nz,SSH_ADD_KNOWN_HOST_RC.1
    4493   00:57C0  CD 27 4E                call    TCPIP_GENERIC_CHECK_TIME_OUT
    4494   00:57C3  18 F4                   jr  SSH_ADD_KNOWN_HOST_RC
    4495   00:57C5                      SSH_ADD_KNOWN_HOST_RC.1:
    4496   00:57C5                          ; nz, discard
    4497   00:57C5                          RECEIVE_DATA
    4497   00:57C5  3A 06 7F          >     ld a,(MEM_IN_DATA_PORT)
    4498   00:57C8  B7                      or  a                           ; 0?
    4499   00:57C9  C0                      ret nz                          ; if not, done
    4500   00:57CA                      
    4501   00:57CA                          ; next two bytes are return code and size bytes, don't care, it is 0
    4502   00:57CA  06 02                   ld  b,2
    4503   00:57CC                      SSH_ADD_KNOWN_HOST_ST2:
    4504   00:57CC                          CHECK_DATA
    4504   00:57CC  3A 07 7F          >     ld  a,(MEM_IN_STS_PORT)
    4504   00:57CF  CB 47             >     bit 0,a
    4505   00:57D1  20 05                   jr  nz,SSH_ADD_KNOWN_HOST_ST2.1
    4506   00:57D3  CD 27 4E                call    TCPIP_GENERIC_CHECK_TIME_OUT
    4507   00:57D6  18 F4                   jr  SSH_ADD_KNOWN_HOST_ST2
    4508   00:57D8                      SSH_ADD_KNOWN_HOST_ST2.1:
    4509   00:57D8                          ; nz, discard
    4510   00:57D8                          RECEIVE_DATA
    4510   00:57D8  3A 06 7F          >     ld a,(MEM_IN_DATA_PORT)
    4511   00:57DB  05                      dec b
    4512   00:57DC  20 EE                   jr  nz,SSH_ADD_KNOWN_HOST_ST2
    4513   00:57DE                      
    4514   00:57DE                          ; done, no return data other than return code
    4515   00:57DE  AF                      xor a
    4516   00:57DF  C9                      ret
    4517   00:57E0                      
    4518   00:57E0                      ;=========================
    4519   00:57E0                      ;===     SSH_CLOSE     ===
    4520   00:57E0                      ;=========================
    4521   00:57E0                      ;Close a SSH connection.
    4522   00:57E0                      ;
    4523   00:57E0                      ;Input:  A = 3
    4524   00:57E0                      ;        B = Connection number
    4525   00:57E0                      ;Output: A = Error code
    4526   00:57E0                      SSH_CLOSE:
    4527   00:57E0  CB FF                   set 7,a                         ; ESP SSH commands start at #80
    4528   00:57E2                          SEND_DATA                       ; Send the command
    4528   00:57E2  32 07 7F          >     ld  (MEM_OUT_TX_PORT),a
    4529   00:57E5  AF                      xor a
    4530   00:57E6                          SEND_DATA                       ; Send the command size msb
    4530   00:57E6  32 07 7F          >     ld  (MEM_OUT_TX_PORT),a
    4531   00:57E9  3E 01                   ld  a,1
    4532   00:57EB                          SEND_DATA                       ; Send the command size lsb
    4532   00:57EB  32 07 7F          >     ld  (MEM_OUT_TX_PORT),a
    4533   00:57EE  78                      ld  a,b
    4534   00:57EF                          SEND_DATA                       ; Send the connection #
    4534   00:57EF  32 07 7F          >     ld  (MEM_OUT_TX_PORT),a
    4535   00:57F2                          ; Now wait up to 180 ticks to get response
    4536   00:57F2  21 B4 00                ld  hl,180
    4537   00:57F5  CD 36 61                call    SETCOUNTER
    4538   00:57F8                      SSH_CLOSE_ST1:
    4539   00:57F8                          CHECK_DATA
    4539   00:57F8  3A 07 7F          >     ld  a,(MEM_IN_STS_PORT)
    4539   00:57FB  CB 47             >     bit 0,a
    4540   00:57FD  20 05                   jr  nz,SSH_CLOSE_ST1.1
    4541   00:57FF  CD 27 4E                call    TCPIP_GENERIC_CHECK_TIME_OUT
    4542   00:5802  18 F4                   jr  SSH_CLOSE_ST1
    4543   00:5804                      SSH_CLOSE_ST1.1:
    4544   00:5804                          ; nz, check the data
    4545   00:5804                          RECEIVE_DATA
    4545   00:5804  3A 06 7F          >     ld a,(MEM_IN_DATA_PORT)
    4546   00:5807  FE 83                   cp  #83                         ; Is response of our command?
    4547   00:5809  20 ED                   jr  nz,SSH_CLOSE_ST1
    4548   00:580B                          ; now get return code, if return code other than 0, it is finished
    4549   00:580B                      SSH_CLOSE_RC:
    4550   00:580B                          CHECK_DATA
    4550   00:580B  3A 07 7F          >     ld  a,(MEM_IN_STS_PORT)
    4550   00:580E  CB 47             >     bit 0,a
    4551   00:5810  20 05                   jr  nz,SSH_CLOSE_RC.1
    4552   00:5812  CD 27 4E                call    TCPIP_GENERIC_CHECK_TIME_OUT
    4553   00:5815  18 F4                   jr  SSH_CLOSE_RC
    4554   00:5817                      SSH_CLOSE_RC.1:
    4555   00:5817                          ; nz, discard
    4556   00:5817                          RECEIVE_DATA
    4556   00:5817  3A 06 7F          >     ld a,(MEM_IN_DATA_PORT)
    4557   00:581A  B7                      or  a                           ; 0?
    4558   00:581B  C0                      ret nz                          ; if not, done
    4559   00:581C                      
    4560   00:581C                          ; next two bytes are return code and size bytes, don't care, it is 0
    4561   00:581C  06 02                   ld  b,2
    4562   00:581E                      SSH_CLOSE_ST2:
    4563   00:581E                          CHECK_DATA
    4563   00:581E  3A 07 7F          >     ld  a,(MEM_IN_STS_PORT)
    4563   00:5821  CB 47             >     bit 0,a
    4564   00:5823  20 05                   jr  nz,SSH_CLOSE_ST2.1
    4565   00:5825  CD 27 4E                call    TCPIP_GENERIC_CHECK_TIME_OUT
    4566   00:5828  18 F4                   jr  SSH_CLOSE_ST2
    4567   00:582A                      SSH_CLOSE_ST2.1:
    4568   00:582A                          ; nz, discard
    4569   00:582A                          RECEIVE_DATA
    4569   00:582A  3A 06 7F          >     ld a,(MEM_IN_DATA_PORT)
    4570   00:582D  05                      dec b
    4571   00:582E  20 EE                   jr  nz,SSH_CLOSE_ST2
    4572   00:5830                      
    4573   00:5830                          ; done, no return data other than return code
    4574   00:5830  AF                      xor a
    4575   00:5831  C9                      ret
    4576   00:5832                      
    4577   00:5832                      ;=========================
    4578   00:5832                      ;===     SSH_STATE     ===
    4579   00:5832                      ;=========================
    4580   00:5832                      ;Get the state of a SSH connection.
    4581   00:5832                      ;
    4582   00:5832                      ;Input:  A = 4
    4583   00:5832                      ;        B = Connection number
    4584   00:5832                      ;Output: A = Error code
    4585   00:5832                      ;        B = Connection state
    4586   00:5832                      ;       HL = Number of available bytes
    4587   00:5832                      SSH_STATE:
    4588   00:5832  CB FF                   set 7,a                         ; ESP SSH commands start at #80
    4589   00:5834                          SEND_DATA                       ; Send the command
    4589   00:5834  32 07 7F          >     ld  (MEM_OUT_TX_PORT),a
    4590   00:5837  AF                      xor a
    4591   00:5838                          SEND_DATA                       ; Send the command size msb
    4591   00:5838  32 07 7F          >     ld  (MEM_OUT_TX_PORT),a
    4592   00:583B  3E 01                   ld  a,1
    4593   00:583D                          SEND_DATA                       ; Send the command size lsb
    4593   00:583D  32 07 7F          >     ld  (MEM_OUT_TX_PORT),a
    4594   00:5840  78                      ld  a,b
    4595   00:5841                          SEND_DATA                       ; Send the connection #
    4595   00:5841  32 07 7F          >     ld  (MEM_OUT_TX_PORT),a
    4596   00:5844                          ; Now wait up to 180 ticks to get response
    4597   00:5844  21 B4 00                ld  hl,180
    4598   00:5847  CD 36 61                call    SETCOUNTER
    4599   00:584A                      SSH_STATE_ST1:
    4600   00:584A                          CHECK_DATA
    4600   00:584A  3A 07 7F          >     ld  a,(MEM_IN_STS_PORT)
    4600   00:584D  CB 47             >     bit 0,a
    4601   00:584F  20 05                   jr  nz,SSH_STATE_ST1.1
    4602   00:5851  CD 27 4E                call    TCPIP_GENERIC_CHECK_TIME_OUT
    4603   00:5854  18 F4                   jr  SSH_STATE_ST1
    4604   00:5856                      SSH_STATE_ST1.1:
    4605   00:5856                          ; nz, check the data
    4606   00:5856                          RECEIVE_DATA
    4606   00:5856  3A 06 7F          >     ld a,(MEM_IN_DATA_PORT)
    4607   00:5859  FE 84                   cp  #84                         ; Is response of our command?
    4608   00:585B  20 ED                   jr  nz,SSH_STATE_ST1
    4609   00:585D                          ; now get return code, if return code other than 0, it is finished
    4610   00:585D                      SSH_STATE_RC:
    4611   00:585D                          CHECK_DATA
    4611   00:585D  3A 07 7F          >     ld  a,(MEM_IN_STS_PORT)
    4611   00:5860  CB 47             >     bit 0,a
    4612   00:5862  20 05                   jr  nz,SSH_STATE_RC.1
    4613   00:5864  CD 27 4E                call    TCPIP_GENERIC_CHECK_TIME_OUT
    4614   00:5867  18 F4                   jr  SSH_STATE_RC
    4615   00:5869                      SSH_STATE_RC.1:
    4616   00:5869                          ; nz, discard
    4617   00:5869                          RECEIVE_DATA
    4617   00:5869  3A 06 7F          >     ld a,(MEM_IN_DATA_PORT)
    4618   00:586C  B7                      or  a                           ; 0?
    4619   00:586D  C0                      ret nz                          ; if not, done
    4620   00:586E                      
    4621   00:586E                          ; next two bytes are size bytes, don't care, it is fixed as 3 if ok
    4622   00:586E  06 02                   ld  b,2
    4623   00:5870                      SSH_STATE_ST2:
    4624   00:5870                          CHECK_DATA
    4624   00:5870  3A 07 7F          >     ld  a,(MEM_IN_STS_PORT)
    4624   00:5873  CB 47             >     bit 0,a
    4625   00:5875  20 05                   jr  nz,SSH_STATE_ST2.1
    4626   00:5877  CD 27 4E                call    TCPIP_GENERIC_CHECK_TIME_OUT
    4627   00:587A  18 F4                   jr  SSH_STATE_ST2
    4628   00:587C                      SSH_STATE_ST2.1:
    4629   00:587C                          ; nz, discard
    4630   00:587C                          RECEIVE_DATA
    4630   00:587C  3A 06 7F          >     ld a,(MEM_IN_DATA_PORT)
    4631   00:587F  05                      dec b
    4632   00:5880  20 EE                   jr  nz,SSH_STATE_ST2
    4633   00:5882                      
    4634   00:5882                          ; now we have three bytes to get, first go to B and second to L and third to H
    4635   00:5882                      SSH_STATE_REG_B:
    4636   00:5882                          CHECK_DATA
    4636   00:5882  3A 07 7F          >     ld  a,(MEM_IN_STS_PORT)
    4636   00:5885  CB 47             >     bit 0,a
    4637   00:5887  20 05                   jr  nz,SSH_STATE_REG_B.1
    4638   00:5889  CD 27 4E                call    TCPIP_GENERIC_CHECK_TIME_OUT
    4639   00:588C  18 F4                   jr  SSH_STATE_REG_B
    4640   00:588E                      SSH_STATE_REG_B.1:
    4641   00:588E                          ; read and move it to B
    4642   00:588E                          RECEIVE_DATA
    4642   00:588E  3A 06 7F          >     ld a,(MEM_IN_DATA_PORT)
    4643   00:5891  47                      ld  b,a
    4644   00:5892                      
    4645   00:5892                      SSH_STATE_REG_L:
    4646   00:5892                          CHECK_DATA
    4646   00:5892  3A 07 7F          >     ld  a,(MEM_IN_STS_PORT)
    4646   00:5895  CB 47             >     bit 0,a
    4647   00:5897  20 05                   jr  nz,SSH_STATE_REG_L.1
    4648   00:5899  CD 27 4E                call    TCPIP_GENERIC_CHECK_TIME_OUT
    4649   00:589C  18 F4                   jr  SSH_STATE_REG_L
    4650   00:589E                      SSH_STATE_REG_L.1:
    4651   00:589E                          ; read and move it to L
    4652   00:589E                          RECEIVE_DATA
    4652   00:589E  3A 06 7F          >     ld a,(MEM_IN_DATA_PORT)
    4653   00:58A1  6F                      ld  l,a
    4654   00:58A2                      
    4655   00:58A2                      SSH_STATE_REG_H:
    4656   00:58A2                          CHECK_DATA
    4656   00:58A2  3A 07 7F          >     ld  a,(MEM_IN_STS_PORT)
    4656   00:58A5  CB 47             >     bit 0,a
    4657   00:58A7  20 05                   jr  nz,SSH_STATE_REG_H.1
    4658   00:58A9  CD 27 4E                call    TCPIP_GENERIC_CHECK_TIME_OUT
    4659   00:58AC  18 F4                   jr  SSH_STATE_REG_H
    4660   00:58AE                      SSH_STATE_REG_H.1:
    4661   00:58AE                          ; read and move it to H
    4662   00:58AE                          RECEIVE_DATA
    4662   00:58AE  3A 06 7F          >     ld a,(MEM_IN_DATA_PORT)
    4663   00:58B1  67                      ld  h,a
    4664   00:58B2                      
    4665   00:58B2                          ; done, no return data other than return code
    4666   00:58B2  AF                      xor a
    4667   00:58B3  C9                      ret
    4668   00:58B4                      
    4669   00:58B4                      ;=========================
    4670   00:58B4                      ;===   SSH_TERM_TYPE   ===
    4671   00:58B4                      ;=========================
    4672   00:58B4                      ;Get or set the terminal type requested on PTY connection.
    4673   00:58B4                      ;
    4674   00:58B4                      ;Input:  A = 7
    4675   00:58B4                      ;        C = Operation ( 0 - Get / 1 - Set)
    4676   00:58B4                      ;        D = Terminal Type when Set
    4677   00:58B4                      ;Output: A = Error code
    4678   00:58B4                      ;        D = Terminal Type (when Get)
    4679   00:58B4                      SSH_TERM_TYPE:
    4680   00:58B4  CB FF                   set 7,a                         ; ESP SSH commands start at #80
    4681   00:58B6                          SEND_DATA                       ; Send the command
    4681   00:58B6  32 07 7F          >     ld  (MEM_OUT_TX_PORT),a
    4682   00:58B9  AF                      xor a
    4683   00:58BA                          SEND_DATA                       ; Send the command size msb
    4683   00:58BA  32 07 7F          >     ld  (MEM_OUT_TX_PORT),a
    4684   00:58BD  79                      ld  a,c
    4685   00:58BE  CD 58 61                call    SETBYTE                 ; Save operation
    4686   00:58C1  B7                      or  a
    4687   00:58C2  20 0B                   jr  nz,SSH_TERM_TYPE_SET
    4688   00:58C4  3E 01                   ld  a,1                         ; Get sends 1 byte
    4689   00:58C6                          SEND_DATA                       ; Send the command size lsb
    4689   00:58C6  32 07 7F          >     ld  (MEM_OUT_TX_PORT),a
    4690   00:58C9  79                      ld  a,c
    4691   00:58CA                          SEND_DATA                       ; Send the operation
    4691   00:58CA  32 07 7F          >     ld  (MEM_OUT_TX_PORT),a
    4692   00:58CD  18 0D                   jr  SSH_TERM_TYPE_ST0
    4693   00:58CF                      SSH_TERM_TYPE_SET:
    4694   00:58CF  3E 02                   ld  a,2                         ; Set sends 2 bytes
    4695   00:58D1                          SEND_DATA                       ; Send the command size lsb
    4695   00:58D1  32 07 7F          >     ld  (MEM_OUT_TX_PORT),a
    4696   00:58D4  79                      ld  a,c
    4697   00:58D5                          SEND_DATA                       ; Send the operation
    4697   00:58D5  32 07 7F          >     ld  (MEM_OUT_TX_PORT),a
    4698   00:58D8  7A                      ld  a,d
    4699   00:58D9                          SEND_DATA                       ; Send the Terminal Type to set
    4699   00:58D9  32 07 7F          >     ld  (MEM_OUT_TX_PORT),a
    4700   00:58DC                      SSH_TERM_TYPE_ST0:
    4701   00:58DC                          ; Now wait up to 180 ticks to get response
    4702   00:58DC  21 B4 00                ld  hl,180
    4703   00:58DF  CD 36 61                call    SETCOUNTER
    4704   00:58E2                      SSH_TERM_TYPE_ST1:
    4705   00:58E2                          CHECK_DATA
    4705   00:58E2  3A 07 7F          >     ld  a,(MEM_IN_STS_PORT)
    4705   00:58E5  CB 47             >     bit 0,a
    4706   00:58E7  20 05                   jr  nz,SSH_TERM_TYPE_ST1.1
    4707   00:58E9  CD 27 4E                call    TCPIP_GENERIC_CHECK_TIME_OUT
    4708   00:58EC  18 F4                   jr  SSH_TERM_TYPE_ST1
    4709   00:58EE                      SSH_TERM_TYPE_ST1.1:
    4710   00:58EE                          ; nz, check the data
    4711   00:58EE                          RECEIVE_DATA
    4711   00:58EE  3A 06 7F          >     ld a,(MEM_IN_DATA_PORT)
    4712   00:58F1  FE 87                   cp  #87                         ; Is response of our command?
    4713   00:58F3  20 ED                   jr  nz,SSH_TERM_TYPE_ST1
    4714   00:58F5                          ; now get return code, if return code other than 0, it is finished
    4715   00:58F5                      SSH_TERM_TYPE_RC:
    4716   00:58F5                          CHECK_DATA
    4716   00:58F5  3A 07 7F          >     ld  a,(MEM_IN_STS_PORT)
    4716   00:58F8  CB 47             >     bit 0,a
    4717   00:58FA  20 05                   jr  nz,SSH_TERM_TYPE_RC.1
    4718   00:58FC  CD 27 4E                call    TCPIP_GENERIC_CHECK_TIME_OUT
    4719   00:58FF  18 F4                   jr  SSH_TERM_TYPE_RC
    4720   00:5901                      SSH_TERM_TYPE_RC.1:
    4721   00:5901                          ; nz, discard
    4722   00:5901                          RECEIVE_DATA
    4722   00:5901  3A 06 7F          >     ld a,(MEM_IN_DATA_PORT)
    4723   00:5904  B7                      or  a                           ; 0?
    4724   00:5905  C0                      ret nz                          ; if not, done
    4725   00:5906  CD 46 61                call    GETBYTE                 ; restore operation
    4726   00:5909  B7                      or  a
    4727   00:590A  C0                      ret nz                          ; if set all done
    4728   00:590B                          ; next two bytes are return code and size bytes, don't care, it is 0
    4729   00:590B  06 02                   ld  b,2
    4730   00:590D                      SSH_TERM_TYPE_ST2:
    4731   00:590D                          CHECK_DATA
    4731   00:590D  3A 07 7F          >     ld  a,(MEM_IN_STS_PORT)
    4731   00:5910  CB 47             >     bit 0,a
    4732   00:5912  20 05                   jr  nz,SSH_TERM_TYPE_ST2.1
    4733   00:5914  CD 27 4E                call    TCPIP_GENERIC_CHECK_TIME_OUT
    4734   00:5917  18 F4                   jr  SSH_TERM_TYPE_ST2
    4735   00:5919                      SSH_TERM_TYPE_ST2.1:
    4736   00:5919                          ; nz, discard
    4737   00:5919                          RECEIVE_DATA
    4737   00:5919  3A 06 7F          >     ld a,(MEM_IN_DATA_PORT)
    4738   00:591C  05                      dec b
    4739   00:591D  20 EE                   jr  nz,SSH_TERM_TYPE_ST2
    4740   00:591F                          ; next byte is the terminal type
    4741   00:591F                      SSH_TERM_TYPE_REGD:
    4742   00:591F                          CHECK_DATA
    4742   00:591F  3A 07 7F          >     ld  a,(MEM_IN_STS_PORT)
    4742   00:5922  CB 47             >     bit 0,a
    4743   00:5924  20 05                   jr  nz,SSH_TERM_TYPE_REGD.1
    4744   00:5926  CD 27 4E                call    TCPIP_GENERIC_CHECK_TIME_OUT
    4745   00:5929  18 F4                   jr  SSH_TERM_TYPE_REGD
    4746   00:592B                      SSH_TERM_TYPE_REGD.1:
    4747   00:592B                          RECEIVE_DATA
    4747   00:592B  3A 06 7F          >     ld a,(MEM_IN_DATA_PORT)
    4748   00:592E  57                      ld  d,a
    4749   00:592F                          ; done, no return data other than return code
    4750   00:592F  AF                      xor a
    4751   00:5930  C9                      ret
    4752   00:5931                      
    4753   00:5931                      ;=========================
    4754   00:5931                      ;===    SSH_WIN_SIZE   ===
    4755   00:5931                      ;=========================
    4756   00:5931                      ;Get or set the terminal window size requested on PTY connection.
    4757   00:5931                      ;
    4758   00:5931                      ;Input:  A = 8
    4759   00:5931                      ;        C = Operation ( 0 - Get / 1 - Set)
    4760   00:5931                      ;        H = Rows when Set
    4761   00:5931                      ;        L = Columns when Set
    4762   00:5931                      ;Output: A = Error code
    4763   00:5931                      ;        H = Rows when Get
    4764   00:5931                      ;        L = Columns when Get
    4765   00:5931                      SSH_WIN_SIZE:
    4766   00:5931  CB FF                   set 7,a                         ; ESP SSH commands start at #80
    4767   00:5933                          SEND_DATA                       ; Send the command
    4767   00:5933  32 07 7F          >     ld  (MEM_OUT_TX_PORT),a
    4768   00:5936  AF                      xor a
    4769   00:5937                          SEND_DATA                       ; Send the command size msb
    4769   00:5937  32 07 7F          >     ld  (MEM_OUT_TX_PORT),a
    4770   00:593A  79                      ld  a,c
    4771   00:593B  CD 58 61                call    SETBYTE                 ; Save operation
    4772   00:593E  B7                      or  a
    4773   00:593F  20 0B                   jr  nz,SSH_WIN_SIZE_SET
    4774   00:5941  3E 01                   ld  a,1                         ; Get sends 1 byte
    4775   00:5943                          SEND_DATA                       ; Send the command size lsb
    4775   00:5943  32 07 7F          >     ld  (MEM_OUT_TX_PORT),a
    4776   00:5946  79                      ld  a,c
    4777   00:5947                          SEND_DATA                       ; Send the operation
    4777   00:5947  32 07 7F          >     ld  (MEM_OUT_TX_PORT),a
    4778   00:594A  18 11                   jr  SSH_WIN_SIZE_ST0
    4779   00:594C                      SSH_WIN_SIZE_SET:
    4780   00:594C  3E 03                   ld  a,3                         ; Set sends 3 bytes
    4781   00:594E                          SEND_DATA                       ; Send the command size lsb
    4781   00:594E  32 07 7F          >     ld  (MEM_OUT_TX_PORT),a
    4782   00:5951  79                      ld  a,c
    4783   00:5952                          SEND_DATA                       ; Send the operation
    4783   00:5952  32 07 7F          >     ld  (MEM_OUT_TX_PORT),a
    4784   00:5955  7C                      ld  a,h
    4785   00:5956                          SEND_DATA                       ; Send the Rows
    4785   00:5956  32 07 7F          >     ld  (MEM_OUT_TX_PORT),a
    4786   00:5959  7D                      ld  a,l
    4787   00:595A                          SEND_DATA                       ; Send the Columns
    4787   00:595A  32 07 7F          >     ld  (MEM_OUT_TX_PORT),a
    4788   00:595D                      SSH_WIN_SIZE_ST0:
    4789   00:595D                          ; Now wait up to 180 ticks to get response
    4790   00:595D  21 B4 00                ld  hl,180
    4791   00:5960  CD 36 61                call    SETCOUNTER
    4792   00:5963                      SSH_WIN_SIZE_ST1:
    4793   00:5963                          CHECK_DATA
    4793   00:5963  3A 07 7F          >     ld  a,(MEM_IN_STS_PORT)
    4793   00:5966  CB 47             >     bit 0,a
    4794   00:5968  20 05                   jr  nz,SSH_WIN_SIZE_ST1.1
    4795   00:596A  CD 27 4E                call    TCPIP_GENERIC_CHECK_TIME_OUT
    4796   00:596D  18 F4                   jr  SSH_WIN_SIZE_ST1
    4797   00:596F                      SSH_WIN_SIZE_ST1.1:
    4798   00:596F                          ; nz, check the data
    4799   00:596F                          RECEIVE_DATA
    4799   00:596F  3A 06 7F          >     ld a,(MEM_IN_DATA_PORT)
    4800   00:5972  FE 88                   cp  #88                         ; Is response of our command?
    4801   00:5974  20 ED                   jr  nz,SSH_WIN_SIZE_ST1
    4802   00:5976                          ; now get return code, if return code other than 0, it is finished
    4803   00:5976                      SSH_WIN_SIZE_RC:
    4804   00:5976                          CHECK_DATA
    4804   00:5976  3A 07 7F          >     ld  a,(MEM_IN_STS_PORT)
    4804   00:5979  CB 47             >     bit 0,a
    4805   00:597B  20 05                   jr  nz,SSH_WIN_SIZE_RC.1
    4806   00:597D  CD 27 4E                call    TCPIP_GENERIC_CHECK_TIME_OUT
    4807   00:5980  18 F4                   jr  SSH_WIN_SIZE_RC
    4808   00:5982                      SSH_WIN_SIZE_RC.1:
    4809   00:5982                          ; nz, discard
    4810   00:5982                          RECEIVE_DATA
    4810   00:5982  3A 06 7F          >     ld a,(MEM_IN_DATA_PORT)
    4811   00:5985  B7                      or  a                           ; 0?
    4812   00:5986  C0                      ret nz                          ; if not, done
    4813   00:5987  CD 46 61                call    GETBYTE                 ; restore operation
    4814   00:598A  B7                      or  a
    4815   00:598B  C0                      ret nz                          ; if set all done
    4816   00:598C                          ; next two bytes are return code and size bytes, don't care, it is 0
    4817   00:598C  06 02                   ld  b,2
    4818   00:598E                      SSH_WIN_SIZE_ST2:
    4819   00:598E                          CHECK_DATA
    4819   00:598E  3A 07 7F          >     ld  a,(MEM_IN_STS_PORT)
    4819   00:5991  CB 47             >     bit 0,a
    4820   00:5993  20 05                   jr  nz,SSH_WIN_SIZE_ST2.1
    4821   00:5995  CD 27 4E                call    TCPIP_GENERIC_CHECK_TIME_OUT
    4822   00:5998  18 F4                   jr  SSH_WIN_SIZE_ST2
    4823   00:599A                      SSH_WIN_SIZE_ST2.1:
    4824   00:599A                          ; nz, discard
    4825   00:599A                          RECEIVE_DATA
    4825   00:599A  3A 06 7F          >     ld a,(MEM_IN_DATA_PORT)
    4826   00:599D  05                      dec b
    4827   00:599E  20 EE                   jr  nz,SSH_WIN_SIZE_ST2
    4828   00:59A0                          ; next byte is Rows
    4829   00:59A0                      SSH_WIN_SIZE_REGH:
    4830   00:59A0                          CHECK_DATA
    4830   00:59A0  3A 07 7F          >     ld  a,(MEM_IN_STS_PORT)
    4830   00:59A3  CB 47             >     bit 0,a
    4831   00:59A5  20 05                   jr  nz,SSH_WIN_SIZE_REGH.1
    4832   00:59A7  CD 27 4E                call    TCPIP_GENERIC_CHECK_TIME_OUT
    4833   00:59AA  18 F4                   jr  SSH_WIN_SIZE_REGH
    4834   00:59AC                      SSH_WIN_SIZE_REGH.1:
    4835   00:59AC                          RECEIVE_DATA
    4835   00:59AC  3A 06 7F          >     ld a,(MEM_IN_DATA_PORT)
    4836   00:59AF  67                      ld  h,a
    4837   00:59B0                          ; next byte is Columns
    4838   00:59B0                      SSH_WIN_SIZE_REGL:
    4839   00:59B0                          CHECK_DATA
    4839   00:59B0  3A 07 7F          >     ld  a,(MEM_IN_STS_PORT)
    4839   00:59B3  CB 47             >     bit 0,a
    4840   00:59B5  20 05                   jr  nz,SSH_WIN_SIZE_REGL.1
    4841   00:59B7  CD 27 4E                call    TCPIP_GENERIC_CHECK_TIME_OUT
    4842   00:59BA  18 F4                   jr  SSH_WIN_SIZE_REGL
    4843   00:59BC                      SSH_WIN_SIZE_REGL.1:
    4844   00:59BC                          RECEIVE_DATA
    4844   00:59BC  3A 06 7F          >     ld a,(MEM_IN_DATA_PORT)
    4845   00:59BF  6F                      ld  l,a
    4846   00:59C0                          ; done, no return data other than return code
    4847   00:59C0  AF                      xor a
    4848   00:59C1  C9                      ret
    4849   00:59C2                      
    4850   00:59C2                      ;=========================
    4851   00:59C2                      ;===  TCPIP_TCP_ABORT  ===
    4852   00:59C2                      ;=========================
    4853   00:59C2                      ;Abort a TCP connection.
    4854   00:59C2                      ;Input:  A  = 15
    4855   00:59C2                      ;        B = Connection number
    4856   00:59C2                      ;            0 to abort all open transient TCP connections
    4857   00:59C2                      ;Output: A = Error code
    4858   00:59C2                      
    4859   00:59C2                      TCPIP_TCP_ABORT:
    4860   00:59C2                          SEND_DATA                       ; Send the command
    4860   00:59C2  32 07 7F          >     ld  (MEM_OUT_TX_PORT),a
    4861   00:59C5  AF                      xor a
    4862   00:59C6                          SEND_DATA                       ; Send the command size msb
    4862   00:59C6  32 07 7F          >     ld  (MEM_OUT_TX_PORT),a
    4863   00:59C9  3E 01                   ld  a,1
    4864   00:59CB                          SEND_DATA                       ; Send the command size lsb
    4864   00:59CB  32 07 7F          >     ld  (MEM_OUT_TX_PORT),a
    4865   00:59CE  78                      ld  a,b
    4866   00:59CF                          SEND_DATA                       ; Send the connection #
    4866   00:59CF  32 07 7F          >     ld  (MEM_OUT_TX_PORT),a
    4867   00:59D2                          ; Now wait up to 180 ticks to get response
    4868   00:59D2  21 B4 00                ld  hl,180
    4869   00:59D5  CD 36 61                call    SETCOUNTER
    4870   00:59D8                      TCPIP_TCP_ABORT_ST1:
    4871   00:59D8                          CHECK_DATA
    4871   00:59D8  3A 07 7F          >     ld  a,(MEM_IN_STS_PORT)
    4871   00:59DB  CB 47             >     bit 0,a
    4872   00:59DD  20 05                   jr  nz,TCPIP_TCP_ABORT_ST1.1
    4873   00:59DF  CD 27 4E                call    TCPIP_GENERIC_CHECK_TIME_OUT
    4874   00:59E2  18 F4                   jr  TCPIP_TCP_ABORT_ST1
    4875   00:59E4                      TCPIP_TCP_ABORT_ST1.1:
    4876   00:59E4                          ; nz, check the data
    4877   00:59E4                          RECEIVE_DATA
    4877   00:59E4  3A 06 7F          >     ld a,(MEM_IN_DATA_PORT)
    4878   00:59E7  FE 0F                   cp  15                          ; Is response of our command?
    4879   00:59E9  20 ED                   jr  nz,TCPIP_TCP_ABORT_ST1
    4880   00:59EB                          ; now get return code, if return code other than 0, it is finished
    4881   00:59EB                      TCPIP_TCP_ABORT_RC:
    4882   00:59EB                          CHECK_DATA
    4882   00:59EB  3A 07 7F          >     ld  a,(MEM_IN_STS_PORT)
    4882   00:59EE  CB 47             >     bit 0,a
    4883   00:59F0  20 05                   jr  nz,TCPIP_TCP_ABORT_RC.1
    4884   00:59F2  CD 27 4E                call    TCPIP_GENERIC_CHECK_TIME_OUT
    4885   00:59F5  18 F4                   jr  TCPIP_TCP_ABORT_RC
    4886   00:59F7                      TCPIP_TCP_ABORT_RC.1:
    4887   00:59F7                          ; nz, discard
    4888   00:59F7                          RECEIVE_DATA
    4888   00:59F7  3A 06 7F          >     ld a,(MEM_IN_DATA_PORT)
    4889   00:59FA  B7                      or  a                           ; 0?
    4890   00:59FB  C0                      ret nz                          ; if not, done
    4891   00:59FC                      
    4892   00:59FC                          ; next two bytes are return code and size bytes, don't care, it is 0
    4893   00:59FC  06 02                   ld  b,2
    4894   00:59FE                      TCPIP_TCP_ABORT_ST2:
    4895   00:59FE                          CHECK_DATA
    4895   00:59FE  3A 07 7F          >     ld  a,(MEM_IN_STS_PORT)
    4895   00:5A01  CB 47             >     bit 0,a
    4896   00:5A03  20 05                   jr  nz,TCPIP_TCP_ABORT_ST2.1
    4897   00:5A05  CD 27 4E                call    TCPIP_GENERIC_CHECK_TIME_OUT
    4898   00:5A08  18 F4                   jr  TCPIP_TCP_ABORT_ST2
    4899   00:5A0A                      TCPIP_TCP_ABORT_ST2.1:
    4900   00:5A0A                          ; nz, discard
    4901   00:5A0A                          RECEIVE_DATA
    4901   00:5A0A  3A 06 7F          >     ld a,(MEM_IN_DATA_PORT)
    4902   00:5A0D  05                      dec b
    4903   00:5A0E  20 EE                   jr  nz,TCPIP_TCP_ABORT_ST2
    4904   00:5A10                      
    4905   00:5A10                          ; done, no return data other than return code
    4906   00:5A10  AF                      xor a
    4907   00:5A11  C9                      ret
    4908   00:5A12                      
    4909   00:5A12                      ;=========================
    4910   00:5A12                      ;===  TCPIP_TCP_STATE  ===
    4911   00:5A12                      ;=========================
    4912   00:5A12                      ;Get the state of a TCP connection.
    4913   00:5A12                      ;
    4914   00:5A12                      ;Input:  A = 16
    4915   00:5A12                      ;        B = Connection number
    4916   00:5A12                      ;        HL = Pointer in TPA for connection information block
    4917   00:5A12                      ;             (0 if not needed)
    4918   00:5A12                      ;Output: A  = Error code
    4919   00:5A12                      ;        B  = Connection state
    4920   00:5A12                      ;        C  = Close reason (only if ERR_NO_CONN is returned)
    4921   00:5A12                      ;        HL = Number of total available incoming bytes
    4922   00:5A12                      ;        DE = Number of urgent available incoming bytes
    4923   00:5A12                      ;        IX = Available free space in the output buffer
    4924   00:5A12                      ;             (0FFFFh = infinite)
    4925   00:5A12                      ;
    4926   00:5A12                      ;Connection information block consists of:
    4927   00:5A12                      ;
    4928   00:5A12                      ;    +0 (4): Remote IP address
    4929   00:5A12                      ;    +4 (2): Remote port
    4930   00:5A12                      ;    +6 (2): Local port
    4931   00:5A12                      TCPIP_TCP_STATE_ERROR:
    4932   00:5A12                          ; next two bytes are size bytes, don't care
    4933   00:5A12  47                      ld  b,a                         ; save error in b
    4934   00:5A13  0E 02                   ld  c,2
    4935   00:5A15                      TCPIP_TCP_STATE_ERROR2:
    4936   00:5A15                          CHECK_DATA
    4936   00:5A15  3A 07 7F          >     ld  a,(MEM_IN_STS_PORT)
    4936   00:5A18  CB 47             >     bit 0,a
    4937   00:5A1A  20 05                   jr  nz,TCPIP_TCP_STATE_ERROR2.1
    4938   00:5A1C  CD 27 4E                call    TCPIP_GENERIC_CHECK_TIME_OUT
    4939   00:5A1F  18 F4                   jr  TCPIP_TCP_STATE_ERROR2
    4940   00:5A21                      TCPIP_TCP_STATE_ERROR2.1:
    4941   00:5A21                          ; nz, discard
    4942   00:5A21                          RECEIVE_DATA
    4942   00:5A21  3A 06 7F          >     ld a,(MEM_IN_DATA_PORT)
    4943   00:5A24  0D                      dec c
    4944   00:5A25  20 EE                   jr  nz,TCPIP_TCP_STATE_ERROR2
    4945   00:5A27                      
    4946   00:5A27                          ; now return w/ error that is saved in b
    4947   00:5A27  78                      ld  a,b
    4948   00:5A28  06 00                   ld  b,0
    4949   00:5A2A  0E 07                   ld  c,7
    4950   00:5A2C  21 00 00                ld  hl,0
    4951   00:5A2F  11 00 00                ld  de,0
    4952   00:5A32  DD 21 00 00             ld  ix,0
    4953   00:5A36  C9                      ret
    4954   00:5A37                      
    4955   00:5A37                      TCPIP_TCP_STATE:
    4956   00:5A37  CD 7F 61                call    SETWORD                 ; Save HL pointer in our memory
    4957   00:5A3A  7C                      ld  a,h
    4958   00:5A3B  B5                      or  l                           ; Information block required?
    4959   00:5A3C  3E 00                   ld  a,0                         ; do not want to mess with flags, let's say no need
    4960   00:5A3E  28 01                   jr  z,TCPIP_TCP_STATE_NOINFOBLOCK
    4961   00:5A40  3C                      inc a                           ; otherwise there is a need
    4962   00:5A41                      TCPIP_TCP_STATE_NOINFOBLOCK:
    4963   00:5A41  CD 58 61                call    SETBYTE                 ; Save for later
    4964   00:5A44  3E 10                   ld  a,16                        ; Our command
    4965   00:5A46                          SEND_DATA                       ; Send the command
    4965   00:5A46  32 07 7F          >     ld  (MEM_OUT_TX_PORT),a
    4966   00:5A49  AF                      xor a
    4967   00:5A4A                          SEND_DATA                       ; Send the command size msb
    4967   00:5A4A  32 07 7F          >     ld  (MEM_OUT_TX_PORT),a
    4968   00:5A4D  3C                      inc a
    4969   00:5A4E                          SEND_DATA                       ; Send the command size lsb
    4969   00:5A4E  32 07 7F          >     ld  (MEM_OUT_TX_PORT),a
    4970   00:5A51  78                      ld  a,b
    4971   00:5A52                          SEND_DATA                       ; Send the parameter
    4971   00:5A52  32 07 7F          >     ld  (MEM_OUT_TX_PORT),a
    4972   00:5A55                      
    4973   00:5A55                          ; Now wait up to 180 ticks to get response
    4974   00:5A55  21 B4 00                ld  hl,180
    4975   00:5A58  CD 36 61                call    SETCOUNTER
    4976   00:5A5B                      TCPIP_TCP_STATE_ST1:
    4977   00:5A5B                          CHECK_DATA
    4977   00:5A5B  3A 07 7F          >     ld  a,(MEM_IN_STS_PORT)
    4977   00:5A5E  CB 47             >     bit 0,a
    4978   00:5A60  20 05                   jr  nz,TCPIP_TCP_STATE_ST1.1
    4979   00:5A62  CD 27 4E                call    TCPIP_GENERIC_CHECK_TIME_OUT
    4980   00:5A65  18 F4                   jr  TCPIP_TCP_STATE_ST1
    4981   00:5A67                      TCPIP_TCP_STATE_ST1.1:
    4982   00:5A67                          ; nz, check the data
    4983   00:5A67                          RECEIVE_DATA
    4983   00:5A67  3A 06 7F          >     ld a,(MEM_IN_DATA_PORT)
    4984   00:5A6A  FE 10                   cp  16                          ; Is response of our command?
    4985   00:5A6C  20 ED                   jr  nz,TCPIP_TCP_STATE_ST1
    4986   00:5A6E                          ; now get return code, if return code other than 0, it is finished
    4987   00:5A6E                      TCPIP_TCP_STATE_RC:
    4988   00:5A6E                          CHECK_DATA
    4988   00:5A6E  3A 07 7F          >     ld  a,(MEM_IN_STS_PORT)
    4988   00:5A71  CB 47             >     bit 0,a
    4989   00:5A73  20 05                   jr  nz,TCPIP_TCP_STATE_RC.1
    4990   00:5A75  CD 27 4E                call    TCPIP_GENERIC_CHECK_TIME_OUT
    4991   00:5A78  18 F4                   jr  TCPIP_TCP_STATE_RC
    4992   00:5A7A                      TCPIP_TCP_STATE_RC.1:
    4993   00:5A7A                          ; nz, discard
    4994   00:5A7A                          RECEIVE_DATA
    4994   00:5A7A  3A 06 7F          >     ld a,(MEM_IN_DATA_PORT)
    4995   00:5A7D  B7                      or  a                           ; 0?
    4996   00:5A7E  20 92                   jr  nz,TCPIP_TCP_STATE_ERROR    ; if not, done
    4997   00:5A80                      
    4998   00:5A80                          ; next two bytes are return code and size bytes, don't care, it is 16
    4999   00:5A80  06 02                   ld  b,2
    5000   00:5A82                      TCPIP_TCP_STATE_ST2:
    5001   00:5A82                          CHECK_DATA
    5001   00:5A82  3A 07 7F          >     ld  a,(MEM_IN_STS_PORT)
    5001   00:5A85  CB 47             >     bit 0,a
    5002   00:5A87  20 05                   jr  nz,TCPIP_TCP_STATE_ST2.1
    5003   00:5A89  CD 27 4E                call    TCPIP_GENERIC_CHECK_TIME_OUT
    5004   00:5A8C  18 F4                   jr  TCPIP_TCP_STATE_ST2
    5005   00:5A8E                      TCPIP_TCP_STATE_ST2.1:
    5006   00:5A8E                          ; nz, discard
    5007   00:5A8E                          RECEIVE_DATA
    5007   00:5A8E  3A 06 7F          >     ld a,(MEM_IN_DATA_PORT)
    5008   00:5A91  05                      dec b
    5009   00:5A92  20 EE                   jr  nz,TCPIP_TCP_STATE_ST2
    5010   00:5A94                      
    5011   00:5A94                          ; now just get the 16 bytes (Port LSB then MSB, # of packets, packet size LSB then MSB) and order it in C, B, L, H, E, D, IXL and IXH.
    5012   00:5A94                          ; Remaining 8 bytes go to TCP_STATE_INFORMATION_BLOCK if its value is other than 0
    5013   00:5A94                      TCPIP_TCP_STATE_RESP_ST1:
    5014   00:5A94                          CHECK_DATA
    5014   00:5A94  3A 07 7F          >     ld  a,(MEM_IN_STS_PORT)
    5014   00:5A97  CB 47             >     bit 0,a
    5015   00:5A99  20 05                   jr  nz,TCPIP_TCP_STATE_RESP_ST1.1
    5016   00:5A9B  CD 27 4E                call    TCPIP_GENERIC_CHECK_TIME_OUT
    5017   00:5A9E  18 F4                   jr  TCPIP_TCP_STATE_RESP_ST1
    5018   00:5AA0                      TCPIP_TCP_STATE_RESP_ST1.1:
    5019   00:5AA0                          ; nz, get it
    5020   00:5AA0                          RECEIVE_DATA
    5020   00:5AA0  3A 06 7F          >     ld a,(MEM_IN_DATA_PORT)
    5021   00:5AA3  4F                      ld  c,a
    5022   00:5AA4                      TCPIP_TCP_STATE_RESP_ST2:
    5023   00:5AA4                          CHECK_DATA
    5023   00:5AA4  3A 07 7F          >     ld  a,(MEM_IN_STS_PORT)
    5023   00:5AA7  CB 47             >     bit 0,a
    5024   00:5AA9  20 05                   jr  nz,TCPIP_TCP_STATE_RESP_ST2.1
    5025   00:5AAB  CD 27 4E                call    TCPIP_GENERIC_CHECK_TIME_OUT
    5026   00:5AAE  18 F4                   jr  TCPIP_TCP_STATE_RESP_ST2
    5027   00:5AB0                      TCPIP_TCP_STATE_RESP_ST2.1:
    5028   00:5AB0                          ; nz, get it
    5029   00:5AB0                          RECEIVE_DATA
    5029   00:5AB0  3A 06 7F          >     ld a,(MEM_IN_DATA_PORT)
    5030   00:5AB3  47                      ld  b,a
    5031   00:5AB4                      TCPIP_TCP_STATE_RESP_ST3:
    5032   00:5AB4                          CHECK_DATA
    5032   00:5AB4  3A 07 7F          >     ld  a,(MEM_IN_STS_PORT)
    5032   00:5AB7  CB 47             >     bit 0,a
    5033   00:5AB9  20 05                   jr  nz,TCPIP_TCP_STATE_RESP_ST3.1
    5034   00:5ABB  CD 27 4E                call    TCPIP_GENERIC_CHECK_TIME_OUT
    5035   00:5ABE  18 F4                   jr  TCPIP_TCP_STATE_RESP_ST3
    5036   00:5AC0                      TCPIP_TCP_STATE_RESP_ST3.1:
    5037   00:5AC0                          ; nz, get it
    5038   00:5AC0                          RECEIVE_DATA
    5038   00:5AC0  3A 06 7F          >     ld a,(MEM_IN_DATA_PORT)
    5039   00:5AC3  6F                      ld  l,a
    5040   00:5AC4                      TCPIP_TCP_STATE_RESP_ST4:
    5041   00:5AC4                          CHECK_DATA
    5041   00:5AC4  3A 07 7F          >     ld  a,(MEM_IN_STS_PORT)
    5041   00:5AC7  CB 47             >     bit 0,a
    5042   00:5AC9  20 05                   jr  nz,TCPIP_TCP_STATE_RESP_ST4.1
    5043   00:5ACB  CD 27 4E                call    TCPIP_GENERIC_CHECK_TIME_OUT
    5044   00:5ACE  18 F4                   jr  TCPIP_TCP_STATE_RESP_ST4
    5045   00:5AD0                      TCPIP_TCP_STATE_RESP_ST4.1:
    5046   00:5AD0                          ; nz, get it
    5047   00:5AD0                          RECEIVE_DATA
    5047   00:5AD0  3A 06 7F          >     ld a,(MEM_IN_DATA_PORT)
    5048   00:5AD3  67                      ld  h,a
    5049   00:5AD4                      TCPIP_TCP_STATE_RESP_ST5:
    5050   00:5AD4                          CHECK_DATA
    5050   00:5AD4  3A 07 7F          >     ld  a,(MEM_IN_STS_PORT)
    5050   00:5AD7  CB 47             >     bit 0,a
    5051   00:5AD9  20 05                   jr  nz,TCPIP_TCP_STATE_RESP_ST5.1
    5052   00:5ADB  CD 27 4E                call    TCPIP_GENERIC_CHECK_TIME_OUT
    5053   00:5ADE  18 F4                   jr  TCPIP_TCP_STATE_RESP_ST5
    5054   00:5AE0                      TCPIP_TCP_STATE_RESP_ST5.1:
    5055   00:5AE0                          ; nz, get it
    5056   00:5AE0                          RECEIVE_DATA
    5056   00:5AE0  3A 06 7F          >     ld a,(MEM_IN_DATA_PORT)
    5057   00:5AE3  5F                      ld  e,a
    5058   00:5AE4                      TCPIP_TCP_STATE_RESP_ST6:
    5059   00:5AE4                          CHECK_DATA
    5059   00:5AE4  3A 07 7F          >     ld  a,(MEM_IN_STS_PORT)
    5059   00:5AE7  CB 47             >     bit 0,a
    5060   00:5AE9  20 05                   jr  nz,TCPIP_TCP_STATE_RESP_ST6.1
    5061   00:5AEB  CD 27 4E                call    TCPIP_GENERIC_CHECK_TIME_OUT
    5062   00:5AEE  18 F4                   jr  TCPIP_TCP_STATE_RESP_ST6
    5063   00:5AF0                      TCPIP_TCP_STATE_RESP_ST6.1:
    5064   00:5AF0                          ; nz, get it
    5065   00:5AF0                          RECEIVE_DATA
    5065   00:5AF0  3A 06 7F          >     ld a,(MEM_IN_DATA_PORT)
    5066   00:5AF3  57                      ld  d,a
    5067   00:5AF4                      TCPIP_TCP_STATE_RESP_ST7:
    5068   00:5AF4                          CHECK_DATA
    5068   00:5AF4  3A 07 7F          >     ld  a,(MEM_IN_STS_PORT)
    5068   00:5AF7  CB 47             >     bit 0,a
    5069   00:5AF9  20 05                   jr  nz,TCPIP_TCP_STATE_RESP_ST7.1
    5070   00:5AFB  CD 27 4E                call    TCPIP_GENERIC_CHECK_TIME_OUT
    5071   00:5AFE  18 F4                   jr  TCPIP_TCP_STATE_RESP_ST7
    5072   00:5B00                      TCPIP_TCP_STATE_RESP_ST7.1:
    5073   00:5B00                          ; nz, get it
    5074   00:5B00                          RECEIVE_DATA
    5074   00:5B00  3A 06 7F          >     ld a,(MEM_IN_DATA_PORT)
    5075   00:5B03  DD 6F                   ld  ixl,a
    5076   00:5B05                      TCPIP_TCP_STATE_RESP_ST8:
    5077   00:5B05                          CHECK_DATA
    5077   00:5B05  3A 07 7F          >     ld  a,(MEM_IN_STS_PORT)
    5077   00:5B08  CB 47             >     bit 0,a
    5078   00:5B0A  20 05                   jr  nz,TCPIP_TCP_STATE_RESP_ST8.1
    5079   00:5B0C  CD 27 4E                call    TCPIP_GENERIC_CHECK_TIME_OUT
    5080   00:5B0F  18 F4                   jr  TCPIP_TCP_STATE_RESP_ST8
    5081   00:5B11                      TCPIP_TCP_STATE_RESP_ST8.1:
    5082   00:5B11                          ; nz, get it
    5083   00:5B11                          RECEIVE_DATA
    5083   00:5B11  3A 06 7F          >     ld a,(MEM_IN_DATA_PORT)
    5084   00:5B14  DD 67                   ld  ixh,a
    5085   00:5B16                      
    5086   00:5B16                      ; Check if there is an information block
    5087   00:5B16  CD DF 61                call    BCBACKUP                ; Save BC, we gonna use it
    5088   00:5B19  06 08                   ld  b,8                         ; prepare in advance for 8 bytes being transferred
    5089   00:5B1B  CD 46 61                call    GETBYTE                 ; Let's check if we have flagged need for INFOBLOCK
    5090   00:5B1E  B7                      or  a
    5091   00:5B1F  20 17                   jr  nz,TCPIP_TCP_STATE_GET_IBLOCK
    5092   00:5B21                      
    5093   00:5B21                      ; If here, just discard Information Block (next 8 bytes)
    5094   00:5B21                      TCPIP_TCP_STATE_DISCARD_IBLOCK:
    5095   00:5B21                          CHECK_DATA
    5095   00:5B21  3A 07 7F          >     ld  a,(MEM_IN_STS_PORT)
    5095   00:5B24  CB 47             >     bit 0,a
    5096   00:5B26  20 05                   jr  nz,TCPIP_TCP_STATE_DISCARD_IBLOCK.1
    5097   00:5B28  CD 27 4E                call    TCPIP_GENERIC_CHECK_TIME_OUT
    5098   00:5B2B  18 F4                   jr  TCPIP_TCP_STATE_DISCARD_IBLOCK
    5099   00:5B2D                      TCPIP_TCP_STATE_DISCARD_IBLOCK.1:
    5100   00:5B2D                          ; nz, discard
    5101   00:5B2D                          RECEIVE_DATA
    5101   00:5B2D  3A 06 7F          >     ld a,(MEM_IN_DATA_PORT)
    5102   00:5B30  05                      dec b
    5103   00:5B31  20 EE                   jr  nz,TCPIP_TCP_STATE_DISCARD_IBLOCK
    5104   00:5B33                          ; done
    5105   00:5B33  CD CD 61                call    BCRESTORE
    5106   00:5B36  AF                      xor a
    5107   00:5B37  C9                      ret
    5108   00:5B38                      
    5109   00:5B38                      ; If here, save Information Block (next 8 bytes)
    5110   00:5B38                      TCPIP_TCP_STATE_GET_IBLOCK:
    5111   00:5B38  CD 06 62                call    HLBACKUP                ; Save HL
    5112   00:5B3B  CD 6C 61                call    GETWORD                 ; Restore address for IB on HL
    5113   00:5B3E                      TCPIP_TCP_STATE_SAVE_IBLOCK:
    5114   00:5B3E                          CHECK_DATA
    5114   00:5B3E  3A 07 7F          >     ld  a,(MEM_IN_STS_PORT)
    5114   00:5B41  CB 47             >     bit 0,a
    5115   00:5B43  20 05                   jr  nz,TCPIP_TCP_STATE_SAVE_IBLOCK.1
    5116   00:5B45  CD 27 4E                call    TCPIP_GENERIC_CHECK_TIME_OUT
    5117   00:5B48  18 F4                   jr  TCPIP_TCP_STATE_SAVE_IBLOCK
    5118   00:5B4A                      TCPIP_TCP_STATE_SAVE_IBLOCK.1:
    5119   00:5B4A                          ; nz, save
    5120   00:5B4A                          RECEIVE_DATA
    5120   00:5B4A  3A 06 7F          >     ld a,(MEM_IN_DATA_PORT)
    5121   00:5B4D  77                      ld  (hl),a
    5122   00:5B4E  23                      inc hl
    5123   00:5B4F  05                      dec b
    5124   00:5B50  20 EC                   jr  nz,TCPIP_TCP_STATE_SAVE_IBLOCK
    5125   00:5B52                          ; done
    5126   00:5B52  CD F3 61                call    HLRESTORE
    5127   00:5B55  CD CD 61                call    BCRESTORE
    5128   00:5B58  AF                      xor a
    5129   00:5B59  C9                      ret
    5130   00:5B5A                      
    5131   00:5B5A                      ;========================
    5132   00:5B5A                      ;===  TCPIP_TCP_SEND  ===
    5133   00:5B5A                      ;========================
    5134   00:5B5A                      ;Send data to a TCP connection.
    5135   00:5B5A                      ;
    5136   00:5B5A                      ;Input:  A  = 17
    5137   00:5B5A                      ;        B  = Connection number
    5138   00:5B5A                      ;        DE = Address of the data to be sent
    5139   00:5B5A                      ;        HL = Length of the data to be sent
    5140   00:5B5A                      ;        C  = Flags:
    5141   00:5B5A                      ;             bit 0: Send the data PUSHed
    5142   00:5B5A                      ;             bit 1: The data is urgent
    5143   00:5B5A                      ;Output: A = Error code
    5144   00:5B5A                      TCPIP_TCP_SEND:
    5145   00:5B5A  E5                      push    hl
    5146   00:5B5B  D5                      push    de
    5147   00:5B5C                          SEND_DATA                       ; Send the command
    5147   00:5B5C  32 07 7F          >     ld  (MEM_OUT_TX_PORT),a
    5148   00:5B5F                          ; prepare new data size, adding our 2 bytes overhead
    5149   00:5B5F  11 02 00                ld  de,2
    5150   00:5B62  19                      add hl,de
    5151   00:5B63  7C                      ld  a,h
    5152   00:5B64                          SEND_DATA                       ; Send the command size msb
    5152   00:5B64  32 07 7F          >     ld  (MEM_OUT_TX_PORT),a
    5153   00:5B67  7D                      ld  a,l
    5154   00:5B68                          SEND_DATA                       ; Send the command size lsb
    5154   00:5B68  32 07 7F          >     ld  (MEM_OUT_TX_PORT),a
    5155   00:5B6B  78                      ld  a,b
    5156   00:5B6C                          SEND_DATA                       ; Send the connection #
    5156   00:5B6C  32 07 7F          >     ld  (MEM_OUT_TX_PORT),a
    5157   00:5B6F  79                      ld  a,c
    5158   00:5B70                          SEND_DATA                       ; Send the connection flags
    5158   00:5B70  32 07 7F          >     ld  (MEM_OUT_TX_PORT),a
    5159   00:5B73  E1                      pop hl
    5160   00:5B74  D1                      pop de
    5161   00:5B75                          ; now oti the data starting at hl, size is in DE
    5162   00:5B75                          ; Grauw Optimized 16 bit loop, handy for us, mostly since we can use outi :-D
    5163   00:5B75  43                      ld  b,e                         ;Number of loops originaly in DE
    5164   00:5B76  1B                      dec de
    5165   00:5B77  14                      inc d
    5166   00:5B78                          if USE_MEM_IO = 0
    5167   00:5B78                    ~     ld  c,OUT_TX_PORT
    5168   00:5B78                    ~ TCPIP_TCP_SEND_R:
    5169   00:5B78                    ~     outi
    5170   00:5B78                    ~     jr  nz,TCPIP_TCP_SEND_R
    5171   00:5B78                    ~     else
    5172   00:5B78                      TCPIP_TCP_SEND_R:
    5173   00:5B78  7E                      ld  a,(hl)
    5174   00:5B79  32 07 7F                ld  (MEM_OUT_TX_PORT),a
    5175   00:5B7C  23                      inc hl
    5176   00:5B7D  10 F9                   djnz TCPIP_TCP_SEND_R
    5177   00:5B7F                          endif
    5178   00:5B7F  15                      dec d
    5179   00:5B80  20 F6                   jr  nz,TCPIP_TCP_SEND_R
    5180   00:5B82                      
    5181   00:5B82                          ; Now wait up to 600 ticks to get response
    5182   00:5B82  21 58 02                ld  hl,600
    5183   00:5B85  CD 36 61                call    SETCOUNTER
    5184   00:5B88                      TCPIP_TCP_SEND_ST1:
    5185   00:5B88                          CHECK_DATA
    5185   00:5B88  3A 07 7F          >     ld  a,(MEM_IN_STS_PORT)
    5185   00:5B8B  CB 47             >     bit 0,a
    5186   00:5B8D  20 05                   jr  nz,TCPIP_TCP_SEND_R.1
    5187   00:5B8F  CD 27 4E                call    TCPIP_GENERIC_CHECK_TIME_OUT
    5188   00:5B92  18 F4                   jr  TCPIP_TCP_SEND_ST1
    5189   00:5B94                      TCPIP_TCP_SEND_R.1:
    5190   00:5B94                          ; nz, check the data
    5191   00:5B94                          RECEIVE_DATA
    5191   00:5B94  3A 06 7F          >     ld a,(MEM_IN_DATA_PORT)
    5192   00:5B97  FE 11                   cp  17                          ; Is response of our command?
    5193   00:5B99  20 ED                   jr  nz,TCPIP_TCP_SEND_ST1
    5194   00:5B9B                          ; now get return code, if return code other than 0, it is finished
    5195   00:5B9B                      TCPIP_TCP_SEND_RC:
    5196   00:5B9B                          CHECK_DATA
    5196   00:5B9B  3A 07 7F          >     ld  a,(MEM_IN_STS_PORT)
    5196   00:5B9E  CB 47             >     bit 0,a
    5197   00:5BA0  20 05                   jr  nz,TCPIP_TCP_SEND_RC.1
    5198   00:5BA2  CD 27 4E                call    TCPIP_GENERIC_CHECK_TIME_OUT
    5199   00:5BA5  18 F4                   jr  TCPIP_TCP_SEND_RC
    5200   00:5BA7                      TCPIP_TCP_SEND_RC.1:
    5201   00:5BA7                          ; nz, discard
    5202   00:5BA7                          RECEIVE_DATA
    5202   00:5BA7  3A 06 7F          >     ld a,(MEM_IN_DATA_PORT)
    5203   00:5BAA  B7                      or  a                           ; 0?
    5204   00:5BAB  C0                      ret nz                          ; if not, done
    5205   00:5BAC                      
    5206   00:5BAC                          ; next two bytes are return code and size bytes, don't care, it is 0
    5207   00:5BAC  06 02                   ld  b,2
    5208   00:5BAE                      TCPIP_TCP_SEND_ST2:
    5209   00:5BAE                          CHECK_DATA
    5209   00:5BAE  3A 07 7F          >     ld  a,(MEM_IN_STS_PORT)
    5209   00:5BB1  CB 47             >     bit 0,a
    5210   00:5BB3  20 05                   jr  nz,TCPIP_TCP_SEND_ST2.1
    5211   00:5BB5  CD 27 4E                call    TCPIP_GENERIC_CHECK_TIME_OUT
    5212   00:5BB8  18 F4                   jr  TCPIP_TCP_SEND_ST2
    5213   00:5BBA                      TCPIP_TCP_SEND_ST2.1:
    5214   00:5BBA                          ; nz, discard
    5215   00:5BBA                          RECEIVE_DATA
    5215   00:5BBA  3A 06 7F          >     ld a,(MEM_IN_DATA_PORT)
    5216   00:5BBD  05                      dec b
    5217   00:5BBE  20 EE                   jr  nz,TCPIP_TCP_SEND_ST2
    5218   00:5BC0                      
    5219   00:5BC0                          ; done, no return data other than return code
    5220   00:5BC0  AF                      xor a
    5221   00:5BC1  C9                      ret
    5222   00:5BC2                      
    5223   00:5BC2                      ;========================
    5224   00:5BC2                      ;===     SSH_SEND     ===
    5225   00:5BC2                      ;========================
    5226   00:5BC2                      ;Send data to a SSH connection.
    5227   00:5BC2                      ;
    5228   00:5BC2                      ;Input:  A  = 5
    5229   00:5BC2                      ;        B  = Connection number
    5230   00:5BC2                      ;        DE = Address of the data to be sent
    5231   00:5BC2                      ;        HL = Length of the data to be sent
    5232   00:5BC2                      ;Output: A  = Error code
    5233   00:5BC2                      SSH_SEND:
    5234   00:5BC2  CB FF                   set 7,a                         ; ESP SSH commands start at #80
    5235   00:5BC4                          SEND_DATA                       ; Send the command
    5235   00:5BC4  32 07 7F          >     ld  (MEM_OUT_TX_PORT),a
    5236   00:5BC7                          ; prepare new data size, adding our 1 byte overhead (connection #)
    5237   00:5BC7  23                      inc hl
    5238   00:5BC8  7C                      ld  a,h
    5239   00:5BC9                          SEND_DATA                       ; Send the command size msb
    5239   00:5BC9  32 07 7F          >     ld  (MEM_OUT_TX_PORT),a
    5240   00:5BCC  7D                      ld  a,l
    5241   00:5BCD                          SEND_DATA                       ; Send the command size lsb
    5241   00:5BCD  32 07 7F          >     ld  (MEM_OUT_TX_PORT),a
    5242   00:5BD0  78                      ld  a,b
    5243   00:5BD1                          SEND_DATA                       ; Send the connection #
    5243   00:5BD1  32 07 7F          >     ld  (MEM_OUT_TX_PORT),a
    5244   00:5BD4  2B                      dec hl
    5245   00:5BD5  EB                      ex  de,hl
    5246   00:5BD6                          ; now oti the data starting at hl, size is in DE
    5247   00:5BD6                          ; Grauw Optimized 16 bit loop, handy for us, mostly since we can use outi :-D
    5248   00:5BD6  43                      ld  b,e                         ;Number of loops originaly in DE
    5249   00:5BD7  1B                      dec de
    5250   00:5BD8  14                      inc d
    5251   00:5BD9                          if USE_MEM_IO = 0
    5252   00:5BD9                    ~     ld  c,OUT_TX_PORT
    5253   00:5BD9                    ~ SSH_SEND_R:
    5254   00:5BD9                    ~     outi
    5255   00:5BD9                    ~     jr  nz,SSH_SEND_R
    5256   00:5BD9                    ~     else
    5257   00:5BD9                      SSH_SEND_R:
    5258   00:5BD9  7E                      ld  a,(hl)
    5259   00:5BDA  32 07 7F                ld  (MEM_OUT_TX_PORT),a
    5260   00:5BDD  23                      inc hl
    5261   00:5BDE  10 F9                   djnz SSH_SEND_R
    5262   00:5BE0                          endif
    5263   00:5BE0  15                      dec d
    5264   00:5BE1  20 F6                   jr  nz,SSH_SEND_R
    5265   00:5BE3                      
    5266   00:5BE3                          ; Now wait up to 600 ticks to get response
    5267   00:5BE3  21 58 02                ld  hl,600
    5268   00:5BE6  CD 36 61                call    SETCOUNTER
    5269   00:5BE9                      SSH_SEND_ST1:
    5270   00:5BE9                          CHECK_DATA
    5270   00:5BE9  3A 07 7F          >     ld  a,(MEM_IN_STS_PORT)
    5270   00:5BEC  CB 47             >     bit 0,a
    5271   00:5BEE  20 05                   jr  nz,SSH_SEND_R.1
    5272   00:5BF0  CD 27 4E                call    TCPIP_GENERIC_CHECK_TIME_OUT
    5273   00:5BF3  18 F4                   jr  SSH_SEND_ST1
    5274   00:5BF5                      SSH_SEND_R.1:
    5275   00:5BF5                          ; nz, check the data
    5276   00:5BF5                          RECEIVE_DATA
    5276   00:5BF5  3A 06 7F          >     ld a,(MEM_IN_DATA_PORT)
    5277   00:5BF8  FE 85                   cp  #85                         ; Is response of our command?
    5278   00:5BFA  20 ED                   jr  nz,SSH_SEND_ST1
    5279   00:5BFC                          ; now get return code, if return code other than 0, it is finished
    5280   00:5BFC                      SSH_SEND_RC:
    5281   00:5BFC                          CHECK_DATA
    5281   00:5BFC  3A 07 7F          >     ld  a,(MEM_IN_STS_PORT)
    5281   00:5BFF  CB 47             >     bit 0,a
    5282   00:5C01  20 05                   jr  nz,SSH_SEND_RC.1
    5283   00:5C03  CD 27 4E                call    TCPIP_GENERIC_CHECK_TIME_OUT
    5284   00:5C06  18 F4                   jr  SSH_SEND_RC
    5285   00:5C08                      SSH_SEND_RC.1:
    5286   00:5C08                          ; nz, discard
    5287   00:5C08                          RECEIVE_DATA
    5287   00:5C08  3A 06 7F          >     ld a,(MEM_IN_DATA_PORT)
    5288   00:5C0B  B7                      or  a                           ; 0?
    5289   00:5C0C  C0                      ret nz                          ; if not, done
    5290   00:5C0D                      
    5291   00:5C0D                          ; next two bytes are return code and size bytes, don't care, it is 0
    5292   00:5C0D  06 02                   ld  b,2
    5293   00:5C0F                      SSH_SEND_ST2:
    5294   00:5C0F                          CHECK_DATA
    5294   00:5C0F  3A 07 7F          >     ld  a,(MEM_IN_STS_PORT)
    5294   00:5C12  CB 47             >     bit 0,a
    5295   00:5C14  20 05                   jr  nz,SSH_SEND_ST2.1
    5296   00:5C16  CD 27 4E                call    TCPIP_GENERIC_CHECK_TIME_OUT
    5297   00:5C19  18 F4                   jr  SSH_SEND_ST2
    5298   00:5C1B                      SSH_SEND_ST2.1:
    5299   00:5C1B                          ; nz, discard
    5300   00:5C1B                          RECEIVE_DATA
    5300   00:5C1B  3A 06 7F          >     ld a,(MEM_IN_DATA_PORT)
    5301   00:5C1E  05                      dec b
    5302   00:5C1F  20 EE                   jr  nz,SSH_SEND_ST2
    5303   00:5C21                      
    5304   00:5C21                          ; done, no return data other than return code
    5305   00:5C21  AF                      xor a
    5306   00:5C22  C9                      ret
    5307   00:5C23                      
    5308   00:5C23                      ;========================
    5309   00:5C23                      ;=== SSH_AUTH_RESPOND ===
    5310   00:5C23                      ;========================
    5311   00:5C23                      ;Respond auth data requested for SSH connection.
    5312   00:5C23                      ;
    5313   00:5C23                      ;Input:  A  = 10
    5314   00:5C23                      ;        B  = Connection number
    5315   00:5C23                      ;        DE = Address of the data to be sent
    5316   00:5C23                      ;        HL = Length of the data to be sent
    5317   00:5C23                      ;Output: A  = Error code
    5318   00:5C23                      SSH_AUTH_RESPOND:
    5319   00:5C23  CB FF                   set 7,a                         ; ESP SSH commands start at #80
    5320   00:5C25                          SEND_DATA                       ; Send the command
    5320   00:5C25  32 07 7F          >     ld  (MEM_OUT_TX_PORT),a
    5321   00:5C28                          ; prepare new data size, adding our 1 byte overhead (connection #)
    5322   00:5C28  23                      inc hl
    5323   00:5C29  7C                      ld  a,h
    5324   00:5C2A                          SEND_DATA                       ; Send the command size msb
    5324   00:5C2A  32 07 7F          >     ld  (MEM_OUT_TX_PORT),a
    5325   00:5C2D  7D                      ld  a,l
    5326   00:5C2E                          SEND_DATA                       ; Send the command size lsb
    5326   00:5C2E  32 07 7F          >     ld  (MEM_OUT_TX_PORT),a
    5327   00:5C31  78                      ld  a,b
    5328   00:5C32                          SEND_DATA                       ; Send the connection #
    5328   00:5C32  32 07 7F          >     ld  (MEM_OUT_TX_PORT),a
    5329   00:5C35  2B                      dec hl
    5330   00:5C36  EB                      ex  de,hl
    5331   00:5C37                          ; now oti the data starting at hl, size is in DE
    5332   00:5C37                          ; Grauw Optimized 16 bit loop, handy for us, mostly since we can use outi :-D
    5333   00:5C37  43                      ld  b,e                         ;Number of loops originaly in DE
    5334   00:5C38  1B                      dec de
    5335   00:5C39  14                      inc d
    5336   00:5C3A                          if USE_MEM_IO = 0
    5337   00:5C3A                    ~     ld  c,OUT_TX_PORT
    5338   00:5C3A                    ~ SSH_AUTH_RESPOND_R:
    5339   00:5C3A                    ~     outi
    5340   00:5C3A                    ~     jr  nz,SSH_AUTH_RESPOND_R
    5341   00:5C3A                    ~     else
    5342   00:5C3A                      SSH_AUTH_RESPOND_R:
    5343   00:5C3A  7E                      ld  a,(hl)
    5344   00:5C3B  32 07 7F                ld  (MEM_OUT_TX_PORT),a
    5345   00:5C3E  23                      inc hl
    5346   00:5C3F  10 F9                   djnz SSH_AUTH_RESPOND_R
    5347   00:5C41                          endif
    5348   00:5C41  15                      dec d
    5349   00:5C42  20 F6                   jr  nz,SSH_AUTH_RESPOND_R
    5350   00:5C44                      
    5351   00:5C44                          ; Now wait up to 600 ticks to get response
    5352   00:5C44  21 58 02                ld  hl,600
    5353   00:5C47  CD 36 61                call    SETCOUNTER
    5354   00:5C4A                      SSH_AUTH_RESPOND_ST1:
    5355   00:5C4A                          CHECK_DATA
    5355   00:5C4A  3A 07 7F          >     ld  a,(MEM_IN_STS_PORT)
    5355   00:5C4D  CB 47             >     bit 0,a
    5356   00:5C4F  20 05                   jr  nz,SSH_AUTH_RESPOND_R.1
    5357   00:5C51  CD 27 4E                call    TCPIP_GENERIC_CHECK_TIME_OUT
    5358   00:5C54  18 F4                   jr  SSH_AUTH_RESPOND_ST1
    5359   00:5C56                      SSH_AUTH_RESPOND_R.1:
    5360   00:5C56                          ; nz, check the data
    5361   00:5C56                          RECEIVE_DATA
    5361   00:5C56  3A 06 7F          >     ld a,(MEM_IN_DATA_PORT)
    5362   00:5C59  FE 8A                   cp  #8A                         ; Is response of our command?
    5363   00:5C5B  20 ED                   jr  nz,SSH_AUTH_RESPOND_ST1
    5364   00:5C5D                          ; now get return code, if return code other than 0, it is finished
    5365   00:5C5D                      SSH_AUTH_RESPOND_RC:
    5366   00:5C5D                          CHECK_DATA
    5366   00:5C5D  3A 07 7F          >     ld  a,(MEM_IN_STS_PORT)
    5366   00:5C60  CB 47             >     bit 0,a
    5367   00:5C62  20 05                   jr  nz,SSH_AUTH_RESPOND_RC.1
    5368   00:5C64  CD 27 4E                call    TCPIP_GENERIC_CHECK_TIME_OUT
    5369   00:5C67  18 F4                   jr  SSH_AUTH_RESPOND_RC
    5370   00:5C69                      SSH_AUTH_RESPOND_RC.1:
    5371   00:5C69                          ; nz, discard
    5372   00:5C69                          RECEIVE_DATA
    5372   00:5C69  3A 06 7F          >     ld a,(MEM_IN_DATA_PORT)
    5373   00:5C6C  B7                      or  a                           ; 0?
    5374   00:5C6D  C0                      ret nz                          ; if not, done
    5375   00:5C6E                      
    5376   00:5C6E                          ; next two bytes are return code and size bytes, don't care, it is 0
    5377   00:5C6E  06 02                   ld  b,2
    5378   00:5C70                      SSH_AUTH_RESPOND_ST2:
    5379   00:5C70                          CHECK_DATA
    5379   00:5C70  3A 07 7F          >     ld  a,(MEM_IN_STS_PORT)
    5379   00:5C73  CB 47             >     bit 0,a
    5380   00:5C75  20 05                   jr  nz,SSH_AUTH_RESPOND_ST2.1
    5381   00:5C77  CD 27 4E                call    TCPIP_GENERIC_CHECK_TIME_OUT
    5382   00:5C7A  18 F4                   jr  SSH_AUTH_RESPOND_ST2
    5383   00:5C7C                      SSH_AUTH_RESPOND_ST2.1:
    5384   00:5C7C                          ; nz, discard
    5385   00:5C7C                          RECEIVE_DATA
    5385   00:5C7C  3A 06 7F          >     ld a,(MEM_IN_DATA_PORT)
    5386   00:5C7F  05                      dec b
    5387   00:5C80  20 EE                   jr  nz,SSH_AUTH_RESPOND_ST2
    5388   00:5C82                      
    5389   00:5C82                          ; done, no return data other than return code
    5390   00:5C82  AF                      xor a
    5391   00:5C83  C9                      ret
    5392   00:5C84                      
    5393   00:5C84                      ;=======================
    5394   00:5C84                      ;===  TCPIP_TCP_RCV  ===
    5395   00:5C84                      ;=======================
    5396   00:5C84                      ;Receive data from a TCP connection.
    5397   00:5C84                      ;
    5398   00:5C84                      ;Input:   A  = 18
    5399   00:5C84                      ;         B  = Connection number
    5400   00:5C84                      ;         DE = Address for the retrieved data
    5401   00:5C84                      ;         HL = Length of the data to be obtained
    5402   00:5C84                      ;Output:  A  = Error code
    5403   00:5C84                      ;         BC = Total number of bytes that have been actually retrieved
    5404   00:5C84                      ;         HL = Number of urgent data bytes that have been retrieved
    5405   00:5C84                      ;              (placed at the beginning of the received data block)
    5406   00:5C84                      ; Save registers other than AF
    5407   00:5C84                      TCPIP_TCP_RCV_CHECK_TIME_OUT:
    5408   00:5C84  C5                      push bc
    5409   00:5C85  D5                      push de
    5410   00:5C86  E5                      push hl
    5411   00:5C87  CD 27 61                call    GETCOUNTER
    5412   00:5C8A  7D                      ld  a,l
    5413   00:5C8B  B4                      or  h
    5414   00:5C8C                          ; Restore registers, we are returning
    5415   00:5C8C  E1                      pop hl
    5416   00:5C8D  D1                      pop de
    5417   00:5C8E  C1                      pop bc
    5418   00:5C8F  C0                      ret nz
    5419   00:5C90                          ; Ok, timeout...
    5420   00:5C90  F1                      pop af                          ; Get return address of who called this out of the stack, we will return from the function or re-start
    5421   00:5C91                      TCPIP_TCP_RCV_RETRY_QRCV:
    5422   00:5C91  CD 46 61                call    GETBYTE
    5423   00:5C94  B7                      or  a
    5424   00:5C95  28 0C                   jr  z,TCPIP_TCP_RCV_CHECK_TIME_OUT.NORXRETRY
    5425   00:5C97                          ; Ok, so let's ask ESP to re-send the data and retry receiving it
    5426   00:5C97  3D                      dec a
    5427   00:5C98  CD 58 61                call    SETBYTE                 ; we are retrying it
    5428   00:5C9B  3E 72                   ld  a,'r'                       ; retry transmission command
    5429   00:5C9D                          SEND_DATA
    5429   00:5C9D  32 07 7F          >     ld  (MEM_OUT_TX_PORT),a
    5430   00:5CA0  C3 E7 5C                jp  TCPIP_TCP_RCV.RXRETRY       ; and retry it
    5431   00:5CA3                      TCPIP_TCP_RCV_CHECK_TIME_OUT.NORXRETRY:
    5432   00:5CA3  3E 0F                   ld  a,ERR_INV_OPER
    5433   00:5CA5  C9                      ret                             ; and return the function itself
    5434   00:5CA6                      
    5435   00:5CA6                      TCPIP_TCP_RCV_RET_ERR:
    5436   00:5CA6                          ; next two bytes are size bytes, don't care
    5437   00:5CA6  47                      ld  b,a                         ; save error in b
    5438   00:5CA7  0E 02                   ld  c,2
    5439   00:5CA9                      TCPIP_TCP_RCV_RET_ERR2:
    5440   00:5CA9                          CHECK_DATA
    5440   00:5CA9  3A 07 7F          >     ld  a,(MEM_IN_STS_PORT)
    5440   00:5CAC  CB 47             >     bit 0,a
    5441   00:5CAE  20 05                   jr  nz,TCPIP_TCP_RCV_RET_ERR2.1
    5442   00:5CB0  CD 84 5C                call    TCPIP_TCP_RCV_CHECK_TIME_OUT
    5443   00:5CB3  18 F4                   jr  TCPIP_TCP_RCV_RET_ERR2
    5444   00:5CB5                      TCPIP_TCP_RCV_RET_ERR2.1:
    5445   00:5CB5                          ; nz, discard
    5446   00:5CB5                          RECEIVE_DATA
    5446   00:5CB5  3A 06 7F          >     ld a,(MEM_IN_DATA_PORT)
    5447   00:5CB8  0D                      dec c
    5448   00:5CB9  20 EE                   jr  nz,TCPIP_TCP_RCV_RET_ERR2
    5449   00:5CBB                          ; now return w/ error that is saved in b
    5450   00:5CBB  78                      ld  a,b
    5451   00:5CBC                      TCPIP_TCP_RCV_RET_NODATA:
    5452   00:5CBC  21 00 00                ld  hl,0
    5453   00:5CBF  01 00 00                ld  bc,0
    5454   00:5CC2  C9                      ret
    5455   00:5CC3                      
    5456   00:5CC3                      TCPIP_TCP_RCV:
    5457   00:5CC3  EB                      ex  de,hl
    5458   00:5CC4  CD 7F 61                call    SETWORD
    5459   00:5CC7  EB                      ex  de,hl
    5460   00:5CC8  3E 12                   ld  a,18
    5461   00:5CCA                          SEND_DATA                       ; Send the command
    5461   00:5CCA  32 07 7F          >     ld  (MEM_OUT_TX_PORT),a
    5462   00:5CCD  AF                      xor a
    5463   00:5CCE                          SEND_DATA                       ; Send the command size msb
    5463   00:5CCE  32 07 7F          >     ld  (MEM_OUT_TX_PORT),a
    5464   00:5CD1  3E 03                   ld  a,3
    5465   00:5CD3                          SEND_DATA                       ; Send the command size lsb
    5465   00:5CD3  32 07 7F          >     ld  (MEM_OUT_TX_PORT),a
    5466   00:5CD6  78                      ld  a,b
    5467   00:5CD7                          SEND_DATA                       ; Send the connection #
    5467   00:5CD7  32 07 7F          >     ld  (MEM_OUT_TX_PORT),a
    5468   00:5CDA  7D                      ld  a,l
    5469   00:5CDB                          SEND_DATA                       ; Send MAX rcv size LSB
    5469   00:5CDB  32 07 7F          >     ld  (MEM_OUT_TX_PORT),a
    5470   00:5CDE  7C                      ld  a,h
    5471   00:5CDF                          SEND_DATA                       ; Send MAX rcv size MSB
    5471   00:5CDF  32 07 7F          >     ld  (MEM_OUT_TX_PORT),a
    5472   00:5CE2  3E 03                   ld  a,3
    5473   00:5CE4  CD 58 61                call    SETBYTE                 ; Ok, retry up to three times
    5474   00:5CE7                      TCPIP_TCP_RCV.RXRETRY:
    5475   00:5CE7                          ; Now wait up to 600 ticks to get response
    5476   00:5CE7  21 58 02                ld  hl,600
    5477   00:5CEA  CD 36 61                call    SETCOUNTER
    5478   00:5CED                      TCPIP_TCP_RCV_ST1:
    5479   00:5CED                          CHECK_DATA
    5479   00:5CED  3A 07 7F          >     ld  a,(MEM_IN_STS_PORT)
    5479   00:5CF0  CB 47             >     bit 0,a
    5480   00:5CF2  20 05                   jr  nz,TCPIP_TCP_RCV_ST1.1
    5481   00:5CF4  CD 84 5C                call    TCPIP_TCP_RCV_CHECK_TIME_OUT
    5482   00:5CF7  18 F4                   jr  TCPIP_TCP_RCV_ST1
    5483   00:5CF9                      TCPIP_TCP_RCV_ST1.1:
    5484   00:5CF9                          ; nz, check the data
    5485   00:5CF9                          RECEIVE_DATA
    5485   00:5CF9  3A 06 7F          >     ld a,(MEM_IN_DATA_PORT)
    5486   00:5CFC  FE 12                   cp 18                           ; Is response of our command?
    5487   00:5CFE  20 ED                   jr  nz,TCPIP_TCP_RCV_ST1
    5488   00:5D00                          ; At this point, all data is being buffered, so 15 ticks, quarter second, is more than enough time-out
    5489   00:5D00  F3                      di
    5490   00:5D01  21 1E 00                ld  hl,30
    5491   00:5D04  CD 36 61                call    SETCOUNTER
    5492   00:5D07  FB                      ei
    5493   00:5D08                          ; now get return code, if return code other than 0, it is finished
    5494   00:5D08                      TCPIP_TCP_RCV_RC:
    5495   00:5D08                          CHECK_DATA
    5495   00:5D08  3A 07 7F          >     ld  a,(MEM_IN_STS_PORT)
    5495   00:5D0B  CB 47             >     bit 0,a
    5496   00:5D0D  20 05                   jr  nz,TCPIP_TCP_RCV_RC.1
    5497   00:5D0F  CD 84 5C                call    TCPIP_TCP_RCV_CHECK_TIME_OUT
    5498   00:5D12  18 F4                   jr  TCPIP_TCP_RCV_RC
    5499   00:5D14                      TCPIP_TCP_RCV_RC.1:
    5500   00:5D14                          ; nz, discard
    5501   00:5D14                          RECEIVE_DATA
    5501   00:5D14  3A 06 7F          >     ld a,(MEM_IN_DATA_PORT)
    5502   00:5D17  B7                      or  a                           ; 0?
    5503   00:5D18  20 8C                   jr  nz,TCPIP_TCP_RCV_RET_ERR    ; if not, done
    5504   00:5D1A                          ; next two bytes are response size bytes (UB count two bytes, always 0, and data read), save it -2 to BC
    5505   00:5D1A                      TCPIP_TCP_RCV_ST2A:
    5506   00:5D1A                          CHECK_DATA
    5506   00:5D1A  3A 07 7F          >     ld  a,(MEM_IN_STS_PORT)
    5506   00:5D1D  CB 47             >     bit 0,a
    5507   00:5D1F  20 05                   jr  nz,TCPIP_TCP_RCV_ST2A.1
    5508   00:5D21  CD 84 5C                call    TCPIP_TCP_RCV_CHECK_TIME_OUT
    5509   00:5D24  18 F4                   jr  TCPIP_TCP_RCV_ST2A
    5510   00:5D26                      TCPIP_TCP_RCV_ST2A.1:
    5511   00:5D26                          ; nz, high byte count of bytes to receive
    5512   00:5D26                          RECEIVE_DATA
    5512   00:5D26  3A 06 7F          >     ld a,(MEM_IN_DATA_PORT)
    5513   00:5D29  67                      ld h,a
    5514   00:5D2A                      TCPIP_TCP_RCV_ST2B:
    5515   00:5D2A                          CHECK_DATA
    5515   00:5D2A  3A 07 7F          >     ld  a,(MEM_IN_STS_PORT)
    5515   00:5D2D  CB 47             >     bit 0,a
    5516   00:5D2F  20 05                   jr  nz,TCPIP_TCP_RCV_ST2B.1
    5517   00:5D31  CD 84 5C                call    TCPIP_TCP_RCV_CHECK_TIME_OUT
    5518   00:5D34  18 F4                   jr  TCPIP_TCP_RCV_ST2B
    5519   00:5D36                      TCPIP_TCP_RCV_ST2B.1:
    5520   00:5D36                          ; nz, low byte count of bytes to receive
    5521   00:5D36                          RECEIVE_DATA
    5521   00:5D36  3A 06 7F          >     ld a,(MEM_IN_DATA_PORT)
    5522   00:5D39  6F                      ld  l,a
    5523   00:5D3A  01 02 00                ld  bc,2
    5524   00:5D3D                          ; subtract 2 (Urgent data count, not used)
    5525   00:5D3D  AF                      xor a                           ; zero carry
    5526   00:5D3E  ED 42                   sbc hl,bc
    5527   00:5D40                          ; if it was 0, will carry
    5528   00:5D40                          if USE_MEM_IO = 1
    5529   00:5D40  DA BC 5C                jp  c,TCPIP_TCP_RCV_RET_NODATA
    5530   00:5D43                          else
    5531   00:5D43                    ~     jr  c,TCPIP_TCP_RCV_RET_NODATA
    5532   00:5D43                    ~     endif
    5533   00:5D43  4D                      ld  c,l
    5534   00:5D44  44                      ld  b,h                         ; BC has effective received data size, as well as HL
    5535   00:5D45                      
    5536   00:5D45                          ; now just discard 2 bytes urgent data
    5537   00:5D45                      TCPIP_TCP_RCV_UDC_ST1:
    5538   00:5D45                          CHECK_DATA
    5538   00:5D45  3A 07 7F          >     ld  a,(MEM_IN_STS_PORT)
    5538   00:5D48  CB 47             >     bit 0,a
    5539   00:5D4A  20 05                   jr  nz,TCPIP_TCP_RCV_UDC_ST1.1
    5540   00:5D4C  CD 84 5C                call    TCPIP_TCP_RCV_CHECK_TIME_OUT
    5541   00:5D4F  18 F4                   jr  TCPIP_TCP_RCV_UDC_ST1
    5542   00:5D51                      TCPIP_TCP_RCV_UDC_ST1.1:
    5543   00:5D51                          ; nz, get it
    5544   00:5D51                          RECEIVE_DATA
    5544   00:5D51  3A 06 7F          >     ld a,(MEM_IN_DATA_PORT)
    5545   00:5D54                      TCPIP_TCP_RCV_UDC_ST2:
    5546   00:5D54                          CHECK_DATA
    5546   00:5D54  3A 07 7F          >     ld  a,(MEM_IN_STS_PORT)
    5546   00:5D57  CB 47             >     bit 0,a
    5547   00:5D59  20 05                   jr  nz,TCPIP_TCP_RCV_UDC_ST2.1
    5548   00:5D5B  CD 84 5C                call    TCPIP_TCP_RCV_CHECK_TIME_OUT
    5549   00:5D5E  18 F4                   jr  TCPIP_TCP_RCV_UDC_ST2
    5550   00:5D60                      TCPIP_TCP_RCV_UDC_ST2.1:
    5551   00:5D60                          ; nz, get it
    5552   00:5D60                          RECEIVE_DATA
    5552   00:5D60  3A 06 7F          >     ld a,(MEM_IN_DATA_PORT)
    5553   00:5D63                      
    5554   00:5D63                          ; put effective data size in de
    5555   00:5D63  EB                      ex  de,hl
    5556   00:5D64                          ; will start moving at address in stack (we've pushed the adress in WORD)
    5557   00:5D64  CD 6C 61                call    GETWORD
    5558   00:5D67  CD DF 61                call    BCBACKUP                ; save count (BC)
    5559   00:5D6A                      
    5560   00:5D6A                          ; Grauw Optimized 16 bit loop, handy for us, mostly since we can use ini :-D
    5561   00:5D6A  43                      ld  b,e                         ; Number of loops originaly in DE
    5562   00:5D6B  1B                      dec de
    5563   00:5D6C  14                      inc d
    5564   00:5D6D                          if USE_MEM_IO = 0
    5565   00:5D6D                    ~     ld  c,IN_DATA_PORT
    5566   00:5D6D                    ~     CHECK_QUICK_RECEIVE
    5567   00:5D6D                    ~     jr  z,TCPIP_TCP_RCV_R_NSF       ; If not, go to the old, slower route
    5568   00:5D6D                    ~     ; Otherwise, let's speed it up baby!
    5569   00:5D6D                    ~ TCPIP_TCP_RCV_R:
    5570   00:5D6D                    ~     inir
    5571   00:5D6D                    ~     else
    5572   00:5D6D                          CHECK_QUICK_RECEIVE
    5572   00:5D6D  3A 07 7F          >     ld  a,(MEM_IN_STS_PORT)
    5572   00:5D70  CB 5F             >     bit 3,a
    5573   00:5D72  28 1A                   jr  z,TCPIP_TCP_RCV_R_NSF       ; If not, go to the old, slower route
    5574   00:5D74                          ; Otherwise, let's speed it up baby!
    5575   00:5D74                      TCPIP_TCP_RCV_R:
    5576   00:5D74  3A 06 7F                ld  a,(MEM_IN_DATA_PORT)
    5577   00:5D77  77                      ld  (hl),a
    5578   00:5D78  23                      inc hl
    5579   00:5D79  10 F9                   djnz TCPIP_TCP_RCV_R
    5580   00:5D7B                          endif
    5581   00:5D7B  15                      dec d
    5582   00:5D7C  20 F6                   jr nz,TCPIP_TCP_RCV_R
    5583   00:5D7E                          CHECK_BUFFER_UNDERRUN
    5583   00:5D7E  3A 07 7F          >     ld  a,(MEM_IN_STS_PORT)
    5583   00:5D81  CB 67             >     bit 4,a
    5584   00:5D83  C2 91 5C                jp  nz,TCPIP_TCP_RCV_RETRY_QRCV ; If yes, retry
    5585   00:5D86                          ; Otherwise, done
    5586   00:5D86  CD CD 61                call    BCRESTORE               ; done, restore return data in BC
    5587   00:5D89                          ; no urgent data support
    5588   00:5D89  21 00 00                ld  hl,0
    5589   00:5D8C  AF                      xor a
    5590   00:5D8D  C9                      ret
    5591   00:5D8E                      TCPIP_TCP_RCV_R_NSF:
    5592   00:5D8E                          CHECK_DATA
    5592   00:5D8E  3A 07 7F          >     ld  a,(MEM_IN_STS_PORT)
    5592   00:5D91  CB 47             >     bit 0,a
    5593   00:5D93  20 05                   jr  nz,TCPIP_TCP_RCV_R_NSF.1
    5594   00:5D95  CD 84 5C                call    TCPIP_TCP_RCV_CHECK_TIME_OUT
    5595   00:5D98  18 F4                   jr  TCPIP_TCP_RCV_R_NSF
    5596   00:5D9A                      TCPIP_TCP_RCV_R_NSF.1:
    5597   00:5D9A                          if USE_MEM_IO = 0
    5598   00:5D9A                    ~     ini
    5599   00:5D9A                    ~     else
    5600   00:5D9A  3A 06 7F                ld  a,(MEM_IN_DATA_PORT)
    5601   00:5D9D  77                      ld  (hl),a
    5602   00:5D9E  23                      inc hl
    5603   00:5D9F  05                      dec b
    5604   00:5DA0                          endif
    5605   00:5DA0  20 EC                   jr  nz,TCPIP_TCP_RCV_R_NSF
    5606   00:5DA2  15                      dec d
    5607   00:5DA3  20 E9                   jr nz,TCPIP_TCP_RCV_R_NSF
    5608   00:5DA5  CD CD 61                call    BCRESTORE               ; done, restore return data in BC
    5609   00:5DA8                          ; no urgent data support
    5610   00:5DA8  21 00 00                ld  hl,0
    5611   00:5DAB  AF                      xor a
    5612   00:5DAC  C9                      ret
    5613   00:5DAD                      
    5614   00:5DAD                      ;=======================
    5615   00:5DAD                      ;===     SSH_RCV     ===
    5616   00:5DAD                      ;=======================
    5617   00:5DAD                      ;Receive data from a SSH connection.
    5618   00:5DAD                      ;
    5619   00:5DAD                      ;Input:   A  = 6
    5620   00:5DAD                      ;         B  = Connection number
    5621   00:5DAD                      ;         DE = Address for the retrieved data
    5622   00:5DAD                      ;         HL = Length of the data to be obtained
    5623   00:5DAD                      ;Output:  A  = Error code
    5624   00:5DAD                      ;         BC = Total number of bytes that have been actually retrieved
    5625   00:5DAD                      ; Save registers other than AF
    5626   00:5DAD                      SSH_RCV_RETRY_QRCV:
    5627   00:5DAD  CD 46 61                call    GETBYTE
    5628   00:5DB0  B7                      or  a
    5629   00:5DB1  28 0C                   jr  z,SSH_RCV_CHECK_TIME_OUT.NORXRETRY
    5630   00:5DB3                          ; Ok, so let's ask ESP to re-send the data and retry receiving it
    5631   00:5DB3  3D                      dec a
    5632   00:5DB4  CD 58 61                call    SETBYTE                 ; we are retrying it
    5633   00:5DB7  3E 72                   ld  a,'r'                       ; retry transmission command
    5634   00:5DB9                          SEND_DATA
    5634   00:5DB9  32 07 7F          >     ld  (MEM_OUT_TX_PORT),a
    5635   00:5DBC  C3 E6 5D                jp  SSH_RCV.RXRETRY             ; and retry it
    5636   00:5DBF                      SSH_RCV_CHECK_TIME_OUT.NORXRETRY:
    5637   00:5DBF  3E 0F                   ld  a,ERR_INV_OPER
    5638   00:5DC1  C9                      ret                             ; and return the function itself
    5639   00:5DC2                      
    5640   00:5DC2                      SSH_RCV:
    5641   00:5DC2  EB                      ex  de,hl
    5642   00:5DC3  CD 7F 61                call    SETWORD
    5643   00:5DC6  EB                      ex  de,hl
    5644   00:5DC7  3E 86                   ld  a,#86
    5645   00:5DC9                          SEND_DATA                       ; Send the command
    5645   00:5DC9  32 07 7F          >     ld  (MEM_OUT_TX_PORT),a
    5646   00:5DCC  AF                      xor a
    5647   00:5DCD                          SEND_DATA                       ; Send the command size msb
    5647   00:5DCD  32 07 7F          >     ld  (MEM_OUT_TX_PORT),a
    5648   00:5DD0  3E 03                   ld  a,3
    5649   00:5DD2                          SEND_DATA                       ; Send the command size lsb
    5649   00:5DD2  32 07 7F          >     ld  (MEM_OUT_TX_PORT),a
    5650   00:5DD5  78                      ld  a,b
    5651   00:5DD6                          SEND_DATA                       ; Send the connection #
    5651   00:5DD6  32 07 7F          >     ld  (MEM_OUT_TX_PORT),a
    5652   00:5DD9  7D                      ld  a,l
    5653   00:5DDA                          SEND_DATA                       ; Send MAX rcv size LSB
    5653   00:5DDA  32 07 7F          >     ld  (MEM_OUT_TX_PORT),a
    5654   00:5DDD  7C                      ld  a,h
    5655   00:5DDE                          SEND_DATA                       ; Send MAX rcv size MSB
    5655   00:5DDE  32 07 7F          >     ld  (MEM_OUT_TX_PORT),a
    5656   00:5DE1  3E 03                   ld  a,3
    5657   00:5DE3  CD 58 61                call    SETBYTE                 ; Ok, retry up to three times
    5658   00:5DE6                      SSH_RCV.RXRETRY:
    5659   00:5DE6                          ; Now wait up to 600 ticks to get response
    5660   00:5DE6  21 58 02                ld  hl,600
    5661   00:5DE9  CD 36 61                call    SETCOUNTER
    5662   00:5DEC                      SSH_RCV_ST1:
    5663   00:5DEC                          CHECK_DATA
    5663   00:5DEC  3A 07 7F          >     ld  a,(MEM_IN_STS_PORT)
    5663   00:5DEF  CB 47             >     bit 0,a
    5664   00:5DF1  20 05                   jr  nz,SSH_RCV_ST1.1
    5665   00:5DF3  CD 84 5C                call    TCPIP_TCP_RCV_CHECK_TIME_OUT
    5666   00:5DF6  18 F4                   jr  SSH_RCV_ST1
    5667   00:5DF8                      SSH_RCV_ST1.1:
    5668   00:5DF8                          ; nz, check the data
    5669   00:5DF8                          RECEIVE_DATA
    5669   00:5DF8  3A 06 7F          >     ld a,(MEM_IN_DATA_PORT)
    5670   00:5DFB  FE 86                   cp #86                          ; Is response of our command?
    5671   00:5DFD  20 ED                   jr  nz,SSH_RCV_ST1
    5672   00:5DFF                          ; At this point, all data is being buffered, so 15 ticks, quarter second, is more than enough time-out
    5673   00:5DFF  F3                      di
    5674   00:5E00  21 1E 00                ld  hl,30
    5675   00:5E03  CD 36 61                call    SETCOUNTER
    5676   00:5E06  FB                      ei
    5677   00:5E07                          ; now get return code, if return code other than 0, it is finished
    5678   00:5E07                      SSH_RCV_RC:
    5679   00:5E07                          CHECK_DATA
    5679   00:5E07  3A 07 7F          >     ld  a,(MEM_IN_STS_PORT)
    5679   00:5E0A  CB 47             >     bit 0,a
    5680   00:5E0C  20 05                   jr  nz,SSH_RCV_RC.1
    5681   00:5E0E  CD 84 5C                call    TCPIP_TCP_RCV_CHECK_TIME_OUT
    5682   00:5E11  18 F4                   jr  SSH_RCV_RC
    5683   00:5E13                      SSH_RCV_RC.1:
    5684   00:5E13                          ; nz, discard
    5685   00:5E13                          RECEIVE_DATA
    5685   00:5E13  3A 06 7F          >     ld a,(MEM_IN_DATA_PORT)
    5686   00:5E16  B7                      or  a                           ; 0?
    5687   00:5E17  28 04                   jr  z,SSH_RCV_ST2A              ; if not, done
    5688   00:5E19  01 00 00                ld  bc,0                        ; no data received
    5689   00:5E1C  C9                      ret
    5690   00:5E1D                          ; next two bytes are response size bytes save it to BC
    5691   00:5E1D                      SSH_RCV_ST2A:
    5692   00:5E1D                          CHECK_DATA
    5692   00:5E1D  3A 07 7F          >     ld  a,(MEM_IN_STS_PORT)
    5692   00:5E20  CB 47             >     bit 0,a
    5693   00:5E22  20 05                   jr  nz,SSH_RCV_ST2A.1
    5694   00:5E24  CD 84 5C                call    TCPIP_TCP_RCV_CHECK_TIME_OUT
    5695   00:5E27  18 F4                   jr  SSH_RCV_ST2A
    5696   00:5E29                      SSH_RCV_ST2A.1:
    5697   00:5E29                          ; nz, high byte count of bytes to receive
    5698   00:5E29                          RECEIVE_DATA
    5698   00:5E29  3A 06 7F          >     ld a,(MEM_IN_DATA_PORT)
    5699   00:5E2C  67                      ld h,a
    5700   00:5E2D                      SSH_RCV_ST2B:
    5701   00:5E2D                          CHECK_DATA
    5701   00:5E2D  3A 07 7F          >     ld  a,(MEM_IN_STS_PORT)
    5701   00:5E30  CB 47             >     bit 0,a
    5702   00:5E32  20 05                   jr  nz,SSH_RCV_ST2B.1
    5703   00:5E34  CD 84 5C                call    TCPIP_TCP_RCV_CHECK_TIME_OUT
    5704   00:5E37  18 F4                   jr  SSH_RCV_ST2B
    5705   00:5E39                      SSH_RCV_ST2B.1:
    5706   00:5E39                          ; nz, low byte count of bytes to receive
    5707   00:5E39                          RECEIVE_DATA
    5707   00:5E39  3A 06 7F          >     ld a,(MEM_IN_DATA_PORT)
    5708   00:5E3C  6F                      ld  l,a
    5709   00:5E3D  B4                      or  h
    5710   00:5E3E                          ; if it was 0, no data
    5711   00:5E3E                          if USE_MEM_IO = 1
    5712   00:5E3E  CA BC 5C                jp  z,TCPIP_TCP_RCV_RET_NODATA  ; not a typo, no need to make the same code again
    5713   00:5E41                          else
    5714   00:5E41                    ~     jp  z,TCPIP_TCP_RCV_RET_NODATA  ; not a typo, no need to make the same code again
    5715   00:5E41                    ~     endif
    5716   00:5E41  4D                      ld  c,l
    5717   00:5E42  44                      ld  b,h                         ; BC has effective received data size, as well as HL
    5718   00:5E43                      
    5719   00:5E43                          ; put effective data size in de
    5720   00:5E43  EB                      ex  de,hl
    5721   00:5E44                          ; will start moving at address in stack (we've pushed the adress in WORD)
    5722   00:5E44  CD 6C 61                call    GETWORD
    5723   00:5E47  CD DF 61                call    BCBACKUP                ; save count (BC)
    5724   00:5E4A                      
    5725   00:5E4A                          ; Grauw Optimized 16 bit loop, handy for us, mostly since we can use ini :-D
    5726   00:5E4A  43                      ld  b,e                         ; Number of loops originaly in DE
    5727   00:5E4B  1B                      dec de
    5728   00:5E4C  14                      inc d
    5729   00:5E4D                          if USE_MEM_IO = 0
    5730   00:5E4D                    ~     ld  c,IN_DATA_PORT
    5731   00:5E4D                    ~     CHECK_QUICK_RECEIVE
    5732   00:5E4D                    ~     jr  z,SSH_RCV_R_NSF             ; If not, go to the old, slower route
    5733   00:5E4D                    ~     ; Otherwise, let's speed it up baby!
    5734   00:5E4D                    ~ SSH_RCV_R:
    5735   00:5E4D                    ~     inir
    5736   00:5E4D                    ~     else
    5737   00:5E4D                          CHECK_QUICK_RECEIVE
    5737   00:5E4D  3A 07 7F          >     ld  a,(MEM_IN_STS_PORT)
    5737   00:5E50  CB 5F             >     bit 3,a
    5738   00:5E52  28 1A                   jr  z,SSH_RCV_R_NSF       ; If not, go to the old, slower route
    5739   00:5E54                          ; Otherwise, let's speed it up baby!
    5740   00:5E54                      SSH_RCV_R:
    5741   00:5E54  3A 06 7F                ld  a,(MEM_IN_DATA_PORT)
    5742   00:5E57  77                      ld  (hl),a
    5743   00:5E58  23                      inc hl
    5744   00:5E59  10 F9                   djnz SSH_RCV_R
    5745   00:5E5B                          endif
    5746   00:5E5B  15                      dec d
    5747   00:5E5C  20 F6                   jr nz,SSH_RCV_R
    5748   00:5E5E                          CHECK_BUFFER_UNDERRUN
    5748   00:5E5E  3A 07 7F          >     ld  a,(MEM_IN_STS_PORT)
    5748   00:5E61  CB 67             >     bit 4,a
    5749   00:5E63  C2 AD 5D                jp  nz,SSH_RCV_RETRY_QRCV ; If yes, retry
    5750   00:5E66                          ; Otherwise, done
    5751   00:5E66  CD CD 61                call    BCRESTORE               ; done, restore return data in BC
    5752   00:5E69                          ; no urgent data support
    5753   00:5E69  21 00 00                ld  hl,0
    5754   00:5E6C  AF                      xor a
    5755   00:5E6D  C9                      ret
    5756   00:5E6E                      SSH_RCV_R_NSF:
    5757   00:5E6E                          CHECK_DATA
    5757   00:5E6E  3A 07 7F          >     ld  a,(MEM_IN_STS_PORT)
    5757   00:5E71  CB 47             >     bit 0,a
    5758   00:5E73  20 05                   jr  nz,SSH_RCV_R_NSF.1
    5759   00:5E75  CD 84 5C                call    TCPIP_TCP_RCV_CHECK_TIME_OUT
    5760   00:5E78  18 F4                   jr  SSH_RCV_R_NSF
    5761   00:5E7A                      SSH_RCV_R_NSF.1:
    5762   00:5E7A                          if USE_MEM_IO = 0
    5763   00:5E7A                    ~     ini
    5764   00:5E7A                    ~     else
    5765   00:5E7A  3A 06 7F                ld  a,(MEM_IN_DATA_PORT)
    5766   00:5E7D  77                      ld  (hl),a
    5767   00:5E7E  23                      inc hl
    5768   00:5E7F  05                      dec b
    5769   00:5E80                          endif
    5770   00:5E80  20 EC                   jr  nz,SSH_RCV_R_NSF
    5771   00:5E82  15                      dec d
    5772   00:5E83  20 E9                   jr nz,SSH_RCV_R_NSF
    5773   00:5E85  CD CD 61                call    BCRESTORE               ; done, restore return data in BC
    5774   00:5E88                          ; no urgent data support
    5775   00:5E88  21 00 00                ld  hl,0
    5776   00:5E8B  AF                      xor a
    5777   00:5E8C  C9                      ret
    5778   00:5E8D                      
    5779   00:5E8D                      ;==============================
    5780   00:5E8D                      ;=== SSH_AUTH_GET_CHALLENGE ===
    5781   00:5E8D                      ;==============================
    5782   00:5E8D                      ;Receive keyboard interactive challenge data from a SSH connection.
    5783   00:5E8D                      ;
    5784   00:5E8D                      ;Input:   A  = 9
    5785   00:5E8D                      ;         B  = Connection number
    5786   00:5E8D                      ;         DE = Address for the retrieved data
    5787   00:5E8D                      ;         HL = Max Length of the data to be obtained
    5788   00:5E8D                      ;Output:  A  = Error code
    5789   00:5E8D                      ;         BC = Total number of bytes that have been actually retrieved
    5790   00:5E8D                      ;         H  = Number of prompts
    5791   00:5E8D                      ;         L  = Echo flag bitmap
    5792   00:5E8D                      ; Save registers other than AF
    5793   00:5E8D                      SSH_AUTH_GET_CHALLENGE_RETRY_QRCV:
    5794   00:5E8D  CD 46 61                call    GETBYTE
    5795   00:5E90  B7                      or  a
    5796   00:5E91  28 0C                   jr  z,SSH_AUTH_GET_CHALLENGE_CHECK_TIME_OUT.NORXRETRY
    5797   00:5E93                          ; Ok, so let's ask ESP to re-send the data and retry receiving it
    5798   00:5E93  3D                      dec a
    5799   00:5E94  CD 58 61                call    SETBYTE                 ; we are retrying it
    5800   00:5E97  3E 72                   ld  a,'r'                       ; retry transmission command
    5801   00:5E99                          SEND_DATA
    5801   00:5E99  32 07 7F          >     ld  (MEM_OUT_TX_PORT),a
    5802   00:5E9C  C3 C6 5E                jp  SSH_AUTH_GET_CHALLENGE.RXRETRY             ; and retry it
    5803   00:5E9F                      SSH_AUTH_GET_CHALLENGE_CHECK_TIME_OUT.NORXRETRY:
    5804   00:5E9F  3E 0F                   ld  a,ERR_INV_OPER
    5805   00:5EA1  C9                      ret                             ; and return the function itself
    5806   00:5EA2                      
    5807   00:5EA2                      SSH_AUTH_GET_CHALLENGE:
    5808   00:5EA2  EB                      ex  de,hl
    5809   00:5EA3  CD 7F 61                call    SETWORD
    5810   00:5EA6  EB                      ex  de,hl
    5811   00:5EA7  3E 89                   ld  a,#89
    5812   00:5EA9                          SEND_DATA                       ; Send the command
    5812   00:5EA9  32 07 7F          >     ld  (MEM_OUT_TX_PORT),a
    5813   00:5EAC  AF                      xor a
    5814   00:5EAD                          SEND_DATA                       ; Send the command size msb
    5814   00:5EAD  32 07 7F          >     ld  (MEM_OUT_TX_PORT),a
    5815   00:5EB0  3E 03                   ld  a,3
    5816   00:5EB2                          SEND_DATA                       ; Send the command size lsb
    5816   00:5EB2  32 07 7F          >     ld  (MEM_OUT_TX_PORT),a
    5817   00:5EB5  78                      ld  a,b
    5818   00:5EB6                          SEND_DATA                       ; Send the connection #
    5818   00:5EB6  32 07 7F          >     ld  (MEM_OUT_TX_PORT),a
    5819   00:5EB9  7D                      ld  a,l
    5820   00:5EBA                          SEND_DATA                       ; Send MAX rcv size LSB
    5820   00:5EBA  32 07 7F          >     ld  (MEM_OUT_TX_PORT),a
    5821   00:5EBD  7C                      ld  a,h
    5822   00:5EBE                          SEND_DATA                       ; Send MAX rcv size MSB
    5822   00:5EBE  32 07 7F          >     ld  (MEM_OUT_TX_PORT),a
    5823   00:5EC1  3E 03                   ld  a,3
    5824   00:5EC3  CD 58 61                call    SETBYTE                 ; Ok, retry up to three times
    5825   00:5EC6                      SSH_AUTH_GET_CHALLENGE.RXRETRY:
    5826   00:5EC6                          ; Now wait up to 600 ticks to get response
    5827   00:5EC6  21 58 02                ld  hl,600
    5828   00:5EC9  CD 36 61                call    SETCOUNTER
    5829   00:5ECC                      SSH_AUTH_GET_CHALLENGE_ST1:
    5830   00:5ECC                          CHECK_DATA
    5830   00:5ECC  3A 07 7F          >     ld  a,(MEM_IN_STS_PORT)
    5830   00:5ECF  CB 47             >     bit 0,a
    5831   00:5ED1  20 05                   jr  nz,SSH_AUTH_GET_CHALLENGE_ST1.1
    5832   00:5ED3  CD 84 5C                call    TCPIP_TCP_RCV_CHECK_TIME_OUT
    5833   00:5ED6  18 F4                   jr  SSH_AUTH_GET_CHALLENGE_ST1
    5834   00:5ED8                      SSH_AUTH_GET_CHALLENGE_ST1.1:
    5835   00:5ED8                          ; nz, check the data
    5836   00:5ED8                          RECEIVE_DATA
    5836   00:5ED8  3A 06 7F          >     ld a,(MEM_IN_DATA_PORT)
    5837   00:5EDB  FE 89                   cp #89                          ; Is response of our command?
    5838   00:5EDD  20 ED                   jr  nz,SSH_AUTH_GET_CHALLENGE_ST1
    5839   00:5EDF                          ; At this point, all data is being buffered, so 15 ticks, quarter second, is more than enough time-out
    5840   00:5EDF  F3                      di
    5841   00:5EE0  21 1E 00                ld  hl,30
    5842   00:5EE3  CD 36 61                call    SETCOUNTER
    5843   00:5EE6  FB                      ei
    5844   00:5EE7                          ; now get return code, if return code other than 0, it is finished
    5845   00:5EE7                      SSH_AUTH_GET_CHALLENGE_RC:
    5846   00:5EE7                          CHECK_DATA
    5846   00:5EE7  3A 07 7F          >     ld  a,(MEM_IN_STS_PORT)
    5846   00:5EEA  CB 47             >     bit 0,a
    5847   00:5EEC  20 05                   jr  nz,SSH_AUTH_GET_CHALLENGE_RC.1
    5848   00:5EEE  CD 84 5C                call    TCPIP_TCP_RCV_CHECK_TIME_OUT
    5849   00:5EF1  18 F4                   jr  SSH_AUTH_GET_CHALLENGE_RC
    5850   00:5EF3                      SSH_AUTH_GET_CHALLENGE_RC.1:
    5851   00:5EF3                          ; nz, discard
    5852   00:5EF3                          RECEIVE_DATA
    5852   00:5EF3  3A 06 7F          >     ld a,(MEM_IN_DATA_PORT)
    5853   00:5EF6  CD 58 61                call    SETBYTE                 ; Save return just in case
    5854   00:5EF9  B7                      or  a                           ; 0?
    5855   00:5EFA  28 0D                   jr  z,SSH_AUTH_GET_CHALLENGE_ST2A              ; if not, done
    5856   00:5EFC  D6 0D                   sub 13                          ; 13? ERR BUFF will return the desired buffer size
    5857   00:5EFE  28 09                   jr  z,SSH_AUTH_GET_CHALLENGE_ST2A;
    5858   00:5F00  C6 0D                   add 13                          ; restore error code
    5859   00:5F02  01 00 00                ld  bc,0                        ; no data received
    5860   00:5F05  21 00 00                ld  hl,0
    5861   00:5F08  C9                      ret
    5862   00:5F09                          ; next two bytes are response size bytes save it to BC
    5863   00:5F09                      SSH_AUTH_GET_CHALLENGE_ST2A:
    5864   00:5F09                          CHECK_DATA
    5864   00:5F09  3A 07 7F          >     ld  a,(MEM_IN_STS_PORT)
    5864   00:5F0C  CB 47             >     bit 0,a
    5865   00:5F0E  20 05                   jr  nz,SSH_AUTH_GET_CHALLENGE_ST2A.1
    5866   00:5F10  CD 84 5C                call    TCPIP_TCP_RCV_CHECK_TIME_OUT
    5867   00:5F13  18 F4                   jr  SSH_AUTH_GET_CHALLENGE_ST2A
    5868   00:5F15                      SSH_AUTH_GET_CHALLENGE_ST2A.1:
    5869   00:5F15                          ; nz, high byte count of bytes to receive
    5870   00:5F15                          RECEIVE_DATA
    5870   00:5F15  3A 06 7F          >     ld a,(MEM_IN_DATA_PORT)
    5871   00:5F18  67                      ld h,a
    5872   00:5F19                      SSH_AUTH_GET_CHALLENGE_ST2B:
    5873   00:5F19                          CHECK_DATA
    5873   00:5F19  3A 07 7F          >     ld  a,(MEM_IN_STS_PORT)
    5873   00:5F1C  CB 47             >     bit 0,a
    5874   00:5F1E  20 05                   jr  nz,SSH_AUTH_GET_CHALLENGE_ST2B.1
    5875   00:5F20  CD 84 5C                call    TCPIP_TCP_RCV_CHECK_TIME_OUT
    5876   00:5F23  18 F4                   jr  SSH_AUTH_GET_CHALLENGE_ST2B
    5877   00:5F25                      SSH_AUTH_GET_CHALLENGE_ST2B.1:
    5878   00:5F25                          ; nz, low byte count of bytes to receive
    5879   00:5F25                          RECEIVE_DATA
    5879   00:5F25  3A 06 7F          >     ld a,(MEM_IN_DATA_PORT)
    5880   00:5F28  6F                      ld  l,a
    5881   00:5F29  CD 46 61                call    GETBYTE                 ; if return was err buff...
    5882   00:5F2C  D6 0D                   sub 13
    5883   00:5F2E  20 23                   jr  nz,SSH_AUTH_GET_CHALLENGE_ST2BB.1
    5884   00:5F30                          ; If here we need to have A as 13, B and C with needed buffer size
    5885   00:5F30                      SSH_AUTH_GET_CHALLENGE_BUFERRA:
    5886   00:5F30                          CHECK_DATA
    5886   00:5F30  3A 07 7F          >     ld  a,(MEM_IN_STS_PORT)
    5886   00:5F33  CB 47             >     bit 0,a
    5887   00:5F35  20 05                   jr  nz,SSH_AUTH_GET_CHALLENGE_BUFERRA.1
    5888   00:5F37  CD 84 5C                call    TCPIP_TCP_RCV_CHECK_TIME_OUT
    5889   00:5F3A  18 F4                   jr  SSH_AUTH_GET_CHALLENGE_BUFERRA
    5890   00:5F3C                      SSH_AUTH_GET_CHALLENGE_BUFERRA.1:
    5891   00:5F3C                          ; nz, low byte count of bytes to receive
    5892   00:5F3C                          RECEIVE_DATA
    5892   00:5F3C  3A 06 7F          >     ld a,(MEM_IN_DATA_PORT)
    5893   00:5F3F  4F                      ld c,a
    5894   00:5F40                      SSH_AUTH_GET_CHALLENGE_BUFERRB:
    5895   00:5F40                          CHECK_DATA
    5895   00:5F40  3A 07 7F          >     ld  a,(MEM_IN_STS_PORT)
    5895   00:5F43  CB 47             >     bit 0,a
    5896   00:5F45  20 05                   jr  nz,SSH_AUTH_GET_CHALLENGE_BUFERRB.1
    5897   00:5F47  CD 84 5C                call    TCPIP_TCP_RCV_CHECK_TIME_OUT
    5898   00:5F4A  18 F4                   jr  SSH_AUTH_GET_CHALLENGE_BUFERRB
    5899   00:5F4C                      SSH_AUTH_GET_CHALLENGE_BUFERRB.1:
    5900   00:5F4C                          ; nz, high byte count of bytes to receive
    5901   00:5F4C                          RECEIVE_DATA
    5901   00:5F4C  3A 06 7F          >     ld a,(MEM_IN_DATA_PORT)
    5902   00:5F4F  47                      ld  b,a
    5903   00:5F50  3E 0D                   ld  a,13                        ; ERR BUFF
    5904   00:5F52  C9                      ret
    5905   00:5F53                          ; If here, should be ok and will get the data
    5906   00:5F53                      SSH_AUTH_GET_CHALLENGE_ST2BB.1:
    5907   00:5F53  7D                      ld  a,l
    5908   00:5F54  B4                      or  h
    5909   00:5F55                          ; if it was 0, no data
    5910   00:5F55  CA BC 5C                jp  z,TCPIP_TCP_RCV_RET_NODATA  ; not a typo, no need to make the same code again
    5911   00:5F58                          ; Ok, we need to get the flags that will go to HL, we get it in BC and then push to the stack
    5912   00:5F58                      SSH_AUTH_GET_CHALLENGE_FLAGSA:
    5913   00:5F58                          CHECK_DATA
    5913   00:5F58  3A 07 7F          >     ld  a,(MEM_IN_STS_PORT)
    5913   00:5F5B  CB 47             >     bit 0,a
    5914   00:5F5D  20 05                   jr  nz,SSH_AUTH_GET_CHALLENGE_FLAGSA.1
    5915   00:5F5F  CD 84 5C                call    TCPIP_TCP_RCV_CHECK_TIME_OUT
    5916   00:5F62  18 F4                   jr  SSH_AUTH_GET_CHALLENGE_FLAGSA
    5917   00:5F64                      SSH_AUTH_GET_CHALLENGE_FLAGSA.1:
    5918   00:5F64                          ; nz, prompts, B to later go to H
    5919   00:5F64                          RECEIVE_DATA
    5919   00:5F64  3A 06 7F          >     ld a,(MEM_IN_DATA_PORT)
    5920   00:5F67  47                      ld b,a
    5921   00:5F68                      SSH_AUTH_GET_CHALLENGE_FLAGSB:
    5922   00:5F68                          CHECK_DATA
    5922   00:5F68  3A 07 7F          >     ld  a,(MEM_IN_STS_PORT)
    5922   00:5F6B  CB 47             >     bit 0,a
    5923   00:5F6D  20 05                   jr  nz,SSH_AUTH_GET_CHALLENGE_FLAGSB.1
    5924   00:5F6F  CD 84 5C                call    TCPIP_TCP_RCV_CHECK_TIME_OUT
    5925   00:5F72  18 F4                   jr  SSH_AUTH_GET_CHALLENGE_FLAGSB
    5926   00:5F74                      SSH_AUTH_GET_CHALLENGE_FLAGSB.1:
    5927   00:5F74                          ; nz, prompts, C to later go to L
    5928   00:5F74                          RECEIVE_DATA
    5928   00:5F74  3A 06 7F          >     ld a,(MEM_IN_DATA_PORT)
    5929   00:5F77  4F                      ld c,a
    5930   00:5F78  C5                      push    bc                      ; stack has the flags
    5931   00:5F79                          ; Now let's decrease HL as we've read 2 bytes
    5932   00:5F79  2B                      dec hl
    5933   00:5F7A  2B                      dec hl
    5934   00:5F7B                          ; And loop for the whole remaining response
    5935   00:5F7B  4D                      ld  c,l
    5936   00:5F7C  44                      ld  b,h                         ; BC has effective received data size, as well as HL
    5937   00:5F7D                          ; put effective data size in de
    5938   00:5F7D  EB                      ex  de,hl
    5939   00:5F7E                          ; will start moving at address in stack (we've pushed the adress in WORD)
    5940   00:5F7E  CD 6C 61                call    GETWORD
    5941   00:5F81  CD DF 61                call    BCBACKUP                ; save count (BC)
    5942   00:5F84                      
    5943   00:5F84                          ; Grauw Optimized 16 bit loop, handy for us, mostly since we can use ini :-D
    5944   00:5F84  43                      ld  b,e                         ; Number of loops originaly in DE
    5945   00:5F85  1B                      dec de
    5946   00:5F86  14                      inc d
    5947   00:5F87                          if USE_MEM_IO = 0
    5948   00:5F87                    ~     ld  c,IN_DATA_PORT
    5949   00:5F87                    ~     CHECK_QUICK_RECEIVE
    5950   00:5F87                    ~     jr  z,SSH_AUTH_GET_CHALLENGE_R_NSF             ; If not, go to the old, slower route
    5951   00:5F87                    ~     ; Otherwise, let's speed it up baby!
    5952   00:5F87                    ~ SSH_AUTH_GET_CHALLENGE_R:
    5953   00:5F87                    ~     inir
    5954   00:5F87                    ~     else
    5955   00:5F87                          CHECK_QUICK_RECEIVE
    5955   00:5F87  3A 07 7F          >     ld  a,(MEM_IN_STS_PORT)
    5955   00:5F8A  CB 5F             >     bit 3,a
    5956   00:5F8C  28 1A                   jr  z,SSH_AUTH_GET_CHALLENGE_R_NSF       ; If not, go to the old, slower route
    5957   00:5F8E                          ; Otherwise, let's speed it up baby!
    5958   00:5F8E                      SSH_AUTH_GET_CHALLENGE_R:
    5959   00:5F8E  3A 06 7F                ld  a,(MEM_IN_DATA_PORT)
    5960   00:5F91  77                      ld  (hl),a
    5961   00:5F92  23                      inc hl
    5962   00:5F93  10 F9                   djnz SSH_AUTH_GET_CHALLENGE_R
    5963   00:5F95                          endif
    5964   00:5F95  15                      dec d
    5965   00:5F96  20 F6                   jr nz,SSH_AUTH_GET_CHALLENGE_R
    5966   00:5F98                          CHECK_BUFFER_UNDERRUN
    5966   00:5F98  3A 07 7F          >     ld  a,(MEM_IN_STS_PORT)
    5966   00:5F9B  CB 67             >     bit 4,a
    5967   00:5F9D  C2 8D 5E                jp  nz,SSH_AUTH_GET_CHALLENGE_RETRY_QRCV ; If yes, retry
    5968   00:5FA0                          ; Otherwise, done
    5969   00:5FA0  CD CD 61                call    BCRESTORE               ; done, restore return data in BC
    5970   00:5FA3  03                      inc bc
    5971   00:5FA4  03                      inc bc
    5972   00:5FA5                          ; get flags back from stack
    5973   00:5FA5  E1                      pop hl
    5974   00:5FA6  AF                      xor a
    5975   00:5FA7  C9                      ret
    5976   00:5FA8                      SSH_AUTH_GET_CHALLENGE_R_NSF:
    5977   00:5FA8                          CHECK_DATA
    5977   00:5FA8  3A 07 7F          >     ld  a,(MEM_IN_STS_PORT)
    5977   00:5FAB  CB 47             >     bit 0,a
    5978   00:5FAD  20 05                   jr  nz,SSH_AUTH_GET_CHALLENGE_R_NSF.1
    5979   00:5FAF  CD 84 5C                call    TCPIP_TCP_RCV_CHECK_TIME_OUT
    5980   00:5FB2  18 F4                   jr  SSH_AUTH_GET_CHALLENGE_R_NSF
    5981   00:5FB4                      SSH_AUTH_GET_CHALLENGE_R_NSF.1:
    5982   00:5FB4                          if USE_MEM_IO = 0
    5983   00:5FB4                    ~     ini
    5984   00:5FB4                    ~     else
    5985   00:5FB4  3A 06 7F                ld  a,(MEM_IN_DATA_PORT)
    5986   00:5FB7  77                      ld  (hl),a
    5987   00:5FB8  23                      inc hl
    5988   00:5FB9  05                      dec b
    5989   00:5FBA                          endif
    5990   00:5FBA  20 EC                   jr  nz,SSH_AUTH_GET_CHALLENGE_R_NSF
    5991   00:5FBC  15                      dec d
    5992   00:5FBD  20 E9                   jr nz,SSH_AUTH_GET_CHALLENGE_R_NSF
    5993   00:5FBF  CD CD 61                call    BCRESTORE               ; done, restore return data in BC
    5994   00:5FC2  03                      inc bc
    5995   00:5FC3  03                      inc bc
    5996   00:5FC4                          ; get flags back from stack
    5997   00:5FC4  E1                      pop hl
    5998   00:5FC5  AF                      xor a
    5999   00:5FC6  C9                      ret
    6000   00:5FC7                      
    6001   00:5FC7                      ;=============================
    6002   00:5FC7                      ;===  TCPIP_CONFIG_AUTOIP  ===
    6003   00:5FC7                      ;=============================
    6004   00:5FC7                      ;Enable or disable the automatic IP addresses retrieval.
    6005   00:5FC7                      ;
    6006   00:5FC7                      ;Input:  A = 25
    6007   00:5FC7                      ;        B = 0: Get current configuration
    6008   00:5FC7                      ;            1: Set configuration
    6009   00:5FC7                      ;        C = Configuration to set (only if B=1):
    6010   00:5FC7                      ;            bit 0: Set to automatically retrieve
    6011   00:5FC7                      ;                   local IP address, subnet mask and default gateway
    6012   00:5FC7                      ;            bit 1: Set to automatically retrieve DNS servers addresses
    6013   00:5FC7                      ;            bits 2-7: Unused, must be zero
    6014   00:5FC7                      ;Output: A = Error code
    6015   00:5FC7                      ;        C = Configuration after the routine execution
    6016   00:5FC7                      ;            (same format as C at input)
    6017   00:5FC7                      TCPIP_CONFIG_AUTOIP:
    6018   00:5FC7                          SEND_DATA                       ; Send the command
    6018   00:5FC7  32 07 7F          >     ld  (MEM_OUT_TX_PORT),a
    6019   00:5FCA  AF                      xor a
    6020   00:5FCB                          SEND_DATA                       ; Send the command size msb
    6020   00:5FCB  32 07 7F          >     ld  (MEM_OUT_TX_PORT),a
    6021   00:5FCE  3E 02                   ld  a,2
    6022   00:5FD0                          SEND_DATA                       ; Send the command size lsb
    6022   00:5FD0  32 07 7F          >     ld  (MEM_OUT_TX_PORT),a
    6023   00:5FD3  78                      ld  a,b
    6024   00:5FD4                          SEND_DATA                       ; Send the command
    6024   00:5FD4  32 07 7F          >     ld  (MEM_OUT_TX_PORT),a
    6025   00:5FD7  79                      ld  a,c
    6026   00:5FD8                          SEND_DATA                       ; Send the command parameter
    6026   00:5FD8  32 07 7F          >     ld  (MEM_OUT_TX_PORT),a
    6027   00:5FDB                      
    6028   00:5FDB                          ; Now wait up to 180 ticks to get response
    6029   00:5FDB  21 B4 00                ld hl,180
    6030   00:5FDE  CD 36 61                call    SETCOUNTER
    6031   00:5FE1                      TCPIP_CONFIG_AUTOIP_ST1:
    6032   00:5FE1                          CHECK_DATA
    6032   00:5FE1  3A 07 7F          >     ld  a,(MEM_IN_STS_PORT)
    6032   00:5FE4  CB 47             >     bit 0,a
    6033   00:5FE6  20 05                   jr  nz,TCPIP_CONFIG_AUTOIP_ST1.1
    6034   00:5FE8  CD 27 4E                call    TCPIP_GENERIC_CHECK_TIME_OUT
    6035   00:5FEB  18 F4                   jr  TCPIP_CONFIG_AUTOIP_ST1
    6036   00:5FED                      TCPIP_CONFIG_AUTOIP_ST1.1:
    6037   00:5FED                          ; nz, check the data
    6038   00:5FED                          RECEIVE_DATA
    6038   00:5FED  3A 06 7F          >     ld a,(MEM_IN_DATA_PORT)
    6039   00:5FF0  FE 19                   cp  25                          ; Is response of our command?
    6040   00:5FF2  20 ED                   jr  nz,TCPIP_CONFIG_AUTOIP_ST1
    6041   00:5FF4                          ; now get return code, if return code other than 0, it is finished
    6042   00:5FF4                      TCPIP_CONFIG_AUTOIP_RC:
    6043   00:5FF4                          CHECK_DATA
    6043   00:5FF4  3A 07 7F          >     ld  a,(MEM_IN_STS_PORT)
    6043   00:5FF7  CB 47             >     bit 0,a
    6044   00:5FF9  20 05                   jr  nz,TCPIP_CONFIG_AUTOIP_RC.1
    6045   00:5FFB  CD 27 4E                call    TCPIP_GENERIC_CHECK_TIME_OUT
    6046   00:5FFE  18 F4                   jr  TCPIP_CONFIG_AUTOIP_RC
    6047   00:6000                      TCPIP_CONFIG_AUTOIP_RC.1:
    6048   00:6000                          ;nz, discard
    6049   00:6000                          RECEIVE_DATA
    6049   00:6000  3A 06 7F          >     ld a,(MEM_IN_DATA_PORT)
    6050   00:6003  B7                      or  a                           ; 0?
    6051   00:6004  C0                      ret nz                          ; if not, done
    6052   00:6005                      
    6053   00:6005                          ; next two bytes are return code and size bytes, don't care, it is 1, configuration
    6054   00:6005  06 02                   ld  b,2
    6055   00:6007                      TCPIP_CONFIG_AUTOIP_ST2:
    6056   00:6007                          CHECK_DATA
    6056   00:6007  3A 07 7F          >     ld  a,(MEM_IN_STS_PORT)
    6056   00:600A  CB 47             >     bit 0,a
    6057   00:600C  20 05                   jr  nz,TCPIP_CONFIG_AUTOIP_ST2.1
    6058   00:600E  CD 27 4E                call    TCPIP_GENERIC_CHECK_TIME_OUT
    6059   00:6011  18 F4                   jr  TCPIP_CONFIG_AUTOIP_ST2
    6060   00:6013                      TCPIP_CONFIG_AUTOIP_ST2.1:
    6061   00:6013                          ; nz, discard
    6062   00:6013                          RECEIVE_DATA
    6062   00:6013  3A 06 7F          >     ld a,(MEM_IN_DATA_PORT)
    6063   00:6016  05                      dec b
    6064   00:6017  20 EE                   jr  nz,TCPIP_CONFIG_AUTOIP_ST2
    6065   00:6019                      
    6066   00:6019                          ; now just get the 1 byte, configuration, should go to C
    6067   00:6019                      TCPIP_CONFIG_AUTOIP_CONF_ST1:
    6068   00:6019                          CHECK_DATA
    6068   00:6019  3A 07 7F          >     ld  a,(MEM_IN_STS_PORT)
    6068   00:601C  CB 47             >     bit 0,a
    6069   00:601E  20 05                   jr  nz,TCPIP_CONFIG_AUTOIP_CONF_ST1.1
    6070   00:6020  CD 27 4E                call    TCPIP_GENERIC_CHECK_TIME_OUT
    6071   00:6023  18 F4                   jr  TCPIP_CONFIG_AUTOIP_CONF_ST1
    6072   00:6025                      TCPIP_CONFIG_AUTOIP_CONF_ST1.1:
    6073   00:6025                          ; nz, get it
    6074   00:6025                          RECEIVE_DATA
    6074   00:6025  3A 06 7F          >     ld a,(MEM_IN_DATA_PORT)
    6075   00:6028  4F                      ld  c,a
    6076   00:6029                          ; done
    6077   00:6029  AF                      xor a
    6078   00:602A  C9                      ret
    6079   00:602B                      
    6080   00:602B                      ;=========================
    6081   00:602B                      ;===  TCPIP_CONFIG_IP  ===
    6082   00:602B                      ;=========================
    6083   00:602B                      ;Manually configure an IP address.
    6084   00:602B                      ;
    6085   00:602B                      ;Input:  A = 26
    6086   00:602B                      ;        B = Index of address to set:
    6087   00:602B                      ;            1: Local IP address
    6088   00:602B                      ;            2: Peer IP address
    6089   00:602B                      ;            3: Subnet mask
    6090   00:602B                      ;            4: Default gateway
    6091   00:602B                      ;            5: Primary DNS server IP address
    6092   00:602B                      ;            6: Secondary DNS server IP address
    6093   00:602B                      ;        L.H.E.D = Address value
    6094   00:602B                      ;Output: A = Error code
    6095   00:602B                      TCPIP_CONFIG_IP:
    6096   00:602B                          SEND_DATA                       ; Send the command
    6096   00:602B  32 07 7F          >     ld  (MEM_OUT_TX_PORT),a
    6097   00:602E  AF                      xor a
    6098   00:602F                          SEND_DATA                       ; Send the command size msb
    6098   00:602F  32 07 7F          >     ld  (MEM_OUT_TX_PORT),a
    6099   00:6032  3E 05                   ld  a,5
    6100   00:6034                          SEND_DATA                       ; Send the command size lsb
    6100   00:6034  32 07 7F          >     ld  (MEM_OUT_TX_PORT),a
    6101   00:6037  78                      ld  a,b
    6102   00:6038                          SEND_DATA                       ; Send the address to set
    6102   00:6038  32 07 7F          >     ld  (MEM_OUT_TX_PORT),a
    6103   00:603B  7D                      ld  a,l
    6104   00:603C                          SEND_DATA                       ; Send the IP first byte
    6104   00:603C  32 07 7F          >     ld  (MEM_OUT_TX_PORT),a
    6105   00:603F  7C                      ld  a,h
    6106   00:6040                          SEND_DATA                       ; Send the IP second byte
    6106   00:6040  32 07 7F          >     ld  (MEM_OUT_TX_PORT),a
    6107   00:6043  7B                      ld  a,e
    6108   00:6044                          SEND_DATA                       ; Send the IP third byte
    6108   00:6044  32 07 7F          >     ld  (MEM_OUT_TX_PORT),a
    6109   00:6047  7A                      ld  a,d
    6110   00:6048                          SEND_DATA                       ; Send the IP fourth byte
    6110   00:6048  32 07 7F          >     ld  (MEM_OUT_TX_PORT),a
    6111   00:604B                      
    6112   00:604B                          ; Now wait up to 180 ticks to get response
    6113   00:604B  21 B4 00                ld  hl,180
    6114   00:604E  CD 36 61                call    SETCOUNTER
    6115   00:6051                      TCPIP_CONFIG_IP_ST1:
    6116   00:6051                          CHECK_DATA
    6116   00:6051  3A 07 7F          >     ld  a,(MEM_IN_STS_PORT)
    6116   00:6054  CB 47             >     bit 0,a
    6117   00:6056  20 05                   jr  nz,TCPIP_CONFIG_IP_ST1.1
    6118   00:6058  CD 27 4E                call    TCPIP_GENERIC_CHECK_TIME_OUT
    6119   00:605B  18 F4                   jr  TCPIP_CONFIG_IP_ST1
    6120   00:605D                      TCPIP_CONFIG_IP_ST1.1:
    6121   00:605D                          ; nz, check the data
    6122   00:605D                          RECEIVE_DATA
    6122   00:605D  3A 06 7F          >     ld a,(MEM_IN_DATA_PORT)
    6123   00:6060  FE 1A                   cp  26                          ; Is response of our command?
    6124   00:6062  20 ED                   jr  nz,TCPIP_CONFIG_IP_ST1
    6125   00:6064                          ; now get return code, and that is it
    6126   00:6064                      TCPIP_CONFIG_IP_RC:
    6127   00:6064                          CHECK_DATA
    6127   00:6064  3A 07 7F          >     ld  a,(MEM_IN_STS_PORT)
    6127   00:6067  CB 47             >     bit 0,a
    6128   00:6069  20 05                   jr  nz,TCPIP_CONFIG_IP_RC.1
    6129   00:606B  CD 27 4E                call    TCPIP_GENERIC_CHECK_TIME_OUT
    6130   00:606E  18 F4                   jr  TCPIP_CONFIG_IP_RC
    6131   00:6070                      TCPIP_CONFIG_IP_RC.1:
    6132   00:6070                          ; nz, discard
    6133   00:6070                          RECEIVE_DATA
    6133   00:6070  3A 06 7F          >     ld a,(MEM_IN_DATA_PORT)
    6134   00:6073  C9                      ret                             ; done
    6135   00:6074                      
    6136   00:6074                      ;==========================
    6137   00:6074                      ;===  TCPIP_CONFIG_TTL  ===
    6138   00:6074                      ;==========================
    6139   00:6074                      ;Get/set the value of TTL and TOS for outgoing datagrams.
    6140   00:6074                      ;
    6141   00:6074                      ;Input:  A = 27
    6142   00:6074                      ;        B = 0: Get current values (just return 255 for TTL and 0 for TOS
    6143   00:6074                      ;               as ESP do not expose or allow configurations of it)
    6144   00:6074                      ;            1: Set values
    6145   00:6074                      ;        D = New value for TTL (only if B=1)
    6146   00:6074                      ;        E = New value for ToS (only if B=1)
    6147   00:6074                      ;Output: A = Error code
    6148   00:6074                      ;        D = Value of TTL after the routine execution
    6149   00:6074                      ;        E = Value of ToS after the routine execution
    6150   00:6074                      TCPIP_CONFIG_TTL:
    6151   00:6074  78                      ld  a,b
    6152   00:6075  E6 FE                   and %11111110
    6153   00:6077  B7                      or  a
    6154   00:6078  3E 04                   ld  a,ERR_INV_PARAM
    6155   00:607A  C0                      ret nz
    6156   00:607B  78                      ld  a,b
    6157   00:607C  B7                      or  a
    6158   00:607D                          ; Cant set, so NOT IMP
    6159   00:607D  3E 01                   ld  a,ERR_NOT_IMP
    6160   00:607F  C0                      ret nz                          ; if not get, not implemented
    6161   00:6080                          ; get, so just return D = #FF, A = OK = 0 and E = 0
    6162   00:6080  AF                      xor a
    6163   00:6081  1E 00                   ld  e,0
    6164   00:6083  16 FF                   ld  d,#FF
    6165   00:6085  C9                      ret
    6166   00:6086                      
    6167   00:6086                      ;===========================
    6168   00:6086                      ;===  TCPIP_CONFIG_PING  ===
    6169   00:6086                      ;===========================
    6170   00:6086                      ;Get/set the automatic PING reply flag.
    6171   00:6086                      ;
    6172   00:6086                      ;Input:  A = 28
    6173   00:6086                      ;        B = 0: Get current flag value
    6174   00:6086                      ;            1: Set flag value (ERR_NOT_IMP)
    6175   00:6086                      ;        C = New flag value (only if B=1):
    6176   00:6086                      ;            0: Off
    6177   00:6086                      ;            1: On
    6178   00:6086                      ;Output: A = Error code
    6179   00:6086                      ;        C = Flag value after the routine execution
    6180   00:6086                      TCPIP_CONFIG_PING:
    6181   00:6086  78                      ld  a,b
    6182   00:6087  E6 FE                   and %11111110
    6183   00:6089  B7                      or  a
    6184   00:608A  3E 04                   ld  a,ERR_INV_PARAM
    6185   00:608C  C0                      ret nz
    6186   00:608D  78                      ld  a,b
    6187   00:608E  B7                      or  a
    6188   00:608F                          ; Cant set, so NOT IMP
    6189   00:608F  3E 01                   ld  a,ERR_NOT_IMP
    6190   00:6091  C0                      ret nz                          ; if not get, not implemented
    6191   00:6092                          ; get, so just return C = 1, A = OK = 0
    6192   00:6092  AF                      xor a
    6193   00:6093  0E 01                   ld  c,1
    6194   00:6095  C9                      ret
    6195   00:6096                      
    6196   00:6096                      ;============================
    6197   00:6096                      ;===  Auxiliary routines  ===
    6198   00:6096                      ;============================
    6199   00:6096                      
    6200   00:6096                      ;--- Get slot connected on page 1
    6201   00:6096                      ;    Input:  -
    6202   00:6096                      ;    Output: A = Slot number
    6203   00:6096                      ;    Modifies: AF, HL, E, BC
    6204   00:6096                      
    6205   00:6096                      GETSLT:
    6206   00:6096  DB A8                   in  a,(#A8)
    6207   00:6098  0F                      rrca
    6208   00:6099  0F                      rrca
    6209   00:609A  E6 03                   and 3
    6210   00:609C  4F                      ld  c,a                         ;C = Slot
    6211   00:609D  06 00                   ld  b,0
    6212   00:609F  21 C1 FC                ld  hl,EXPTBL
    6213   00:60A2  09                      add hl,bc
    6214   00:60A3  7E                      ld  a,(hl)
    6215   00:60A4  E6 80                   and #80
    6216   00:60A6  B1                      or  c
    6217   00:60A7  4F                      ld  c,a
    6218   00:60A8  23                      inc hl
    6219   00:60A9  23                      inc hl
    6220   00:60AA  23                      inc hl
    6221   00:60AB  23                      inc hl
    6222   00:60AC  7E                      ld  a,(hl)
    6223   00:60AD  E6 0C                   and #0C
    6224   00:60AF  B1                      or  c
    6225   00:60B0  CB 7F                   bit 7,a
    6226   00:60B2  C0                      ret nz
    6227   00:60B3  E6 03                   and %11
    6228   00:60B5  C9                      ret
    6229   00:60B6                      
    6230   00:60B6                      ;--- Get slot connected on page 1 and test if work area has been created, if not, create it
    6231   00:60B6                      ;    Input:  -
    6232   00:60B6                      ;    Output: A = Slot number
    6233   00:60B6                      ;    Modifies: AF, HL, E, BC
    6234   00:60B6                      
    6235   00:60B6                      GETSLTT:
    6236   00:60B6  DB A8                   in  a,(#A8)
    6237   00:60B8  0F                      rrca
    6238   00:60B9  0F                      rrca
    6239   00:60BA  E6 03                   and 3
    6240   00:60BC  4F                      ld  c,a                         ;C = Slot
    6241   00:60BD  06 00                   ld  b,0
    6242   00:60BF  21 C1 FC                ld  hl,EXPTBL
    6243   00:60C2  09                      add hl,bc
    6244   00:60C3  7E                      ld  a,(hl)
    6245   00:60C4  E6 80                   and #80
    6246   00:60C6  B1                      or  c
    6247   00:60C7  4F                      ld  c,a
    6248   00:60C8  23                      inc hl
    6249   00:60C9  23                      inc hl
    6250   00:60CA  23                      inc hl
    6251   00:60CB  23                      inc hl
    6252   00:60CC  7E                      ld  a,(hl)
    6253   00:60CD  E6 0C                   and #0C
    6254   00:60CF  B1                      or  c
    6255   00:60D0  CB 7F                   bit 7,a
    6256   00:60D2  C2 D7 60                jp  nz,GETSLTT1
    6257   00:60D5  E6 03                   and %11
    6258   00:60D7                      GETSLTT1:
    6259   00:60D7  F5                      push    af
    6260   00:60D8  C5                      push    bc
    6261   00:60D9  E5                      push    hl
    6262   00:60DA  CD EF 60                call    GETWRK
    6263   00:60DD  01 05 00                ld  bc,5
    6264   00:60E0  09                      add hl,bc
    6265   00:60E1  7E                      ld  a,(hl)
    6266   00:60E2  B7                      or  a
    6267   00:60E3  C2 EB 60                jp  nz,GETSLTTRET
    6268   00:60E6  3C                      inc a
    6269   00:60E7  77                      ld  (hl),a
    6270   00:60E8  CD FD 41                call    HIMEM_ALLOC
    6271   00:60EB                      GETSLTTRET:
    6272   00:60EB  E1                      pop hl
    6273   00:60EC  C1                      pop bc
    6274   00:60ED  F1                      pop af
    6275   00:60EE  C9                      ret
    6276   00:60EF                      
    6277   00:60EF                      ;--- Obtain slot work area (8 bytes) on SLTWRK
    6278   00:60EF                      ;    Input:  A  = Slot number
    6279   00:60EF                      ;    Output: HL = Work area address
    6280   00:60EF                      ;    Modifies: AF, BC
    6281   00:60EF                      
    6282   00:60EF                      GETWRK:
    6283   00:60EF  47                      ld  b,a
    6284   00:60F0  0F                      rrca
    6285   00:60F1  0F                      rrca
    6286   00:60F2  0F                      rrca
    6287   00:60F3  E6 60                   and %01100000
    6288   00:60F5  4F                      ld  c,a                         ;C = Slot * 32
    6289   00:60F6  78                      ld  a,b
    6290   00:60F7  07                      rlca
    6291   00:60F8  E6 18                   and %00011000                   ;A = Subslot * 8
    6292   00:60FA  B1                      or  c
    6293   00:60FB  4F                      ld  c,a
    6294   00:60FC  06 00                   ld  b,0
    6295   00:60FE  21 09 FD                ld  hl,SLTWRK
    6296   00:6101  09                      add hl,bc
    6297   00:6102  C9                      ret
    6298   00:6103                      
    6299   00:6103                      ;--- Obtain the address where our memory area address in high memory is stored
    6300   00:6103                      ;    Input:  A  = Slot number
    6301   00:6103                      ;    Output: HL = High memory area address
    6302   00:6103                      ;    Modifies: AF, BC
    6303   00:6103                      
    6304   00:6103                      GETMEMPOINTERADDR:
    6305   00:6103  47                      ld  b,a
    6306   00:6104  0F                      rrca
    6307   00:6105  0F                      rrca
    6308   00:6106  0F                      rrca
    6309   00:6107  E6 60                   and %01100000
    6310   00:6109  4F                      ld  c,a                         ; C = Slot * 32
    6311   00:610A  78                      ld  a,b
    6312   00:610B  07                      rlca
    6313   00:610C  E6 18                   and %00011000                   ; A = Subslot * 8
    6314   00:610E  B1                      or  c
    6315   00:610F  4F                      ld  c,a
    6316   00:6110  06 00                   ld  b,0
    6317   00:6112  D2 16 61                jp  nc,GETMEM_1
    6318   00:6115  04                      inc b
    6319   00:6116                      GETMEM_1:
    6320   00:6116  21 09 FD                ld  hl,SLTWRK
    6321   00:6119  09                      add hl,bc
    6322   00:611A  01 05 00                ld  bc,5
    6323   00:611D  09                      add hl,bc
    6324   00:611E  C9                      ret
    6325   00:611F                      
    6326   00:611F                      ;--- Obtain the address where our memory area address in high memory is stored
    6327   00:611F                      ;    Input:  A  = Slot number
    6328   00:611F                      ;    Output: HL = High memory area address
    6329   00:611F                      ;    Modifies: AF, BC
    6330   00:611F                      
    6331   00:611F                      GETMEMPOINTER:
    6332   00:611F  CD 03 61                call    GETMEMPOINTERADDR
    6333   00:6122  4E                      ld  c,(hl)
    6334   00:6123  23                      inc hl
    6335   00:6124  66                      ld  h,(hl)
    6336   00:6125  69                      ld  l,c
    6337   00:6126  C9                      ret
    6338   00:6127                      
    6339   00:6127                      ;--- Obtain our HTIM_I driven counter value in high memory
    6340   00:6127                      ;    Input:  none
    6341   00:6127                      ;    Output: HL = counter value
    6342   00:6127                      ;    Modifies: AF, HL, DE, BC
    6343   00:6127                      
    6344   00:6127                      GETCOUNTER:
    6345   00:6127  CD 96 60                call    GETSLT
    6346   00:612A                          ; Slot in A, now get the address of our counter
    6347   00:612A  CD 1F 61                call    GETMEMPOINTER
    6348   00:612D                          ; HL has the address of our memory area, counter is 5 bytes after start
    6349   00:612D  11 05 00                ld  de,MEMORY_COUNTER_OFFSET
    6350   00:6130  19                      add hl,de
    6351   00:6131                          ; Ok, this is where our counter is so get it
    6352   00:6131  5E                      ld  e,(hl)
    6353   00:6132  23                      inc hl
    6354   00:6133  56                      ld  d,(hl)
    6355   00:6134                          ; DE has the counter value
    6356   00:6134  EB                      ex  de,hl                       ; Counter value in HL
    6357   00:6135  C9                      ret
    6358   00:6136                      
    6359   00:6136                      ;--- Set our HTIM_I driven counter value in high memory
    6360   00:6136                      ;    Input:  HL = new counter value
    6361   00:6136                      ;    Output: none
    6362   00:6136                      ;    Modifies: AF, HL, DE, BC
    6363   00:6136                      
    6364   00:6136                      SETCOUNTER:
    6365   00:6136  E5                      push    hl                      ; Save parameter
    6366   00:6137  CD 96 60                call    GETSLT
    6367   00:613A                          ; Slot in A, now get the address of our counter
    6368   00:613A  CD 1F 61                call    GETMEMPOINTER
    6369   00:613D                          ; HL has the address of our memory area, counter is 5 bytes after start
    6370   00:613D  11 05 00                ld  de,MEMORY_COUNTER_OFFSET
    6371   00:6140  19                      add hl,de
    6372   00:6141                          ; Ok, this is where our counter is so get it
    6373   00:6141                          ; HL has the address of counter
    6374   00:6141  D1                      pop de                          ; Restore parameter in DE
    6375   00:6142  73                      ld  (hl),e
    6376   00:6143  23                      inc hl
    6377   00:6144  72                      ld  (hl),d
    6378   00:6145  C9                      ret
    6379   00:6146                      
    6380   00:6146                      ;--- Obtain a one byte param saved in high memory
    6381   00:6146                      ;    Input:  none
    6382   00:6146                      ;    Output: A = param
    6383   00:6146                      ;    Modifies: AF
    6384   00:6146                      
    6385   00:6146                      GETBYTE:
    6386   00:6146  C5                      push    bc
    6387   00:6147  D5                      push    de
    6388   00:6148  E5                      push    hl
    6389   00:6149  CD 96 60                call    GETSLT
    6390   00:614C                          ; Slot in A, now get the address of our counter
    6391   00:614C  CD 1F 61                call    GETMEMPOINTER
    6392   00:614F                          ; HL has the address of our memory area, param is 7 bytes after start
    6393   00:614F  11 07 00                ld  de,MEMORY_SB_VAR_OFFSET
    6394   00:6152  19                      add hl,de
    6395   00:6153                          ; Ok, this is where our param is so get it
    6396   00:6153  7E                      ld  a,(hl)
    6397   00:6154  E1                      pop hl
    6398   00:6155  D1                      pop de
    6399   00:6156  C1                      pop bc
    6400   00:6157  C9                      ret
    6401   00:6158                      
    6402   00:6158                      ;--- Set a one byte param value in high memory
    6403   00:6158                      ;    Input:  A = new counter value
    6404   00:6158                      ;    Output: none
    6405   00:6158                      ;    Modifies: AF
    6406   00:6158                      
    6407   00:6158                      SETBYTE:
    6408   00:6158  C5                      push    bc
    6409   00:6159  D5                      push    de
    6410   00:615A  E5                      push    hl
    6411   00:615B  F5                      push    af                      ; Save parameter
    6412   00:615C  CD 96 60                call    GETSLT
    6413   00:615F                          ; Slot in A, now get the address
    6414   00:615F  CD 1F 61                call    GETMEMPOINTER
    6415   00:6162                          ; HL has the address of our memory area, byte param is 7 bytes after start
    6416   00:6162  11 07 00                ld  de,MEMORY_SB_VAR_OFFSET
    6417   00:6165  19                      add hl,de
    6418   00:6166                          ; HL has the address of param
    6419   00:6166  F1                      pop af                          ; Restore parameter
    6420   00:6167  77                      ld  (hl),a
    6421   00:6168  E1                      pop hl
    6422   00:6169  D1                      pop de
    6423   00:616A  C1                      pop bc
    6424   00:616B  C9                      ret
    6425   00:616C                      
    6426   00:616C                      ;--- Obtain a two bytes param saved in high memory
    6427   00:616C                      ;    Input:  none
    6428   00:616C                      ;    Output: HL = param
    6429   00:616C                      ;    Modifies: AF, HL
    6430   00:616C                      
    6431   00:616C                      GETWORD:
    6432   00:616C  C5                      push    bc
    6433   00:616D  D5                      push    de
    6434   00:616E  CD 96 60                call    GETSLT
    6435   00:6171                          ; Slot in A, now get the address of our counter
    6436   00:6171  CD 1F 61                call    GETMEMPOINTER
    6437   00:6174                          ; HL has the address of our memory area, param is 7 bytes after start
    6438   00:6174  11 0B 00                ld  de,MEMORY_DB_VAR_OFFSET
    6439   00:6177  19                      add hl,de
    6440   00:6178                          ; Ok, this is where our param is so get it
    6441   00:6178  5E                      ld  e,(hl)
    6442   00:6179  23                      inc hl
    6443   00:617A  56                      ld  d,(hl)
    6444   00:617B  EB                      ex  de,hl                       ; Return in HL
    6445   00:617C  D1                      pop de
    6446   00:617D  C1                      pop bc
    6447   00:617E  C9                      ret
    6448   00:617F                      
    6449   00:617F                      ;--- Set a two bytes param value in high memory
    6450   00:617F                      ;    Input:  HL = new counter value
    6451   00:617F                      ;    Output: none
    6452   00:617F                      ;    Modifies: AF
    6453   00:617F                      
    6454   00:617F                      SETWORD:
    6455   00:617F  C5                      push    bc
    6456   00:6180  D5                      push    de
    6457   00:6181  E5                      push    hl
    6458   00:6182  CD 96 60                call    GETSLT
    6459   00:6185                          ; Slot in A, now get the address
    6460   00:6185  CD 1F 61                call    GETMEMPOINTER
    6461   00:6188                          ; HL has the address of our memory area, byte param is 7 bytes after start
    6462   00:6188  11 0B 00                ld  de,MEMORY_DB_VAR_OFFSET
    6463   00:618B  19                      add hl,de
    6464   00:618C                          ; HL has the address of param
    6465   00:618C  D1                      pop de                          ; Restore parameter in DE
    6466   00:618D  73                      ld  (hl),e
    6467   00:618E  23                      inc hl
    6468   00:618F  72                      ld  (hl),d
    6469   00:6190  EB                      ex  de,hl                       ; Restore HL original value
    6470   00:6191  D1                      pop de
    6471   00:6192  C1                      pop bc
    6472   00:6193  C9                      ret
    6473   00:6194                      
    6474   00:6194                      ;--- Restores BC / DE / HL copy saved in high memory
    6475   00:6194                      ;    Input:  none
    6476   00:6194                      ;    Output: BC / DE / HL
    6477   00:6194                      ;    Modifies: AF
    6478   00:6194                      
    6479   00:6194                      REGRESTORE:
    6480   00:6194  CD 96 60                call    GETSLT
    6481   00:6197                          ; Slot in A, now get the address of our counter
    6482   00:6197  CD 1F 61                call    GETMEMPOINTER
    6483   00:619A                          ; HL has the address of our memory area, param is 7 bytes after start
    6484   00:619A  11 0D 00                ld  de,MEMORY_REGBACKUP_OFFSET
    6485   00:619D  19                      add hl,de
    6486   00:619E                          ; Ok, this is where our param is so get it
    6487   00:619E  4E                      ld  c,(hl)
    6488   00:619F  23                      inc hl
    6489   00:61A0  46                      ld  b,(hl)
    6490   00:61A1  23                      inc hl
    6491   00:61A2  5E                      ld  e,(hl)
    6492   00:61A3  23                      inc hl
    6493   00:61A4  56                      ld  d,(hl)
    6494   00:61A5  23                      inc hl
    6495   00:61A6  7E                      ld  a,(hl)
    6496   00:61A7  23                      inc hl
    6497   00:61A8  66                      ld  h,(hl)
    6498   00:61A9  6F                      ld  l,a
    6499   00:61AA  C9                      ret
    6500   00:61AB                      
    6501   00:61AB                      ;--- Backups BC / DE /HL in high memory
    6502   00:61AB                      ;    Input:  BC / DE / HL
    6503   00:61AB                      ;    Output: none
    6504   00:61AB                      ;    Modifies: AF
    6505   00:61AB                      
    6506   00:61AB                      REGBACKUP:
    6507   00:61AB  E5                      push    hl
    6508   00:61AC  D5                      push    de
    6509   00:61AD  C5                      push    bc
    6510   00:61AE  CD 96 60                call    GETSLT
    6511   00:61B1                          ; Slot in A, now get the address
    6512   00:61B1  CD 1F 61                call    GETMEMPOINTER
    6513   00:61B4                          ; HL has the address of our memory area, byte param is 7 bytes after start
    6514   00:61B4  11 0D 00                ld  de,MEMORY_REGBACKUP_OFFSET
    6515   00:61B7  19                      add hl,de
    6516   00:61B8                          ; HL has the address of param
    6517   00:61B8  C1                      pop bc                          ; Restore BC
    6518   00:61B9  71                      ld  (hl),c
    6519   00:61BA  23                      inc hl
    6520   00:61BB  70                      ld  (hl),b
    6521   00:61BC  23                      inc hl
    6522   00:61BD  D1                      pop de                          ; Restore DE
    6523   00:61BE  73                      ld  (hl),e
    6524   00:61BF  23                      inc hl
    6525   00:61C0  72                      ld  (hl),d
    6526   00:61C1  23                      inc hl
    6527   00:61C2  E3                      ex (sp),hl                      ; backup the address and get HL value
    6528   00:61C3  7D                      ld  a,l
    6529   00:61C4  E3                      ex (sp),hl                      ; return it to the stack and get back the pointer
    6530   00:61C5  77                      ld  (hl),a                      ; save l
    6531   00:61C6  23                      inc hl
    6532   00:61C7  E3                      ex (sp),hl                      ; backup the address and get HL value
    6533   00:61C8  7C                      ld  a,h
    6534   00:61C9  E3                      ex (sp),hl                      ; return it to the stack and get back the pointer
    6535   00:61CA  77                      ld  (hl),a                      ; save h
    6536   00:61CB  E1                      pop hl                          ; Restore HL original value
    6537   00:61CC  C9                      ret
    6538   00:61CD                      
    6539   00:61CD                      ;--- Restores BC copy saved in high memory
    6540   00:61CD                      ;    Input:  none
    6541   00:61CD                      ;    Output: BC
    6542   00:61CD                      ;    Modifies: AF
    6543   00:61CD                      
    6544   00:61CD                      BCRESTORE:
    6545   00:61CD  E5                      push    hl
    6546   00:61CE  D5                      push    de
    6547   00:61CF  CD 96 60                call    GETSLT
    6548   00:61D2                          ; Slot in A, now get the address of our counter
    6549   00:61D2  CD 1F 61                call    GETMEMPOINTER
    6550   00:61D5                          ; HL has the address of our memory area, param is 7 bytes after start
    6551   00:61D5  11 0D 00                ld  de,MEMORY_BCBACKUP_OFFSET
    6552   00:61D8  19                      add hl,de
    6553   00:61D9                          ; Ok, this is where our param is so get it
    6554   00:61D9  4E                      ld  c,(hl)
    6555   00:61DA  23                      inc hl
    6556   00:61DB  46                      ld  b,(hl)
    6557   00:61DC  D1                      pop de
    6558   00:61DD  E1                      pop hl
    6559   00:61DE  C9                      ret
    6560   00:61DF                      
    6561   00:61DF                      ;--- Backups BC in high memory
    6562   00:61DF                      ;    Input:  BC
    6563   00:61DF                      ;    Output: none
    6564   00:61DF                      ;    Modifies: AF
    6565   00:61DF                      
    6566   00:61DF                      BCBACKUP:
    6567   00:61DF  D5                      push    de
    6568   00:61E0  E5                      push    hl
    6569   00:61E1  C5                      push    bc
    6570   00:61E2  CD 96 60                call    GETSLT
    6571   00:61E5                          ; Slot in A, now get the address
    6572   00:61E5  CD 1F 61                call    GETMEMPOINTER
    6573   00:61E8                          ; HL has the address of our memory area, byte param is 7 bytes after start
    6574   00:61E8  11 0D 00                ld  de,MEMORY_BCBACKUP_OFFSET
    6575   00:61EB  19                      add hl,de
    6576   00:61EC                          ; HL has the address of param
    6577   00:61EC  C1                      pop bc                          ; Restore BC
    6578   00:61ED  71                      ld  (hl),c
    6579   00:61EE  23                      inc hl
    6580   00:61EF  70                      ld  (hl),b
    6581   00:61F0  E1                      pop hl                          ; Restore HL original value
    6582   00:61F1  D1                      pop de                          ; Restore DE
    6583   00:61F2  C9                      ret
    6584   00:61F3                      
    6585   00:61F3                      ;--- Restores HL copy saved in high memory
    6586   00:61F3                      ;    Input:  none
    6587   00:61F3                      ;    Output: HL
    6588   00:61F3                      ;    Modifies: AF
    6589   00:61F3                      
    6590   00:61F3                      HLRESTORE:
    6591   00:61F3  C5                      push    bc
    6592   00:61F4  D5                      push    de
    6593   00:61F5  CD 96 60                call    GETSLT
    6594   00:61F8                          ; Slot in A, now get the address of our counter
    6595   00:61F8  CD 1F 61                call    GETMEMPOINTER
    6596   00:61FB                          ; HL has the address of our memory area, param is 7 bytes after start
    6597   00:61FB  11 11 00                ld  de,MEMORY_HLBACKUP_OFFSET
    6598   00:61FE  19                      add hl,de
    6599   00:61FF                          ; Ok, this is where our param is so get it
    6600   00:61FF  5E                      ld  e,(hl)
    6601   00:6200  23                      inc hl
    6602   00:6201  56                      ld  d,(hl)
    6603   00:6202  EB                      ex  de,hl
    6604   00:6203  D1                      pop de
    6605   00:6204  C1                      pop bc
    6606   00:6205  C9                      ret
    6607   00:6206                      
    6608   00:6206                      ;--- Backups HL in high memory
    6609   00:6206                      ;    Input:  HL
    6610   00:6206                      ;    Output: none
    6611   00:6206                      ;    Modifies: AF
    6612   00:6206                      
    6613   00:6206                      HLBACKUP:
    6614   00:6206  D5                      push    de
    6615   00:6207  C5                      push    bc
    6616   00:6208  E5                      push    hl
    6617   00:6209  CD 96 60                call    GETSLT
    6618   00:620C                          ; Slot in A, now get the address
    6619   00:620C  CD 1F 61                call    GETMEMPOINTER
    6620   00:620F                          ; HL has the address of our memory area, byte param is 7 bytes after start
    6621   00:620F  11 11 00                ld  de,MEMORY_HLBACKUP_OFFSET
    6622   00:6212  19                      add hl,de
    6623   00:6213                          ; HL has the address of param
    6624   00:6213  D1                      pop de                          ; Restore HL in de
    6625   00:6214  73                      ld  (hl),e
    6626   00:6215  23                      inc hl
    6627   00:6216  72                      ld  (hl),d
    6628   00:6217  EB                      ex  de,hl                       ; Restore HL
    6629   00:6218  C1                      pop bc                          ; Restore BC
    6630   00:6219  D1                      pop de                          ; Restore DE
    6631   00:621A  C9                      ret
    6632   00:621B                      
    6633   00:621B                      ;--- Return the saved ESP TYPE
    6634   00:621B                      ;    Input:  none
    6635   00:621B                      ;    Output: A and F will be NZ if ESP32
    6636   00:621B                      ;    Modifies: AF
    6637   00:621B                      
    6638   00:621B                      GETESPTYPE:
    6639   00:621B  D5                      push    de
    6640   00:621C  C5                      push    bc
    6641   00:621D  E5                      push    hl
    6642   00:621E  DD E5                   push    ix
    6643   00:6220  FD E5                   push    iy
    6644   00:6222  CD 96 60                call    GETSLT
    6645   00:6225  CD 03 61                call    GETMEMPOINTERADDR       ; This is where we are going to store our memory area address
    6646   00:6228                          ; GETSLT and GETMEMPOINTER do not change DE, so it still has the our memory area address
    6647   00:6228  11 02 00                ld  de,2
    6648   00:622B  19                      add hl,de
    6649   00:622C  7E                      ld  a,(hl)
    6650   00:622D  E6 01                   and ESPFLAG_ESP32               ; NZ only if ESP32
    6651   00:622F  FD E1                   pop iy
    6652   00:6231  DD E1                   pop ix
    6653   00:6233  E1                      pop hl
    6654   00:6234  C1                      pop bc
    6655   00:6235  D1                      pop de
    6656   00:6236  C9                      ret
    6657   00:6237                      
    6658   00:6237                      ;--- Return our ESP flags byte (work area offset 7)
    6659   00:6237                      ;    Input:  none
    6660   00:6237                      ;    Output: A = flags
    6661   00:6237                      ;    Modifies: AF
    6662   00:6237                      
    6663   00:6237                      GETESPFLAGS:
    6664   00:6237  C5                      push    bc
    6665   00:6238  D5                      push    de
    6666   00:6239  E5                      push    hl
    6667   00:623A  CD 96 60                call    GETSLT
    6668   00:623D  CD 03 61                call    GETMEMPOINTERADDR
    6669   00:6240  11 02 00                ld  de,2
    6670   00:6243  19                      add hl,de                       ; Our flags byte
    6671   00:6244  7E                      ld  a,(hl)
    6672   00:6245  E1                      pop hl
    6673   00:6246  D1                      pop de
    6674   00:6247  C1                      pop bc
    6675   00:6248  C9                      ret
    6676   00:6249                      
    6677   00:6249                      ;--- Obtain if DNS is ready saved in high memory
    6678   00:6249                      ;    Input:  none
    6679   00:6249                      ;    Output: A = DNS ready value
    6680   00:6249                      ;    Modifies: AF
    6681   00:6249                      
    6682   00:6249                      GETDNSREADY:
    6683   00:6249  C5                      push    bc
    6684   00:624A  D5                      push    de
    6685   00:624B  E5                      push    hl
    6686   00:624C  CD 96 60                call    GETSLT
    6687   00:624F                          ; Slot in A, now get the address
    6688   00:624F  CD 1F 61                call    GETMEMPOINTER
    6689   00:6252                          ; HL has the address of our memory area, DNS ready is 8 bytes after start
    6690   00:6252  11 08 00                ld  de,MEMORY_DNS_READY_OFFSET
    6691   00:6255  19                      add hl,de
    6692   00:6256                          ; Ok, get it
    6693   00:6256  7E                      ld  a,(hl)
    6694   00:6257  E1                      pop hl
    6695   00:6258  D1                      pop de
    6696   00:6259  C1                      pop bc
    6697   00:625A  C9                      ret
    6698   00:625B                      
    6699   00:625B                      ;--- Set DNS redy in high memory
    6700   00:625B                      ;    Input:  A = new value
    6701   00:625B                      ;    Output: none
    6702   00:625B                      ;    Modifies: AF
    6703   00:625B                      
    6704   00:625B                      SETDNSREADY:
    6705   00:625B  C5                      push    bc
    6706   00:625C  D5                      push    de
    6707   00:625D  E5                      push    hl
    6708   00:625E  F5                      push    af                      ; Save parameter
    6709   00:625F  CD 96 60                call    GETSLT
    6710   00:6262                          ; Slot in A, now get the address
    6711   00:6262  CD 1F 61                call    GETMEMPOINTER
    6712   00:6265                          ; HL has the address of our memory area, DNS ready is 8 bytes after start
    6713   00:6265  11 08 00                ld  de,MEMORY_DNS_READY_OFFSET
    6714   00:6268  19                      add hl,de
    6715   00:6269                          ; HL has the address of DNS ready
    6716   00:6269  F1                      pop af                          ; Restore parameter
    6717   00:626A  77                      ld  (hl),a
    6718   00:626B  E1                      pop hl
    6719   00:626C  D1                      pop de
    6720   00:626D  C1                      pop bc
    6721   00:626E  C9                      ret
    6722   00:626F                      
    6723   00:626F                      ;--- Obtain DNS result saved in high memory
    6724   00:626F                      ;    Input:  none
    6725   00:626F                      ;    Output: HL DE = DNS result
    6726   00:626F                      ;    Modifies: AF
    6727   00:626F                      
    6728   00:626F                      GETDNSRESULT:
    6729   00:626F  C5                      push    bc
    6730   00:6270  CD 96 60                call    GETSLT
    6731   00:6273                          ; Slot in A, now get the address
    6732   00:6273  CD 1F 61                call    GETMEMPOINTER
    6733   00:6276                          ; HL has the address of our memory area, DNS result is 9 bytes after start
    6734   00:6276  11 09 00                ld  de,MEMORY_DNS_RES_OFFSET
    6735   00:6279  19                      add hl,de
    6736   00:627A                          ; Ok, get it, first bytes are hl
    6737   00:627A  5E                      ld  e,(hl)
    6738   00:627B  23                      inc hl
    6739   00:627C  56                      ld  d,(hl)
    6740   00:627D  D5                      push    de                      ; for now, save in stack, so we can restore to HL later
    6741   00:627E  23                      inc hl
    6742   00:627F  5E                      ld  e,(hl)
    6743   00:6280  23                      inc hl
    6744   00:6281  56                      ld  d,(hl)
    6745   00:6282  E1                      pop hl                          ; and now restore HL value from stack
    6746   00:6283  C1                      pop bc
    6747   00:6284  C9                      ret
    6748   00:6285                      
    6749   00:6285                      ;--- Set DNS result in high memory
    6750   00:6285                      ;    Input:  HL DE = new value
    6751   00:6285                      ;    Output: none
    6752   00:6285                      ;    Modifies: AF
    6753   00:6285                      
    6754   00:6285                      SETDNSRESULT:
    6755   00:6285  C5                      push    bc
    6756   00:6286  D5                      push    de
    6757   00:6287  E5                      push    hl
    6758   00:6288  CD 96 60                call    GETSLT
    6759   00:628B                          ; Slot in A, now get the address
    6760   00:628B  CD 1F 61                call    GETMEMPOINTER
    6761   00:628E                          ; HL has the address of our memory area, DNS result is 9 bytes after start
    6762   00:628E  11 09 00                ld  de,MEMORY_DNS_RES_OFFSET
    6763   00:6291  19                      add hl,de
    6764   00:6292                          ; HL has the address of DNS result
    6765   00:6292  C1                      pop bc                          ; Restore parameter HL in BC
    6766   00:6293  71                      ld  (hl),c
    6767   00:6294  23                      inc hl
    6768   00:6295  70                      ld  (hl),b
    6769   00:6296  D1                      pop de                          ; Restore parameter DE in DE
    6770   00:6297  23                      inc hl
    6771   00:6298  73                      ld  (hl),e
    6772   00:6299  23                      inc hl
    6773   00:629A  72                      ld  (hl),d
    6774   00:629B  69                      ld  l,c
    6775   00:629C  60                      ld  h,b                         ; And HL is restored
    6776   00:629D  C1                      pop bc                          ; Restore BC
    6777   00:629E  C9                      ret
    6778   00:629F                      
    6779   00:629F                      ;--- Convert a character to upper-case if it is a lower-case letter
    6780   00:629F                      TOUPPER:
    6781   00:629F  FE 61                   cp  "a"
    6782   00:62A1  D8                      ret c
    6783   00:62A2  FE 7B                   cp  "z"+1
    6784   00:62A4  D0                      ret nc
    6785   00:62A5  E6 DF                   and #DF
    6786   00:62A7  C9                      ret
    6787   00:62A8                      
    6788   00:62A8                      ;*********************************************
    6789   00:62A8                      ;***       WAIT_RESPONSE_FROM_ESP          ***
    6790   00:62A8                      ;*** Will wait ESP to send a response,     ***
    6791   00:62A8                      ;*** discarding all data until it is found.***
    6792   00:62A8                      ;***                                       ***
    6793   00:62A8                      ;*** Inputs:                               ***
    6794   00:62A8                      ;*** HL - Expected response string         ***
    6795   00:62A8                      ;*** A - Response Size                     ***
    6796   00:62A8                      ;*** DE - TimeOut in ticks                 ***
    6797   00:62A8                      ;***                                       ***
    6798   00:62A8                      ;*** Output:                               ***
    6799   00:62A8                      ;*** A - 0 if response received            ***
    6800   00:62A8                      ;*** otherwise response not received and   ***
    6801   00:62A8                      ;*** timed-out.                            ***
    6802   00:62A8                      ;***                                       ***
    6803   00:62A8                      ;*** Changes HL, BC, AF, DE, IX            ***
    6804   00:62A8                      ;*********************************************
    6805   00:62A8                      WRFE_WAIT_DATA:
    6806   00:62A8                          LOAD_STS_PORT_IN_A
    6806   00:62A8  3A 07 7F          >     ld  a,(MEM_IN_STS_PORT)
    6807   00:62AB  CB 6F                   bit 5,a                         ; If nz Port #07 is not available
    6808   00:62AD  20 06                   jr  nz,WRFE_STS_NOT_AVAILABLE
    6809   00:62AF  CB 47                   bit 0,a                         ; if nz has data
    6810   00:62B1  C0                      ret nz
    6811   00:62B2  1B                      dec de
    6812   00:62B3  76                      halt
    6813   00:62B4  C9                      ret
    6814   00:62B5                      WRFE_STS_NOT_AVAILABLE:
    6815   00:62B5  11 00 00                ld  de,0
    6816   00:62B8  AF                      xor a
    6817   00:62B9  C9                      ret
    6818   00:62BA                      
    6819   00:62BA                      WRFE_COMPARE:
    6820   00:62BA  47                      ld  b,a
    6821   00:62BB  7E                      ld  a,(hl)
    6822   00:62BC  B8                      cp  b
    6823   00:62BD  C0                      ret nz
    6824   00:62BE  23                      inc hl
    6825   00:62BF  C9                      ret
    6826   00:62C0                      
    6827   00:62C0                      WAIT_RESPONSE_FROM_ESP:
    6828   00:62C0  4F                      ld  c,a                         ; Response size in C
    6829   00:62C1  E5                      push    hl                      ; Save HL
    6830   00:62C2  AF                      xor a
    6831   00:62C3                      WRFE_ST1:
    6832   00:62C3  DD 67                   ld  ixh,a                       ; We start at index 0
    6833   00:62C5                      
    6834   00:62C5                      WRFE_LOOP:
    6835   00:62C5  CD A8 62                call    WRFE_WAIT_DATA
    6836   00:62C8  20 07                   jr  nz,WRFE_LOOP.1
    6837   00:62CA  7B                      ld  a,e
    6838   00:62CB  B2                      or  d
    6839   00:62CC  CA EC 62                jp  z,WRFE_RET_ERROR
    6840   00:62CF  18 F4                   jr  WRFE_LOOP
    6841   00:62D1                      WRFE_LOOP.1:
    6842   00:62D1                          ; nz, check the data
    6843   00:62D1                          RECEIVE_DATA
    6843   00:62D1  3A 06 7F          >     ld a,(MEM_IN_DATA_PORT)
    6844   00:62D4                          ; Ok, now the byte is in A, let's compare
    6845   00:62D4                      WRFE_IDXCMD:
    6846   00:62D4  CD BA 62                call WRFE_COMPARE
    6847   00:62D7                          ; if match
    6848   00:62D7  28 07                   jr  z,WRFE_RSP_MATCH
    6849   00:62D9                          ; did not match, let's zero the rsp index
    6850   00:62D9  AF                      xor a
    6851   00:62DA  DD 67                   ld  ixh,a                       ; re-start at index 0
    6852   00:62DC  E1                      pop hl                          ; restore the response index
    6853   00:62DD  E5                      push    hl                      ; and keep it in stack
    6854   00:62DE                          ; back to get another byte
    6855   00:62DE  18 E5                   jr  WRFE_LOOP
    6856   00:62E0                      WRFE_RSP_MATCH:
    6857   00:62E0                          ; match
    6858   00:62E0  DD 24                   inc ixh
    6859   00:62E2  DD 7C                   ld  a,ixh
    6860   00:62E4  B9                      cp  c
    6861   00:62E5                          ; if a = c done and response is success
    6862   00:62E5  28 02                   jr  z,WRFE_RET_OK
    6863   00:62E7                          ; not done, back to get more bytes
    6864   00:62E7  18 DC                   jr  WRFE_LOOP
    6865   00:62E9                      WRFE_RET_OK:
    6866   00:62E9  E1                      pop hl
    6867   00:62EA  AF                      xor a
    6868   00:62EB  C9                      ret
    6869   00:62EC                      WRFE_RET_ERROR:
    6870   00:62EC  E1                      pop hl
    6871   00:62ED  3E 01                   ld  a,1
    6872   00:62EF  C9                      ret
    6873   00:62F0                      
    6874   00:62F0                      ;*********************************************
    6875   00:62F0                      ;***            CHECK_ESP_TYPE             ***
    6876   00:62F0                      ;*** Always flags the SSH check as done.   ***
    6877   00:62F0                      ;*** If ESP32, flags it and probes if SSH  ***
    6878   00:62F0                      ;*** commands are supported.               ***
    6879   00:62F0                      ;*** If ESP32, NZ will be set and A = 1, if***
    6880   00:62F0                      ;*** not NZ will be reset and A=0          ***
    6881   00:62F0                      ;*********************************************
    6882   00:62F0                      CHECK_ESP_TYPE:
    6883   00:62F0  E5                      push    hl
    6884   00:62F1  D5                      push    de
    6885   00:62F2  FD E5                   push    iy
    6886   00:62F4  DD E5                   push    ix
    6887   00:62F6                          CLEAR_UART                      ; Clear UART
    6887   00:62F6  3E 14             >     ld  a,20
    6887   00:62F8  32 06 7F          >     ld  (MEM_OUT_CMD_PORT),a
    6888   00:62FB  3E 62                   ld  a,CMD_GET_FW_TYPE
    6889   00:62FD                          SEND_DATA
    6889   00:62FD  32 07 7F          >     ld  (MEM_OUT_TX_PORT),a
    6890   00:6300  21 06 00                ld  hl,6                        ; Wait up to 100ms
    6891   00:6303  ED 5B 76 F6             ld  de,(TXTTAB)                 ; Borrow Basic program area for now....
    6892   00:6307  DD 6B                   ld  ixl,e
    6893   00:6309  DD 62                   ld  ixh,d                       ; Address in IX
    6894   00:630B  CD 75 4B                call    WAIT_MENU_CMD_RESPONSE
    6895   00:630E  F5                      push    af                      ; Keep result (1 = ESP32, 0 = not)
    6896   00:630F  CD 96 60                call    GETSLT
    6897   00:6312  CD 03 61                call    GETMEMPOINTERADDR       ; This is where we are going to store our memory area address
    6898   00:6315  11 02 00                ld  de,2
    6899   00:6318  19                      add hl,de                       ; HL = our flags byte
    6900   00:6319  F1                      pop af
    6901   00:631A  28 0A                   jr  z,CHECK_ESP_TYPE_NO32
    6902   00:631C                          ; ESP32 found: probed + ESP32, then check SSH support
    6903   00:631C  36 81                   ld  (hl),ESPFLAG_SSH_PROBED+ESPFLAG_ESP32
    6904   00:631E  CD 30 63                call    PROBE_ESP_SSH           ; Sets/clears ESPFLAG_SSH
    6905   00:6321  3E 01                   ld  a,1
    6906   00:6323  B7                      or  a                           ; NZ = ESP32, as before
    6907   00:6324  18 03                   jr  CHECK_ESP_TYPE_END
    6908   00:6326                      CHECK_ESP_TYPE_NO32:
    6909   00:6326                          ; No ESP32 means no SSH support either, and SSH was probed
    6910   00:6326  36 80                   ld  (hl),ESPFLAG_SSH_PROBED
    6911   00:6328  AF                      xor a                           ; Z = not ESP32, as before
    6912   00:6329                      CHECK_ESP_TYPE_END:
    6913   00:6329  DD E1                   pop ix
    6914   00:632B  FD E1                   pop iy
    6915   00:632D  D1                      pop de
    6916   00:632E  E1                      pop hl
    6917   00:632F  C9                      ret
    6918   00:6330                      
    6919   00:6330                      ;*********************************************
    6920   00:6330                      ;***             PROBE_ESP_SSH             ***
    6921   00:6330                      ;*** Sends an SSH GET_CAPAB request for    ***
    6922   00:6330                      ;*** block 1 (81h 00h 01h 01h) and accepts ***
    6923   00:6330                      ;*** 81h 00h or 81h 04h as SSH support.    ***
    6924   00:6330                      ;*** Sets/clears ESPFLAG_SSH and marks the ***
    6925   00:6330                      ;*** check as done. Called from boot only. ***
    6926   00:6330                      ;*** Output: NZ if SSH is supported        ***
    6927   00:6330                      ;*********************************************
    6928   00:6330                      PROBE_ESP_SSH:
    6929   00:6330  C5                      push    bc
    6930   00:6331  D5                      push    de
    6931   00:6332  E5                      push    hl
    6932   00:6333  CD 96 60                call    GETSLT
    6933   00:6336  CD 03 61                call    GETMEMPOINTERADDR
    6934   00:6339  11 02 00                ld  de,2
    6935   00:633C  19                      add hl,de                       ; Our flags byte
    6936   00:633D  E5                      push    hl                      ; Keep its address
    6937   00:633E  CB FE                   set 7,(hl)                      ; SSH check is done
    6938   00:6340  CB 8E                   res 1,(hl)                      ; Assume SSH is not supported
    6939   00:6342                          CLEAR_UART                      ; Clear UART
    6939   00:6342  3E 14             >     ld  a,20
    6939   00:6344  32 06 7F          >     ld  (MEM_OUT_CMD_PORT),a
    6940   00:6347  3E 81                   ld  a,#81                       ; SSH GET_CAPAB command
    6941   00:6349                          SEND_DATA
    6941   00:6349  32 07 7F          >     ld  (MEM_OUT_TX_PORT),a
    6942   00:634C  AF                      xor a
    6943   00:634D                          SEND_DATA                       ; Command size MSB
    6943   00:634D  32 07 7F          >     ld  (MEM_OUT_TX_PORT),a
    6944   00:6350  3C                      inc a
    6945   00:6351                          SEND_DATA                       ; Command size LSB
    6945   00:6351  32 07 7F          >     ld  (MEM_OUT_TX_PORT),a
    6946   00:6354                          SEND_DATA                       ; Block index (1)
    6946   00:6354  32 07 7F          >     ld  (MEM_OUT_TX_PORT),a
    6947   00:6357  21 02 00                ld  hl,2                        ; Wait up to 2 frames
    6948   00:635A                      PROBE_ESP_SSH_ST1:
    6949   00:635A                          CHECK_DATA
    6949   00:635A  3A 07 7F          >     ld  a,(MEM_IN_STS_PORT)
    6949   00:635D  CB 47             >     bit 0,a
    6950   00:635F  20 07                   jr  nz,PROBE_ESP_SSH_ST1.1
    6951   00:6361  CD 97 4C                call    HLTIMEOUT
    6952   00:6364  20 F4                   jr  nz,PROBE_ESP_SSH_ST1
    6953   00:6366  18 23                   jr  PROBE_ESP_SSH_END           ; Time-out, not supported
    6954   00:6368                      PROBE_ESP_SSH_ST1.1:
    6955   00:6368                          RECEIVE_DATA
    6955   00:6368  3A 06 7F          >     ld a,(MEM_IN_DATA_PORT)
    6956   00:636B  FE 81                   cp  #81                         ; Is response of our command?
    6957   00:636D  20 EB                   jr  nz,PROBE_ESP_SSH_ST1
    6958   00:636F                      PROBE_ESP_SSH_ST2:
    6959   00:636F                          CHECK_DATA
    6959   00:636F  3A 07 7F          >     ld  a,(MEM_IN_STS_PORT)
    6959   00:6372  CB 47             >     bit 0,a
    6960   00:6374  20 07                   jr  nz,PROBE_ESP_SSH_ST2.1
    6961   00:6376  CD 97 4C                call    HLTIMEOUT
    6962   00:6379  20 F4                   jr  nz,PROBE_ESP_SSH_ST2
    6963   00:637B  18 0E                   jr  PROBE_ESP_SSH_END           ; Time-out, not supported
    6964   00:637D                      PROBE_ESP_SSH_ST2.1:
    6965   00:637D                          RECEIVE_DATA
    6965   00:637D  3A 06 7F          >     ld a,(MEM_IN_DATA_PORT)
    6966   00:6380  B7                      or  a                           ; Error code 0?
    6967   00:6381  28 04                   jr  z,PROBE_ESP_SSH_OK
    6968   00:6383  FE 04                   cp  4                           ; Error code 4?
    6969   00:6385  20 04                   jr  nz,PROBE_ESP_SSH_END        ; Anything else, not supported
    6970   00:6387                      PROBE_ESP_SSH_OK:
    6971   00:6387  E1                      pop hl
    6972   00:6388  CB CE                   set 1,(hl)                      ; SSH is supported
    6973   00:638A  E5                      push    hl
    6974   00:638B                      PROBE_ESP_SSH_END:
    6975   00:638B                          CLEAR_UART                      ; Consume/discard remaining response
    6975   00:638B  3E 14             >     ld  a,20
    6975   00:638D  32 06 7F          >     ld  (MEM_OUT_CMD_PORT),a
    6976   00:6390  E1                      pop hl
    6977   00:6391  7E                      ld  a,(hl)
    6978   00:6392  E6 02                   and ESPFLAG_SSH
    6979   00:6394  E1                      pop hl
    6980   00:6395  D1                      pop de
    6981   00:6396  C1                      pop bc
    6982   00:6397  C9                      ret
    6983   00:6398                      
    6984   00:6398                      ;*********************************************
    6985   00:6398                      ;***         PRINT_INSTALLED_MSG           ***
    6986   00:6398                      ;*** ESP8266: prints installed message.    ***
    6987   00:6398                      ;*** ESP32: uses the 'b' (Get Board)       ***
    6988   00:6398                      ;*** command to print the board ID.        ***
    6989   00:6398                      ;*********************************************
    6990   00:6398                      PRINT_INSTALLED_MSG:
    6991   00:6398  C5                      push    bc
    6992   00:6399  D5                      push    de
    6993   00:639A  FD E5                   push    iy
    6994   00:639C  DD E5                   push    ix
    6995   00:639E  CD 1B 62                call    GETESPTYPE
    6996   00:63A1  28 48                   jr  z,PRINT_INST_8266           ; Not an ESP32, no need to ask
    6997   00:63A3                          ; ESP32, let's get the board identification string
    6998   00:63A3                          CLEAR_UART                      ; Clear UART
    6998   00:63A3  3E 14             >     ld  a,20
    6998   00:63A5  32 06 7F          >     ld  (MEM_OUT_CMD_PORT),a
    6999   00:63A8  3E 62                   ld  a,CMD_GET_FW_TYPE           ; 'b' Get Board, ESP32 only
    7000   00:63AA                          SEND_DATA
    7000   00:63AA  32 07 7F          >     ld  (MEM_OUT_TX_PORT),a
    7001   00:63AD  21 06 00                ld  hl,6                        ; Wait up to 100ms
    7002   00:63B0  ED 5B 76 F6             ld  de,(TXTTAB)                 ; Borrow Basic program area for now....
    7003   00:63B4  DD 6B                   ld  ixl,e
    7004   00:63B6  DD 62                   ld  ixh,d                       ; Address in IX
    7005   00:63B8  CD 75 4B                call    WAIT_MENU_CMD_RESPONSE
    7006   00:63BB  28 26                   jr  z,PRINT_INST_32             ; No answer, just tell it is an ESP32
    7007   00:63BD                          ; Response size is in BC, board ID copied at (TXTTAB)
    7008   00:63BD  78                      ld  a,b
    7009   00:63BE  B7                      or  a                           ; Size above 255?
    7010   00:63BF  20 22                   jr  nz,PRINT_INST_32            ; Then just tell it is an ESP32
    7011   00:63C1  79                      ld  a,c
    7012   00:63C2  B7                      or  a                           ; Size zero?
    7013   00:63C3  28 1E                   jr  z,PRINT_INST_32             ; Then just tell it is an ESP32
    7014   00:63C5  FE 18                   cp  24                          ; More than 23 chars?
    7015   00:63C7  30 1A                   jr  nc,PRINT_INST_32            ; Then just tell it is an ESP32
    7016   00:63C9  2A 76 F6                ld  hl,(TXTTAB)
    7017   00:63CC  09                      add hl,bc
    7018   00:63CD  36 00                   ld  (hl),0                      ; Ensure the string is terminated
    7019   00:63CF  21 DC 71                ld  hl,OK_INST_PRE              ; "Installed "
    7020   00:63D2  CD 9D 4C                call    PRINTHL
    7021   00:63D5  2A 76 F6                ld  hl,(TXTTAB)
    7022   00:63D8  CD 9D 4C                call    PRINTHL                 ; Board identification string
    7023   00:63DB  21 E7 71                ld  hl,OK_INST_SUF              ; " successfully!"
    7024   00:63DE  CD 9D 4C                call    PRINTHL
    7025   00:63E1  18 0E                   jr  PRINT_INST_END
    7026   00:63E3                      PRINT_INST_32:
    7027   00:63E3  21 BB 71                ld  hl,OK_ESP32                 ; Installed ESP32 successfully!
    7028   00:63E6  CD 9D 4C                call    PRINTHL
    7029   00:63E9  18 06                   jr  PRINT_INST_END
    7030   00:63EB                      PRINT_INST_8266:
    7031   00:63EB  21 98 71                ld  hl,OK_ESP8266               ; Installed ESP8266 successfully!
    7032   00:63EE  CD 9D 4C                call    PRINTHL
    7033   00:63F1                      PRINT_INST_END:
    7034   00:63F1  DD E1                   pop ix
    7035   00:63F3  FD E1                   pop iy
    7036   00:63F5  D1                      pop de
    7037   00:63F6  C1                      pop bc
    7038   00:63F7  C9                      ret
    7039   00:63F8                      
    7040   00:63F8                      ;*********************************************
    7041   00:63F8                      ;***              RESET ESP                ***
    7042   00:63F8                      ;*** If RESET ok, A will be 0, otherwise   ***
    7043   00:63F8                      ;*** failure                               ***
    7044   00:63F8                      ;*********************************************
    7045   00:63F8                      RESET_ESP:
    7046   00:63F8                          ; Is ESP installed?
    7047   00:63F8                          CLEAR_UART                      ; Clear UART
    7047   00:63F8  3E 14             >     ld  a,20
    7047   00:63FA  32 06 7F          >     ld  (MEM_OUT_CMD_PORT),a
    7048   00:63FD  3E 3F                   ld  a,CMD_QUERY_ESP
    7049   00:63FF                          SEND_DATA
    7049   00:63FF  32 07 7F          >     ld  (MEM_OUT_TX_PORT),a
    7050   00:6402  21 97 65                ld  hl,RSP_CMD_QUERY_ESP        ; Expected response
    7051   00:6405  11 3C 00                ld  de,60                       ; Up to 1s @ 60Hz
    7052   00:6408  3E 02                   ld  a,RSP_CMD_QUERY_ESP_SIZE    ; Size of response
    7053   00:640A  CD C0 62                call    WAIT_RESPONSE_FROM_ESP
    7054   00:640D  B7                      or  a
    7055   00:640E  3E 01                   ld  a,1
    7056   00:6410  28 03                   jr  z,RESET_ESP_INIT            ; ESP Found
    7057   00:6412  06 00                   ld  b,0                         ; 0 if no response
    7058   00:6414  C9                      ret
    7059   00:6415                      RESET_ESP_INIT:
    7060   00:6415  06 03                   ld  b,3                         ; Retry up to 10 times
    7061   00:6417                      RESET_ESP_LOOP:
    7062   00:6417                          CLEAR_UART
    7062   00:6417  3E 14             >     ld  a,20
    7062   00:6419  32 06 7F          >     ld  (MEM_OUT_CMD_PORT),a
    7063   00:641C                          SET_SPEED
    7063   00:641C  AF                >     xor a
    7063   00:641D  32 06 7F          >     ld  (MEM_OUT_CMD_PORT),a
    7064   00:6420  76                      halt
    7065   00:6421  76                      halt                            ; Wait a little to make sure speed is adjusted
    7066   00:6422  3E 57                   ld  a,CMD_WRESET_ESP
    7067   00:6424                          SEND_DATA
    7067   00:6424  32 07 7F          >     ld  (MEM_OUT_TX_PORT),a
    7068   00:6427  21 92 65                ld  hl,RSP_CMD_RESET_ESP        ; Expected response
    7069   00:642A  11 5A 00                ld  de,90                       ; Up to 1.5s @ 60Hz
    7070   00:642D  3E 05                   ld  a,RSP_CMD_RESET_ESP_SIZE    ; Size of response
    7071   00:642F  C5                      push    bc                      ; Save retry counter
    7072   00:6430  CD C0 62                call    WAIT_RESPONSE_FROM_ESP
    7073   00:6433  C1                      pop bc                          ; restore retry counter
    7074   00:6434  B7                      or  a                           ; Did WAIT RESPONSE return zero?
    7075   00:6435  C8                      ret z                           ; Yes, Warm Reset Ok
    7076   00:6436  10 DF                   djnz RESET_ESP_LOOP             ; No, decrement retry counter and let the loop check
    7077   00:6438                          ; No more retries? Then check if it is old ESP FW
    7078   00:6438                      RESET_CHK_IF_INSTALLED:
    7079   00:6438                          ; No more retries? Then it is old ESP FW
    7080   00:6438  06 01                   ld  b,1
    7081   00:643A  C9                      ret
    7082   00:643B                      
    7083   00:643B                      ;*********************************************
    7084   00:643B                      ;***              SET TIME                 ***
    7085   00:643B                      ;*** H - Hour                              ***
    7086   00:643B                      ;*** L - Minutes                           ***
    7087   00:643B                      ;*** D - Seconds                           ***
    7088   00:643B                      ;***                                       ***
    7089   00:643B                      ;*** A - 0 if Ok otherwise invalid time    ***
    7090   00:643B                      ;*********************************************
    7091   00:643B                      SET_TIME:
    7092   00:643B  7C                      ld  a,h                         ; Hour in A
    7093   00:643C  FE 18                   cp  24                          ; Compare to 24
    7094   00:643E  30 12                   jr  nc,SET_TIME_ERR             ; If 24 or more, invalid
    7095   00:6440  7D                      ld  a,l                         ; Minutes in A
    7096   00:6441  FE 3C                   cp  60                          ; Compare to 60
    7097   00:6443  30 0D                   jr  nc,SET_TIME_ERR             ; If 60 or more, invalid
    7098   00:6445  7A                      LD  a,d                         ; Seconds in D
    7099   00:6446  FE 3C                   cp  60                          ; Compare to 60
    7100   00:6448  30 08                   jr  nc,SET_TIME_ERR             ; If 60 or more invalid
    7101   00:644A  44                      ld  b,h                         ; Hour in B
    7102   00:644B  4D                      ld  c,l                         ; Minutes in C
    7103   00:644C  5A                      ld  e,d                         ; Seconds in E
    7104   00:644D  CD 55 64                call    SET_RTC_TIME            ; Set time in RTC
    7105   00:6450  AF                      xor a                           ; 0 in A
    7106   00:6451  C9                      ret                             ; Return
    7107   00:6452                      ;   Invalid parameter
    7108   00:6452                      SET_TIME_ERR:
    7109   00:6452  3E 01                   ld  a,1                         ; Invalid Time
    7110   00:6454  C9                      ret                             ; Return
    7111   00:6455                      
    7112   00:6455                      SET_RTC_TIME:
    7113   00:6455  6B                      ld  l,e                         ; Seconds in L
    7114   00:6456  61                      ld  h,c                         ; Minutes in H
    7115   00:6457  50                      ld  d,b                         ; Hour in D
    7116   00:6458  CD B0 64                call    STOP_RTC_COUNT_SET_MODE0; Select RTC Register 13, and set Mode / Page 0
    7117   00:645B  3E 0F                   ld  a,#F                        ; Register F
    7118   00:645D  D3 B4                   out (#B4),a
    7119   00:645F  3E 02                   ld  a,2
    7120   00:6461  D3 B5                   out (#B5),a                     ; Timer reset seconds and on both clock pulses
    7121   00:6463  1E 00                   ld  e,0                         ; Start at register 0
    7122   00:6465  C3 EB 64                jp  SET_RTC_DATE.1              ; And save L, H and D, function will return from there
    7123   00:6468                      
    7124   00:6468                      ;*********************************************
    7125   00:6468                      ;***              SET DATE                 ***
    7126   00:6468                      ;*** HL - Year from 1980 to 2079           ***
    7127   00:6468                      ;*** D - Month from 1 to 12                ***
    7128   00:6468                      ;*** E - Day from 1 to 31                  ***
    7129   00:6468                      ;***                                       ***
    7130   00:6468                      ;*** A - 0 if Ok otherwise invalid Date    ***
    7131   00:6468                      ;*********************************************
    7132   00:6468                      SET_DATE:
    7133   00:6468  01 44 F8                ld  bc,#F844
    7134   00:646B  09                      add hl,bc
    7135   00:646C  30 32                   jr  nc,SET_DATE_ERR             ; No carry -> Year is less than 1980, invalid date
    7136   00:646E  7C                      ld  a,h
    7137   00:646F  B7                      or  a
    7138   00:6470  20 2E                   jr  nz,SET_DATE_ERR             ; If H is set, means year is greater than 2235 ,invalid
    7139   00:6472  7D                      ld  a,l
    7140   00:6473  FE 64                   cp  100
    7141   00:6475  30 29                   jr  nc,SET_DATE_ERR             ; If L >= 100 year is greater than 2079, invalid
    7142   00:6477  47                      ld  b,a                         ; Year - 1980 in B
    7143   00:6478  7A                      ld  a,d                         ; Now test month
    7144   00:6479  3D                      dec a
    7145   00:647A  FE 0C                   cp  12                          ; If 12 or less this should carry
    7146   00:647C  30 22                   jr  nc,SET_DATE_ERR             ; otherwise invalid
    7147   00:647E  21 A3 64                ld  hl,DAYS_IN_MONTH            ; Days in Month table
    7148   00:6481  85                      add a,l                         ; add our month
    7149   00:6482  6F                      ld  l,a                         ; back in L
    7150   00:6483  30 01                   jr  nc,SET_DATE1                ; no carry done
    7151   00:6485  24                      inc h                           ; otherwise increase H
    7152   00:6486                      SET_DATE1:
    7153   00:6486  3E 1C                   ld  a,28                        ; 28 days
    7154   00:6488  BE                      cp  (hl)                        ; If month is 28 days, February, need to check if leap and limit is 29 in this year
    7155   00:6489  20 08                   jr  nz,SET_DATE2                ; if not, skip below code , so probably above check is if month is february
    7156   00:648B  78                      ld  a,b                         ; Year - 1980 in A again
    7157   00:648C  E6 03                   and 3                           ; if other than 0, non divisible per 4, so not a leap year
    7158   00:648E  20 03                   jr  nz,SET_DATE2                ; Regular year
    7159   00:6490  21 AF 64                ld  hl,DAYS_IN_FEBRUARY_LEAP    ; HL has address of 29 days, maximum number of days for february in leap year
    7160   00:6493                      SET_DATE2:
    7161   00:6493  7B                      ld  a,e                         ; Day of month in A
    7162   00:6494  3D                      dec a                           ; Decrement
    7163   00:6495  BE                      cp  (hl)                        ; Compare with Days in month
    7164   00:6496  30 08                   jr  nc,SET_DATE_ERR             ; If day is greater than how many days in month, invalid
    7165   00:6498  6B                      ld  l,e                         ; Day of month in L
    7166   00:6499  62                      ld  h,d                         ; Month in H
    7167   00:649A  50                      ld  d,b                         ; Year - 1980 in D
    7168   00:649B  CD D5 64                call    SET_RTC_DATE            ; Set date in RTC
    7169   00:649E  AF                      xor a                           ; A = 0
    7170   00:649F  C9                      ret                             ; Success
    7171   00:64A0                      ;   Invalid parameter
    7172   00:64A0                      SET_DATE_ERR:
    7173   00:64A0  3E 01                   ld  a,1
    7174   00:64A2  C9                      ret
    7175   00:64A3                      
    7176   00:64A3                      ; Table of top day value for each month
    7177   00:64A3                      DAYS_IN_MONTH:          db  31,28,31,30,31,30,31,31,30,31,30,31
    7177   00:64A3  1F 1C 1F 1E 1F 1E 1F 1F 1E 1F 1E 1F 
    7178   00:64AF                      ; And top day value in February when Leap Year
    7179   00:64AF  1D                  DAYS_IN_FEBRUARY_LEAP:  db  29
    7180   00:64B0                      
    7181   00:64B0                      ; Will select Mode 00 (Date and Time page) and stop clock counting
    7182   00:64B0                      ; Register D value will be left in A
    7183   00:64B0                      STOP_RTC_COUNT_SET_MODE0:
    7184   00:64B0  3E 0D                   ld  a,#D
    7185   00:64B2  D3 B4                   out (#B4),a                     ; Select RTC register D (mode)
    7186   00:64B4  DB B5                   in  a,(#B5)                     ; read register D
    7187   00:64B6  E6 04                   and 4                           ; Save Alarm EN setting, and mode register is 00 and stop counting time
    7188   00:64B8  D3 B5                   out (#B5),a                     ; And save
    7189   00:64BA  C9                      ret
    7190   00:64BB                      
    7191   00:64BB                      ; Will get a non BCD value in A, convert it to BCD and then save it in
    7192   00:64BB                      ; a register pair that starts in the register indicated in E
    7193   00:64BB                      ; Register E will have the next register after that register pair
    7194   00:64BB                      RTC_SAVE_REGISTERPAIR:
    7195   00:64BB  4F                      ld  c,a                         ; Save A in C
    7196   00:64BC  AF                      xor a                           ; 0 in A
    7197   00:64BD  06 08                   ld  b,8                         ; 8 in B, number of bits for conversion
    7198   00:64BF                      RTC_SAVE_REGISTERPAIR.1:
    7199   00:64BF  CB 01                   rlc c                           ; Leftmost bit in Carry
    7200   00:64C1  8F                      adc a,a                         ; A = (A * 2) + Carry
    7201   00:64C2  27                      daa                             ; decimal adjust A, shift = BCD x 2 + carry
    7202   00:64C3  10 FA                   djnz    RTC_SAVE_REGISTERPAIR.1 ; Repeat for 8 bits
    7203   00:64C5  CD CC 64                call    SET_RTC_REG             ; Save LSB in register and increase register address
    7204   00:64C8  0F                      rrca
    7205   00:64C9  0F                      rrca
    7206   00:64CA  0F                      rrca
    7207   00:64CB  0F                      rrca                            ; now MSB is in LSB position
    7208   00:64CC                      SET_RTC_REG:
    7209   00:64CC  47                      ld  b,a                         ; save value to set in B
    7210   00:64CD  7B                      ld  a,e                         ; and now register address in A
    7211   00:64CE  D3 B4                   out (#B4),a                     ; The register we want to set
    7212   00:64D0  78                      ld  a,b                         ; restore value
    7213   00:64D1  D3 B5                   out (#B5),a                     ; save it
    7214   00:64D3  1C                      inc e                           ; increase register address, as this usually is done in pairs
    7215   00:64D4  C9                      ret
    7216   00:64D5                      
    7217   00:64D5                      ; Auxiliary function for SET_DATE and SET_TIME
    7218   00:64D5                      ; SET_RTC_DATE will save date, parameters:
    7219   00:64D5                      ; L - Day
    7220   00:64D5                      ; H - Month
    7221   00:64D5                      ; D - Years since 1980
    7222   00:64D5                      ; All values are regular values, this function will properly convert them
    7223   00:64D5                      ;
    7224   00:64D5                      ; SET_RTC_DATE.1 is used by SET_TIME as well
    7225   00:64D5                      ; It will save three register pairs, starting with the register in E
    7226   00:64D5                      ; First pair is updated with value in L
    7227   00:64D5                      ; Second pair is updated with value in H
    7228   00:64D5                      ; Third pair is updated with value in D
    7229   00:64D5                      SET_RTC_DATE:
    7230   00:64D5  CD B0 64                call    STOP_RTC_COUNT_SET_MODE0; Select RTC Register 13, and set Mode / Page 0
    7231   00:64D8  F6 01                   or  1                           ; Set Bit 0, so Mode / Page 1
    7232   00:64DA  D3 B5                   out (#B5),a                     ; save it in register 13, now page 1 selected
    7233   00:64DC  3E 0B                   ld  a,#B                        ; Leap Year Counter Register
    7234   00:64DE  D3 B4                   out (#B4),a                     ; Select it
    7235   00:64E0  7A                      ld  a,d                         ; Load Years in leap year counter
    7236   00:64E1  D3 B5                   out (#B5),a                     ; So it has count of leap years (0 is 1980, leap, and every time it is 4, leap year again)
    7237   00:64E3  CD B0 64                call    STOP_RTC_COUNT_SET_MODE0; Select RTC Register 13 and set mode / page 0
    7238   00:64E6  CD B0 64                call    STOP_RTC_COUNT_SET_MODE0; do it a second time... DOS does it, don't want to JYNX it :P
    7239   00:64E9  1E 07                   ld  e,7                         ; Register 7
    7240   00:64EB                      SET_RTC_DATE.1:
    7241   00:64EB  7D                      ld  a,l                         ; A has day
    7242   00:64EC  CD BB 64                call    RTC_SAVE_REGISTERPAIR   ; Will convert day to BCD and save in registers 7 and 8
    7243   00:64EF  7C                      ld  a,h                         ; A has month
    7244   00:64F0  CD BB 64                call    RTC_SAVE_REGISTERPAIR   ; Will convert month to BCD and save in register 9 and A
    7245   00:64F3  7A                      ld  a,d                         ; A has how many years since 1980
    7246   00:64F4  CD BB 64                call    RTC_SAVE_REGISTERPAIR   ; Will convert to BCD and save in register B and C
    7247   00:64F7  3E 0D                   ld  a,#D                        ; Register D
    7248   00:64F9  D3 B4                   out (#B4),a                     ; Send it
    7249   00:64FB  DB B5                   in  a,(#B5)                     ; Read its value
    7250   00:64FD  F6 08                   or  8                           ; Start counting time again
    7251   00:64FF  D3 B5                   out (#B5),a                     ; Send
    7252   00:6501  C9                      ret
    7253   00:6502                      
    7254   00:6502                      ; Pattern setup routine
    7255   00:6502                      PATTERN_SETUP:
    7256   00:6502  AF                      xor a                           ; Bit-16, V9938 and V9958 only
    7257   00:6503  21 88 00                ld  hl,#0088                    ; Bit-15 to 0, pattern base address = #0088
    7258   00:6506  CD 76 65                call SET_VDP_WRITE
    7259   00:6509  21 16 65                ld  hl,PATTERN_DATA             ; Point to hl
    7260   00:650C  06 60                   ld  b,8*12                      ; Redraw 12 chars, max 12 chars are suggested
    7261   00:650E  0E 98                   ld  c,#98                       ; port #98
    7262   00:6510                      OUTI_TO_VRAM_TMS9918:
    7263   00:6510  ED A3                   outi                            ; Slower than otir but useful on TMS9918 which requires 29 T-states
    7264   00:6512  C2 10 65                jp  nz,OUTI_TO_VRAM_TMS9918     ; Therefore, don't use 'djnz' here!
    7265   00:6515  C9                      ret
    7266   00:6516                      PATTERN_DATA:
    7267   00:6516                      ; Pattern-01 is CHR$(1)+CHR$(81) = SCAN_TERMINATOR_OPEN
    7268   00:6516  06                      db  %00000110
    7269   00:6517  09                      db  %00001001
    7270   00:6518  09                      db  %00001001
    7271   00:6519  FC                      db  %11111100                   ; "Opened Padlock"
    7272   00:651A  FC                      db  %11111100
    7273   00:651B  FC                      db  %11111100
    7274   00:651C  FC                      db  %11111100
    7275   00:651D  00                      db  %00000000
    7276   00:651E                      ; Pattern-02 is CHR$(1)+CHR$(82) = SCAN_TERMINATOR_ENC
    7277   00:651E  30                      db  %00110000
    7278   00:651F  48                      db  %01001000
    7279   00:6520  48                      db  %01001000
    7280   00:6521  FC                      db  %11111100                   ; "Closed Padlock"
    7281   00:6522  FC                      db  %11111100
    7282   00:6523  FC                      db  %11111100
    7283   00:6524  FC                      db  %11111100
    7284   00:6525  00                      db  %00000000
    7285   00:6526                      ; Pattern-03 is CHR$(1)+CHR$(83) = Wi-Fi Connected to the AP:
    7286   00:6526  00                      db  %00000000
    7287   00:6527  00                      db  %00000000
    7288   00:6528  70                      db  %01110000
    7289   00:6529  70                      db  %01110000                   ; "Full Access Point"
    7290   00:652A  70                      db  %01110000
    7291   00:652B  20                      db  %00100000
    7292   00:652C  20                      db  %00100000
    7293   00:652D  70                      db  %01110000
    7294   00:652E                      ; Pattern-04 is CHR$(1)+CHR$(84) = Wi-Fi Failed to connect to:
    7295   00:652E  00                      db  %00000000
    7296   00:652F  88                      db  %10001000
    7297   00:6530  50                      db  %01010000
    7298   00:6531  20                      db  %00100000                   ; "X"
    7299   00:6532  50                      db  %01010000
    7300   00:6533  88                      db  %10001000
    7301   00:6534  00                      db  %00000000
    7302   00:6535  00                      db  %00000000
    7303   00:6536                      ; Pattern-05 is CHR$(1)+CHR$(85) = Requesting connection to:
    7304   00:6536  00                      db  %00000000
    7305   00:6537  00                      db  %00000000
    7306   00:6538  50                      db  %01010000
    7307   00:6539  20                      db  %00100000                   ; "Partial Access Point"
    7308   00:653A  50                      db  %01010000
    7309   00:653B  20                      db  %00100000
    7310   00:653C  20                      db  %00100000
    7311   00:653D  70                      db  %01110000
    7312   00:653E                      ; Pattern-06 is CHR$(1)+CHR$(86) = Wi-Fi Did not find the AP:
    7313   00:653E  00                      db  %00000000
    7314   00:653F  70                      db  %01110000
    7315   00:6540  88                      db  %10001000
    7316   00:6541  10                      db  %00010000                   ; "?"
    7317   00:6542  20                      db  %00100000
    7318   00:6543  00                      db  %00000000
    7319   00:6544  20                      db  %00100000
    7320   00:6545  00                      db  %00000000
    7321   00:6546                      ; Pattern-07 is CHR$(1)+CHR$(87) = Wi-Fi is Idle, AP configured:
    7322   00:6546  00                      db  %00000000
    7323   00:6547  00                      db  %00000000
    7324   00:6548  00                      db  %00000000
    7325   00:6549  20                      db  %00100000                   ; "i"
    7326   00:654A  00                      db  %00000000
    7327   00:654B  20                      db  %00100000
    7328   00:654C  20                      db  %00100000
    7329   00:654D  70                      db  %01110000
    7330   00:654E                      ; Pattern-08 is CHR$(1)+CHR$(88) = Left Middle Wave
    7331   00:654E  00                      db  %00000000
    7332   00:654F  20                      db  %00100000
    7333   00:6550  40                      db  %01000000
    7334   00:6551  40                      db  %01000000                   ; "("
    7335   00:6552  40                      db  %01000000
    7336   00:6553  20                      db  %00100000
    7337   00:6554  00                      db  %00000000
    7338   00:6555  00                      db  %00000000
    7339   00:6556                      ; Pattern-09 is CHR$(1)+CHR$(89) = Right Middle Wave
    7340   00:6556  00                      db  %00000000
    7341   00:6557  20                      db  %00100000
    7342   00:6558  10                      db  %00010000
    7343   00:6559  10                      db  %00010000                   ; ")"
    7344   00:655A  10                      db  %00010000
    7345   00:655B  20                      db  %00100000
    7346   00:655C  00                      db  %00000000
    7347   00:655D  00                      db  %00000000
    7348   00:655E                      ; Pattern-10 is CHR$(1)+CHR$(90) = Wi-Fi is reconnecting to:
    7349   00:655E  00                      db  %00000000
    7350   00:655F  00                      db  %00000000
    7351   00:6560  00                      db  %00000000
    7352   00:6561  A8                      db  %10101000                   ; "..."
    7353   00:6562  00                      db  %00000000
    7354   00:6563  00                      db  %00000000
    7355   00:6564  00                      db  %00000000
    7356   00:6565  00                      db  %00000000
    7357   00:6566                      ; Pattern-11 is CHR$(1)+CHR$(91) = Double Dot
    7358   00:6566  00                      db  %00000000
    7359   00:6567  00                      db  %00000000
    7360   00:6568  00                      db  %00000000
    7361   00:6569  00                      db  %00000000                   ; ".."
    7362   00:656A  00                      db  %00000000
    7363   00:656B  66                      db  %01100110
    7364   00:656C  66                      db  %01100110
    7365   00:656D  00                      db  %00000000
    7366   00:656E                      ; Pattern-12 is CHR$(1)+CHR$(92) = Copyright
    7367   00:656E  38                      db  %00111000
    7368   00:656F  44                      db  %01000100
    7369   00:6570  BA                      db  %10111010
    7370   00:6571  A2                      db  %10100010                   ; "(c)"
    7371   00:6572  BA                      db  %10111010
    7372   00:6573  44                      db  %01000100
    7373   00:6574  38                      db  %00111000
    7374   00:6575  00                      db  %00000000
    7375   00:6576                      ; http://map.grauw.nl/articles/vdp_tut.php
    7376   00:6576                      ; Set VDP address counter to write from address AHL (17-bits)
    7377   00:6576                      ; Enables the interrupts
    7378   00:6576                      SET_VDP_WRITE:
    7379   00:6576  CB 04                   rlc h
    7380   00:6578  17                      rla
    7381   00:6579  CB 04                   rlc h
    7382   00:657B  17                      rla
    7383   00:657C  CB 3C                   srl h
    7384   00:657E  CB 3C                   srl h
    7385   00:6580  F3                      di
    7386   00:6581  D3 99                   out (#99),a
    7387   00:6583  3E 8E                   ld  a,14+128
    7388   00:6585  D3 99                   out (#99),a
    7389   00:6587  7D                      ld  a,l
    7390   00:6588  00                      nop                             ; Do not remove this 'nop' here!
    7391   00:6589  D3 99                   out (#99),a
    7392   00:658B  7C                      ld  a,h
    7393   00:658C  F6 40                   or  64
    7394   00:658E  FB                      ei
    7395   00:658F  D3 99                   out (#99),a
    7396   00:6591  C9                      ret
    7397   00:6592                      
    7398   00:6592                      ;*********************************************
    7399   00:6592                      ;***    ESP Specific Commands/Responses    ***
    7400   00:6592                      ;*********************************************
    7401   00:6592                      ; Cold reset of ESP firmware
    7402   00:6592  (00:0052)           CMD_RESET_ESP           equ 'R'
    7403   00:6592                      ; ESP32 only, Get Board, returns board identification string
    7404   00:6592  (00:0062)           CMD_GET_FW_TYPE         equ 'b'
    7405   00:6592                      ; Warm reset of ESP firmware
    7406   00:6592  (00:0057)           CMD_WRESET_ESP          equ 'W'
    7407   00:6592                      ; Hold Wi-Fi Connection On
    7408   00:6592  (00:0048)           CMD_WIFIHOLD_ESP        equ 'H'
    7409   00:6592                      ; Release Wi-Fi Connection Hold
    7410   00:6592  (00:0068)           CMD_WIFIRELEASE_ESP     equ 'h'
    7411   00:6592                      ; Get Updated time and date from internet
    7412   00:6592  (00:0047)           CMD_GET_TIME            equ 'G'
    7413   00:6592                      ; Query Auto Clock settings
    7414   00:6592  (00:0063)           CMD_QUERY_ACLK_SETTINGS equ 'c'
    7415   00:6592                      ; Set Auto Clock settings
    7416   00:6592  (00:0043)           CMD_SET_ACLK_SETTINGS   equ 'C'
    7417   00:6592                      ; Query ESP settings
    7418   00:6592  (00:0051)           CMD_QUERY_ESP_SETTINGS  equ 'Q'
    7419   00:6592                      ; Set Timer Value
    7420   00:6592  (00:0054)           CMD_TIMER_SET           equ 'T'
    7421   00:6592                      ; Turn Nagle On
    7422   00:6592  (00:0044)           CMD_NAGLE_ON            equ 'D'
    7423   00:6592                      ; Turn Nagle Off
    7424   00:6592  (00:004E)           CMD_NAGLE_OFF           equ 'N'
    7425   00:6592                      ; Turn Wi-Fi Off
    7426   00:6592  (00:004F)           CMD_WIFI_OFF            equ 'O'
    7427   00:6592                      ; Request to connect to a network
    7428   00:6592  (00:0041)           CMD_WIFI_CONNECT        equ 'A'
    7429   00:6592                      ; Request to start network scan
    7430   00:6592  (00:0053)           CMD_SCAN_START          equ 'S'
    7431   00:6592                      ; Request network scan result
    7432   00:6592  (00:0073)           CMD_SCAN_RESULTS        equ 's'
    7433   00:6592                      ; Request AP Status
    7434   00:6592  (00:0067)           CMD_AP_STS              equ 'g'
    7435   00:6592                      ; Get ESP firmware version
    7436   00:6592  (00:0056)           CMD_GET_ESP_VER         equ 'V'
    7437   00:6592                      ; After finishing Warm reset, ESP returns ready
    7438   00:6592  52 65 61 64 79      RSP_CMD_RESET_ESP       db  "Ready"
    7439   00:6597  (00:0005)           RSP_CMD_RESET_ESP_SIZE  equ 5
    7440   00:6597                      ; Query ESP Presence
    7441   00:6597  (00:003F)           CMD_QUERY_ESP           equ '?'
    7442   00:6597                      ; Query response
    7443   00:6597  4F 4B               RSP_CMD_QUERY_ESP       db  "OK"
    7444   00:6599  (00:0002)           RSP_CMD_QUERY_ESP_SIZE  equ 2
    7445   00:6599                      
    7446   00:6599                      ;--- Strings
    7447   00:6599                      ; Special thanks to KdL
    7448   00:6599                      ; He has contributed a lot to make the menus and strings
    7449   00:6599                      ; concise and much easier to read and understand!
    7450   00:6599  (00:0000)           STTERMINATOR            equ 0
    7451   00:6599  (00:000A)           LF                      equ 10
    7452   00:6599  (00:000B)           HOME                    equ 11
    7453   00:6599  (00:000C)           CLS                     equ 12
    7454   00:6599  (00:000D)           CR                      equ 13
    7455   00:6599  (00:001C)           GORIGHT                 equ 28
    7456   00:6599  (00:001D)           GOLEFT                  equ 29
    7457   00:6599                      
    7458   00:6599                      ENTERING_WIFI_SETUP:
    7459   00:6599  0C                      db  CLS
    7460   00:659A                          db  "Entering Wi-Fi Setup..."           ,CR,LF,LF,STTERMINATOR
    7460   00:659A  45 6E 74 65 72 69 6E 67 20 57 69 2D 46 69 20 53 
    7460   00:65AA  65 74 75 70 2E 2E 2E 0D 0A 0A 00 
    7461   00:65B5                      ;---
    7462   00:65B5                      
    7463   00:65B5                      WELCOME:
    7464   00:65B5  0C                      db  CLS
    7465   00:65B6                          db  "ESP TCP/IP UNAPI 1.0"              ,CR,LF
    7465   00:65B6  45 53 50 20 54 43 50 2F 49 50 20 55 4E 41 50 49 
    7465   00:65C6  20 31 2E 30 0D 0A 
    7466   00:65CC                          db  1,92," 2026 Oduvaldo Pavan Junior"  ,CR,LF
    7466   00:65CC  01 5C 20 32 30 32 36 20 4F 64 75 76 61 6C 64 6F 
    7466   00:65DC  20 50 61 76 61 6E 20 4A 75 6E 69 6F 72 0D 0A 
    7467   00:65EB                          db  "ducasp@gmail.com"                  ,CR,LF,LF,STTERMINATOR
    7467   00:65EB  64 75 63 61 73 70 40 67 6D 61 69 6C 2E 63 6F 6D 
    7467   00:65FB  0D 0A 0A 00 
    7468   00:65FF                      ;---
    7469   00:65FF                      
    7470   00:65FF                      WELCOME32:
    7471   00:65FF  0C                      db  CLS
    7472   00:6600                          db  "ESP TCP/IP SSH UNAPI 1.0"          ,CR,LF
    7472   00:6600  45 53 50 20 54 43 50 2F 49 50 20 53 53 48 20 55 
    7472   00:6610  4E 41 50 49 20 31 2E 30 0D 0A 
    7473   00:661A                          db  1,92," 2026 Oduvaldo Pavan Junior"  ,CR,LF
    7473   00:661A  01 5C 20 32 30 32 36 20 4F 64 75 76 61 6C 64 6F 
    7473   00:662A  20 50 61 76 61 6E 20 4A 75 6E 69 6F 72 0D 0A 
    7474   00:6639                          db  "ducasp@gmail.com"                  ,CR,LF,LF,STTERMINATOR
    7474   00:6639  64 75 63 61 73 70 40 67 6D 61 69 6C 2E 63 6F 6D 
    7474   00:6649  0D 0A 0A 00 
    7475   00:664D                      ;---
    7476   00:664D                      
    7477   00:664D                      WELCOME_SF:
    7478   00:664D                          db  "Quick Receive supported."          ,CR,LF,LF,STTERMINATOR
    7478   00:664D  51 75 69 63 6B 20 52 65 63 65 69 76 65 20 73 75 
    7478   00:665D  70 70 6F 72 74 65 64 2E 0D 0A 0A 00 
    7479   00:6669                      ;---
    7480   00:6669                      
    7481   00:6669                      WELCOME_SF2:
    7482   00:6669                          db  "Quick Receive not supported."      ,CR,LF,LF,STTERMINATOR
    7482   00:6669  51 75 69 63 6B 20 52 65 63 65 69 76 65 20 6E 6F 
    7482   00:6679  74 20 73 75 70 70 6F 72 74 65 64 2E 0D 0A 0A 00 
    7483   00:6689                      ;---
    7484   00:6689                      
    7485   00:6689                      WELCOME_CS:
    7486   00:6689                          db  "Wi-Fi is reconnecting to:    "     ,GOLEFT,CR,LF
    7486   00:6689  57 69 2D 46 69 20 69 73 20 72 65 63 6F 6E 6E 65 
    7486   00:6699  63 74 69 6E 67 20 74 6F 3A 20 20 20 20 1D 0D 0A 
    7487   00:66A9                          db  "(",1,88,1,90,1,89,") "             ,STTERMINATOR
    7487   00:66A9  28 01 58 01 5A 01 59 29 20 00 
    7488   00:66B3                      
    7489   00:66B3                      WELCOME_NEXT:
    7490   00:66B3  0B                      db  HOME
    7491   00:66B4  0A                      db  LF
    7492   00:66B5  0A                      db  LF
    7493   00:66B6  0A 0A 00                db  LF,LF,STTERMINATOR
    7494   00:66B9                      ;---
    7495   00:66B9                      
    7496   00:66B9                      WELCOME_S_NEXT:
    7497   00:66B9  0A                      db  LF
    7498   00:66BA  0A 0A 00                db  LF,LF,STTERMINATOR
    7499   00:66BD                      ;---
    7500   00:66BD                      
    7501   00:66BD                      WELCOME_SF_NEXT:
    7502   00:66BD  0A 0A 00                db  LF,LF,STTERMINATOR
    7503   00:66C0                      ;---
    7504   00:66C0                      
    7505   00:66C0                      WELCOME_CS0_NEXT:
    7506   00:66C0                          db  "Wi-Fi is Idle, AP configured:"     ,GOLEFT,CR,LF
    7506   00:66C0  57 69 2D 46 69 20 69 73 20 49 64 6C 65 2C 20 41 
    7506   00:66D0  50 20 63 6F 6E 66 69 67 75 72 65 64 3A 1D 0D 0A 
    7507   00:66E0                          db  "(",1,88,1,87,1,89,") "             ,STTERMINATOR
    7507   00:66E0  28 01 58 01 57 01 59 29 20 00 
    7508   00:66EA                      
    7509   00:66EA                      WELCOME_CS1_NEXT:
    7510   00:66EA  0D 0A                   db  CR,LF
    7511   00:66EC                          db  GORIGHT,GORIGHT,GORIGHT,GORIGHT,GORIGHT,GORIGHT,STTERMINATOR
    7511   00:66EC  1C 1C 1C 1C 1C 1C 00 
    7512   00:66F3                      
    7513   00:66F3                      WELCOME_CS2_NEXT:
    7514   00:66F3                          db  "Wi-Fi Wrong Password for:    "     ,GOLEFT,CR,LF
    7514   00:66F3  57 69 2D 46 69 20 57 72 6F 6E 67 20 50 61 73 73 
    7514   00:6703  77 6F 72 64 20 66 6F 72 3A 20 20 20 20 1D 0D 0A 
    7515   00:6713                          db  "(",1,88,1,82,1,89,") "             ,STTERMINATOR
    7515   00:6713  28 01 58 01 52 01 59 29 20 00 
    7516   00:671D                      
    7517   00:671D                      WELCOME_CS3_NEXT:
    7518   00:671D                          db  "Wi-Fi Did not find the AP:   "     ,GOLEFT,CR,LF
    7518   00:671D  57 69 2D 46 69 20 44 69 64 20 6E 6F 74 20 66 69 
    7518   00:672D  6E 64 20 74 68 65 20 41 50 3A 20 20 20 1D 0D 0A 
    7519   00:673D                          db  "(",1,88,1,86,1,89,") "             ,STTERMINATOR
    7519   00:673D  28 01 58 01 56 01 59 29 20 00 
    7520   00:6747                          
    7521   00:6747                      WELCOME_CS4_NEXT:   
    7522   00:6747                          db  "Wi-Fi Failed to connect to:  "     ,GOLEFT,CR,LF
    7522   00:6747  57 69 2D 46 69 20 46 61 69 6C 65 64 20 74 6F 20 
    7522   00:6757  63 6F 6E 6E 65 63 74 20 74 6F 3A 20 20 1D 0D 0A 
    7523   00:6767                          db  "(",1,88,1,84,1,89,") "             ,STTERMINATOR
    7523   00:6767  28 01 58 01 54 01 59 29 20 00 
    7524   00:6771                          
    7525   00:6771                      WELCOME_CS5_NEXT:   
    7526   00:6771                          db  "Wi-Fi Connected to the AP:   "     ,GOLEFT,CR,LF
    7526   00:6771  57 69 2D 46 69 20 43 6F 6E 6E 65 63 74 65 64 20 
    7526   00:6781  74 6F 20 74 68 65 20 41 50 3A 20 20 20 1D 0D 0A 
    7527   00:6791                          db  "(",1,88,1,83,1,89,") "             ,STTERMINATOR
    7527   00:6791  28 01 58 01 53 01 59 29 20 00 
    7528   00:679B                          
    7529   00:679B                      MMENU_S_NEXT:   
    7530   00:679B  0D 0A 0A                db  CR,LF,LF    
    7531   00:679E                          db  "1 - Set Nagle Algorithm"           ,CR,LF
    7531   00:679E  31 20 2D 20 53 65 74 20 4E 61 67 6C 65 20 41 6C 
    7531   00:67AE  67 6F 72 69 74 68 6D 0D 0A 
    7532   00:67B7                          db  "2 - Set Wi-Fi On Period"           ,CR,LF
    7532   00:67B7  32 20 2D 20 53 65 74 20 57 69 2D 46 69 20 4F 6E 
    7532   00:67C7  20 50 65 72 69 6F 64 0D 0A 
    7533   00:67D0                          db  "3 - Scan/Join Access Points"       ,CR,LF
    7533   00:67D0  33 20 2D 20 53 63 61 6E 2F 4A 6F 69 6E 20 41 63 
    7533   00:67E0  63 65 73 73 20 50 6F 69 6E 74 73 0D 0A 
    7534   00:67ED                          db  "4 - Wi-Fi and Clock Settings"      ,CR,LF,LF
    7534   00:67ED  34 20 2D 20 57 69 2D 46 69 20 61 6E 64 20 43 6C 
    7534   00:67FD  6F 63 6B 20 53 65 74 74 69 6E 67 73 0D 0A 0A 
    7535   00:680C                      ;---
    7536   00:680C                          db  "ESC to exit setup."                ,CR,LF,LF
    7536   00:680C  45 53 43 20 74 6F 20 65 78 69 74 20 73 65 74 75 
    7536   00:681C  70 2E 0D 0A 0A 
    7537   00:6821                      ;---    
    7538   00:6821                          db  "Option: "                          ,STTERMINATOR
    7538   00:6821  4F 70 74 69 6F 6E 3A 20 00 
    7539   00:682A                          
    7540   00:682A                      MMENU_CLOCK_MSX2:   
    7541   00:682A  0C                      db  CLS 
    7542   00:682B                          db  "[ Wi-Fi and Clock Settings ]"      ,CR,LF,LF
    7542   00:682B  5B 20 57 69 2D 46 69 20 61 6E 64 20 43 6C 6F 63 
    7542   00:683B  6B 20 53 65 74 74 69 6E 67 73 20 5D 0D 0A 0A 
    7543   00:684A                      ;---    
    7544   00:684A                          db  "0 - Wi-Fi & UNAPI are online"      ,CR,LF
    7544   00:684A  30 20 2D 20 57 69 2D 46 69 20 26 20 55 4E 41 50 
    7544   00:685A  49 20 61 72 65 20 6F 6E 6C 69 6E 65 0D 0A 
    7545   00:6868                          db  "1 - Also wait up to 10s for"       ,CR,LF
    7545   00:6868  31 20 2D 20 41 6C 73 6F 20 77 61 69 74 20 75 70 
    7545   00:6878  20 74 6F 20 31 30 73 20 66 6F 72 0D 0A 
    7546   00:6885                          db  "    internet availability and"     ,GOLEFT,CR,LF
    7546   00:6885  20 20 20 20 69 6E 74 65 72 6E 65 74 20 61 76 61 
    7546   00:6895  69 6C 61 62 69 6C 69 74 79 20 61 6E 64 1D 0D 0A 
    7547   00:68A5                          db  "    get time from SNTP server"     ,GOLEFT,CR,LF
    7547   00:68A5  20 20 20 20 67 65 74 20 74 69 6D 65 20 66 72 6F 
    7547   00:68B5  6D 20 53 4E 54 50 20 73 65 72 76 65 72 1D 0D 0A 
    7548   00:68C5                          db  "    adjusting the time zone"       ,CR,LF
    7548   00:68C5  20 20 20 20 61 64 6A 75 73 74 69 6E 67 20 74 68 
    7548   00:68D5  65 20 74 69 6D 65 20 7A 6F 6E 65 0D 0A 
    7549   00:68E2                          db  "2 - The same as option 1 but"      ,CR,LF
    7549   00:68E2  32 20 2D 20 54 68 65 20 73 61 6D 65 20 61 73 20 
    7549   00:68F2  6F 70 74 69 6F 6E 20 31 20 62 75 74 0D 0A 
    7550   00:6900                          db  "    also will turn off Wi-Fi"      ,CR,LF
    7550   00:6900  20 20 20 20 61 6C 73 6F 20 77 69 6C 6C 20 74 75 
    7550   00:6910  72 6E 20 6F 66 66 20 57 69 2D 46 69 0D 0A 
    7551   00:691E                          db  "    when done"                     ,CR,LF
    7551   00:691E  20 20 20 20 77 68 65 6E 20 64 6F 6E 65 0D 0A 
    7552   00:692D                          db  "3 - Wi-Fi & UNAPI are offline"     ,GOLEFT,CR,LF,LF
    7552   00:692D  33 20 2D 20 57 69 2D 46 69 20 26 20 55 4E 41 50 
    7552   00:693D  49 20 61 72 65 20 6F 66 66 6C 69 6E 65 1D 0D 0A 
    7552   00:694D  0A 
    7553   00:694E                      ;---    
    7554   00:694E                          db  "MSX boot will take longer if"      ,CR,LF
    7554   00:694E  4D 53 58 20 62 6F 6F 74 20 77 69 6C 6C 20 74 61 
    7554   00:695E  6B 65 20 6C 6F 6E 67 65 72 20 69 66 0D 0A 
    7555   00:696C                          db  "options 1 or 2 are active."        ,CR,LF,LF,STTERMINATOR
    7555   00:696C  6F 70 74 69 6F 6E 73 20 31 20 6F 72 20 32 20 61 
    7555   00:697C  72 65 20 61 63 74 69 76 65 2E 0D 0A 0A 00 
    7556   00:698A                      ;---
    7557   00:698A                      
    7558   00:698A                      MMENU_CLOCK_MSX1:
    7559   00:698A  0C                      db  CLS
    7560   00:698B                          db  "[ Wi-Fi and Clock Settings ]"      ,CR,LF,LF
    7560   00:698B  5B 20 57 69 2D 46 69 20 61 6E 64 20 43 6C 6F 63 
    7560   00:699B  6B 20 53 65 74 74 69 6E 67 73 20 5D 0D 0A 0A 
    7561   00:69AA                      ;---    
    7562   00:69AA                          db  "0 - Wi-Fi & UNAPI are online"      ,CR,LF
    7562   00:69AA  30 20 2D 20 57 69 2D 46 69 20 26 20 55 4E 41 50 
    7562   00:69BA  49 20 61 72 65 20 6F 6E 6C 69 6E 65 0D 0A 
    7563   00:69C8                          db  "1 - Unavailable for MSX1"          ,CR,LF
    7563   00:69C8  31 20 2D 20 55 6E 61 76 61 69 6C 61 62 6C 65 20 
    7563   00:69D8  66 6F 72 20 4D 53 58 31 0D 0A 
    7564   00:69E2                          db  "2 - Unavailable for MSX1"          ,CR,LF
    7564   00:69E2  32 20 2D 20 55 6E 61 76 61 69 6C 61 62 6C 65 20 
    7564   00:69F2  66 6F 72 20 4D 53 58 31 0D 0A 
    7565   00:69FC                          db  "3 - Wi-Fi & UNAPI are offline"     ,GOLEFT,CR,LF,LF,STTERMINATOR
    7565   00:69FC  33 20 2D 20 57 69 2D 46 69 20 26 20 55 4E 41 50 
    7565   00:6A0C  49 20 61 72 65 20 6F 66 66 6C 69 6E 65 1D 0D 0A 
    7565   00:6A1C  0A 00 
    7566   00:6A1E                      ;---    
    7567   00:6A1E                          
    7568   00:6A1E                      MMENU_CLOCK_0:  
    7569   00:6A1E                          db  "Currently: ONLINE"                 ,STTERMINATOR
    7569   00:6A1E  43 75 72 72 65 6E 74 6C 79 3A 20 4F 4E 4C 49 4E 
    7569   00:6A2E  45 00 
    7570   00:6A30                          
    7571   00:6A30                      MMENU_CLOCK_1:  
    7572   00:6A30                          db  "Currently: TIME-OPT1, GMT"         ,STTERMINATOR
    7572   00:6A30  43 75 72 72 65 6E 74 6C 79 3A 20 54 49 4D 45 2D 
    7572   00:6A40  4F 50 54 31 2C 20 47 4D 54 00 
    7573   00:6A4A                          
    7574   00:6A4A                      MMENU_CLOCK_2:  
    7575   00:6A4A                          db  "Currently: TIME-OPT2, GMT"         ,STTERMINATOR
    7575   00:6A4A  43 75 72 72 65 6E 74 6C 79 3A 20 54 49 4D 45 2D 
    7575   00:6A5A  4F 50 54 32 2C 20 47 4D 54 00 
    7576   00:6A64                          
    7577   00:6A64                      MMENU_CLOCK_3:  
    7578   00:6A64                          db  "Currently: OFFLINE"                ,STTERMINATOR
    7578   00:6A64  43 75 72 72 65 6E 74 6C 79 3A 20 4F 46 46 4C 49 
    7578   00:6A74  4E 45 00 
    7579   00:6A77                          
    7580   00:6A77                      MMENU_CLOCK_OPT:    
    7581   00:6A77  0D 0A 0A                db  CR,LF,LF    
    7582   00:6A7A                      ;---    
    7583   00:6A7A                          db  "ESC to return to main menu."       ,CR,LF,LF
    7583   00:6A7A  45 53 43 20 74 6F 20 72 65 74 75 72 6E 20 74 6F 
    7583   00:6A8A  20 6D 61 69 6E 20 6D 65 6E 75 2E 0D 0A 0A 
    7584   00:6A98                      ;---    
    7585   00:6A98                          db  "Option: "                          ,STTERMINATOR
    7585   00:6A98  4F 70 74 69 6F 6E 3A 20 00 
    7586   00:6AA1                          
    7587   00:6AA1                      MMENU_GMT_OPT:  
    7588   00:6AA1  0D 0A                   db  CR,LF   
    7589   00:6AA3                          db  "Time Zone adjustment: "            ,STTERMINATOR
    7589   00:6AA3  54 69 6D 65 20 5A 6F 6E 65 20 61 64 6A 75 73 74 
    7589   00:6AB3  6D 65 6E 74 3A 20 00 
    7590   00:6ABA                      
    7591   00:6ABA                      MMENU_MANUALENTRY:
    7592   00:6ABA  0C                      db  CLS
    7593   00:6ABB                          db  "[ Scan/Join Access Points ]"       ,CR,LF,LF
    7593   00:6ABB  5B 20 53 63 61 6E 2F 4A 6F 69 6E 20 41 63 63 65 
    7593   00:6ACB  73 73 20 50 6F 69 6E 74 73 20 5D 0D 0A 0A 
    7594   00:6AD9                      ;---    
    7595   00:6AD9                          db  "ESC to return to main menu."       ,CR,LF,LF
    7595   00:6AD9  45 53 43 20 74 6F 20 72 65 74 75 72 6E 20 74 6F 
    7595   00:6AE9  20 6D 61 69 6E 20 6D 65 6E 75 2E 0D 0A 0A 
    7596   00:6AF7                      ;---    
    7597   00:6AF7                          db  "Manual entry, type SSID:"          ,CR,LF
    7597   00:6AF7  4D 61 6E 75 61 6C 20 65 6E 74 72 79 2C 20 74 79 
    7597   00:6B07  70 65 20 53 53 49 44 3A 0D 0A 
    7598   00:6B11                          db  "(",1,88,1,83,1,89,") "             ,STTERMINATOR
    7598   00:6B11  28 01 58 01 53 01 59 29 20 00 
    7599   00:6B1B                          
    7600   00:6B1B                      MENU_MANUALENTRY_PWD:   
    7601   00:6B1B  0D 0A 0A                db  CR,LF,LF    
    7602   00:6B1E                      ;---    
    7603   00:6B1E                          db  "Password needed (y/n)? "           ,STTERMINATOR
    7603   00:6B1E  50 61 73 73 77 6F 72 64 20 6E 65 65 64 65 64 20 
    7603   00:6B2E  28 79 2F 6E 29 3F 20 00 
    7604   00:6B36                          
    7605   00:6B36                      MMENU_SCAN: 
    7606   00:6B36  0C                      db  CLS 
    7607   00:6B37                          db  "[ Scan/Join Access Points ]"       ,CR,LF,LF
    7607   00:6B37  5B 20 53 63 61 6E 2F 4A 6F 69 6E 20 41 63 63 65 
    7607   00:6B47  73 73 20 50 6F 69 6E 74 73 20 5D 0D 0A 0A 
    7608   00:6B55                      ;---
    7609   00:6B55                          db  "Up to ",SCAN_MAX_PAGE_SIZE+48," APs per page." ,CR,LF,LF
    7609   00:6B55  55 70 20 74 6F 20 38 20 41 50 73 20 70 65 72 20 
    7609   00:6B65  70 61 67 65 2E 0D 0A 0A 
    7610   00:6B6D                      ;---
    7611   00:6B6D                          db  "Scanning networks..."              ,CR,LF,STTERMINATOR
    7611   00:6B6D  53 63 61 6E 6E 69 6E 67 20 6E 65 74 77 6F 72 6B 
    7611   00:6B7D  73 2E 2E 2E 0D 0A 00 
    7612   00:6B84                          
    7613   00:6B84                      MMENU_SCANF:    
    7614   00:6B84  0D 0A                   db  CR,LF   
    7615   00:6B86                          db  "Error or no networks found!"       ,CR,LF,STTERMINATOR
    7615   00:6B86  45 72 72 6F 72 20 6F 72 20 6E 6F 20 6E 65 74 77 
    7615   00:6B96  6F 72 6B 73 20 66 6F 75 6E 64 21 0D 0A 00 
    7616   00:6BA4                          
    7617   00:6BA4                      MMENU_SCANN:    
    7618   00:6BA4  0D 0A                   db  CR,LF   
    7619   00:6BA6                          db  "No networks found!"                ,CR,LF,STTERMINATOR
    7619   00:6BA6  4E 6F 20 6E 65 74 77 6F 72 6B 73 20 66 6F 75 6E 
    7619   00:6BB6  64 21 0D 0A 00 
    7620   00:6BBB                          
    7621   00:6BBB                      MMENU_SCANS:    
    7622   00:6BBB  0C                      db  CLS 
    7623   00:6BBC                          db  "[ Scan/Join Access Points ]"       ,CR,LF,LF
    7623   00:6BBC  5B 20 53 63 61 6E 2F 4A 6F 69 6E 20 41 63 63 65 
    7623   00:6BCC  73 73 20 50 6F 69 6E 74 73 20 5D 0D 0A 0A 
    7624   00:6BDA                      ;---    
    7625   00:6BDA                          db  "Networks available:"               ,CR,LF,LF,STTERMINATOR
    7625   00:6BDA  4E 65 74 77 6F 72 6B 73 20 61 76 61 69 6C 61 62 
    7625   00:6BEA  6C 65 3A 0D 0A 0A 00 
    7626   00:6BF1                      ;---
    7627   00:6BF1                      
    7628   00:6BF1                      MMENU_CONNECTING:
    7629   00:6BF1  0C                      db  CLS
    7630   00:6BF2                          db  "[ Scan/Join Access Points ]"       ,CR,LF,LF
    7630   00:6BF2  5B 20 53 63 61 6E 2F 4A 6F 69 6E 20 41 63 63 65 
    7630   00:6C02  73 73 20 50 6F 69 6E 74 73 20 5D 0D 0A 0A 
    7631   00:6C10                      ;---    
    7632   00:6C10                          db  "Requesting connection to:"         ,CR,LF
    7632   00:6C10  52 65 71 75 65 73 74 69 6E 67 20 63 6F 6E 6E 65 
    7632   00:6C20  63 74 69 6F 6E 20 74 6F 3A 0D 0A 
    7633   00:6C2B                          db  "(",1,88,1,85,1,89,") "             ,STTERMINATOR
    7633   00:6C2B  28 01 58 01 55 01 59 29 20 00 
    7634   00:6C35                          
    7635   00:6C35                      MMENU_ASKPWD:   
    7636   00:6C35  0D 0A                   db  CR,LF   
    7637   00:6C37                          db  "Hit DEL as first character"        ,CR,LF
    7637   00:6C37  48 69 74 20 44 45 4C 20 61 73 20 66 69 72 73 74 
    7637   00:6C47  20 63 68 61 72 61 63 74 65 72 0D 0A 
    7638   00:6C53                          db  "to hide/show the typing."          ,CR,LF
    7638   00:6C53  74 6F 20 68 69 64 65 2F 73 68 6F 77 20 74 68 65 
    7638   00:6C63  20 74 79 70 69 6E 67 2E 0D 0A 
    7639   00:6C6D                          db  "Password: "                        ,STTERMINATOR
    7639   00:6C6D  50 61 73 73 77 6F 72 64 3A 20 00 
    7640   00:6C78                          
    7641   00:6C78                      MMENU_SCANQ:    
    7642   00:6C78  0D 0A                   db  CR,LF   
    7643   00:6C7A                          db  "ESC to return to main menu."       ,CR,LF
    7643   00:6C7A  45 53 43 20 74 6F 20 72 65 74 75 72 6E 20 74 6F 
    7643   00:6C8A  20 6D 61 69 6E 20 6D 65 6E 75 2E 0D 0A 
    7644   00:6C97                          db  "SPACE BAR to scan again."          ,CR,LF
    7644   00:6C97  53 50 41 43 45 20 42 41 52 20 74 6F 20 73 63 61 
    7644   00:6CA7  6E 20 61 67 61 69 6E 2E 0D 0A 
    7645   00:6CB1                          db  "ENTER to type SSID/AP name."       ,CR,LF,LF
    7645   00:6CB1  45 4E 54 45 52 20 74 6F 20 74 79 70 65 20 53 53 
    7645   00:6CC1  49 44 2F 41 50 20 6E 61 6D 65 2E 0D 0A 0A 
    7646   00:6CCF                      ;---    
    7647   00:6CCF                          db  "Number to connect: "               ,STTERMINATOR
    7647   00:6CCF  4E 75 6D 62 65 72 20 74 6F 20 63 6F 6E 6E 65 63 
    7647   00:6CDF  74 3A 20 00 
    7648   00:6CE3                          
    7649   00:6CE3                      MMENU_SCANQM:   
    7650   00:6CE3  0D 0A                   db  CR,LF   
    7651   00:6CE5                          db  "ESC to return to main menu."       ,CR,LF
    7651   00:6CE5  45 53 43 20 74 6F 20 72 65 74 75 72 6E 20 74 6F 
    7651   00:6CF5  20 6D 61 69 6E 20 6D 65 6E 75 2E 0D 0A 
    7652   00:6D02                          db  "SPACE BAR to show next page."      ,CR,LF
    7652   00:6D02  53 50 41 43 45 20 42 41 52 20 74 6F 20 73 68 6F 
    7652   00:6D12  77 20 6E 65 78 74 20 70 61 67 65 2E 0D 0A 
    7653   00:6D20                          db  "ENTER to type SSID/AP name."       ,CR,LF,LF
    7653   00:6D20  45 4E 54 45 52 20 74 6F 20 74 79 70 65 20 53 53 
    7653   00:6D30  49 44 2F 41 50 20 6E 61 6D 65 2E 0D 0A 0A 
    7654   00:6D3E                      ;---    
    7655   00:6D3E                          db  "Number to connect: "               ,STTERMINATOR
    7655   00:6D3E  4E 75 6D 62 65 72 20 74 6F 20 63 6F 6E 6E 65 63 
    7655   00:6D4E  74 3A 20 00 
    7656   00:6D52                          
    7657   00:6D52                      SCAN_TERMINATOR_CUT:    
    7658   00:6D52                          db  GOLEFT,GOLEFT,1,91," "              ,GOLEFT,STTERMINATOR
    7658   00:6D52  1D 1D 01 5B 20 1D 00 
    7659   00:6D59                          
    7660   00:6D59                      SCAN_TERMINATOR_OPEN:   
    7661   00:6D59                          db  " ",1,81                            ,GOLEFT,CR,LF,STTERMINATOR
    7661   00:6D59  20 01 51 1D 0D 0A 00 
    7662   00:6D60                          
    7663   00:6D60                      SCAN_TERMINATOR_ENC:    
    7664   00:6D60                          db  " ",1,82                            ,GOLEFT,CR,LF,STTERMINATOR
    7664   00:6D60  20 01 52 1D 0D 0A 00 
    7665   00:6D67                      
    7666   00:6D67                      MMENU_TIMEOUT:
    7667   00:6D67  0C                      db  CLS
    7668   00:6D68                          db  "   [ Set Wi-Fi On Period ]"        ,CR,LF,LF
    7668   00:6D68  20 20 20 5B 20 53 65 74 20 57 69 2D 46 69 20 4F 
    7668   00:6D78  6E 20 50 65 72 69 6F 64 20 5D 0D 0A 0A 
    7669   00:6D85                      ;---    
    7670   00:6D85                          db  "Wi-Fi On Period allows to set"     ,GOLEFT,CR,LF
    7670   00:6D85  57 69 2D 46 69 20 4F 6E 20 50 65 72 69 6F 64 20 
    7670   00:6D95  61 6C 6C 6F 77 73 20 74 6F 20 73 65 74 1D 0D 0A 
    7671   00:6DA5                          db  "a given period of time of"         ,CR,LF
    7671   00:6DA5  61 20 67 69 76 65 6E 20 70 65 72 69 6F 64 20 6F 
    7671   00:6DB5  66 20 74 69 6D 65 20 6F 66 0D 0A 
    7672   00:6DC0                          db  "inactivity to turn off Wi-Fi"      ,CR,LF
    7672   00:6DC0  69 6E 61 63 74 69 76 69 74 79 20 74 6F 20 74 75 
    7672   00:6DD0  72 6E 20 6F 66 66 20 57 69 2D 46 69 0D 0A 
    7673   00:6DDE                          db  "automatically."                    ,CR,LF,LF
    7673   00:6DDE  61 75 74 6F 6D 61 74 69 63 61 6C 6C 79 2E 0D 0A 
    7673   00:6DEE  0A 
    7674   00:6DEF                      ;---    
    7675   00:6DEF                          db  "0         - Always on"             ,CR,LF
    7675   00:6DEF  30 20 20 20 20 20 20 20 20 20 2D 20 41 6C 77 61 
    7675   00:6DFF  79 73 20 6F 6E 0D 0A 
    7676   00:6E06                          db  "1 to 30   - 30s"                   ,CR,LF
    7676   00:6E06  31 20 74 6F 20 33 30 20 20 20 2D 20 33 30 73 0D 
    7676   00:6E16  0A 
    7677   00:6E17                          db  "31 to 600 - Use given period"      ,CR,LF
    7677   00:6E17  33 31 20 74 6F 20 36 30 30 20 2D 20 55 73 65 20 
    7677   00:6E27  67 69 76 65 6E 20 70 65 72 69 6F 64 0D 0A 
    7678   00:6E35                          db  "> 600     - 600s"                  ,CR,LF,LF,STTERMINATOR
    7678   00:6E35  3E 20 36 30 30 20 20 20 20 20 2D 20 36 30 30 73 
    7678   00:6E45  0D 0A 0A 00 
    7679   00:6E49                      ;---
    7680   00:6E49                      
    7681   00:6E49                      MMENU_TIMEOUT_ALWAYSON:
    7682   00:6E49                          db  "Wi-Fi is currently: ALWAYS ON"     ,GOLEFT,CR,LF,LF
    7682   00:6E49  57 69 2D 46 69 20 69 73 20 63 75 72 72 65 6E 74 
    7682   00:6E59  6C 79 3A 20 41 4C 57 41 59 53 20 4F 4E 1D 0D 0A 
    7682   00:6E69  0A 
    7683   00:6E6A                      ;---    
    7684   00:6E6A                          db  "ESC to return to main menu."       ,CR,LF,LF
    7684   00:6E6A  45 53 43 20 74 6F 20 72 65 74 75 72 6E 20 74 6F 
    7684   00:6E7A  20 6D 61 69 6E 20 6D 65 6E 75 2E 0D 0A 0A 
    7685   00:6E88                      ;---    
    7686   00:6E88                          db  "Type desired period: "             ,STTERMINATOR
    7686   00:6E88  54 79 70 65 20 64 65 73 69 72 65 64 20 70 65 72 
    7686   00:6E98  69 6F 64 3A 20 00 
    7687   00:6E9E                          
    7688   00:6E9E                      MMENU_TIMEOUT_NOTALWAYSON1: 
    7689   00:6E9E                          db  "Wi-Fi period set to: "             ,STTERMINATOR
    7689   00:6E9E  57 69 2D 46 69 20 70 65 72 69 6F 64 20 73 65 74 
    7689   00:6EAE  20 74 6F 3A 20 00 
    7690   00:6EB4                      
    7691   00:6EB4                      MMENU_TIMEOUT_NOTALWAYSON2:
    7692   00:6EB4  73 0D 0A 0A             db  "s"                                 ,CR,LF,LF
    7693   00:6EB8                      ;---    
    7694   00:6EB8                          db  "ESC to return to main menu."       ,CR,LF,LF
    7694   00:6EB8  45 53 43 20 74 6F 20 72 65 74 75 72 6E 20 74 6F 
    7694   00:6EC8  20 6D 61 69 6E 20 6D 65 6E 75 2E 0D 0A 0A 
    7695   00:6ED6                      ;---    
    7696   00:6ED6                          db  "Type desired period: "             ,STTERMINATOR
    7696   00:6ED6  54 79 70 65 20 64 65 73 69 72 65 64 20 70 65 72 
    7696   00:6EE6  69 6F 64 3A 20 00 
    7697   00:6EEC                          
    7698   00:6EEC                      MMENU_NAGLE:    
    7699   00:6EEC  0C                      db  CLS 
    7700   00:6EED                          db  "   [ Set Nagle Algorithm ]"        ,CR,LF,LF
    7700   00:6EED  20 20 20 5B 20 53 65 74 20 4E 61 67 6C 65 20 41 
    7700   00:6EFD  6C 67 6F 72 69 74 68 6D 20 5D 0D 0A 0A 
    7701   00:6F0A                      ;---    
    7702   00:6F0A                          db  "Nagle Algorithm might lower"       ,CR,LF
    7702   00:6F0A  4E 61 67 6C 65 20 41 6C 67 6F 72 69 74 68 6D 20 
    7702   00:6F1A  6D 69 67 68 74 20 6C 6F 77 65 72 0D 0A 
    7703   00:6F27                          db  "performance but create less"       ,CR,LF
    7703   00:6F27  70 65 72 66 6F 72 6D 61 6E 63 65 20 62 75 74 20 
    7703   00:6F37  63 72 65 61 74 65 20 6C 65 73 73 0D 0A 
    7704   00:6F44                          db  "network congestion."               ,CR,LF
    7704   00:6F44  6E 65 74 77 6F 72 6B 20 63 6F 6E 67 65 73 74 69 
    7704   00:6F54  6F 6E 2E 0D 0A 
    7705   00:6F59                          db  "Nowadays it is mostly not"         ,CR,LF
    7705   00:6F59  4E 6F 77 61 64 61 79 73 20 69 74 20 69 73 20 6D 
    7705   00:6F69  6F 73 74 6C 79 20 6E 6F 74 0D 0A 
    7706   00:6F74                          db  "needed and is the cause of"        ,CR,LF
    7706   00:6F74  6E 65 65 64 65 64 20 61 6E 64 20 69 73 20 74 68 
    7706   00:6F84  65 20 63 61 75 73 65 20 6F 66 0D 0A 
    7707   00:6F90                          db  "latency and low performance"       ,CR,LF
    7707   00:6F90  6C 61 74 65 6E 63 79 20 61 6E 64 20 6C 6F 77 20 
    7707   00:6FA0  70 65 72 66 6F 72 6D 61 6E 63 65 0D 0A 
    7708   00:6FAD                          db  "on packet-driven protocols."       ,CR,LF,LF
    7708   00:6FAD  6F 6E 20 70 61 63 6B 65 74 2D 64 72 69 76 65 6E 
    7708   00:6FBD  20 70 72 6F 74 6F 63 6F 6C 73 2E 0D 0A 0A 
    7709   00:6FCB                      ;---    
    7710   00:6FCB                          db  "O - Turn it on/off"                ,CR,LF,LF,STTERMINATOR
    7710   00:6FCB  4F 20 2D 20 54 75 72 6E 20 69 74 20 6F 6E 2F 6F 
    7710   00:6FDB  66 66 0D 0A 0A 00 
    7711   00:6FE1                      ;---    
    7712   00:6FE1                          
    7713   00:6FE1                      MMENU_NAGLE_ON: 
    7714   00:6FE1                          db  "Nagle is currently: ON"            ,CR,LF,LF
    7714   00:6FE1  4E 61 67 6C 65 20 69 73 20 63 75 72 72 65 6E 74 
    7714   00:6FF1  6C 79 3A 20 4F 4E 0D 0A 0A 
    7715   00:6FFA                      ;---    
    7716   00:6FFA                          db  "ESC to return to main menu."       ,CR,LF,LF
    7716   00:6FFA  45 53 43 20 74 6F 20 72 65 74 75 72 6E 20 74 6F 
    7716   00:700A  20 6D 61 69 6E 20 6D 65 6E 75 2E 0D 0A 0A 
    7717   00:7018                      ;---    
    7718   00:7018                          db  "Option: "                          ,STTERMINATOR
    7718   00:7018  4F 70 74 69 6F 6E 3A 20 00 
    7719   00:7021                          
    7720   00:7021                      MMENU_NAGLE_OFF:    
    7721   00:7021                          db  "Nagle is currently: OFF"           ,CR,LF,LF
    7721   00:7021  4E 61 67 6C 65 20 69 73 20 63 75 72 72 65 6E 74 
    7721   00:7031  6C 79 3A 20 4F 46 46 0D 0A 0A 
    7722   00:703B                      ;---
    7723   00:703B                          db  "ESC to return to main menu."       ,CR,LF,LF
    7723   00:703B  45 53 43 20 74 6F 20 72 65 74 75 72 6E 20 74 6F 
    7723   00:704B  20 6D 61 69 6E 20 6D 65 6E 75 2E 0D 0A 0A 
    7724   00:7059                      ;---    
    7725   00:7059                          db  "Option: "                          ,STTERMINATOR
    7725   00:7059  4F 70 74 69 6F 6E 3A 20 00 
    7726   00:7062                          
    7727   00:7062                      STR_SENDING:    
    7728   00:7062                          db  "Sending command, wait..."          ,CR,LF,STTERMINATOR
    7728   00:7062  53 65 6E 64 69 6E 67 20 63 6F 6D 6D 61 6E 64 2C 
    7728   00:7072  20 77 61 69 74 2E 2E 2E 0D 0A 00 
    7729   00:707D                          
    7730   00:707D                      STR_SENDING_OK: 
    7731   00:707D                          db  "Command sent Ok, done!"            ,CR,LF,STTERMINATOR
    7731   00:707D  43 6F 6D 6D 61 6E 64 20 73 65 6E 74 20 4F 6B 2C 
    7731   00:708D  20 64 6F 6E 65 21 0D 0A 00 
    7732   00:7096                      
    7733   00:7096                      STR_SENDING_OK_JN:
    7734   00:7096                          db  CR,GORIGHT,GORIGHT,1,83,CR,LF,LF
    7734   00:7096  0D 1C 1C 01 53 0D 0A 0A 
    7735   00:709E                      ;---
    7736   00:709E                          db  "Successfully connected!"           ,CR,LF,STTERMINATOR
    7736   00:709E  53 75 63 63 65 73 73 66 75 6C 6C 79 20 63 6F 6E 
    7736   00:70AE  6E 65 63 74 65 64 21 0D 0A 00 
    7737   00:70B8                      
    7738   00:70B8                      STR_SENDING_NOK_JN:
    7739   00:70B8                          db  CR,GORIGHT,GORIGHT,1,84,CR,LF,LF
    7739   00:70B8  0D 1C 1C 01 54 0D 0A 0A 
    7740   00:70C0                      ;---
    7741   00:70C0                          db  "Fail to connect, if protected"     ,GOLEFT,CR,LF
    7741   00:70C0  46 61 69 6C 20 74 6F 20 63 6F 6E 6E 65 63 74 2C 
    7741   00:70D0  20 69 66 20 70 72 6F 74 65 63 74 65 64 1D 0D 0A 
    7742   00:70E0                          db  "network check password!"           ,CR,LF,STTERMINATOR
    7742   00:70E0  6E 65 74 77 6F 72 6B 20 63 68 65 63 6B 20 70 61 
    7742   00:70F0  73 73 77 6F 72 64 21 0D 0A 00 
    7743   00:70FA                          
    7744   00:70FA                      STR_SENDING_FAIL:   
    7745   00:70FA                          db  "Command failure..."                ,CR,LF,STTERMINATOR
    7745   00:70FA  43 6F 6D 6D 61 6E 64 20 66 61 69 6C 75 72 65 2E 
    7745   00:710A  2E 2E 0D 0A 00 
    7746   00:710F                          
    7747   00:710F                      STR_CLKUPDT_FAIL:   
    7748   00:710F                          db  "Failure retrieving date and"       ,CR,LF
    7748   00:710F  46 61 69 6C 75 72 65 20 72 65 74 72 69 65 76 69 
    7748   00:711F  6E 67 20 64 61 74 65 20 61 6E 64 0D 0A 
    7749   00:712C                          db  "time from SNTP server!"            ,CR,LF,LF
    7749   00:712C  74 69 6D 65 20 66 72 6F 6D 20 53 4E 54 50 20 73 
    7749   00:713C  65 72 76 65 72 21 0D 0A 0A 
    7750   00:7145                      ;---    
    7751   00:7145                          db  "Press and hold F1 during"          ,CR,LF
    7751   00:7145  50 72 65 73 73 20 61 6E 64 20 68 6F 6C 64 20 46 
    7751   00:7155  31 20 64 75 72 69 6E 67 0D 0A 
    7752   00:715F                          db  "system boot to enter setup."       ,CR,LF,STTERMINATOR
    7752   00:715F  73 79 73 74 65 6D 20 62 6F 6F 74 20 74 6F 20 65 
    7752   00:716F  6E 74 65 72 20 73 65 74 75 70 2E 0D 0A 00 
    7753   00:717D                          
    7754   00:717D                      OK_S:   
    7755   00:717D                          db  "Installed successfully!"           ,CR,LF,LF,STTERMINATOR
    7755   00:717D  49 6E 73 74 61 6C 6C 65 64 20 73 75 63 63 65 73 
    7755   00:718D  73 66 75 6C 6C 79 21 0D 0A 0A 00 
    7756   00:7198                      ;---
    7757   00:7198                      OK_ESP8266:
    7758   00:7198                          db  "Installed ESP8266 successfully!"   ,CR,LF,LF,STTERMINATOR
    7758   00:7198  49 6E 73 74 61 6C 6C 65 64 20 45 53 50 38 32 36 
    7758   00:71A8  36 20 73 75 63 63 65 73 73 66 75 6C 6C 79 21 0D 
    7758   00:71B8  0A 0A 00 
    7759   00:71BB                      ;---
    7760   00:71BB                      OK_ESP32:
    7761   00:71BB                          db  "Installed ESP32 successfully!"     ,CR,LF,LF,STTERMINATOR
    7761   00:71BB  49 6E 73 74 61 6C 6C 65 64 20 45 53 50 33 32 20 
    7761   00:71CB  73 75 63 63 65 73 73 66 75 6C 6C 79 21 0D 0A 0A 
    7761   00:71DB  00 
    7762   00:71DC                      ;---
    7763   00:71DC                      OK_INST_PRE:
    7764   00:71DC                          db  "Installed "                        ,STTERMINATOR
    7764   00:71DC  49 6E 73 74 61 6C 6C 65 64 20 00 
    7765   00:71E7                      ;---
    7766   00:71E7                      OK_INST_SUF:
    7767   00:71E7                          db  " successfully!"                    ,CR,LF,LF,STTERMINATOR
    7767   00:71E7  20 73 75 63 63 65 73 73 66 75 6C 6C 79 21 0D 0A 
    7767   00:71F7  0A 00 
    7768   00:71F9                      ;---    
    7769   00:71F9                          
    7770   00:71F9                      FAIL_S: 
    7771   00:71F9  0C                      db  CLS 
    7772   00:71FA                          db  "ESP Not Found!"                    ,CR,LF,LF
    7772   00:71FA  45 53 50 20 4E 6F 74 20 46 6F 75 6E 64 21 0D 0A 
    7772   00:720A  0A 
    7773   00:720B                      ;---    
    7774   00:720B                          db  "Check that it is properly"         ,CR,LF
    7774   00:720B  43 68 65 63 6B 20 74 68 61 74 20 69 74 20 69 73 
    7774   00:721B  20 70 72 6F 70 65 72 6C 79 0D 0A 
    7775   00:7226                          db  "inserted in its connector."        ,CR,LF,STTERMINATOR
    7775   00:7226  69 6E 73 65 72 74 65 64 20 69 6E 20 69 74 73 20 
    7775   00:7236  63 6F 6E 6E 65 63 74 6F 72 2E 0D 0A 00 
    7776   00:7243                          
    7777   00:7243                      FAIL_F: 
    7778   00:7243  0C                      db  CLS 
    7779   00:7244                          db  "ESP FW Update Required!"           ,CR,LF,STTERMINATOR
    7779   00:7244  45 53 50 20 46 57 20 55 70 64 61 74 65 20 52 65 
    7779   00:7254  71 75 69 72 65 64 21 0D 0A 00 
    7780   00:725E                          
    7781   00:725E                      STR_WAITING:    
    7782   00:725E  0B                      db  HOME    
    7783   00:725F                          db  "Waiting for connection..."         ,GOLEFT,CR,LF,LF,LF,STTERMINATOR
    7783   00:725F  57 61 69 74 69 6E 67 20 66 6F 72 20 63 6F 6E 6E 
    7783   00:726F  65 63 74 69 6F 6E 2E 2E 2E 1D 0D 0A 0A 0A 00 
    7784   00:727E                      ;---
    7785   00:727E                      ;---
    7786   00:727E                      
    7787   00:727E                      STR_OOPS:
    7788   00:727E  0C                      db  CLS
    7789   00:727F                          db  "Oops! An unexpected error"         ,CR,LF
    7789   00:727F  4F 6F 70 73 21 20 41 6E 20 75 6E 65 78 70 65 63 
    7789   00:728F  74 65 64 20 65 72 72 6F 72 0D 0A 
    7790   00:729A                          db  "occurred on the last reboot."      ,CR,LF,STTERMINATOR
    7790   00:729A  6F 63 63 75 72 72 65 64 20 6F 6E 20 74 68 65 20 
    7790   00:72AA  6C 61 73 74 20 72 65 62 6F 6F 74 2E 0D 0A 00 
    7791   00:72B9                      
    7792   00:72B9                      ;============================
    7793   00:72B9                      ;===  UNAPI related data  ===
    7794   00:72B9                      ;============================
    7795   00:72B9                      
    7796   00:72B9                      ;--- Specification identifier (up to 15 chars)
    7797   00:72B9                      
    7798   00:72B9                      UNAPI_ID:               db  "TCP/IP",0
    7798   00:72B9  54 43 50 2F 49 50 00 
    7799   00:72C0                      UNAPI_ID_END:
    7800   00:72C0                      
    7801   00:72C0  53 53 48 00         UNAPI_ID2:               db  "SSH",0
    7802   00:72C4                      UNAPI_ID2_END:
    7803   00:72C4                      
    7804   00:72C4                      ;--- Implementation name (up to 63 chars and zero terminated)
    7805   00:72C4                      
    7806   00:72C4                      APIINFO:                db  "ESP TCP-IP UNAPI",0
    7806   00:72C4  45 53 50 20 54 43 50 2D 49 50 20 55 4E 41 50 49 
    7806   00:72D4  00 
    7807   00:72D5                      APIINFO_SSH:            db  "ESP SSH UNAPI",0
    7807   00:72D5  45 53 50 20 53 53 48 20 55 4E 41 50 49 00 
    7808   00:72E3                      
    7809   00:72E3                          if  TURBO_R_LOGO = 0
    7810   00:72E3                    ~ ID_END: ds  #7FE0-ID_END,#C9
    7811   00:72E3                    ~ ;--- FS-A1GT compliant BIOS without logo (not for FS-A1ST BIOS)
    7812   00:72E3                    ~ BUILD_NAME:             db  "[ ESPUNAPI.ROM ]"
    7813   00:72E3                    ~     else
    7814   00:72E3  FF (1565)           ID_END: ds  #7900-ID_END,#FF
    7815   00:7900                      ;--- FS-A1GT compliant BIOS with logo (not for FS-A1ST BIOS)
    7816   00:7900                          db  #CD,#0E,#79,#F3,#CD,#7D,#7A,#CD,#17,#79,#CD,#12,#79,#C9,#3E,#01
    7816   00:7900  CD 0E 79 F3 CD 7D 7A CD 17 79 CD 12 79 C9 3E 01 
    7817   00:7910                          db  #18,#01,#AF,#CD,#80,#01,#C9,#21,#FF,#00,#22,#5E,#F5,#21,#5E,#F5
    7817   00:7910  18 01 AF CD 80 01 C9 21 FF 00 22 5E F5 21 5E F5 
    7818   00:7920                          db  #11,#60,#F5,#01,#A8,#00,#ED,#B0,#21,#FF,#00,#CD,#54,#7A,#5C,#16
    7818   00:7920  11 60 F5 01 A8 00 ED B0 21 FF 00 CD 54 7A 5C 16 
    7819   00:7930                          db  #1A,#CD,#4C,#7B,#5D,#16,#1B,#CD,#4C,#7B,#CD,#38,#7A,#11,#63,#01
    7819   00:7930  1A CD 4C 7B 5D 16 1B CD 4C 7B CD 38 7A 11 63 01 
    7820   00:7940                          db  #CD,#4C,#7B,#06,#15,#C5,#CD,#F8,#79,#DD,#21,#5E,#F5,#FD,#21,#A2
    7820   00:7940  CD 4C 7B 06 15 C5 CD F8 79 DD 21 5E F5 FD 21 A2 
    7821   00:7950                          db  #79,#06,#2B,#16,#00,#DD,#6E,#00,#DD,#66,#01,#FD,#5E,#00,#B7,#ED
    7821   00:7950  79 06 2B 16 00 DD 6E 00 DD 66 01 FD 5E 00 B7 ED 
    7822   00:7960                          db  #52,#30,#03,#21,#00,#00,#DD,#75,#00,#DD,#74,#01,#DD,#23,#DD,#23
    7822   00:7960  52 30 03 21 00 00 DD 75 00 DD 74 01 DD 23 DD 23 
    7823   00:7970                          db  #FD,#23,#DD,#6E,#00,#DD,#66,#01,#FD,#5E,#00,#19,#7C,#FE,#02,#38
    7823   00:7970  FD 23 DD 6E 00 DD 66 01 FD 5E 00 19 7C FE 02 38 
    7824   00:7980                          db  #03,#21,#00,#02,#DD,#75,#00,#DD,#74,#01,#DD,#23,#DD,#23,#FD,#23
    7824   00:7980  03 21 00 02 DD 75 00 DD 74 01 DD 23 DD 23 FD 23 
    7825   00:7990                          db  #10,#C3,#C1,#10,#B0,#11,#00,#19,#CD,#4C,#7B,#11,#1F,#02,#CD,#4C
    7825   00:7990  10 C3 C1 10 B0 11 00 19 CD 4C 7B 11 1F 02 CD 4C 
    7826   00:79A0                          db  #7B,#C9,#13,#0D,#15,#12,#14,#0E,#10,#17,#13,#11,#15,#11,#0E,#0D
    7826   00:79A0  7B C9 13 0D 15 12 14 0E 10 17 13 11 15 11 0E 0D 
    7827   00:79B0                          db  #11,#15,#0C,#11,#13,#11,#15,#15,#12,#0C,#0F,#10,#0E,#0E,#15,#0D
    7827   00:79B0  11 15 0C 11 13 11 15 15 12 0C 0F 10 0E 0E 15 0D 
    7828   00:79C0                          db  #0F,#11,#11,#11,#17,#14,#0D,#0D,#0C,#0C,#0D,#10,#15,#12,#17,#10
    7828   00:79C0  0F 11 11 11 17 14 0D 0D 0C 0C 0D 10 15 12 17 10 
    7829   00:79D0                          db  #0E,#17,#11,#0C,#12,#13,#17,#0E,#16,#14,#14,#0E,#14,#15,#0E,#0E
    7829   00:79D0  0E 17 11 0C 12 13 17 0E 16 14 14 0E 14 15 0E 0E 
    7830   00:79E0                          db  #13,#0F,#11,#13,#13,#0F,#17,#15,#0D,#15,#0F,#17,#0C,#0D,#16,#0C
    7830   00:79E0  13 0F 11 13 13 0F 17 15 0D 15 0F 17 0C 0D 16 0C 
    7831   00:79F0                          db  #11,#0E,#12,#14,#0D,#11,#17,#0D,#21,#5E,#F5,#01,#9B,#55,#5E,#23
    7831   00:79F0  11 0E 12 14 0D 11 17 0D 21 5E F5 01 9B 55 5E 23 
    7832   00:7A00                          db  #56,#23,#1B,#7B,#CB,#3A,#1F,#0F,#0F,#3C,#E6,#3F,#57,#1C,#7B,#ED
    7832   00:7A00  56 23 1B 7B CB 3A 1F 0F 0F 3C E6 3F 57 1C 7B ED 
    7833   00:7A10                          db  #44,#E6,#07,#5F,#3E,#1A,#D3,#99,#3E,#91,#D3,#99,#DB,#99,#DB,#99
    7833   00:7A10  44 E6 07 5F 3E 1A D3 99 3E 91 D3 99 DB 99 DB 99 
    7834   00:7A20                          db  #E6,#20,#CA,#1E,#7A,#ED,#51,#ED,#59,#10,#D3,#11,#00,#1A,#CD,#4C
    7834   00:7A20  E6 20 CA 1E 7A ED 51 ED 59 10 D3 11 00 1A CD 4C 
    7835   00:7A30                          db  #7B,#11,#00,#1B,#CD,#4C,#7B,#C9,#3E,#02,#D3,#99,#3E,#8F,#D3,#99
    7835   00:7A30  7B 11 00 1B CD 4C 7B C9 3E 02 D3 99 3E 8F D3 99 
    7836   00:7A40                          db  #DB,#99,#E6,#40,#28,#FA,#DB,#99,#E6,#40,#20,#FA,#AF,#D3,#99,#3E
    7836   00:7A40  DB 99 E6 40 28 FA DB 99 E6 40 20 FA AF D3 99 3E 
    7837   00:7A50                          db  #8F,#D3,#99,#C9,#C9,#1C,#E8,#00,#00,#1C,#E8,#00,#00,#3C,#E8,#00
    7837   00:7A50  8F D3 99 C9 C9 1C E8 00 00 1C E8 00 00 3C E8 00 
    7838   00:7A60                          db  #00,#3C,#E8,#00,#00,#5C,#E8,#00,#00,#5C,#E8,#00,#00,#1C,#00,#04
    7838   00:7A60  00 3C E8 00 00 5C E8 00 00 5C E8 00 00 1C 00 04 
    7839   00:7A70                          db  #00,#3C,#00,#04,#00,#5C,#00,#04,#00,#D8,#00,#00,#00,#CD,#38,#7A
    7839   00:7A70  00 3C 00 04 00 5C 00 04 00 D8 00 00 00 CD 38 7A 
    7840   00:7A80                          db  #11,#23,#01,#CD,#4C,#7B,#CD,#28,#7C,#3E,#55,#21,#00,#00,#4D,#45
    7840   00:7A80  11 23 01 CD 4C 7B CD 28 7C 3E 55 21 00 00 4D 45 
    7841   00:7A90                          db  #CD,#75,#7B,#CD,#E1,#7B,#11,#05,#07,#CD,#4C,#7B,#21,#00,#78,#01
    7841   00:7A90  CD 75 7B CD E1 7B 11 05 07 CD 4C 7B 21 00 78 01 
    7842   00:7AA0                          db  #30,#00,#3E,#FF,#CD,#75,#7B,#21,#30,#78,#01,#10,#00,#3E,#F0,#CD
    7842   00:7AA0  30 00 3E FF CD 75 7B 21 30 78 01 10 00 3E F0 CD 
    7843   00:7AB0                          db  #75,#7B,#21,#00,#74,#3E,#05,#01,#00,#02,#CD,#75,#7B,#21,#55,#7A
    7843   00:7AB0  75 7B 21 00 74 3E 05 01 00 02 CD 75 7B 21 55 7A 
    7844   00:7AC0                          db  #11,#00,#76,#01,#28,#00,#CD,#88,#7B,#11,#03,#19,#CD,#4C,#7B,#11
    7844   00:7AC0  11 00 76 01 28 00 CD 88 7B 11 03 19 CD 4C 7B 11 
    7845   00:7AD0                          db  #3F,#02,#CD,#4C,#7B,#11,#00,#2D,#CD,#4C,#7B,#16,#2A,#CD,#4C,#7B
    7845   00:7AD0  3F 02 CD 4C 7B 11 00 2D CD 4C 7B 16 2A CD 4C 7B 
    7846   00:7AE0                          db  #14,#CD,#4C,#7B,#16,#27,#CD,#4C,#7B,#1E,#20,#21,#DE,#7C,#D9,#21
    7846   00:7AE0  14 CD 4C 7B 16 27 CD 4C 7B 1E 20 21 DE 7C D9 21 
    7847   00:7AF0                          db  #57,#7C,#D9,#3E,#03,#F5,#01,#2D,#00,#16,#26,#CD,#4C,#7B,#D9,#06
    7847   00:7AF0  57 7C D9 3E 03 F5 01 2D 00 16 26 CD 4C 7B D9 06 
    7848   00:7B00                          db  #08,#4E,#23,#D9,#CD,#BB,#7B,#7E,#23,#FE,#FE,#28,#37,#E5,#C5,#01
    7848   00:7B00  08 4E 23 D9 CD BB 7B 7E 23 FE FE 28 37 E5 C5 01 
    7849   00:7B10                          db  #A6,#01,#30,#03,#06,#00,#4F,#CD,#B7,#7B,#E1,#09,#4D,#44,#E1,#F1
    7849   00:7B10  A6 01 30 03 06 00 4F CD B7 7B E1 09 4D 44 E1 F1 
    7850   00:7B20                          db  #EE,#03,#CD,#C6,#7B,#F5,#CD,#CF,#7B,#D9,#CB,#21,#10,#04,#06,#08
    7850   00:7B20  EE 03 CD C6 7B F5 CD CF 7B D9 CB 21 10 04 06 08 
    7851   00:7B30                          db  #4E,#23,#D9,#30,#CF,#0B,#CD,#BB,#7B,#03,#3E,#02,#CD,#C6,#7B,#CD
    7851   00:7B30  4E 23 D9 30 CF 0B CD BB 7B 03 3E 02 CD C6 7B CD 
    7852   00:7B40                          db  #DC,#7B,#18,#C0,#1C,#F1,#7E,#FE,#FE,#20,#A8,#C9,#F5,#7B,#D3,#99
    7852   00:7B40  DC 7B 18 C0 1C F1 7E FE FE 20 A8 C9 F5 7B D3 99 
    7853   00:7B50                          db  #7A,#F6,#80,#D3,#99,#F1,#C9,#3E,#02,#CD,#61,#7B,#0F,#38,#F8,#07
    7853   00:7B50  7A F6 80 D3 99 F1 C9 3E 02 CD 61 7B 0F 38 F8 07 
    7854   00:7B60                          db  #C9,#D3,#99,#3E,#8F,#D3,#99,#E5,#E1,#DB,#99,#F5,#AF,#D3,#99,#3E
    7854   00:7B60  C9 D3 99 3E 8F D3 99 E5 E1 DB 99 F5 AF D3 99 3E 
    7855   00:7B70                          db  #8F,#D3,#99,#F1,#C9,#F5,#CD,#9D,#7B,#79,#B7,#28,#01,#04,#F1,#D3
    7855   00:7B70  8F D3 99 F1 C9 F5 CD 9D 7B 79 B7 28 01 04 F1 D3 
    7856   00:7B80                          db  #98,#0D,#C2,#7F,#7B,#10,#F8,#C9,#EB,#CD,#9D,#7B,#EB,#79,#B7,#78
    7856   00:7B80  98 0D C2 7F 7B 10 F8 C9 EB CD 9D 7B EB 79 B7 78 
    7857   00:7B90                          db  #41,#0E,#98,#28,#01,#3C,#ED,#B3,#3D,#20,#FB,#EB,#C9,#7C,#E6,#3F
    7857   00:7B90  41 0E 98 28 01 3C ED B3 3D 20 FB EB C9 7C E6 3F 
    7858   00:7BA0                          db  #F6,#40,#08,#7C,#E6,#C0,#07,#07,#D3,#99,#3E,#8E,#D3,#99,#7D,#D3
    7858   00:7BA0  F6 40 08 7C E6 C0 07 07 D3 99 3E 8E D3 99 7D D3 
    7859   00:7BB0                          db  #99,#08,#D3,#99,#E3,#E3,#C9,#16,#28,#18,#02,#16,#24,#D5,#59,#CD
    7859   00:7BB0  99 08 D3 99 E3 E3 C9 16 28 18 02 16 24 D5 59 CD 
    7860   00:7BC0                          db  #4C,#7B,#58,#14,#18,#04,#D5,#5F,#16,#2C,#CD,#4C,#7B,#D1,#C9,#D5
    7860   00:7BC0  4C 7B 58 14 18 04 D5 5F 16 2C CD 4C 7B D1 C9 D5 
    7861   00:7BD0                          db  #1E,#70,#16,#2E,#CD,#4C,#7B,#CD,#57,#7B,#D1,#C9,#D5,#1E,#50,#18
    7861   00:7BD0  1E 70 16 2E CD 4C 7B CD 57 7B D1 C9 D5 1E 50 18 
    7862   00:7BE0                          db  #F1,#3E,#0D,#D3,#B4,#DB,#B5,#E6,#0C,#F6,#02,#D3,#B5,#3E,#0B,#D3
    7862   00:7BE0  F1 3E 0D D3 B4 DB B5 E6 0C F6 02 D3 B5 3E 0B D3 
    7863   00:7BF0                          db  #B4,#DB,#B5,#07,#07,#E6,#0C,#4F,#06,#00,#21,#47,#7C,#09,#4E,#23
    7863   00:7BF0  B4 DB B5 07 07 E6 0C 4F 06 00 21 47 7C 09 4E 23 
    7864   00:7C00                          db  #46,#C5,#23,#5E,#23,#56,#EB,#11,#00,#10,#CD,#4C,#7B,#CD,#1D,#7C
    7864   00:7C00  46 C5 23 5E 23 56 EB 11 00 10 CD 4C 7B CD 1D 7C 
    7865   00:7C10                          db  #E1,#CD,#1D,#7C,#21,#44,#04,#CD,#1D,#7C,#21,#77,#07,#C5,#0E,#9A
    7865   00:7C10  E1 CD 1D 7C 21 44 04 CD 1D 7C 21 77 07 C5 0E 9A 
    7866   00:7C20                          db  #ED,#69,#E3,#E3,#ED,#61,#C1,#C9,#06,#08,#21,#37,#7C,#56,#23,#5E
    7866   00:7C20  ED 69 E3 E3 ED 61 C1 C9 06 08 21 37 7C 56 23 5E 
    7867   00:7C30                          db  #23,#CD,#4C,#7B,#10,#F7,#C9,#00,#08,#01,#23,#08,#28,#09,#00,#02
    7867   00:7C30  23 CD 4C 7B 10 F7 C9 00 08 01 23 08 28 09 00 02 
    7868   00:7C40                          db  #1F,#05,#EF,#0B,#00,#06,#0F,#07,#00,#00,#00,#20,#04,#27,#02,#72
    7868   00:7C40  1F 05 EF 0B 00 06 0F 07 00 00 00 20 04 27 02 72 
    7869   00:7C50                          db  #02,#56,#00,#70,#05,#70,#00,#00,#00,#00,#00,#00,#00,#00,#00,#00
    7869   00:7C50  02 56 00 70 05 70 00 00 00 00 00 00 00 00 00 00 
    7870   00:7C60                          db  #6E,#00,#9F,#00,#6F,#00,#9F,#00,#6F,#00,#9F,#00,#6F,#00,#9F,#00
    7870   00:7C60  6E 00 9F 00 6F 00 9F 00 6F 00 9F 00 6F 00 9F 00 
    7871   00:7C70                          db  #6F,#00,#9F,#00,#6F,#00,#9F,#00,#6F,#00,#FF,#00,#07,#00,#FC,#07
    7871   00:7C70  6F 00 9F 00 6F 00 9F 00 6F 00 FF 00 07 00 FC 07 
    7872   00:7C80                          db  #00,#F7,#00,#07,#00,#F3,#00,#07,#00,#F7,#00,#07,#00,#FF,#00,#07
    7872   00:7C80  00 F7 00 07 00 F3 00 07 00 F7 00 07 00 FF 00 07 
    7873   00:7C90                          db  #00,#FF,#00,#0F,#00,#FC,#3C,#FC,#3C,#FC,#3C,#87,#C0,#7B,#C0,#87
    7873   00:7C90  00 FF 00 0F 00 FC 3C FC 3C FC 3C 87 C0 7B C0 87 
    7874   00:7CA0                          db  #C0,#7B,#C0,#86,#C0,#7B,#C0,#86,#C0,#7A,#C0,#86,#C0,#78,#C0,#86
    7874   00:7CA0  C0 7B C0 86 C0 7B C0 86 C0 7A C0 86 C0 78 C0 86 
    7875   00:7CB0                          db  #90,#7A,#F0,#86,#F0,#7F,#C0,#83,#C0,#7F,#C0,#D7,#C0,#2F,#C0,#D7
    7875   00:7CB0  90 7A F0 86 F0 7F C0 83 C0 7F C0 D7 C0 2F C0 D7 
    7876   00:7CC0                          db  #C0,#2F,#C0,#D7,#C0,#2F,#C0,#D7,#C0,#2F,#C0,#D7,#C0,#2F,#C0,#D7
    7876   00:7CC0  C0 2F C0 D7 C0 2F C0 D7 C0 2F C0 D7 C0 2F C0 D7 
    7877   00:7CD0                          db  #C0,#2F,#C0,#D5,#80,#00,#00,#00,#00,#00,#00,#00,#00,#00,#FF,#FE
    7877   00:7CD0  C0 2F C0 D5 80 00 00 00 00 00 00 00 00 00 FF FE 
    7878   00:7CE0                          db  #FF,#FE,#FF,#FE,#FF,#FE,#FF,#FE,#FF,#FE,#FF,#FE,#FF,#FE,#FF,#FE
    7878   00:7CE0  FF FE FF FE FF FE FF FE FF FE FF FE FF FE FF FE 
    7879   00:7CF0                          db  #44,#1D,#1D,#1C,#30,#67,#2B,#28,#22,#FE,#44,#1D,#1C,#1E,#2A,#6D
    7879   00:7CF0  44 1D 1D 1C 30 67 2B 28 22 FE 44 1D 1C 1E 2A 6D 
    7880   00:7D00                          db  #29,#29,#22,#FE,#43,#1F,#1B,#1E,#26,#73,#25,#29,#24,#FE,#43,#1F
    7880   00:7D00  29 29 22 FE 43 1F 1B 1E 26 73 25 29 24 FE 43 1F 
    7881   00:7D10                          db  #1A,#20,#22,#77,#23,#29,#25,#FE,#42,#21,#19,#20,#1F,#7C,#1F,#29
    7881   00:7D10  1A 20 22 77 23 29 25 FE 42 21 19 20 1F 7C 1F 29 
    7882   00:7D20                          db  #27,#FE,#42,#21,#18,#22,#1B,#80,#1D,#29,#28,#FE,#41,#23,#17,#22
    7882   00:7D20  27 FE 42 21 18 22 1B 80 1D 29 28 FE 41 23 17 22 
    7883   00:7D30                          db  #19,#84,#1A,#28,#2A,#FE,#41,#23,#16,#24,#17,#86,#17,#29,#2B,#FE
    7883   00:7D30  19 84 1A 28 2A FE 41 23 16 24 17 86 17 29 2B FE 
    7884   00:7D40                          db  #40,#25,#15,#24,#15,#8A,#14,#28,#2D,#FE,#40,#25,#14,#26,#13,#8C
    7884   00:7D40  40 25 15 24 15 8A 14 28 2D FE 40 25 14 26 13 8C 
    7885   00:7D50                          db  #11,#29,#2E,#FE,#3F,#27,#13,#26,#12,#8F,#0E,#29,#2F,#FE,#3F,#27
    7885   00:7D50  11 29 2E FE 3F 27 13 26 12 8F 0E 29 2F FE 3F 27 
    7886   00:7D60                          db  #12,#28,#10,#91,#0C,#28,#31,#FE,#3E,#29,#11,#28,#0F,#94,#08,#29
    7886   00:7D60  12 28 10 91 0C 28 31 FE 3E 29 11 28 0F 94 08 29 
    7887   00:7D70                          db  #32,#FE,#3E,#2A,#0F,#2A,#0D,#96,#06,#28,#34,#FE,#3D,#2B,#0E,#2B
    7887   00:7D70  32 FE 3E 2A 0F 2A 0D 96 06 28 34 FE 3D 2B 0E 2B 
    7888   00:7D80                          db  #0C,#99,#02,#29,#35,#FE,#3D,#2C,#0D,#2C,#0B,#C2,#37,#FE,#3C,#2D
    7888   00:7D80  0C 99 02 29 35 FE 3D 2C 0D 2C 0B C2 37 FE 3C 2D 
    7889   00:7D90                          db  #0C,#2D,#0A,#26,#4C,#50,#38,#FE,#3C,#2E,#0B,#2E,#09,#23,#51,#4C
    7889   00:7D90  0C 2D 0A 26 4C 50 38 FE 3C 2E 0B 2E 09 23 51 4C 
    7890   00:7DA0                          db  #3A,#FE,#3B,#2F,#0A,#2F,#09,#21,#54,#4A,#3B,#FE,#3B,#30,#09,#30
    7890   00:7DA0  3A FE 3B 2F 0A 2F 09 21 54 4A 3B FE 3B 30 09 30 
    7891   00:7DB0                          db  #08,#20,#57,#46,#3D,#FE,#3A,#31,#08,#31,#08,#21,#57,#44,#3E,#FE
    7891   00:7DB0  08 20 57 46 3D FE 3A 31 08 31 08 21 57 44 3E FE 
    7892   00:7DC0                          db  #3A,#32,#07,#32,#07,#23,#57,#41,#3F,#FE,#39,#33,#06,#33,#07,#26
    7892   00:7DC0  3A 32 07 32 07 23 57 41 3F FE 39 33 06 33 07 26 
    7893   00:7DD0                          db  #55,#3E,#41,#FE,#39,#34,#05,#34,#07,#46,#36,#3B,#42,#FE,#38,#35
    7893   00:7DD0  55 3E 41 FE 39 34 05 34 07 46 36 3B 42 FE 38 35 
    7894   00:7DE0                          db  #04,#35,#07,#4B,#32,#38,#44,#FE,#38,#36,#03,#36,#07,#4E,#30,#35
    7894   00:7DE0  04 35 07 4B 32 38 44 FE 38 36 03 36 07 4E 30 35 
    7895   00:7DF0                          db  #45,#FE,#37,#37,#02,#37,#08,#50,#2E,#32,#47,#FE,#37,#71,#08,#52
    7895   00:7DF0  45 FE 37 37 02 37 08 50 2E 32 47 FE 37 71 08 52 
    7896   00:7E00                          db  #2D,#2F,#48,#FE,#36,#72,#09,#54,#2B,#2C,#4A,#FE,#36,#73,#09,#55
    7896   00:7E00  2D 2F 48 FE 36 72 09 54 2B 2C 4A FE 36 73 09 55 
    7897   00:7E10                          db  #2B,#29,#4B,#FE,#35,#74,#0A,#55,#29,#2A,#4B,#FE,#35,#75,#0B,#55
    7897   00:7E10  2B 29 4B FE 35 74 0A 55 29 2A 4B FE 35 75 0B 55 
    7898   00:7E20                          db  #25,#2D,#4A,#FE,#34,#76,#0C,#55,#23,#30,#48,#FE,#34,#1F,#01,#37
    7898   00:7E20  25 2D 4A FE 34 76 0C 55 23 30 48 FE 34 1F 01 37 
    7899   00:7E30                          db  #01,#1F,#0D,#54,#20,#33,#47,#FE,#33,#20,#02,#36,#02,#1E,#10,#52
    7899   00:7E30  01 1F 0D 54 20 33 47 FE 33 20 02 36 02 1E 10 52 
    7900   00:7E40                          db  #1E,#36,#45,#FE,#33,#1F,#03,#35,#03,#1F,#12,#50,#1B,#39,#44,#FE
    7900   00:7E40  1E 36 45 FE 33 1F 03 35 03 1F 12 50 1B 39 44 FE 
    7901   00:7E50                          db  #32,#20,#04,#34,#04,#1E,#15,#4E,#19,#3C,#42,#FE,#32,#1F,#05,#33
    7901   00:7E50  32 20 04 34 04 1E 15 4E 19 3C 42 FE 32 1F 05 33 
    7902   00:7E60                          db  #05,#1F,#18,#4A,#18,#3E,#41,#FE,#31,#20,#06,#32,#06,#1E,#1D,#46
    7902   00:7E60  05 1F 18 4A 18 3E 41 FE 31 20 06 32 06 1E 1D 46 
    7903   00:7E70                          db  #15,#42,#3F,#FE,#31,#1F,#07,#31,#07,#1F,#3C,#26,#14,#44,#3E,#FE
    7903   00:7E70  15 42 3F FE 31 1F 07 31 07 1F 3C 26 14 44 3E FE 
    7904   00:7E80                          db  #30,#20,#08,#30,#08,#1E,#40,#22,#12,#48,#3C,#FE,#30,#1F,#09,#2F
    7904   00:7E80  30 20 08 30 08 1E 40 22 12 48 3C FE 30 1F 09 2F 
    7905   00:7E90                          db  #09,#1F,#41,#20,#11,#4A,#3B,#FE,#2F,#20,#0A,#2E,#0A,#1E,#41,#20
    7905   00:7E90  09 1F 41 20 11 4A 3B FE 2F 20 0A 2E 0A 1E 41 20 
    7906   00:7EA0                          db  #0F,#4E,#39,#FE,#2F,#1F,#0B,#2D,#0B,#1F,#40,#20,#0E,#28,#01,#27
    7906   00:7EA0  0F 4E 39 FE 2F 1F 0B 2D 0B 1F 40 20 0E 28 01 27 
    7907   00:7EB0                          db  #38,#FE,#2E,#20,#0C,#2C,#0C,#1E,#3E,#22,#0C,#29,#04,#27,#36,#FE
    7907   00:7EB0  38 FE 2E 20 0C 2C 0C 1E 3E 22 0C 29 04 27 36 FE 
    7908   00:7EC0                          db  #2E,#1F,#0D,#2B,#0D,#1F,#39,#26,#0B,#29,#06,#27,#35,#FE,#2D,#20
    7908   00:7EC0  2E 1F 0D 2B 0D 1F 39 26 0B 29 06 27 35 FE 2D 20 
    7909   00:7ED0                          db  #0E,#2A,#0E,#7D,#0A,#28,#0A,#27,#33,#FE,#2D,#1F,#0F,#29,#0F,#7C
    7909   00:7ED0  0E 2A 0E 7D 0A 28 0A 27 33 FE 2D 1F 0F 29 0F 7C 
    7910   00:7EE0                          db  #09,#29,#0C,#27,#32,#FE,#2C,#20,#10,#28,#10,#7B,#08,#28,#10,#27
    7910   00:7EE0  09 29 0C 27 32 FE 2C 20 10 28 10 7B 08 28 10 27 
    7911   00:7EF0                          db  #30,#FE,#2C,#1F,#11,#27,#11,#7A,#07,#29,#12,#27,#2F,#FE,#2B,#1F
    7911   00:7EF0  30 FE 2C 1F 11 27 11 7A 07 29 12 27 2F FE 2B 1F 
    7912   00:7F00                          db  #13,#25,#13,#78,#07,#28,#16,#27,#2D,#FE,#2B,#1F,#13,#25,#13,#77
    7912   00:7F00  13 25 13 78 07 28 16 27 2D FE 2B 1F 13 25 13 77 
    7913   00:7F10                          db  #06,#29,#18,#27,#2C,#FE,#2A,#1F,#15,#23,#15,#75,#06,#28,#1C,#27
    7913   00:7F10  06 29 18 27 2C FE 2A 1F 15 23 15 75 06 28 1C 27 
    7914   00:7F20                          db  #2A,#FE,#2A,#1F,#15,#23,#15,#74,#06,#27,#1F,#27,#29,#FE,#29,#1F
    7914   00:7F20  2A FE 2A 1F 15 23 15 74 06 27 1F 27 29 FE 29 1F 
    7915   00:7F30                          db  #17,#21,#17,#71,#06,#28,#22,#27,#27,#FE,#29,#1F,#17,#21,#17,#70
    7915   00:7F30  17 21 17 71 06 28 22 27 27 FE 29 1F 17 21 17 70 
    7916   00:7F40                          db  #06,#27,#25,#27,#26,#FE,#28,#1F,#19,#1F,#19,#6D,#06,#28,#28,#27
    7916   00:7F40  06 27 25 27 26 FE 28 1F 19 1F 19 6D 06 28 28 27 
    7917   00:7F50                          db  #24,#FE,#28,#1F,#19,#1F,#19,#6A,#08,#27,#2B,#27,#23,#FE,#27,#1F
    7917   00:7F50  24 FE 28 1F 19 1F 19 6A 08 27 2B 27 23 FE 27 1F 
    7918   00:7F60                          db  #1B,#1D,#1B,#66,#09,#28,#2E,#27,#21,#FE,#27,#1F,#1B,#1D,#1B,#63
    7918   00:7F60  1B 1D 1B 66 09 28 2E 27 21 FE 27 1F 1B 1D 1B 63 
    7919   00:7F70                          db  #0B,#27,#31,#27,#20,#FE,#26,#1F,#1D,#1B,#1D,#5F,#0C,#28,#34,#27
    7919   00:7F70  0B 27 31 27 20 FE 26 1F 1D 1B 1D 5F 0C 28 34 27 
    7920   00:7F80                          db  #1E,#FE,#26,#1F,#1D,#1B,#1D,#5A,#0F,#28,#37,#27,#1D,#FE,#FF,#FE
    7920   00:7F80  1E FE 26 1F 1D 1B 1D 5A 0F 28 37 27 1D FE FF FE 
    7921   00:7F90                          db  #FF,#FE,#FF,#FE,#FF,#FE,#FF,#FE,#FF,#FE,#FF,#FE,#FF,#FE,#FF,#FE
    7921   00:7F90  FF FE FF FE FF FE FF FE FF FE FF FE FF FE FF FE 
    7922   00:7FA0                          db  #FE,#FF,#FF,#FF,#FF,#FF,#FF,#FF,#FF,#FF,#FF,#FF,#FF,#FF,#FF,#FF
    7922   00:7FA0  FE FF FF FF FF FF FF FF FF FF FF FF FF FF FF FF 
    7923   00:7FB0                          db  #FF,#FF,#FF,#FF,#FF,#FF,#FF,#FF,#FF,#FF,#FF,#FF,#FF,#FF,#FF,#FF
    7923   00:7FB0  FF FF FF FF FF FF FF FF FF FF FF FF FF FF FF FF 
    7924   00:7FC0                          db  #FF,#FF,#FF,#FF,#FF,#FF,#FF,#FF,#FF,#FF,#FF,#FF,#FF,#FF,#FF,#FF
    7924   00:7FC0  FF FF FF FF FF FF FF FF FF FF FF FF FF FF FF FF 
    7925   00:7FD0                          db  #FF,#FF,#FF,#FF,#FF,#FF,#FF,#FF,#FF,#FF,#FF,#FF,#FF,#FF,#FF,#FF
    7925   00:7FD0  FF FF FF FF FF FF FF FF FF FF FF FF FF FF FF FF 
    7926   00:7FE0                      BUILD_NAME:             db  "[ ESPUNAPI.ROM ]"
    7926   00:7FE0  5B 20 45 53 50 55 4E 41 50 49 2E 52 4F 4D 20 5D 
    7927   00:7FF0                          endif
    7928   00:7FF0                      
    7929   00:7FF0                      ;--- Build date to be viewed via Hex Editor (16 bytes)
    7930   00:7FF0                      BUILD_TYPE:
    7931   00:7FF0  42 55 49 4C 44 20       db  "BUILD "
    7932   00:7FF6                      BUILD_DATE:             db  "2026/09/24"
    7932   00:7FF6  32 30 32 36 2F 30 39 2F 32 34 
    7933   00:8000                      
    7934   00:8000                      SEG_CODE_END:
    7935   00:8000                      ; Final size must be 16384 bytes

    LABELS
-------------------------------------------------
00:00000000 X NON_VERBOSE_ROM
00:00000001 X USE_MEM_IO
00:00000001 X TURBO_R_LOGO
00:0000005F   CHGMOD
00:0000009C   CHSNS
00:0000009F   CHGET
00:000000A2   CHPUT
00:000000C0   BEEP
00:00000141   SNSMAT
00:00000156   KILBUF
00:0000F3B0   LINLEN
00:0000F3DB   CLIKSW
00:0000F3E1   REG2SAV
00:0000F3E3   REG4SAV
00:0000F676   TXTTAB
00:0000F847   ARG
00:0000FB20   HOKVLD
00:0000FC4A   HIMEM
00:0000FCA9   CSRSW
00:0000FCC1   EXPTBL
00:0000FD09   SLTWRK
00:0000FD9F   H_TIMI
00:0000FED0 X H_CLEA
00:0000FFCA   EXTBIO
00:00007F06   MEM_OUT_CMD_PORT
00:00007F07   MEM_OUT_TX_PORT
00:00007F06   MEM_IN_DATA_PORT
00:00007F07   MEM_IN_STS_PORT
00:00007F05   MEM_PORT_F2
00:00000006 X OUT_CMD_PORT
00:00000007 X OUT_TX_PORT
00:00000006 X IN_DATA_PORT
00:00000007 X IN_STS_PORT
00:000000F2 X PORT_F2
00:00000001   API_V_P
00:00000002   API_V_S
00:00000001   ROM_V_P
00:00000003   ROM_V_S
00:0000001E   HIMEM_RESERVED_SIZE
00:00000000 X H_TIM_BACKUP_OFFSET
00:00000005   MEMORY_COUNTER_OFFSET
00:00000007   MEMORY_SB_VAR_OFFSET
00:00000008   MEMORY_DNS_READY_OFFSET
00:00000009   MEMORY_DNS_RES_OFFSET
00:0000000B   MEMORY_DB_VAR_OFFSET
00:0000000D   MEMORY_REGBACKUP_OFFSET
00:0000000D   MEMORY_BCBACKUP_OFFSET
00:0000000F X MEMORY_DEBACKUP_OFFSET
00:00000011   MEMORY_HLBACKUP_OFFSET
00:00000013 X MEMORY_ESP32_OFFSET
00:00000001   ESPFLAG_ESP32
00:00000002   ESPFLAG_SSH
00:00000080   ESPFLAG_SSH_PROBED
00:00000008   SCAN_MAX_PAGE_SIZE
00:0000001D   MAX_FN
00:0000000B   MAX_FN_S
00:00000000 X ERR_OK
00:00000001   ERR_NOT_IMP
00:00000002 X ERR_NO_NETWORK
00:00000003 X ERR_NO_DATA
00:00000004   ERR_INV_PARAM
00:00000005 X ERR_QUERY_EXISTS
00:00000006 X ERR_INV_IP
00:00000007 X ERR_NO_DNS
00:00000008   ERR_DNS
00:00000009 X ERR_NO_FREE_CONN
00:0000000A X ERR_CONN_EXISTS
00:0000000B   ERR_NO_CONN
00:0000000C X ERR_CONN_STATE
00:0000000D X ERR_BUFFER
00:0000000E X ERR_LARGE_DGRAM
00:0000000F   ERR_INV_OPER
00:00000000 X UNAPI_TCPIP_NS_CLOSED
00:00000001 X UNAPI_TCPIP_NS_OPENING
00:00000002 X UNAPI_TCPIP_NS_OPEN
00:000000FF X UNAPI_TCPIP_NS_UNKNOWN
00:00004010   INIT
00:00004032   SCREEN_SETUP
00:00004038   IS_SCREEN1
00:00004061   NOT_DISABLED_BY_F2
00:00004078   F2_IS_NOT_F0
00:0000408E   WAIT_2S
00:00004096   BOOT_FROM_POWER_OFF
00:000040B0   NOT32_1
00:000040C2   BOOT_FROM_POWER_OFF.1
00:000040C8   BOOT_FROM_POWER_OFF.2
00:000040D2   F2_IS_PRESSED
00:000040DE   ESP_NOT_FOUND
00:000040E8   INIT_F_MSG
00:000040EB X INIT_F_WAIT
00:000040ED   INIT_F_LOOP_WAIT
00:000040F0 X AND_DONE
00:000040F6   INIT_UNAPI
00:00004123   INIT_UNAPI2
00:0000413F   TRY_AGAIN
00:00004158   STOP_TRYING
00:00004160   WAIT_4S
00:00004166   INIT_CLOCKUPDATE
00:000041A5   INIT_NOCLOCKUPDATE
00:000041AF   INIT_NOCLOCKUPDAT2
00:000041C1   SAVE_HOOK2
00:000041D4   PATCH
00:000041EA   PATCH2
00:000041F4 X INIT_OK
00:000041FD   HIMEM_ALLOC
00:0000421D X PATCH_H_TIMI
00:0000423A   ESPSETUP.EXIT
00:00004242   ENTERING_ESPSETUP
00:0000425E   ESPSETUP
00:00004275   NOT32_2
00:00004287   ESPSETUP.2NF
00:0000428D   ESPSETUP.3NF
00:00004293   ESPSETUP_NEXT
00:000042D1   ESPSETUP_NEXT.2F
00:000042DD   ESPSETUP_NEXT.1G
00:000042E3   MM_CURSOR_BLINK
00:000042E6   CONN_CHG_LOOP
00:000042FE   MM_WAIT_INPUT
00:00004324   MM_CURSOR_SW
00:00004338   GET_AP_STAT
00:00004350   CLK_MSX1_GO
00:00004368   CLK_MSX1_ADAPTERDIS
00:0000436E   CLK_MSX1_OPT
00:00004374   CLK_MSX1_WAIT_OPT_INPUT
00:0000438C   CLK_MSX1_SEND_CMD
00:000043A1   START_CLK_AUTO
00:000043B0 X CLK_AUTO_GO
00:000043C7   CLK_AUTO_CHK1
00:000043D2   CLK_AUTO_CHK2
00:000043DD   CLK_AUTO_3
00:000043E5   CLK_AUTO_GMT
00:000043FA   CLK_AUTO_GMTP
00:000043FF   CLK_AUTO_GMTM
00:00004415   CLK_AUTO_GMTD
00:00004420   CLK_AUTO_GMT_OPT
00:00004426   CLK_AUTO_WAIT_OPT_INPUT
00:00004448   CLK_AUTO_WAIT_GMT
00:00004467   CLK_AUTO_WAIT_GMT_INPUT
00:0000448B   CLK_AUTO_GMT_CHK_BS
00:00004496   CLK_AUTO_GMT_CHK_BS_MIN
00:0000449A   CLK_AUTO_GMT_CHK_DIGIT
00:000044AC   CLK_AUTO_GMT_BAD_INPUT
00:000044BA   CLK_AUTO_GMT_CHK_INPUT
00:000044D0   CLK_AUTO_GMT_CHK_CR
00:000044E3   CLK_AUTO_GMT_CHK_CD
00:000044FC   CLK_AUTO_SKIP_SIGN
00:00004501   CLK_AUTO_GMT_CHK_CD.1
00:0000450A   CLK_AUTO_GMT_CHK_CSD
00:00004522   CLK_AUTO_GMT_CHK_CSD1
00:00004533   CLK_AUTO_GMT_CHK_CSD2
00:0000453F   CLK_AUTO_GMT_CHK_DONE
00:0000457F   CLK_AUTO_GMT_CHK_RESULT
00:00004585   START_WIFI_SCAN
00:0000458D   START_WIFI_RESCAN
00:000045A1   WIFI_SCAN_WAIT_END
00:000045BC   WIFI_SCAN_WAITHS
00:000045C9   WIFI_SCAN_SHOW_LIST
00:000045D5   WIFI_LIST_LOOP
00:000045EC   PRT_APNAMELP
00:000045FF   PRT_APNAMELP_CUT
00:00004608   PRT_APENC
00:00004619   PRT_APNOTENC
00:00004621   PRT_AP_CHKLOOP
00:00004631   APLIST_OVERFLOW
00:00004641   APLIST_NO_OVERFLOW
00:00004644   APLIST_NOFLW
00:0000464B   WIFI_SELECT_AP
00:00004669   WIFI_SELECT_SPACEBAR
00:00004676   WIFI_CONNECT_ME_CHOOSEN
00:00004681   WIFI_CONNECT_MANUAL_ENTRY
00:000046A2   WIFI_CONNECT_ME_CHKPRT2
00:000046A8   WIFI_CONNECT_ME_CHKPRTD
00:000046AE   WIFI_CONNECT_ME_0_TERM
00:000046CA   WIFI_CONNECT_ME_PWD_Y
00:000046D1   WIFI_CONNECT_ME_PWD
00:000046E2   WIFI_CONNECT_ME_BS
00:000046F9   WIFI_ME_CHECK_INPUT
00:00004700   WIFI_CONNECT_SELECTION_OK
00:00004714 X WIFI_CONNECT_AP_SRCH
00:00004716   WIFI_CONNECT_AP_SRCH.1
00:00004724   WIFI_CONNECT_AP_PWDQ
00:00004729   WIFI_CONNECT_APSIZE
00:00004744   WIFI_CONNECT_RCV_PWD
00:0000475B   WIFI_CONNECT_RCV_PWD_STR
00:00004776   WIFI_CONNECT_RCV_PWD_CHAR
00:0000477F   WIFI_CONNECT_RCV_CHKPRT2
00:00004785   WIFI_CONNECT_RCV_CHKPRTD
00:0000478B   WIFI_CONNECT_RCV_PWDH
00:0000479F   WIFI_CONNECT_RCV_PWD_BS
00:000047BC   WIFI_PWD_CHECK_INPUT
00:000047C3   WIFI_CONNECT_SENDCMD
00:000047E5   WIFI_CONNECT_SENDCMDLP
00:00004804   WIFI_CONNECT_FAIL
00:0000480D   INPUT_WFSAP_BAD_INPUT
00:00004823   WIFI_SCAN_NONETWORKS
00:0000482C   WIFI_SCAN_TIMEOUT
00:00004835   SET_WIFI_TIMEOUT
00:0000485E   WIFI_SET_ALWAYS_ON
00:0000486E   INPUT_TIMEOUT
00:0000489C   INPUT_TIMEOUT_BAD_INPUT
00:000048A2   SET_WIFI_BS_INPUT
00:000048BC   SET_WIFI_CHECK_INPUT
00:000048F8   SET_WIFI_EXECUTE_SET_COMMAND
00:000048FB   SET_NAGLE
00:00004914   SET_NAGLE_WI_ON
00:0000492C   NAGLE_IS_ON
00:00004932   SET_NAGLE_WI_OFF
00:0000494A   SET_ESP_WIFI_TIMEOUT
00:0000498A   SET_NAGLE_OFF
00:000049BB   STARTWIFISCAN
00:000049D9   SET_NAGLE_ON
00:00004A0A   WAIT_4S_AND_THEN_MAINMENU
00:00004A0E   WAIT_2S_AND_THEN_MAINMENU
00:00004A10   WAIT_AND_THEN_MAINMENU
00:00004A16   WAIT_250MS_AND_THEN_CONTINUE
00:00004A18   WAIT_BEFORE_CONTINUING
00:00004A1D   ISCLKAUTO
00:00004A39   CHECKNAGLE
00:00004A6E   CHECK_NAGLE_OFF
00:00004A87   CHECKTIMEOUT
00:00004AB9   CHECKTIMEOUT.1
00:00004ACA   CHECKTIMEOUT.2
00:00004AF0   CHECKTIMEOUT.3
00:00004B29   CHECKTIMEOUT.END
00:00004B2D   MENU_SUB_BAD_END_1S
00:00004B2E   MENU_SUB_BAD_END
00:00004B2F   MENU_BAD_END
00:00004B38   WAIT_MENU_QCMD_RESPONSE
00:00004B3A   WAIT_MENU_QCMD_RESPONSE_ST1
00:00004B4E   WAIT_MENU_QCMD_RESPONSE_ST1.1
00:00004B54   WAIT_MENU_QCMD_RESPONSE_RC
00:00004B63   WAIT_MENU_QCMD_RESPONSE_RC.1
00:00004B6A X WAIT_MENU_QCMD_RESPONSE_END_OK
00:00004B6D   WAIT_MENU_QCMD_RESPONSE_END
00:00004B6F   WAIT_MENU_QCMD_RESPONSE_END_NOK
00:00004B75   WAIT_MENU_CMD_RESPONSE
00:00004B79   WAIT_MENU_CMD_RESPONSE_ST1
00:00004B8D   WAIT_MENU_CMD_RESPONSE_ST1.1
00:00004B93   WAIT_MENU_CMD_RESPONSE_RC
00:00004BA2   WAIT_MENU_CMD_RESPONSE_RC.1
00:00004BA9   WAIT_MENU_CMD_RESPONSE_ST2A
00:00004BB8   WAIT_MENU_CMD_RESPONSE_ST2A.1
00:00004BBC   WAIT_MENU_CMD_RESPONSE_ST2B
00:00004BCB   WAIT_MENU_CMD_RESPONSE_ST2B.1
00:00004BD4   WAIT_MENU_CMD_RESPONSE_GET_DATA
00:00004BE3   WAIT_MENU_CMD_RESPONSE_GET_DATA.1
00:00004BF0   WAIT_MENU_CMD_RESPONSE_END_OK
00:00004BF7   WAIT_MENU_CMD_RESPONSE_END
00:00004BFD   WAIT_MENU_CMD_RESPONSE_END_NOK
00:00004C06   WAIT_MENU_SCMD_RESPONSE
00:00004C0A   WAIT_MENU_SCMD_RESPONSE_ST1
00:00004C1E   WAIT_MENU_SCMD_RESPONSE_ST1.1
00:00004C24   WAIT_MENU_SCMD_RESPONSE_RC
00:00004C33   WAIT_MENU_SCMD_RESPONSE_RC.1
00:00004C3A   WAIT_MENU_SCMD_RESPONSE_ST2A
00:00004C49   WAIT_MENU_SCMD_RESPONSE_ST2A.1
00:00004C4E   WAIT_MENU_SCMD_RESPONSE_ST2B
00:00004C5D   WAIT_MENU_SCMD_RESPONSE_ST2B.1
00:00004C68   WAIT_MENU_SCMD_RESPONSE_GET_ENC
00:00004C77   WAIT_MENU_SCMD_RESPONSE_GET_ENC.1
00:00004C86 X WAIT_MENU_SCMD_RESPONSE_END_OK
00:00004C8A   WAIT_MENU_SCMD_RESPONSE_END
00:00004C8E   WAIT_MENU_SCMD_RESPONSE_END_NOK
00:00004C97   HLTIMEOUT
00:00004C9D   PRINTHL
00:00004CA7   PRINTHLINE
00:00004CAA   PHLINEL
00:00004CCD   PHLINESPC
00:00004CD4   PHLINELR
00:00004CDE   DO_HTIMI
00:00004CEA   DO_HTIMI_END
00:00004CF2   DO_EXTBIO
00:00004D05   LOOP
00:00004D27   DO_EXTBIO2
00:00004D37   DO_EXTBIO3
00:00004D3C   SSH_CHECK
00:00004D42   LOOPSSH
00:00004D6B   DO_EXTBIO2SSH
00:00004D7B   DO_EXTBIO3SSH
00:00004D80   JUMP_OLD2
00:00004D83   JUMP_OLD
00:00004D8F   UNAPI_ENTRY
00:00004D9F   OK_FNUM
00:00004DAD   UNDEFINED
00:00004DB0   FN_TABLE
00:00004DB0 X FN_0
00:00004DB2 X FN_1
00:00004DB4 X FN_2
00:00004DB6 X FN_3
00:00004DB8 X FN_4
00:00004DBA X FN_5
00:00004DBC X FN_6
00:00004DBE X FN_7
00:00004DC0 X FN_8
00:00004DC2 X FN_9
00:00004DC4 X FN_10
00:00004DC6 X FN_11
00:00004DC8 X FN_12
00:00004DCA X FN_13
00:00004DCC X FN_14
00:00004DCE X FN_15
00:00004DD0 X FN_16
00:00004DD2 X FN_17
00:00004DD4 X FN_18
00:00004DD6 X FN_19
00:00004DD8 X FN_20
00:00004DDA X FN_21
00:00004DDC X FN_22
00:00004DDE X FN_23
00:00004DE0 X FN_24
00:00004DE2 X FN_25
00:00004DE4 X FN_26
00:00004DE6 X FN_27
00:00004DE8 X FN_28
00:00004DEA X FN_29
00:00004DEC   UNAPI2_ENTRY
00:00004DFC   OK_FNUM_S
00:00004E0A   FN_TABLE_S
00:00004E0A X FN_0_S
00:00004E0C X FN_1_S
00:00004E0E X FN_2_S
00:00004E10 X FN_3_S
00:00004E12 X FN_4_S
00:00004E14 X FN_5_S
00:00004E16 X FN_6_S
00:00004E18 X FN_7_S
00:00004E1A X FN_8_S
00:00004E1C X FN_9_S
00:00004E1E X FN_10_S
00:00004E20 X FN_11_S
00:00004E22   FN_NOT_IMP
00:00004E25   END_OK
00:00004E27   TCPIP_GENERIC_CHECK_TIME_OUT
00:00004E37   UNAPI_GET_INFO
00:00004E42   UNAPI_GET_INFO_SSH
00:00004E4D   SSH_GET_CAPAB
00:00004E64   SSH_GET_CAPAB_ST1
00:00004E70   SSH_GET_CAPAB_ST1.1
00:00004E77   SSH_GET_CAPAB_RC
00:00004E83   SSH_GET_CAPAB_RC.1
00:00004E8A   SSH_GET_CAPAB_ST2
00:00004E96   SSH_GET_CAPAB_ST2.1
00:00004E9C   SSH_GET_CAPAB_BLK1_ST1
00:00004EA8   SSH_GET_CAPAB_BLK1_ST1.1
00:00004EAC   SSH_GET_CAPAB_BLK1_ST2
00:00004EB8   SSH_GET_CAPAB_BLK1_ST2.1
00:00004EBC   SSH_GET_CAPAB_BLK1_ST3
00:00004EC8   SSH_GET_CAPAB_BLK1_ST3.1
00:00004ECC   SSH_GET_CAPAB_BLK1_ST4
00:00004ED8   SSH_GET_CAPAB_BLK1_ST4.1
00:00004EDC   SSH_GET_CAPAB_BLK1_ST5
00:00004EE8   SSH_GET_CAPAB_BLK1_ST5.1
00:00004EEC   SSH_GET_CAPAB_BLK1_ST6
00:00004EF8   SSH_GET_CAPAB_BLK1_ST6.1
00:00004EFE   TCPIP_GET_CAPAB
00:00004F16   TCPIP_GET_CAPAB_ST1
00:00004F22   TCPIP_GET_CAPAB_ST1.1
00:00004F29   TCPIP_GET_CAPAB_RC
00:00004F35   TCPIP_GET_CAPAB_RC.1
00:00004F3C   TCPIP_GET_CAPAB_ST2
00:00004F48   TCPIP_GET_CAPAB_ST2.1
00:00004F60   TCPIP_GET_CAPAB_BLK3
00:00004F60   TCPIP_GET_CAPAB_BLK3_ST1
00:00004F6C   TCPIP_GET_CAPAB_BLK3_ST1.1
00:00004F70   TCPIP_GET_CAPAB_BLK3_ST2
00:00004F7C   TCPIP_GET_CAPAB_BLK3_ST2.1
00:00004F80   TCPIP_GET_CAPAB_BLK3_ST3
00:00004F8C   TCPIP_GET_CAPAB_BLK3_ST3.1
00:00004F90   TCPIP_GET_CAPAB_BLK3_ST4
00:00004F9C   TCPIP_GET_CAPAB_BLK3_ST4.1
00:00004FA2   TCPIP_GET_CAPAB_BLK2
00:00004FA2   TCPIP_GET_CAPAB_BLK2_ST1
00:00004FAE   TCPIP_GET_CAPAB_BLK2_ST1.1
00:00004FB2   TCPIP_GET_CAPAB_BLK2_ST2
00:00004FBE   TCPIP_GET_CAPAB_BLK2_ST2.1
00:00004FC2   TCPIP_GET_CAPAB_BLK2_ST3
00:00004FCE   TCPIP_GET_CAPAB_BLK2_ST3.1
00:00004FD2   TCPIP_GET_CAPAB_BLK2_ST4
00:00004FDE   TCPIP_GET_CAPAB_BLK2_ST4.1
00:00004FE2   TCPIP_GET_CAPAB_BLK2_ST5
00:00004FEE   TCPIP_GET_CAPAB_BLK2_ST5.1
00:00004FF2   TCPIP_GET_CAPAB_BLK2_ST6
00:00004FFE   TCPIP_GET_CAPAB_BLK2_ST6.1
00:00005004   TCPIP_GET_CAPAB_BLK1
00:00005004   TCPIP_GET_CAPAB_BLK1_ST1
00:00005010   TCPIP_GET_CAPAB_BLK1_ST1.1
00:00005014   TCPIP_GET_CAPAB_BLK1_ST2
00:00005020   TCPIP_GET_CAPAB_BLK1_ST2.1
00:00005024   TCPIP_GET_CAPAB_BLK1_ST3
00:00005030   TCPIP_GET_CAPAB_BLK1_ST3.1
00:00005034   TCPIP_GET_CAPAB_BLK1_ST4
00:00005040   TCPIP_GET_CAPAB_BLK1_ST4.1
00:00005044   TCPIP_GET_CAPAB_BLK1_ST5
00:00005050   TCPIP_GET_CAPAB_BLK1_ST5.1
00:00005056   TCPIP_GET_IPINFO
00:0000506B   TCPIP_GET_IPINFO_ST1
00:00005077   TCPIP_GET_IPINFO_ST1.1
00:0000507E   TCPIP_GET_IPINFO_RC
00:0000508A   TCPIP_GET_IPINFO_RC.1
00:00005091   TCPIP_GET_IPINFO_ST2
00:0000509D   TCPIP_GET_IPINFO_ST2.1
00:000050A3   TCPIP_GET_IPINFO_IP_ST1
00:000050AF   TCPIP_GET_IPINFO_IP_ST1.1
00:000050B3   TCPIP_GET_IPINFO_IP_ST2
00:000050BF   TCPIP_GET_IPINFO_IP_ST2.1
00:000050C3   TCPIP_GET_IPINFO_IP_ST3
00:000050CF   TCPIP_GET_IPINFO_IP_ST3.1
00:000050D3   TCPIP_GET_IPINFO_IP_ST4
00:000050DF   TCPIP_GET_IPINFO_IP_ST4.1
00:000050E5   TCPIP_NET_STATE
00:000050F5   TCPIP_NET_STATE_ST1
00:00005101   TCPIP_NET_STATE_ST1.1
00:00005108   TCPIP_NET_STATE_RC
00:00005114   TCPIP_NET_STATE_RC.1
00:0000511B   TCPIP_NET_STATE_ST2
00:00005127   TCPIP_NET_STATE_ST2.1
00:0000512D   TCPIP_NET_STATE_NS_ST1
00:00005139   TCPIP_NET_STATE_NS_ST1.1
00:0000513F   TCPIP_DNS_Q
00:00005143   TCPIP_DNS_Q_SIZE_LOOP
00:0000514C   TCPIP_DNS_Q_SEND
00:00005169   TCPIP_DNS_Q_SENDLP
00:00005174   TCPIP_DNS_Q_WAIT_RSP
00:0000517A   TCPIP_DNSQ_SEND_ST1
00:00005186   TCPIP_DNSQ_SEND_ST1.1
00:0000518D   TCPIP_DNSQ_SEND_RC
00:00005199   TCPIP_DNSQ_SEND_RC.1
00:000051A2   TCPIP_DNSQ_SEND_RC_ST2
00:000051AE   TCPIP_DNSQ_SEND_RC_ST2.1
00:000051B4   TCPIP_DNSQ_IP_ST1
00:000051C0   TCPIP_DNSQ_IP_ST1.1
00:000051C4   TCPIP_DNSQ_IP_ST2
00:000051D0   TCPIP_DNSQ_IP_ST2.1
00:000051D4   TCPIP_DNSQ_IP_ST3
00:000051E0   TCPIP_DNSQ_IP_ST3.1
00:000051E4   TCPIP_DNSQ_IP_ST4
00:000051F0   TCPIP_DNSQ_IP_ST4.1
00:00005200   TCPIP_DNS_S
00:00005216   TCP_IP_DNS_S_NOCLR
00:0000521B   TCPIP_DNS_S_HASRESULT
00:00005226   TCP_IP_DNS_S_RES_NOCLR
00:00005229   TCPIP_DNS_S_NORESULT
00:0000522D   TCPIP_UDP_OPEN
00:0000524B   TCPIP_UDP_OPEN_ST1
00:00005257   TCPIP_UDP_OPEN_ST1.1
00:0000525E   TCPIP_UDP_OPEN_RC
00:0000526A   TCPIP_UDP_OPEN_RC.1
00:00005271   TCPIP_UDP_OPEN_ST2
00:0000527D   TCPIP_UDP_OPEN_ST2.1
00:00005283   TCPIP_UDP_OPEN_CONN_ST1
00:0000528F   TCPIP_UDP_OPEN_CONN_ST1.1
00:00005295   TCPIP_UDP_CLOSE
00:000052AB   TCPIP_UDP_CLOSE_ST1
00:000052B7   TCPIP_UDP_CLOSE_ST1.1
00:000052BE   TCPIP_UDP_CLOSE_RC
00:000052CA   TCPIP_UDP_CLOSE_RC.1
00:000052D1   TCPIP_UDP_CLOSE_ST2
00:000052DD   TCPIP_UDP_CLOSE_ST2.1
00:000052E5   TCPIP_UDP_STATE
00:000052FA   TCPIP_UDP_STATE_ST1
00:00005306   TCPIP_UDP_STATE_ST1.1
00:0000530D   TCPIP_UDP_STATE_RC
00:00005319   TCPIP_UDP_STATE_RC.1
00:00005320   TCPIP_UDP_STATE_ST2
00:0000532C   TCPIP_UDP_STATE_ST2.1
00:00005332   TCPIP_UDP_STATE_RESP_ST1
00:0000533E   TCPIP_UDP_STATE_RESP_ST1.1
00:00005342   TCPIP_UDP_STATE_RESP_ST2
00:0000534E   TCPIP_UDP_STATE_RESP_ST2.1
00:00005352   TCPIP_UDP_STATE_RESP_ST3
00:0000535E   TCPIP_UDP_STATE_RESP_ST3.1
00:00005362   TCPIP_UDP_STATE_RESP_ST4
00:0000536E   TCPIP_UDP_STATE_RESP_ST4.1
00:00005372   TCPIP_UDP_STATE_RESP_ST5
00:0000537E   TCPIP_UDP_STATE_RESP_ST5.1
00:00005384   TCPIP_UDP_SEND
00:000053CB   TCPIP_UDP_SEND_R
00:000053DB   TCPIP_UDP_SEND_ST1
00:000053E7   TCPIP_UDP_SEND_ST1.1
00:000053EE   TCPIP_UDP_SEND_RC
00:000053FA   TCPIP_UDP_SEND_RC.1
00:00005401   TCPIP_UDP_SEND_ST2
00:0000540D   TCPIP_UDP_SEND_ST2.1
00:00005415   TCPIP_UDP_RCV_CHECK_TIME_OUT
00:00005422   TCPIP_TCP_UDP_RETRY_QRCV
00:00005434   TCPIP_UDP_RCV_CHECK_TIME_OUT.NORXRETRY
00:00005437   TCPIP_UDP_RCV
00:00005459   TCPIP_UDP_RCV.RXRETRY
00:0000545F   TCPIP_UDP_RCV_ST1
00:0000546B   TCPIP_UDP_RCV_ST1.1
00:0000547A   TCPIP_UDP_RCV_RC
00:00005486   TCPIP_UDP_RCV_RC.1
00:0000548B   TCPIP_UDP_RCV_ST2A
00:00005497   TCPIP_UDP_RCV_ST2A.1
00:0000549B   TCPIP_UDP_RCV_ST2B
00:000054A7   TCPIP_UDP_RCV_ST2B.1
00:000054B3   TCPIP_UDP_RCV_IP_ST1
00:000054BF   TCPIP_UDP_RCV_IP_ST1.1
00:000054C3   TCPIP_UDP_RCV_IP_ST2
00:000054CF   TCPIP_UDP_RCV_IP_ST2.1
00:000054D3   TCPIP_UDP_RCV_IP_ST3
00:000054DF   TCPIP_UDP_RCV_IP_ST3.1
00:000054E3   TCPIP_UDP_RCV_IP_ST4
00:000054EF   TCPIP_UDP_RCV_IP_ST4.1
00:000054F3   TCPIP_UDP_RCV_PORT_ST1
00:000054FF   TCPIP_UDP_RCV_PORT_ST1.1
00:00005504   TCPIP_UDP_RCV_PORT_ST2
00:00005510   TCPIP_UDP_RCV_PORT_ST2.1
00:00005527   TCPIP_UDP_RCV_R
00:0000553E   TCPIP_UDP_RCV_R_NSF
00:0000554A   TCPIP_UDP_RCV_R_NSF.1
00:0000555A   TCPIP_TCP_OPEN_ERROR
00:0000555D   TCPIP_TCP_OPEN_ERROR2
00:00005569   TCPIP_TCP_OPEN_ERROR2.1
00:00005574   TCPIP_TCP_OPEN_ERROR3
00:00005580   TCPIP_TCP_OPEN_ERROR3.1
00:00005584   TCPIP_TCP_OPEN_ERROR4
00:00005588   TCPIP_TCP_OPEN
00:000055B4   TCPIP_TCP_OPEN_CHECK_HOSTOF
00:000055BB X TCPIP_TCP_OPEN_HOSTNAME_SENDCMDWITHHOSTNAME
00:000055CB   TCPIP_TCP_OPEN_HOSTNAME_SENDCMDWITHHOSTNAME_LOOP_PARAM
00:000055DE   TCPIP_TCP_OPEN_SENDHOSTNAME
00:000055EB   TCPIP_TCP_OPEN_NO_TLS
00:000055EB   TCPIP_TCP_OPEN_NO_CHECKHOST
00:00005601   TCPIP_TCP_OPEN_R
00:0000560B   TCPIP_TCP_OPEN_WAIT_RESPONSE
00:00005611   TCPIP_TCP_OPEN_ST1
00:0000561D   TCPIP_TCP_OPEN_ST1.1
00:00005624   TCPIP_TCP_OPEN_RC
00:00005630   TCPIP_TCP_OPEN_RC.1
00:00005639   TCPIP_TCP_OPEN_ST2
00:00005645   TCPIP_TCP_OPEN_ST2.1
00:0000564B   TCPIP_TCP_OPEN_CONN_ST1
00:00005657   TCPIP_TCP_OPEN_CONN_ST1.1
00:0000565D   TCPIP_TCP_CLOSE
00:00005673   TCPIP_TCP_CLOSE_ST1
00:0000567F   TCPIP_TCP_CLOSE_ST1.1
00:00005686   TCPIP_TCP_CLOSE_RC
00:00005692   TCPIP_TCP_CLOSE_RC.1
00:00005699   TCPIP_TCP_CLOSE_ST2
00:000056A5   TCPIP_TCP_CLOSE_ST2.1
00:000056AD   SSH_OPEN
00:000056B5   SSH_OPEN_1
00:000056B8   SSH_OPEN_CHECK_USER
00:000056BF   SSH_OPEN_CHECK_PASS
00:000056C6 X SSH_OPEN_SENDCMD
00:000056D8   SSH_OPEN_SENDDATA
00:000056E8   SSH_OPEN_ST1
00:000056F4   SSH_OPEN_ST1.1
00:000056FB   SSH_OPEN_RC
00:00005707   SSH_OPEN_RC.1
00:00005713   SSH_OPEN_ST2
00:0000571F   SSH_OPEN_ST2.1
00:00005725   SSH_OPEN_CONN_ST1
00:00005731   SSH_OPEN_CONN_ST1.1
00:00005737   SSH_OPEN_HOSTHASH
00:00005743   SSH_OPEN_HOSTHASH.1
00:00005747   SSH_OPEN_HOSTHASHB
00:00005753   SSH_OPEN_HOSTHASHB.1
00:0000575C   SSH_OPEN_HOSTHASH_CONN
00:00005768   SSH_OPEN_HOSTHASH_CONN.1
00:00005773   SSH_OPEN_HOSTHASH_NSF
00:0000577F   SSH_OPEN_HOSTHASH_NSF.1
00:0000578E   SSH_ADD_KNOWN_HOST
00:000057A6   SSH_ADD_KNOWN_HOST_ST1
00:000057B2   SSH_ADD_KNOWN_HOST_ST1.1
00:000057B9   SSH_ADD_KNOWN_HOST_RC
00:000057C5   SSH_ADD_KNOWN_HOST_RC.1
00:000057CC   SSH_ADD_KNOWN_HOST_ST2
00:000057D8   SSH_ADD_KNOWN_HOST_ST2.1
00:000057E0   SSH_CLOSE
00:000057F8   SSH_CLOSE_ST1
00:00005804   SSH_CLOSE_ST1.1
00:0000580B   SSH_CLOSE_RC
00:00005817   SSH_CLOSE_RC.1
00:0000581E   SSH_CLOSE_ST2
00:0000582A   SSH_CLOSE_ST2.1
00:00005832   SSH_STATE
00:0000584A   SSH_STATE_ST1
00:00005856   SSH_STATE_ST1.1
00:0000585D   SSH_STATE_RC
00:00005869   SSH_STATE_RC.1
00:00005870   SSH_STATE_ST2
00:0000587C   SSH_STATE_ST2.1
00:00005882   SSH_STATE_REG_B
00:0000588E   SSH_STATE_REG_B.1
00:00005892   SSH_STATE_REG_L
00:0000589E   SSH_STATE_REG_L.1
00:000058A2   SSH_STATE_REG_H
00:000058AE   SSH_STATE_REG_H.1
00:000058B4   SSH_TERM_TYPE
00:000058CF   SSH_TERM_TYPE_SET
00:000058DC   SSH_TERM_TYPE_ST0
00:000058E2   SSH_TERM_TYPE_ST1
00:000058EE   SSH_TERM_TYPE_ST1.1
00:000058F5   SSH_TERM_TYPE_RC
00:00005901   SSH_TERM_TYPE_RC.1
00:0000590D   SSH_TERM_TYPE_ST2
00:00005919   SSH_TERM_TYPE_ST2.1
00:0000591F   SSH_TERM_TYPE_REGD
00:0000592B   SSH_TERM_TYPE_REGD.1
00:00005931   SSH_WIN_SIZE
00:0000594C   SSH_WIN_SIZE_SET
00:0000595D   SSH_WIN_SIZE_ST0
00:00005963   SSH_WIN_SIZE_ST1
00:0000596F   SSH_WIN_SIZE_ST1.1
00:00005976   SSH_WIN_SIZE_RC
00:00005982   SSH_WIN_SIZE_RC.1
00:0000598E   SSH_WIN_SIZE_ST2
00:0000599A   SSH_WIN_SIZE_ST2.1
00:000059A0   SSH_WIN_SIZE_REGH
00:000059AC   SSH_WIN_SIZE_REGH.1
00:000059B0   SSH_WIN_SIZE_REGL
00:000059BC   SSH_WIN_SIZE_REGL.1
00:000059C2   TCPIP_TCP_ABORT
00:000059D8   TCPIP_TCP_ABORT_ST1
00:000059E4   TCPIP_TCP_ABORT_ST1.1
00:000059EB   TCPIP_TCP_ABORT_RC
00:000059F7   TCPIP_TCP_ABORT_RC.1
00:000059FE   TCPIP_TCP_ABORT_ST2
00:00005A0A   TCPIP_TCP_ABORT_ST2.1
00:00005A12   TCPIP_TCP_STATE_ERROR
00:00005A15   TCPIP_TCP_STATE_ERROR2
00:00005A21   TCPIP_TCP_STATE_ERROR2.1
00:00005A37   TCPIP_TCP_STATE
00:00005A41   TCPIP_TCP_STATE_NOINFOBLOCK
00:00005A5B   TCPIP_TCP_STATE_ST1
00:00005A67   TCPIP_TCP_STATE_ST1.1
00:00005A6E   TCPIP_TCP_STATE_RC
00:00005A7A   TCPIP_TCP_STATE_RC.1
00:00005A82   TCPIP_TCP_STATE_ST2
00:00005A8E   TCPIP_TCP_STATE_ST2.1
00:00005A94   TCPIP_TCP_STATE_RESP_ST1
00:00005AA0   TCPIP_TCP_STATE_RESP_ST1.1
00:00005AA4   TCPIP_TCP_STATE_RESP_ST2
00:00005AB0   TCPIP_TCP_STATE_RESP_ST2.1
00:00005AB4   TCPIP_TCP_STATE_RESP_ST3
00:00005AC0   TCPIP_TCP_STATE_RESP_ST3.1
00:00005AC4   TCPIP_TCP_STATE_RESP_ST4
00:00005AD0   TCPIP_TCP_STATE_RESP_ST4.1
00:00005AD4   TCPIP_TCP_STATE_RESP_ST5
00:00005AE0   TCPIP_TCP_STATE_RESP_ST5.1
00:00005AE4   TCPIP_TCP_STATE_RESP_ST6
00:00005AF0   TCPIP_TCP_STATE_RESP_ST6.1
00:00005AF4   TCPIP_TCP_STATE_RESP_ST7
00:00005B00   TCPIP_TCP_STATE_RESP_ST7.1
00:00005B05   TCPIP_TCP_STATE_RESP_ST8
00:00005B11   TCPIP_TCP_STATE_RESP_ST8.1
00:00005B21   TCPIP_TCP_STATE_DISCARD_IBLOCK
00:00005B2D   TCPIP_TCP_STATE_DISCARD_IBLOCK.1
00:00005B38   TCPIP_TCP_STATE_GET_IBLOCK
00:00005B3E   TCPIP_TCP_STATE_SAVE_IBLOCK
00:00005B4A   TCPIP_TCP_STATE_SAVE_IBLOCK.1
00:00005B5A   TCPIP_TCP_SEND
00:00005B78   TCPIP_TCP_SEND_R
00:00005B88   TCPIP_TCP_SEND_ST1
00:00005B94   TCPIP_TCP_SEND_R.1
00:00005B9B   TCPIP_TCP_SEND_RC
00:00005BA7   TCPIP_TCP_SEND_RC.1
00:00005BAE   TCPIP_TCP_SEND_ST2
00:00005BBA   TCPIP_TCP_SEND_ST2.1
00:00005BC2   SSH_SEND
00:00005BD9   SSH_SEND_R
00:00005BE9   SSH_SEND_ST1
00:00005BF5   SSH_SEND_R.1
00:00005BFC   SSH_SEND_RC
00:00005C08   SSH_SEND_RC.1
00:00005C0F   SSH_SEND_ST2
00:00005C1B   SSH_SEND_ST2.1
00:00005C23   SSH_AUTH_RESPOND
00:00005C3A   SSH_AUTH_RESPOND_R
00:00005C4A   SSH_AUTH_RESPOND_ST1
00:00005C56   SSH_AUTH_RESPOND_R.1
00:00005C5D   SSH_AUTH_RESPOND_RC
00:00005C69   SSH_AUTH_RESPOND_RC.1
00:00005C70   SSH_AUTH_RESPOND_ST2
00:00005C7C   SSH_AUTH_RESPOND_ST2.1
00:00005C84   TCPIP_TCP_RCV_CHECK_TIME_OUT
00:00005C91   TCPIP_TCP_RCV_RETRY_QRCV
00:00005CA3   TCPIP_TCP_RCV_CHECK_TIME_OUT.NORXRETRY
00:00005CA6   TCPIP_TCP_RCV_RET_ERR
00:00005CA9   TCPIP_TCP_RCV_RET_ERR2
00:00005CB5   TCPIP_TCP_RCV_RET_ERR2.1
00:00005CBC   TCPIP_TCP_RCV_RET_NODATA
00:00005CC3   TCPIP_TCP_RCV
00:00005CE7   TCPIP_TCP_RCV.RXRETRY
00:00005CED   TCPIP_TCP_RCV_ST1
00:00005CF9   TCPIP_TCP_RCV_ST1.1
00:00005D08   TCPIP_TCP_RCV_RC
00:00005D14   TCPIP_TCP_RCV_RC.1
00:00005D1A   TCPIP_TCP_RCV_ST2A
00:00005D26   TCPIP_TCP_RCV_ST2A.1
00:00005D2A   TCPIP_TCP_RCV_ST2B
00:00005D36   TCPIP_TCP_RCV_ST2B.1
00:00005D45   TCPIP_TCP_RCV_UDC_ST1
00:00005D51   TCPIP_TCP_RCV_UDC_ST1.1
00:00005D54   TCPIP_TCP_RCV_UDC_ST2
00:00005D60   TCPIP_TCP_RCV_UDC_ST2.1
00:00005D74   TCPIP_TCP_RCV_R
00:00005D8E   TCPIP_TCP_RCV_R_NSF
00:00005D9A   TCPIP_TCP_RCV_R_NSF.1
00:00005DAD   SSH_RCV_RETRY_QRCV
00:00005DBF   SSH_RCV_CHECK_TIME_OUT.NORXRETRY
00:00005DC2   SSH_RCV
00:00005DE6   SSH_RCV.RXRETRY
00:00005DEC   SSH_RCV_ST1
00:00005DF8   SSH_RCV_ST1.1
00:00005E07   SSH_RCV_RC
00:00005E13   SSH_RCV_RC.1
00:00005E1D   SSH_RCV_ST2A
00:00005E29   SSH_RCV_ST2A.1
00:00005E2D   SSH_RCV_ST2B
00:00005E39   SSH_RCV_ST2B.1
00:00005E54   SSH_RCV_R
00:00005E6E   SSH_RCV_R_NSF
00:00005E7A   SSH_RCV_R_NSF.1
00:00005E8D   SSH_AUTH_GET_CHALLENGE_RETRY_QRCV
00:00005E9F   SSH_AUTH_GET_CHALLENGE_CHECK_TIME_OUT.NORXRETRY
00:00005EA2   SSH_AUTH_GET_CHALLENGE
00:00005EC6   SSH_AUTH_GET_CHALLENGE.RXRETRY
00:00005ECC   SSH_AUTH_GET_CHALLENGE_ST1
00:00005ED8   SSH_AUTH_GET_CHALLENGE_ST1.1
00:00005EE7   SSH_AUTH_GET_CHALLENGE_RC
00:00005EF3   SSH_AUTH_GET_CHALLENGE_RC.1
00:00005F09   SSH_AUTH_GET_CHALLENGE_ST2A
00:00005F15   SSH_AUTH_GET_CHALLENGE_ST2A.1
00:00005F19   SSH_AUTH_GET_CHALLENGE_ST2B
00:00005F25   SSH_AUTH_GET_CHALLENGE_ST2B.1
00:00005F30   SSH_AUTH_GET_CHALLENGE_BUFERRA
00:00005F3C   SSH_AUTH_GET_CHALLENGE_BUFERRA.1
00:00005F40   SSH_AUTH_GET_CHALLENGE_BUFERRB
00:00005F4C   SSH_AUTH_GET_CHALLENGE_BUFERRB.1
00:00005F53   SSH_AUTH_GET_CHALLENGE_ST2BB.1
00:00005F58   SSH_AUTH_GET_CHALLENGE_FLAGSA
00:00005F64   SSH_AUTH_GET_CHALLENGE_FLAGSA.1
00:00005F68   SSH_AUTH_GET_CHALLENGE_FLAGSB
00:00005F74   SSH_AUTH_GET_CHALLENGE_FLAGSB.1
00:00005F8E   SSH_AUTH_GET_CHALLENGE_R
00:00005FA8   SSH_AUTH_GET_CHALLENGE_R_NSF
00:00005FB4   SSH_AUTH_GET_CHALLENGE_R_NSF.1
00:00005FC7   TCPIP_CONFIG_AUTOIP
00:00005FE1   TCPIP_CONFIG_AUTOIP_ST1
00:00005FED   TCPIP_CONFIG_AUTOIP_ST1.1
00:00005FF4   TCPIP_CONFIG_AUTOIP_RC
00:00006000   TCPIP_CONFIG_AUTOIP_RC.1
00:00006007   TCPIP_CONFIG_AUTOIP_ST2
00:00006013   TCPIP_CONFIG_AUTOIP_ST2.1
00:00006019   TCPIP_CONFIG_AUTOIP_CONF_ST1
00:00006025   TCPIP_CONFIG_AUTOIP_CONF_ST1.1
00:0000602B   TCPIP_CONFIG_IP
00:00006051   TCPIP_CONFIG_IP_ST1
00:0000605D   TCPIP_CONFIG_IP_ST1.1
00:00006064   TCPIP_CONFIG_IP_RC
00:00006070   TCPIP_CONFIG_IP_RC.1
00:00006074   TCPIP_CONFIG_TTL
00:00006086   TCPIP_CONFIG_PING
00:00006096   GETSLT
00:000060B6   GETSLTT
00:000060D7   GETSLTT1
00:000060EB   GETSLTTRET
00:000060EF   GETWRK
00:00006103   GETMEMPOINTERADDR
00:00006116   GETMEM_1
00:0000611F   GETMEMPOINTER
00:00006127   GETCOUNTER
00:00006136   SETCOUNTER
00:00006146   GETBYTE
00:00006158   SETBYTE
00:0000616C   GETWORD
00:0000617F   SETWORD
00:00006194   REGRESTORE
00:000061AB   REGBACKUP
00:000061CD   BCRESTORE
00:000061DF   BCBACKUP
00:000061F3   HLRESTORE
00:00006206   HLBACKUP
00:0000621B   GETESPTYPE
00:00006237   GETESPFLAGS
00:00006249   GETDNSREADY
00:0000625B   SETDNSREADY
00:0000626F   GETDNSRESULT
00:00006285   SETDNSRESULT
00:0000629F   TOUPPER
00:000062A8   WRFE_WAIT_DATA
00:000062B5   WRFE_STS_NOT_AVAILABLE
00:000062BA   WRFE_COMPARE
00:000062C0   WAIT_RESPONSE_FROM_ESP
00:000062C3 X WRFE_ST1
00:000062C5   WRFE_LOOP
00:000062D1   WRFE_LOOP.1
00:000062D4 X WRFE_IDXCMD
00:000062E0   WRFE_RSP_MATCH
00:000062E9   WRFE_RET_OK
00:000062EC   WRFE_RET_ERROR
00:000062F0   CHECK_ESP_TYPE
00:00006326   CHECK_ESP_TYPE_NO32
00:00006329   CHECK_ESP_TYPE_END
00:00006330   PROBE_ESP_SSH
00:0000635A   PROBE_ESP_SSH_ST1
00:00006368   PROBE_ESP_SSH_ST1.1
00:0000636F   PROBE_ESP_SSH_ST2
00:0000637D   PROBE_ESP_SSH_ST2.1
00:00006387   PROBE_ESP_SSH_OK
00:0000638B   PROBE_ESP_SSH_END
00:00006398   PRINT_INSTALLED_MSG
00:000063E3   PRINT_INST_32
00:000063EB   PRINT_INST_8266
00:000063F1   PRINT_INST_END
00:000063F8   RESET_ESP
00:00006415   RESET_ESP_INIT
00:00006417   RESET_ESP_LOOP
00:00006438 X RESET_CHK_IF_INSTALLED
00:0000643B   SET_TIME
00:00006452   SET_TIME_ERR
00:00006455   SET_RTC_TIME
00:00006468   SET_DATE
00:00006486   SET_DATE1
00:00006493   SET_DATE2
00:000064A0   SET_DATE_ERR
00:000064A3   DAYS_IN_MONTH
00:000064AF   DAYS_IN_FEBRUARY_LEAP
00:000064B0   STOP_RTC_COUNT_SET_MODE0
00:000064BB   RTC_SAVE_REGISTERPAIR
00:000064BF   RTC_SAVE_REGISTERPAIR.1
00:000064CC   SET_RTC_REG
00:000064D5   SET_RTC_DATE
00:000064EB   SET_RTC_DATE.1
00:00006502   PATTERN_SETUP
00:00006510   OUTI_TO_VRAM_TMS9918
00:00006516   PATTERN_DATA
00:00006576   SET_VDP_WRITE
00:00000052 X CMD_RESET_ESP
00:00000062   CMD_GET_FW_TYPE
00:00000057   CMD_WRESET_ESP
00:00000048   CMD_WIFIHOLD_ESP
00:00000068   CMD_WIFIRELEASE_ESP
00:00000047   CMD_GET_TIME
00:00000063   CMD_QUERY_ACLK_SETTINGS
00:00000043   CMD_SET_ACLK_SETTINGS
00:00000051   CMD_QUERY_ESP_SETTINGS
00:00000054   CMD_TIMER_SET
00:00000044   CMD_NAGLE_ON
00:0000004E   CMD_NAGLE_OFF
00:0000004F   CMD_WIFI_OFF
00:00000041   CMD_WIFI_CONNECT
00:00000053   CMD_SCAN_START
00:00000073   CMD_SCAN_RESULTS
00:00000067   CMD_AP_STS
00:00000056 X CMD_GET_ESP_VER
00:00006592   RSP_CMD_RESET_ESP
00:00000005   RSP_CMD_RESET_ESP_SIZE
00:0000003F   CMD_QUERY_ESP
00:00006597   RSP_CMD_QUERY_ESP
00:00000002   RSP_CMD_QUERY_ESP_SIZE
00:00000000   STTERMINATOR
00:0000000A   LF
00:0000000B   HOME
00:0000000C   CLS
00:0000000D   CR
00:0000001C   GORIGHT
00:0000001D   GOLEFT
00:00006599   ENTERING_WIFI_SETUP
00:000065B5   WELCOME
00:000065FF   WELCOME32
00:0000664D   WELCOME_SF
00:00006669   WELCOME_SF2
00:00006689   WELCOME_CS
00:000066B3   WELCOME_NEXT
00:000066B9 X WELCOME_S_NEXT
00:000066BD   WELCOME_SF_NEXT
00:000066C0   WELCOME_CS0_NEXT
00:000066EA   WELCOME_CS1_NEXT
00:000066F3   WELCOME_CS2_NEXT
00:0000671D   WELCOME_CS3_NEXT
00:00006747   WELCOME_CS4_NEXT
00:00006771   WELCOME_CS5_NEXT
00:0000679B   MMENU_S_NEXT
00:0000682A   MMENU_CLOCK_MSX2
00:0000698A   MMENU_CLOCK_MSX1
00:00006A1E   MMENU_CLOCK_0
00:00006A30   MMENU_CLOCK_1
00:00006A4A   MMENU_CLOCK_2
00:00006A64   MMENU_CLOCK_3
00:00006A77   MMENU_CLOCK_OPT
00:00006AA1   MMENU_GMT_OPT
00:00006ABA   MMENU_MANUALENTRY
00:00006B1B   MENU_MANUALENTRY_PWD
00:00006B36   MMENU_SCAN
00:00006B84   MMENU_SCANF
00:00006BA4   MMENU_SCANN
00:00006BBB   MMENU_SCANS
00:00006BF1   MMENU_CONNECTING
00:00006C35   MMENU_ASKPWD
00:00006C78   MMENU_SCANQ
00:00006CE3   MMENU_SCANQM
00:00006D52   SCAN_TERMINATOR_CUT
00:00006D59   SCAN_TERMINATOR_OPEN
00:00006D60   SCAN_TERMINATOR_ENC
00:00006D67   MMENU_TIMEOUT
00:00006E49   MMENU_TIMEOUT_ALWAYSON
00:00006E9E   MMENU_TIMEOUT_NOTALWAYSON1
00:00006EB4   MMENU_TIMEOUT_NOTALWAYSON2
00:00006EEC   MMENU_NAGLE
00:00006FE1   MMENU_NAGLE_ON
00:00007021   MMENU_NAGLE_OFF
00:00007062   STR_SENDING
00:0000707D   STR_SENDING_OK
00:00007096   STR_SENDING_OK_JN
00:000070B8   STR_SENDING_NOK_JN
00:000070FA   STR_SENDING_FAIL
00:0000710F   STR_CLKUPDT_FAIL
00:0000717D   OK_S
00:00007198   OK_ESP8266
00:000071BB   OK_ESP32
00:000071DC   OK_INST_PRE
00:000071E7   OK_INST_SUF
00:000071F9   FAIL_S
00:00007243   FAIL_F
00:0000725E   STR_WAITING
00:0000727E   STR_OOPS
00:000072B9   UNAPI_ID
00:000072C0 X UNAPI_ID_END
00:000072C0   UNAPI_ID2
00:000072C4 X UNAPI_ID2_END
00:000072C4   APIINFO
00:000072D5   APIINFO_SSH
00:000072E3   ID_END
00:00007FE0 X BUILD_NAME
00:00007FF0 X BUILD_TYPE
00:00007FF6 X BUILD_DATE
00:00008000 X SEG_CODE_END


 Output: ESPUNAPI_MM.rom
-------------------------------------------------

 Page: 00
  Org: 00004000  Size: *  Used: 00004000

   Address   Length Align   Label
   00004000   16384         INIT
